scenario,uf,municipality_code,municipality,president_turnout,governor_turnout,turnout_difference_gov_minus_pres,lula_votes,president_valid_reported,president_valid_sum,president_valid_recon_error,governor_valid_reported,governor_valid_sum,governor_valid_recon_error,governor_block_votes,president_block_votes,min_alignment_violation,min_alignment_violation_pct_of_governor_block,min_overlap_governor_block_x_lula,min_overlap_lula_pct_of_governor_block
broad_symmetric,MG,40002,ALFREDO VASCONCELOS,5037,5037,0,2215,4701,4701,0,4389,4389,0,2902,2115,787,27.11922811853894,80,2.7567195037904892
broad_symmetric,MG,40010,ABADIA DOS DOURADOS,4597,4596,-1,1742,4374,4374,0,4215,4215,0,2985,2366,619,20.737018425460636,130,4.355108877721943
broad_symmetric,MG,40029,ARAPORÃ,5494,5490,-4,2044,5303,5303,0,5023,5023,0,3946,2924,1022,25.899645210339585,496,12.569690826153066
broad_symmetric,MG,40037,ABAETÉ,13969,13969,0,4853,13365,13365,0,12914,12914,0,9906,7846,2060,20.795477488390873,790,7.974964667878054
broad_symmetric,MG,40045,BRASILÂNDIA DE MINAS,9458,9456,-2,4395,9176,9176,0,8940,8940,0,6598,4228,2370,35.919975750227344,1535,23.264625644134586
broad_symmetric,MG,40053,ABRE CAMPO,9483,9483,0,4657,8920,8920,0,8567,8567,0,5954,3910,2044,34.32986227746053,1128,18.945246892845145
broad_symmetric,MG,40061,CAPITÃO ANDRADE,3006,3006,0,1190,2877,2877,0,2878,2878,0,1744,1553,191,10.95183486238532,0,0.0
broad_symmetric,MG,40070,ACAIACA,2683,2683,0,1577,2515,2515,0,2411,2411,0,1276,818,458,35.893416927899686,170,13.322884012539184
broad_symmetric,MG,40088,CARNEIRINHO,6153,6151,-2,2543,5943,5943,0,5751,5751,0,4401,3156,1245,28.28902522154056,791,17.97318791183822
broad_symmetric,MG,40096,AÇUCENA,5412,5410,-2,2771,5073,5073,0,4811,4811,0,2955,2129,826,27.952622673434856,314,10.62605752961083
broad_symmetric,MG,40100,CATUJI,6132,6132,0,3945,5824,5824,0,5692,5692,0,3064,1732,1332,43.472584856396864,877,28.62271540469974
broad_symmetric,MG,40118,ÁGUA BOA,8050,8049,-1,4211,7631,7631,0,7535,7535,0,5004,3165,1839,36.750599520383695,1165,23.281374900079935
broad_symmetric,MG,40126,DIVISA ALEGRE,3872,3872,0,2047,3648,3648,0,3556,3556,0,2147,1429,718,33.44201210992082,322,14.997671169073126
broad_symmetric,MG,40134,ÁGUA COMPRIDA,2102,2102,0,753,2023,2023,0,1928,1928,0,1463,1218,245,16.74641148325359,114,7.792207792207792
broad_symmetric,MG,40142,DIVISÓPOLIS,5252,5252,0,2889,4976,4976,0,4863,4863,0,1950,1922,28,1.435897435897436,0,0.0
broad_symmetric,MG,40150,AGUANIL,3305,3305,0,1367,3096,3096,0,2942,2942,0,2254,1504,750,33.274179236912154,316,14.019520851818989
broad_symmetric,MG,40169,DURANDÉ,5067,5066,-1,2470,4812,4812,0,4737,4737,0,3185,2180,1005,31.554160125588698,588,18.46153846153846
broad_symmetric,MG,40177,ÁGUAS FORMOSAS,11041,11040,-1,5334,10529,10529,0,10326,10326,0,6344,4798,1546,24.369482976040352,637,10.040983606557377
broad_symmetric,MG,40185,ENTRE FOLHAS,4557,4557,0,2073,4383,4383,0,4186,4186,0,2611,2242,369,14.132516277288396,127,4.864036767522022
broad_symmetric,MG,40193,ÁGUAS VERMELHAS,7559,7558,-1,4486,7149,7149,0,7053,7053,0,3791,2358,1433,37.80005275652862,718,18.939593774729623
broad_symmetric,MG,40207,FERVEDOURO,6934,6933,-1,3311,6555,6555,0,6420,6420,0,3984,3024,960,24.096385542168676,361,9.061244979919678
broad_symmetric,MG,40215,AIMORÉS,14096,14089,-7,5379,13582,13582,0,13012,13012,0,7984,7843,141,1.7660320641282565,0,0.0
broad_symmetric,MG,40223,FRANCISCÓPOLIS,3414,3414,0,1982,3243,3243,0,3213,3213,0,2043,1149,894,43.75917767988253,611,29.90699951052374
broad_symmetric,MG,40231,AIURUOCA,3792,3792,0,1603,3525,3525,0,3244,3244,0,2018,1726,292,14.469772051536175,0,0.0
broad_symmetric,MG,40240,ICARAÍ DE MINAS,6683,6683,0,4311,6514,6514,0,6416,6416,0,3599,2062,1537,42.70630730758544,1227,34.09280355654349
broad_symmetric,MG,40258,ALAGOA,2046,2046,0,573,1965,1965,0,1915,1915,0,1030,1293,0,0.0,0,0.0
broad_symmetric,MG,40266,IPABA,10437,10436,-1,4196,9965,9965,0,9720,9720,0,7225,5280,1945,26.920415224913494,984,13.619377162629759
broad_symmetric,MG,40274,ALBERTINA,2790,2790,0,748,2674,2674,0,2603,2603,0,1741,1820,0,0.0,0,0.0
broad_symmetric,MG,40282,JAÍBA,20441,20438,-3,10039,19531,19531,0,19039,19039,0,11698,8858,2840,24.27765429988032,1296,11.078816891776372
broad_symmetric,MG,40290,ALÉM PARAÍBA,20323,20322,-1,9703,19450,19450,0,18373,18373,0,11491,8831,2660,23.148551039944305,871,7.579845096162214
broad_symmetric,MG,40304,JAMPRUCA,3107,3107,0,1844,2961,2961,0,2877,2877,0,1397,1056,341,24.409448818897637,134,9.591982820329276
broad_symmetric,MG,40312,ALFENAS,45855,45854,-1,15031,43642,43642,0,41638,41638,0,29714,26606,3108,10.459715958807296,0,0.0
broad_symmetric,MG,40320,JUATUBA,19315,19315,0,7798,18102,18102,0,17265,17265,0,11188,9138,2050,18.32320343224884,0,0.0
broad_symmetric,MG,40339,ALMENARA,22411,22410,-1,14005,21351,21351,0,20714,20714,0,10780,6707,4073,37.782931354359924,2374,22.02226345083488
broad_symmetric,MG,40347,LAGOA GRANDE,5868,5867,-1,2480,5688,5688,0,5596,5596,0,4231,2877,1354,32.00189080595604,843,19.92436776175845
broad_symmetric,MG,40355,ALPERCATA,4701,4701,0,2182,4500,4500,0,4271,4271,0,2691,2200,491,18.24600520252694,172,6.391675956893348
broad_symmetric,MG,40363,LIMEIRA DO OESTE,5254,5254,0,2371,5082,5082,0,4904,4904,0,3470,2518,952,27.435158501440924,587,16.9164265129683
broad_symmetric,MG,40371,ALPINÓPOLIS,12536,12535,-1,4443,12001,12001,0,11652,11652,0,8826,6834,1992,22.56968048946295,733,8.305007931112621
broad_symmetric,MG,40380,LONTRA,6276,6276,0,3842,6041,6041,0,5895,5895,0,4228,1973,2255,53.33491012298959,1794,42.4314096499527
broad_symmetric,MG,40398,ALTEROSA,9725,9725,0,3615,9286,9286,0,8863,8863,0,6581,5244,1337,20.31606138884668,471,7.1569670262877985
broad_symmetric,MG,40401,MAMONAS,5028,5028,0,2990,4890,4890,0,4759,4759,0,2786,1637,1149,41.24192390524049,748,26.848528356066044
broad_symmetric,MG,40410,ALTO RIO DOCE,7171,7171,0,4069,6727,6727,0,6405,6405,0,3597,2342,1255,34.89018626633305,495,13.761467889908257
broad_symmetric,MG,40428,MATA VERDE,5810,5810,0,2922,5554,5554,0,5514,5514,0,2708,2440,268,9.896602658788774,0,0.0
broad_symmetric,MG,40436,ALVARENGA,3572,3572,0,1710,3462,3462,0,3410,3410,0,1920,1651,269,14.010416666666666,58,3.0208333333333335
broad_symmetric,MG,40444,MATIAS CARDOSO,5520,5520,0,3616,5326,5326,0,5230,5230,0,2648,1578,1070,40.40785498489426,744,28.09667673716012
broad_symmetric,MG,40452,ALVINÓPOLIS,9877,9877,0,5519,9202,9202,0,8543,8543,0,4627,3252,1375,29.71687918737843,269,5.813702182839853
broad_symmetric,MG,40460,MONTEZUMA,4492,4492,0,2608,4245,4245,0,4160,4160,0,1900,1495,405,21.31578947368421,16,0.8421052631578947
broad_symmetric,MG,40479,ALVORADA DE MINAS,3336,3336,0,1913,3109,3109,0,3009,3009,0,1915,1020,895,46.73629242819843,492,25.69190600522193
broad_symmetric,MG,40487,NAQUE,4014,4014,0,2004,3809,3809,0,3675,3675,0,2406,1683,723,30.049875311720697,396,16.458852867830423
broad_symmetric,MG,40495,AMPARO DO SERRA,3508,3508,0,2298,3360,3360,0,3193,3193,0,1586,904,682,43.00126103404792,376,23.707440100882724
broad_symmetric,MG,40509,NOVO ORIENTE DE MINAS,6032,6032,0,3540,5578,5578,0,5513,5513,0,3496,1853,1643,46.996567505720826,1004,28.71853546910755
broad_symmetric,MG,40517,ANDRADAS,22852,22848,-4,6054,21463,21463,0,20066,20066,0,13273,14294,0,0.0,0,0.0
broad_symmetric,MG,40525,PALMÓPOLIS,4357,4357,0,2651,4055,4055,0,3992,3992,0,2389,1237,1152,48.22101297614064,683,28.58936793637505
broad_symmetric,MG,40533,CACHOEIRA DE PAJEÚ,4954,4951,-3,2984,4694,4694,0,4594,4594,0,2011,1544,467,23.222277473893584,41,2.038786673296867
broad_symmetric,MG,40541,PEDRAS DE MARIA DA CRUZ,5735,5735,0,4055,5541,5541,0,5414,5414,0,2717,1359,1358,49.981597350018404,1037,38.1670960618329
broad_symmetric,MG,40550,ANDRELÂNDIA,7216,7215,-1,3190,6748,6748,0,6296,6296,0,3699,3204,495,13.38199513381995,0,0.0
broad_symmetric,MG,40568,PERIQUITO,4670,4670,0,2097,4478,4478,0,4353,4353,0,2725,2236,489,17.94495412844037,152,5.577981651376147
broad_symmetric,MG,40576,ANTÔNIO CARLOS,7776,7776,0,4036,7248,7248,0,6645,6645,0,3863,2753,1110,28.734144447320734,123,3.184053844162568
broad_symmetric,MG,40584,PONTO DOS VOLANTES,6545,6543,-2,3707,6083,6083,0,5968,5968,0,4218,2129,2089,49.52584163110479,1380,32.71692745376956
broad_symmetric,MG,40592,ANTÔNIO DIAS,6790,6790,0,3172,6406,6406,0,6238,6238,0,4250,2980,1270,29.88235294117647,632,14.870588235294118
broad_symmetric,MG,40606,RIACHINHO,4532,4528,-4,2241,4370,4370,0,4330,4330,0,2836,1770,1066,37.58815232722144,545,19.217207334273624
broad_symmetric,MG,40614,ANTÔNIO PRADO DE MINAS,1551,1551,0,711,1493,1493,0,1453,1453,0,705,704,1,0.14184397163120568,0,0.0
broad_symmetric,MG,40622,ROSÁRIO DA LIMEIRA,3128,4191,1063,1538,2947,2947,0,3752,3752,0,2575,1247,1328,51.57281553398058,985,38.25242718446602
broad_symmetric,MG,40630,ARAÇAÍ,2208,2208,0,998,2103,2103,0,2017,2017,0,1265,989,276,21.818181818181817,55,4.3478260869565215
broad_symmetric,MG,40649,SANTA BÁRBARA DO LESTE,5555,5555,0,2273,5206,5206,0,4994,4994,0,3515,2718,797,22.67425320056899,233,6.62873399715505
broad_symmetric,MG,40657,ARACITABA,2130,2130,0,1061,1987,1987,0,1940,1940,0,1391,832,559,40.18691588785047,322,23.14881380301941
broad_symmetric,MG,40665,SANTA RITA DE MINAS,4733,4733,0,1949,4445,4445,0,4317,4317,0,3263,2355,908,27.827152926754522,479,14.679742568188784
broad_symmetric,MG,40673,ARAÇUAÍ,19735,19732,-3,11299,18847,18847,0,18098,18098,0,9701,7010,2691,27.73940830842181,1265,13.039892794557263
broad_symmetric,MG,40681,SANTANA DO PARAÍSO,19903,19903,0,6686,19209,19209,0,18648,18648,0,13271,11647,1624,12.237208951849897,54,0.4069022681033833
broad_symmetric,MG,40690,ARAGUARI,69735,69735,0,20925,66984,66984,0,63815,63815,0,49065,42005,7060,14.389075715887088,255,0.5197187404463467
broad_symmetric,MG,40703,SÃO JOÃO DA LAGOA,3925,3925,0,2405,3772,3772,0,3658,3658,0,2259,1132,1127,49.88933156263833,739,32.71359008410801
broad_symmetric,MG,40711,ARANTINA,2240,2240,0,1167,2095,2095,0,2009,2009,0,1093,789,304,27.813357731015554,20,1.829826166514181
broad_symmetric,MG,40720,SÃO JOÃO DO MANHUAÇU,7770,7770,0,3126,7487,7487,0,7362,7362,0,4838,4178,660,13.642000826787928,194,4.009921455146755
broad_symmetric,MG,40738,ARAPONGA,5353,5353,0,3282,4914,4914,0,4703,4703,0,2166,1424,742,34.256694367497694,95,4.385964912280702
broad_symmetric,MG,40746,SÃO JOÃO DO MANTENINHA,4216,4215,-1,1875,4097,4097,0,3994,3994,0,2199,2072,127,5.775352432924056,0,0.0
broad_symmetric,MG,40754,ARAPUÁ,2711,2711,0,703,2548,2548,0,2548,2548,0,2210,1741,469,21.221719457013574,202,9.14027149321267
broad_symmetric,MG,40762,SÃO JOÃO DO PACUÍ,2923,2923,0,1986,2828,2828,0,2762,2762,0,1266,699,567,44.78672985781991,329,25.98736176935229
broad_symmetric,MG,40770,ARAÚJOS,5551,5551,0,1557,5313,5313,0,5176,5176,0,4248,3427,821,19.326741996233523,254,5.979284369114877
broad_symmetric,MG,40789,SÃO JOSÉ DA LAPA,16356,16356,0,5944,15503,15503,0,14886,14886,0,9826,8584,1242,12.639934866680235,0,0.0
broad_symmetric,MG,40797,ARAXÁ,63006,63006,0,21347,59879,59879,0,56729,56729,0,39668,35614,4054,10.219824543712816,0,0.0
broad_symmetric,MG,40800,SARZEDO,21426,21426,0,7093,20154,20154,0,19121,19121,0,12539,11631,908,7.241406810750458,0,0.0
broad_symmetric,MG,40819,ARCEBURGO,6043,6039,-4,1988,5668,5668,0,5238,5238,0,3754,3415,339,9.030367607884923,0,0.0
broad_symmetric,MG,40827,SEM PEIXE,2653,2653,0,1534,2527,2527,0,2424,2424,0,1161,842,319,27.47631352282515,42,3.6175710594315245
broad_symmetric,MG,40835,ARCOS,26302,26302,0,8408,24832,24832,0,23435,23435,0,17542,14866,2676,15.254817010603125,0,0.0
broad_symmetric,MG,40843,SENADOR AMARAL,4778,4778,0,1372,4589,4589,0,4418,4418,0,3300,3050,250,7.575757575757576,0,0.0
broad_symmetric,MG,40851,AREADO,9048,9047,-1,2900,8584,8584,0,8163,8163,0,6244,5161,1083,17.344650864830236,96,1.5374759769378603
broad_symmetric,MG,40860,UBAPORANGA,8231,8231,0,3185,7902,7902,0,7606,7606,0,5002,4479,523,10.455817672930827,0,0.0
broad_symmetric,MG,40878,ARGIRITA,2438,2438,0,1434,2360,2360,0,2252,2252,0,1027,845,182,17.72151898734177,23,2.239532619279455
broad_symmetric,MG,40886,URUCUIA,5768,5765,-3,3034,5554,5554,0,5495,5495,0,3875,2238,1637,42.24516129032258,1141,29.44516129032258
broad_symmetric,MG,40894,ARINOS,10322,10307,-15,5115,9895,9895,0,9706,9706,0,6347,4349,1998,31.479439105089018,1140,17.961241531432172
broad_symmetric,MG,40908,VARGEM ALEGRE,4195,4195,0,1956,3990,3990,0,3851,3851,0,2371,1938,433,18.26233656684943,132,5.567271193589203
broad_symmetric,MG,40916,ASTOLFO DUTRA,8655,8655,0,3703,8265,8265,0,7870,7870,0,5274,4230,1044,19.795221843003414,322,6.105422828972317
broad_symmetric,MG,40924,JOSENÓPOLIS,2383,2383,0,1424,2212,2212,0,2248,2248,0,1765,718,1047,59.32011331444759,806,45.6657223796034
broad_symmetric,MG,40932,ATALÉIA,7658,7658,0,4475,7317,7317,0,7243,7243,0,4511,2601,1910,42.340944358235426,1328,29.439148747506096
broad_symmetric,MG,40940,JUVENÍLIA,3927,3927,0,2241,3761,3761,0,3711,3711,0,2335,1368,967,41.41327623126338,649,27.79443254817987
broad_symmetric,MG,40959,AUGUSTO DE LIMA,3101,3101,0,1501,2947,2947,0,2878,2878,0,1917,1278,639,33.333333333333336,317,16.53625456442358
broad_symmetric,MG,40967,LEME DO PRADO,3065,3065,0,1899,2926,2926,0,2837,2837,0,1222,882,340,27.823240589198036,56,4.582651391162029
broad_symmetric,MG,40975,BAEPENDI,12336,12336,0,3846,11735,11735,0,11288,11288,0,8172,7209,963,11.784140969162996,0,0.0
broad_symmetric,MG,40983,LUISBURGO,4645,4644,-1,1632,4450,4450,0,4341,4341,0,2889,2592,297,10.280373831775702,0,0.0
broad_symmetric,MG,40991,BALDIM,5685,5685,0,2375,5405,5405,0,5300,5300,0,3586,2610,976,27.216954824316787,276,7.69659788064696
broad_symmetric,MG,41009,LUISLÂNDIA,4856,4856,0,3584,4708,4708,0,4640,4640,0,2441,974,1467,60.09832036050799,1169,47.89020893076608
broad_symmetric,MG,41017,BAMBUÍ,14059,14059,0,5851,13270,13270,0,12707,12707,0,9013,6561,2452,27.205148119383114,805,8.931543326306446
broad_symmetric,MG,41025,MÁRIO CAMPOS,9817,9817,0,3583,9155,9155,0,8679,8679,0,5838,4907,931,15.947242206235012,0,0.0
broad_symmetric,MG,41033,BANDEIRA,3218,3218,0,2237,2982,2982,0,2996,2996,0,2164,651,1513,69.91682070240296,1183,54.66728280961183
broad_symmetric,MG,41041,MARTINS SOARES,6323,6322,-1,2912,6033,6033,0,5805,5805,0,3827,2911,916,23.935197282466685,416,10.870133263652992
broad_symmetric,MG,41050,BANDEIRA DO SUL,4136,4136,0,1359,3944,3944,0,3772,3772,0,2711,2352,359,13.242345997786794,0,0.0
broad_symmetric,MG,41068,MIRAVÂNIA,2728,2728,0,1747,2588,2588,0,2529,2529,0,1457,710,747,51.269732326698694,476,32.66986959505834
broad_symmetric,MG,41076,BARÃO DE COCAIS,19178,19176,-2,7920,17714,17714,0,16504,16504,0,10597,8399,2198,20.741719354534304,0,0.0
broad_symmetric,MG,41084,MONTE FORMOSO,3069,3069,0,1968,2857,2857,0,2839,2839,0,1902,749,1153,60.62039957939012,801,42.11356466876972
broad_symmetric,MG,41092,BARÃO DE MONTE ALTO,4270,4270,0,2394,4116,4116,0,4007,4007,0,2403,1574,829,34.49854348730753,527,21.93091968372867
broad_symmetric,MG,41106,NATALÂNDIA,2743,2743,0,1319,2660,2660,0,2619,2619,0,1871,1203,668,35.702832709780864,447,23.890967397113844
broad_symmetric,MG,41114,BARBACENA,78398,78398,0,35266,73323,73323,0,66394,66394,0,38348,33670,4678,12.198810889746532,0,0.0
broad_symmetric,MG,41122,NINHEIRA,6286,6284,-2,3440,5809,5809,0,5781,5781,0,3617,2015,1602,44.29084876969865,771,21.316007741222005
broad_symmetric,MG,41130,BARRA LONGA,4133,4133,0,2513,3865,3865,0,3664,3664,0,1968,1190,778,39.53252032520325,348,17.682926829268293
broad_symmetric,MG,41149,NOVA BELÉM,2678,2678,0,1258,2559,2559,0,2475,2475,0,1432,1209,223,15.572625698324023,12,0.8379888268156425
broad_symmetric,MG,41157,TRÊS MARIAS,18101,18101,0,7107,17115,17115,0,16445,16445,0,11490,9042,2448,21.305483028720626,496,4.316797214969538
broad_symmetric,MG,41165,NOVA PORTEIRINHA,5030,5030,0,2737,4820,4820,0,4641,4641,0,2692,1899,793,29.457652303120355,399,14.821693907875186
broad_symmetric,MG,41173,BARROSO,13791,13791,0,6454,12656,12656,0,11266,11266,0,6894,5419,1475,21.39541630403249,0,0.0
broad_symmetric,MG,41181,NOVORIZONTE,3721,3721,0,1877,3475,3475,0,3480,3480,0,2550,1475,1075,42.15686274509804,706,27.686274509803923
broad_symmetric,MG,41190,BELA VISTA DE MINAS,6598,6598,0,3508,6240,6240,0,5890,5890,0,3289,2432,857,26.056552143508664,199,6.050471267862572
broad_symmetric,MG,41203,OLHOS D'ÁGUA,4034,4034,0,2554,3876,3876,0,3814,3814,0,1553,1129,424,27.30199613650998,73,4.700579523502897
broad_symmetric,MG,41211,BELMIRO BRAGA,2593,2593,0,1470,2497,2497,0,2421,2421,0,1488,933,555,37.29838709677419,365,24.52956989247312
broad_symmetric,MG,41220,ORATÓRIOS,3455,3455,0,2241,3253,3253,0,3042,3042,0,1382,889,493,35.67293777134588,168,12.15629522431259
broad_symmetric,MG,41238,BELO HORIZONTE,1502632,1498876,-3756,592037,1430488,1430488,0,1382936,1382936,0,699432,748332,0,0.0,0,0.0
broad_symmetric,MG,41246,ORIZÂNIA,5181,5180,-1,2489,5000,5000,0,4872,4872,0,3177,2316,861,27.101038715769594,485,15.265974189486938
broad_symmetric,MG,41254,BELO ORIENTE,15361,15360,-1,6621,14627,14627,0,14054,14054,0,10061,7501,2560,25.444786800516848,1321,13.129907563860451
broad_symmetric,MG,41262,PADRE CARVALHO,3276,3276,0,1940,3112,3112,0,3094,3094,0,1712,1009,703,41.06308411214953,376,21.962616822429908
broad_symmetric,MG,41270,BELO VALE,6828,6828,0,3205,6455,6455,0,6107,6107,0,3453,2855,598,17.318273964668403,0,0.0
broad_symmetric,MG,41289,PAI PEDRO,4178,4178,0,2736,3972,3972,0,3879,3879,0,1756,1123,633,36.04783599088838,314,17.88154897494305
broad_symmetric,MG,41297,BERILO,6020,6020,0,3957,5630,5630,0,5475,5475,0,2471,1469,1002,40.5503844597329,408,16.51153379198705
broad_symmetric,MG,41300,PATIS,3921,3921,0,2727,3769,3769,0,3760,3760,0,2030,887,1143,56.30541871921182,836,41.18226600985221
broad_symmetric,MG,41319,BERTÓPOLIS,3094,3094,0,1961,2975,2975,0,2901,2901,0,1264,942,322,25.474683544303797,131,10.363924050632912
broad_symmetric,MG,41327,PEDRA BONITA,5120,5120,0,2172,4849,4849,0,4835,4835,0,3237,2516,721,22.273710225517455,289,8.928019771393265
broad_symmetric,MG,41335,BETIM,247276,247033,-243,95603,231975,231975,0,217840,217840,0,135488,121938,13550,10.000885687293339,0,0.0
broad_symmetric,MG,41343,PIEDADE DE CARATINGA,5984,5984,0,2231,5686,5686,0,5531,5531,0,4315,3280,1035,23.986095017381228,562,13.02433371958285
broad_symmetric,MG,41351,BIAS FORTES,2828,2828,0,1690,2660,2660,0,2521,2521,0,1301,845,456,35.0499615680246,163,12.528823981552652
broad_symmetric,MG,41360,PINGO D'ÁGUA,3129,3129,0,1670,2955,2955,0,2765,2765,0,1687,1187,500,29.63841138114997,228,13.515115589804386
broad_symmetric,MG,41378,BICAS,8861,8861,0,3949,8451,8451,0,7942,7942,0,4676,4085,591,12.639007698887939,0,0.0
broad_symmetric,MG,41386,PINTÓPOLIS,4537,4537,0,2798,4353,4353,0,4270,4270,0,2466,1319,1147,46.51257096512571,727,29.480940794809406
broad_symmetric,MG,41394,BIQUINHAS,2023,2023,0,836,1917,1917,0,1895,1895,0,1235,1006,229,18.54251012145749,48,3.88663967611336
broad_symmetric,MG,41408,PONTO CHIQUE,2700,2700,0,1871,2583,2583,0,2588,2588,0,1538,655,883,57.41222366710013,709,46.09882964889467
broad_symmetric,MG,41416,BOA ESPERANÇA,24278,24277,-1,9021,23115,23115,0,21728,21728,0,15609,12879,2730,17.489909667499518,352,2.255109231853418
broad_symmetric,MG,41424,REDUTO,4484,4484,0,1916,4316,4316,0,4141,4141,0,2873,2201,672,23.390184476157327,305,10.616080751827358
broad_symmetric,MG,41432,BOCAINA DE MINAS,3389,3389,0,1360,3196,3196,0,3032,3032,0,2108,1626,482,22.865275142314992,79,3.747628083491461
broad_symmetric,MG,41440,SANTA BÁRBARA DO MONTE VERDE,2790,2790,0,1422,2669,2669,0,2597,2597,0,1535,1116,419,27.29641693811075,167,10.879478827361563
broad_symmetric,MG,41459,BOCAIÚVA,27974,27974,0,16819,26680,26680,0,25650,25650,0,11601,8609,2992,25.7908800965434,446,3.8444961641237825
broad_symmetric,MG,41467,SANTA CRUZ DE MINAS,5278,5278,0,1881,4967,4967,0,4653,4653,0,3183,2750,433,13.603518693056865,0,0.0
broad_symmetric,MG,41475,BOM DESPACHO,29939,29939,0,7553,28389,28389,0,27358,27358,0,21540,19010,2530,11.745589600742804,0,0.0
broad_symmetric,MG,41483,SANTA CRUZ DE SALINAS,3155,3155,0,2175,2955,2955,0,2929,2929,0,1081,608,473,43.755781683626275,101,9.343200740055504
broad_symmetric,MG,41491,BOM JARDIM DE MINAS,4986,4986,0,2288,4727,4727,0,4464,4464,0,2932,2125,807,27.52387448840382,234,7.980900409276944
broad_symmetric,MG,41505,SANTA HELENA DE MINAS,4022,4022,0,2539,3818,3818,0,3767,3767,0,1907,1163,744,39.01415836392239,424,22.233875196643943
broad_symmetric,MG,41513,BOM JESUS DA PENHA,2935,2935,0,882,2807,2807,0,2718,2718,0,2117,1719,398,18.80018894662258,64,3.0231459612659424
broad_symmetric,MG,41521,SANTO ANTÔNIO DO RETIRO,4979,4979,0,3076,4739,4739,0,4718,4718,0,2512,1481,1031,41.04299363057325,609,24.243630573248407
broad_symmetric,MG,41530,BOM JESUS DO AMPARO,3935,3935,0,1900,3673,3673,0,3512,3512,0,2134,1473,661,30.974695407685097,99,4.639175257731959
broad_symmetric,MG,41548,SÃO DOMINGOS DAS DORES,4751,4751,0,1929,4559,4559,0,4478,4478,0,2943,2479,464,15.766224940536867,121,4.111450900441726
broad_symmetric,MG,41556,BOM JESUS DO GALHO,8636,9453,817,3925,8129,8129,0,8653,8653,0,5604,3953,1651,29.461099214846538,893,15.935046395431835
broad_symmetric,MG,41564,SÃO FÉLIX DE MINAS,2762,2761,-1,1177,2662,2662,0,2604,2604,0,1562,1398,164,10.499359795134444,0,0.0
broad_symmetric,MG,41572,BOM REPOUSO,8264,8264,0,3018,7824,7824,0,7519,7519,0,5890,4440,1450,24.617996604414262,644,10.933786078098471
broad_symmetric,MG,41580,SÃO GERALDO DO BAIXIO,2428,2428,0,1024,2294,2294,0,2304,2304,0,1605,1182,423,26.35514018691589,201,12.523364485981308
broad_symmetric,MG,41599,BOM SUCESSO,11063,11063,0,4823,10298,10298,0,9825,9825,0,6873,4950,1923,27.979048450458315,633,9.2099519860323
broad_symmetric,MG,41602,SÃO JOÃO DAS MISSÕES,7496,7496,0,4897,7120,7120,0,6999,6999,0,3084,2084,1000,32.425421530479895,485,15.726329442282749
broad_symmetric,MG,41610,BONFIM,5596,5596,0,2302,5211,5211,0,4883,4883,0,3085,2436,649,21.037277147487845,0,0.0
broad_symmetric,MG,41629,SÃO JOAQUIM DE BICAS,19114,19114,0,8138,17953,17953,0,16944,16944,0,10725,8735,1990,18.554778554778554,0,0.0
broad_symmetric,MG,41637,BONFINÓPOLIS DE MINAS,3663,3661,-2,1722,3538,3538,0,3450,3450,0,2425,1534,891,36.74226804123711,484,19.95876288659794
broad_symmetric,MG,41645,SÃO JOSÉ DA BARRA,5247,5247,0,1951,5028,5028,0,4885,4885,0,3752,2740,1012,26.97228144989339,456,12.153518123667377
broad_symmetric,MG,41653,BORDA DA MATA,10648,10648,0,3275,10089,10089,0,9582,9582,0,7097,6191,906,12.76595744680851,0,0.0
broad_symmetric,MG,41661,ALTO CAPARAÓ,3796,3795,-1,1010,3698,3698,0,3647,3647,0,2626,2573,53,2.0182787509520184,0,0.0
broad_symmetric,MG,41670,BOTELHOS,9614,9614,0,4353,9179,9179,0,8757,8757,0,5558,4346,1212,21.80640518172004,297,5.343648794530407
broad_symmetric,MG,41688,ANGELÂNDIA,4967,4967,0,2069,4692,4692,0,4647,4647,0,3742,2383,1359,36.3174772848744,844,22.55478353821486
broad_symmetric,MG,41696,BOTUMIRIM,2260,4038,1778,1486,2104,2104,0,3734,3734,0,2496,544,1952,78.2051282051282,1722,68.99038461538461
broad_symmetric,MG,41700,ARICANDUVA,3782,3782,0,2016,3564,3564,0,3421,3421,0,2002,1310,692,34.565434565434565,236,11.788211788211788
broad_symmetric,MG,41718,BRASÍLIA DE MINAS,19651,19651,0,12141,18798,18798,0,18229,18229,0,10668,5953,4715,44.1976002999625,3158,29.60254968128984
broad_symmetric,MG,41726,BERIZAL,3356,3356,0,1952,3199,3199,0,3179,3179,0,1876,1064,812,43.28358208955224,472,25.15991471215352
broad_symmetric,MG,41734,BRÁS PIRES,3291,3291,0,1651,3108,3108,0,2988,2988,0,1665,1293,372,22.34234234234234,25,1.5015015015015014
broad_symmetric,MG,41742,BONITO DE MINAS,6063,6063,0,4263,5729,5729,0,5648,5648,0,4010,1188,2822,70.37406483790524,2210,55.11221945137157
broad_symmetric,MG,41750,BRAÚNAS,3009,3009,0,1494,2809,2809,0,2693,2693,0,1623,1214,409,25.200246457178064,108,6.654343807763401
broad_symmetric,MG,41769,BUGRE,3276,3275,-1,1297,3136,3136,0,3105,3105,0,2133,1724,409,19.17487107360525,154,7.219878105954055
broad_symmetric,MG,41777,BRAZÓPOLIS,9376,9376,0,3305,8814,8814,0,8327,8327,0,5502,4934,568,10.323518720465286,0,0.0
broad_symmetric,MG,41785,CABECEIRA GRANDE,4408,4408,0,1680,4256,4256,0,4143,4143,0,2988,2291,697,23.326639892904954,260,8.701472556894243
broad_symmetric,MG,41793,BRUMADINHO,27822,27821,-1,10586,26295,26295,0,25282,25282,0,16564,13718,2846,17.181840135233035,0,0.0
broad_symmetric,MG,41807,CAMPO AZUL,3090,3090,0,2083,2991,2991,0,2961,2961,0,1470,788,682,46.394557823129254,463,31.496598639455783
broad_symmetric,MG,41815,BUENO BRANDÃO,6580,6580,0,1663,6270,6270,0,5929,5929,0,3971,4288,0,0.0,0,0.0
broad_symmetric,MG,41823,CANTAGALO,2699,2699,0,1534,2530,2530,0,2437,2437,0,1416,875,541,38.206214689265536,251,17.725988700564972
broad_symmetric,MG,41831,BUENÓPOLIS,5459,5459,0,2762,5168,5168,0,4979,4979,0,3352,2072,1280,38.18615751789976,655,19.54057279236277
broad_symmetric,MG,41840,CATAS ALTAS,4007,4007,0,1710,3737,3737,0,3533,3533,0,2126,1614,512,24.082784571966133,0,0.0
broad_symmetric,MG,41858,BURITIS,15278,15273,-5,5572,14829,14829,0,14489,14489,0,11216,8613,2603,23.207917261055634,1510,13.462910128388017
broad_symmetric,MG,41866,CATUTI,3563,3563,0,2294,3399,3399,0,3329,3329,0,1862,976,886,47.58324382384533,593,31.84747583243824
broad_symmetric,MG,41874,BURITIZEIRO,15147,15147,0,6943,14130,14130,0,13738,13738,0,10669,6513,4156,38.95397881713375,2465,23.104320929796607
broad_symmetric,MG,41882,CHAPADA GAÚCHA,7119,7112,-7,3762,6865,6865,0,6768,6768,0,4393,2850,1543,35.12406100614614,1036,23.582972911450035
broad_symmetric,MG,41890,CABO VERDE,7449,7448,-1,3220,7113,7113,0,6783,6783,0,4401,3548,853,19.381958645762328,172,3.908202681208816
broad_symmetric,MG,41904,CÔNEGO MARINHO,4748,4748,0,3425,4522,4522,0,4317,4317,0,2348,869,1479,62.98977853492334,1025,43.654173764906304
broad_symmetric,MG,41912,CACHOEIRA DA PRATA,2846,2846,0,1154,2707,2707,0,2630,2630,0,1748,1350,398,22.76887871853547,56,3.203661327231121
broad_symmetric,MG,41920,CONFINS,5797,5797,0,2015,5546,5546,0,5397,5397,0,3681,3179,502,13.637598478674274,0,0.0
broad_symmetric,MG,41939,CACHOEIRA DE MINAS,8049,8049,0,2419,7611,7611,0,7306,7306,0,5388,4708,680,12.620638455827766,0,0.0
broad_symmetric,MG,41947,CÓRREGO FUNDO,4457,4457,0,1182,4186,4186,0,3986,3986,0,3115,2524,591,18.97271268057785,0,0.0
broad_symmetric,MG,41955,CACHOEIRA DOURADA,2016,2016,0,989,1968,1968,0,1902,1902,0,1183,831,352,29.754860524091292,156,13.186813186813186
broad_symmetric,MG,41963,CRISÓLITA,3282,3282,0,1927,3114,3114,0,3084,3084,0,1715,1070,645,37.60932944606414,360,20.99125364431487
broad_symmetric,MG,41971,CAETANÓPOLIS,7177,7177,0,2479,6728,6728,0,6430,6430,0,4441,3801,640,14.411168655708174,0,0.0
broad_symmetric,MG,41980,CUPARAQUE,3087,3087,0,1028,2993,2993,0,2967,2967,0,1973,1887,86,4.358844399391789,0,0.0
broad_symmetric,MG,41998,CAETÉ,26117,26117,0,11032,24433,24433,0,22847,22847,0,13429,11021,2408,17.931342616724997,0,0.0
broad_symmetric,MG,42005,CURRAL DE DENTRO,3234,5024,1790,1757,3063,3063,0,4709,4709,0,2212,1206,1006,45.479204339963836,735,33.22784810126582
broad_symmetric,MG,42013,CAIANA,3532,3532,0,1635,3343,3343,0,3216,3216,0,1652,1574,78,4.721549636803874,0,0.0
broad_symmetric,MG,42021,DELTA,5798,5798,0,2717,5480,5480,0,4931,4931,0,3762,2528,1234,32.801701222753856,681,18.10207336523126
broad_symmetric,MG,42030,CAJURI,3867,3867,0,2310,3636,3636,0,3383,3383,0,1433,1162,271,18.911374738311235,0,0.0
broad_symmetric,MG,42048,DOM BOSCO,2917,2915,-2,1008,2835,2835,0,2800,2800,0,2130,1696,434,20.375586854460092,221,10.375586854460094
broad_symmetric,MG,42056,CALDAS,8369,8369,0,2671,7944,7944,0,7537,7537,0,5457,4841,616,11.288253619204692,0,0.0
broad_symmetric,MG,42064,FREI LAGONEGRO,2716,2716,0,1482,2560,2560,0,2510,2510,0,1687,889,798,47.302904564315355,453,26.852400711321874
broad_symmetric,MG,42072,CAMACHO,2563,2563,0,1181,2393,2393,0,2344,2344,0,1817,1138,679,37.369290038525044,435,23.940561364887177
broad_symmetric,MG,42080,FRUTA DE LEITE,3286,3286,0,2115,2983,2983,0,2932,2932,0,1279,673,606,47.3807662236122,108,8.444096950742768
broad_symmetric,MG,42099,CAMANDUCAIA,13918,13918,0,4556,13118,13118,0,12101,12101,0,8927,8074,853,9.555281729584406,0,0.0
broad_symmetric,MG,42102,GAMELEIRAS,3774,3774,0,2319,3649,3649,0,3622,3622,0,1388,1193,195,14.048991354466859,0,0.0
broad_symmetric,MG,42110,CAMBUÍ,16922,16922,0,5482,15989,15989,0,14886,14886,0,9847,9438,409,4.153549304356657,0,0.0
broad_symmetric,MG,42129,GLAUCILÂNDIA,3222,3222,0,2014,3128,3128,0,2993,2993,0,1595,1002,593,37.17868338557994,387,24.26332288401254
broad_symmetric,MG,42137,CAMBUQUIRA,7452,7451,-1,3008,6996,6996,0,6644,6644,0,4785,3597,1188,24.82758620689655,341,7.126436781609195
broad_symmetric,MG,42145,GOIABEIRA,2354,2354,0,825,2252,2252,0,2220,2220,0,1224,1372,0,0.0,0,0.0
broad_symmetric,MG,42153,CAMPANÁRIO,2388,2388,0,1392,2270,2270,0,2214,2214,0,1360,823,537,39.48529411764706,364,26.764705882352942
broad_symmetric,MG,42161,GOIANÁ,3442,3442,0,1536,3295,3295,0,3158,3158,0,1788,1552,236,13.19910514541387,0,0.0
broad_symmetric,MG,42170,CAMPANHA,9480,9479,-1,2706,8971,8971,0,8457,8457,0,6259,5799,460,7.349416839750759,0,0.0
broad_symmetric,MG,42188,GUARACIAMA,4164,4164,0,3123,4019,4019,0,3904,3904,0,1547,769,778,50.29088558500323,506,32.70846800258565
broad_symmetric,MG,42196,CAMPESTRE,12997,12996,-1,3891,12228,12228,0,11555,11555,0,8353,7612,741,8.87106428827966,0,0.0
broad_symmetric,MG,42200,IBIRACATU,4108,4107,-1,2971,3956,3956,0,3870,3870,0,1559,894,665,42.6555484284798,422,27.06863373957665
broad_symmetric,MG,42218,CAMPINA VERDE,11012,11010,-2,4202,10603,10603,0,10171,10171,0,7431,5876,1555,20.925851164042523,621,8.356883326604764
broad_symmetric,MG,42226,IMBÉ DE MINAS,4487,4486,-1,2254,4327,4327,0,4244,4244,0,2679,1930,749,27.95819335572975,446,16.648002986188878
broad_symmetric,MG,42234,CAMPO BELO,29228,29228,0,9729,27488,27488,0,25980,25980,0,19480,16289,3191,16.380903490759753,0,0.0
broad_symmetric,MG,42242,INDAIABIRA,4574,4574,0,2280,4361,4361,0,4339,4339,0,2871,1962,909,31.661442006269592,577,20.097526994078716
broad_symmetric,MG,42250,CAMPO DO MEIO,7950,7950,0,3889,7564,7564,0,7222,7222,0,4471,3414,1057,23.641243569671214,410,9.170208007157235
broad_symmetric,MG,42269,JAPONVAR,6336,6336,0,4222,5981,5981,0,5884,5884,0,3218,1556,1662,51.64698570540708,1104,34.30702299564947
broad_symmetric,MG,42277,CAMPO FLORIDO,5085,5085,0,2096,4910,4910,0,4737,4737,0,3459,2630,829,23.96646429603932,470,13.587742122000579
broad_symmetric,MG,42285,JENIPAPO DE MINAS,3823,3823,0,2286,3568,3568,0,3542,3542,0,2256,1095,1161,51.462765957446805,719,31.870567375886523
broad_symmetric,MG,42293,CAMPOS ALTOS,7016,7016,0,2237,6672,6672,0,6417,6417,0,5049,4104,945,18.71657754010695,270,5.347593582887701
broad_symmetric,MG,42307,JOSÉ GONÇALVES DE MINAS,2711,2711,0,1579,2540,2540,0,2532,2532,0,1521,821,700,46.022353714661406,389,25.57527942143327
broad_symmetric,MG,42315,CAMPOS GERAIS,15354,15353,-1,5690,14491,14491,0,13761,13761,0,10205,8107,2098,20.558549730524252,541,5.301322880940715
broad_symmetric,MG,42323,JOSÉ RAYDAN,2919,2919,0,1575,2755,2755,0,2710,2710,0,1573,1078,495,31.46853146853147,229,14.55816910362365
broad_symmetric,MG,42331,CANAÃ,3690,3690,0,2262,3476,3476,0,3326,3326,0,1296,1048,248,19.135802469135804,0,0.0
broad_symmetric,MG,42340,SÃO SEBASTIÃO DA VARGEM ALEGRE,2447,2446,-1,1104,2314,2314,0,2216,2216,0,1323,1075,248,18.74527588813303,0,0.0
broad_symmetric,MG,42358,CANÁPOLIS,6477,6474,-3,3266,6262,6262,0,5941,5941,0,3220,2696,524,16.273291925465838,9,0.2795031055900621
broad_symmetric,MG,42366,SÃO SEBASTIÃO DO ANTA,4238,4238,0,1644,4031,4031,0,4008,4008,0,2996,2273,723,24.132176234979973,402,13.41789052069426
broad_symmetric,MG,42374,CANA VERDE,3989,3989,0,1695,3795,3795,0,3649,3649,0,2515,1901,614,24.41351888667992,221,8.78727634194831
broad_symmetric,MG,42382,SERRANÓPOLIS DE MINAS,3227,3227,0,1967,3080,3080,0,3027,3027,0,1554,1004,550,35.39253539253539,294,18.91891891891892
broad_symmetric,MG,42390,CANDEIAS,9101,9101,0,3411,8329,8329,0,7714,7714,0,5912,4407,1505,25.456698240866036,222,3.7550744248985115
broad_symmetric,MG,42404,SETUBINHA,6219,6219,0,3959,5782,5782,0,5728,5728,0,4103,1632,2471,60.2242261759688,1843,44.918352425054834
broad_symmetric,MG,42412,CAPARAÓ,3609,3607,-2,1219,3461,3461,0,3377,3377,0,1667,2091,0,0.0,0,0.0
broad_symmetric,MG,42420,TAPARUBA,3026,3026,0,1544,2907,2907,0,2877,2877,0,1905,1277,628,32.965879265091864,423,22.20472440944882
broad_symmetric,MG,42439,CAPELA NOVA,3797,3797,0,1935,3467,3467,0,3240,3240,0,1492,1336,156,10.455764075067025,0,0.0
broad_symmetric,MG,42447,UNIÃO DE MINAS,2431,2431,0,1185,2375,2375,0,2304,2304,0,1505,1113,392,26.046511627906977,259,17.209302325581394
broad_symmetric,MG,42455,CAPELINHA,23167,23166,-1,9706,21867,21867,0,21137,21137,0,15494,10988,4506,29.08222537756551,2033,13.121208209629534
broad_symmetric,MG,42463,URUANA DE MINAS,2721,2721,0,1099,2619,2619,0,2622,2622,0,2105,1361,744,35.34441805225653,483,22.94536817102138
broad_symmetric,MG,42471,CAPETINGA,4135,4135,0,1597,3907,3907,0,3730,3730,0,2736,2082,654,23.903508771929825,198,7.2368421052631575
broad_symmetric,MG,42480,VARGEM GRANDE DO RIO PARDO,3265,3265,0,1399,3137,3137,0,3115,3115,0,2147,1589,558,25.98975314392175,281,13.088029809035865
broad_symmetric,MG,42498,CAPIM BRANCO,6827,6827,0,2411,6433,6433,0,6170,6170,0,4146,3592,554,13.36227689339122,0,0.0
broad_symmetric,MG,42501,VARJÃO DE MINAS,5202,5202,0,1998,4993,4993,0,4886,4886,0,4098,2709,1389,33.89458272327965,894,21.815519765739385
broad_symmetric,MG,42510,CAPINÓPOLIS,8920,8920,0,3898,8641,8641,0,8353,8353,0,5994,4262,1732,28.895562228895564,972,16.216216216216218
broad_symmetric,MG,42528,VERDELÂNDIA,5108,5108,0,3283,4883,4883,0,4745,4745,0,2421,1456,965,39.85956216439488,596,24.617926476662536
broad_symmetric,MG,42536,CAPITÃO ENÉAS,9795,9795,0,5945,9286,9286,0,8867,8867,0,5344,2926,2418,45.24700598802395,1494,27.956586826347305
broad_symmetric,MG,42544,VEREDINHA,3963,3963,0,2210,3765,3765,0,3705,3705,0,1827,1313,514,28.133552271483307,74,4.050355774493705
broad_symmetric,MG,42552,CAPITÓLIO,6184,6184,0,1824,5934,5934,0,5792,5792,0,4361,3805,556,12.749369410685622,1,0.022930520522815866
broad_symmetric,MG,42560,VERMELHO NOVO,3894,3894,0,1851,3657,3657,0,3486,3486,0,2120,1640,480,22.641509433962263,77,3.6320754716981134
broad_symmetric,MG,42579,CAPUTIRA,6539,6539,0,3284,6131,6131,0,5788,5788,0,3754,2641,1113,29.64837506659563,499,13.292488012786361
broad_symmetric,MG,42587,TOCOS DO MOJI,3482,3482,0,1430,3292,3292,0,3152,3152,0,2075,1619,456,21.97590361445783,23,1.108433734939759
broad_symmetric,MG,42595,CARAÍ,10639,10639,0,6827,9890,9890,0,9609,9609,0,5384,2717,2667,49.53566121842496,1572,29.197622585438335
broad_symmetric,MG,42617,CARANAÍBA,2753,2753,0,1276,2535,2535,0,2426,2426,0,1210,1088,122,10.082644628099173,0,0.0
broad_symmetric,MG,42633,CARANDAÍ,16996,16996,0,7083,15661,15661,0,14118,14118,0,9144,7813,1331,14.55599300087489,0,0.0
broad_symmetric,MG,42650,CARANGOLA,18200,18197,-3,8137,17355,17355,0,16574,16574,0,10235,8384,1851,18.085002442598924,172,1.6805080605764533
broad_symmetric,MG,42676,CARATINGA,47222,47221,-1,18714,45035,45035,0,42671,42671,0,28431,24577,3854,13.555625901304914,0,0.0
broad_symmetric,MG,42692,CARBONITA,5955,5954,-1,2789,5558,5558,0,5459,5459,0,3722,2374,1348,36.217087587318645,556,14.93820526598603
broad_symmetric,MG,42714,CAREAÇU,4200,4200,0,1509,4035,4035,0,3871,3871,0,2609,2368,241,9.237255653507091,0,0.0
broad_symmetric,MG,42730,CARLOS CHAGAS,11190,11187,-3,5856,10604,10604,0,10348,10348,0,6733,4366,2367,35.15520570325263,1399,20.778256349324224
broad_symmetric,MG,42757,CARMÉSIA,1946,1945,-1,1007,1844,1844,0,1814,1814,0,558,705,0,0.0,0,0.0
broad_symmetric,MG,42773,CARMO DA CACHOEIRA,6991,6991,0,3310,6492,6492,0,6132,6132,0,4123,2855,1268,30.754305117632793,442,10.720349260247392
broad_symmetric,MG,42790,CARMO DA MATA,7648,7648,0,3618,7159,7159,0,6678,6678,0,4358,3100,1258,28.866452501147315,328,7.52638825149151
broad_symmetric,MG,42811,CARMO DE MINAS,7695,7695,0,2866,7203,7203,0,6928,6928,0,5119,4019,1100,21.488571986716156,290,5.6651689783160775
broad_symmetric,MG,42838,CARMO DO CAJURU,15442,15442,0,5213,14645,14645,0,14072,14072,0,10776,8390,2386,22.14179658500371,547,5.076095025983667
broad_symmetric,MG,42854,CARMO DO PARANAÍBA,17026,17024,-2,4509,16171,16171,0,15541,15541,0,12818,10964,1854,14.464034950850367,301,2.348260259010766
broad_symmetric,MG,42870,CARMO DO RIO CLARO,12322,12322,0,3987,11773,11773,0,11336,11336,0,8351,6980,1371,16.417195545443658,16,0.19159382109926956
broad_symmetric,MG,42897,CARMÓPOLIS DE MINAS,11785,11785,0,4392,11207,11207,0,10668,10668,0,7524,6160,1364,18.128654970760234,131,1.7410951621477937
broad_symmetric,MG,42919,CARRANCAS,2657,2657,0,1085,2514,2514,0,2423,2423,0,1615,1282,333,20.61919504643963,43,2.6625386996904026
broad_symmetric,MG,42935,CARVALHÓPOLIS,2675,2675,0,948,2542,2542,0,2429,2429,0,1737,1487,250,14.392630972941854,10,0.5757052389176741
broad_symmetric,MG,42951,CARVALHOS,3264,3264,0,1343,2980,2980,0,2772,2772,0,2079,1497,582,27.994227994227995,158,7.5998075998076
broad_symmetric,MG,42978,CASA GRANDE,2462,2462,0,822,2355,2355,0,2266,2266,0,1412,1352,60,4.2492917847025495,0,0.0
broad_symmetric,MG,42994,CASCALHO RICO,2919,2919,0,1035,2823,2823,0,2698,2698,0,2109,1640,469,22.238027501185396,225,10.668563300142248
broad_symmetric,MG,43010,CÁSSIA,9792,9792,0,3791,9279,9279,0,8773,8773,0,6183,4893,1290,20.86365841824357,182,2.9435549086204107
broad_symmetric,MG,43036,CONCEIÇÃO DA BARRA DE MINAS,2992,2992,0,1299,2809,2809,0,2672,2672,0,1977,1306,671,33.940313606474454,284,14.365199797673242
broad_symmetric,MG,43052,CATAGUASES,39504,39503,-1,20582,37632,37632,0,35101,35101,0,18795,15316,3479,18.51024208566108,0,0.0
broad_symmetric,MG,43079,CATAS ALTAS DA NORUEGA,3189,3189,0,1675,2990,2990,0,2861,2861,0,1637,1133,504,30.788026878436163,123,7.513744654856445
broad_symmetric,MG,43095,CAXAMBU,12585,12585,0,5437,11949,11949,0,11344,11344,0,6803,5781,1022,15.0227840658533,0,0.0
broad_symmetric,MG,43117,CEDRO DO ABAETÉ,1026,1026,0,393,990,990,0,972,972,0,849,550,299,35.217903415783276,216,25.441696113074205
broad_symmetric,MG,43133,CENTRAL DE MINAS,4437,4437,0,1874,4246,4246,0,4080,4080,0,2179,2268,0,0.0,0,0.0
broad_symmetric,MG,43150,CENTRALINA,5946,5946,0,3107,5728,5728,0,5299,5299,0,3428,2313,1115,32.52625437572929,589,17.182030338389733
broad_symmetric,MG,43176,CHÁCARA,3452,3452,0,1532,3326,3326,0,3220,3220,0,1733,1570,163,9.405654933641085,0,0.0
broad_symmetric,MG,43192,CHALÉ,4353,4349,-4,1942,4161,4161,0,4095,4095,0,2850,2111,739,25.92982456140351,439,15.403508771929825
broad_symmetric,MG,43214,CHAPADA DO NORTE,5807,5807,0,4207,5459,5459,0,5378,5378,0,2800,1038,1762,62.92857142857143,1200,42.857142857142854
broad_symmetric,MG,43230,CHIADOR,2611,2611,0,1046,2465,2465,0,2383,2383,0,1917,1264,653,34.063641105894625,352,18.362023995826814
broad_symmetric,MG,43257,CIPOTÂNEA,3932,3932,0,1985,3649,3649,0,3454,3454,0,2069,1451,618,29.86950217496375,122,5.8965683905268245
broad_symmetric,MG,43273,CLARAVAL,4011,4009,-2,1004,3901,3901,0,3748,3748,0,2718,2731,0,0.0,0,0.0
broad_symmetric,MG,43290,CLARO DOS POÇÕES,5807,5807,0,2890,5515,5515,0,5356,5356,0,3130,2323,807,25.782747603833865,213,6.805111821086262
broad_symmetric,MG,43311,CLÁUDIO,18369,18369,0,4597,17346,17346,0,16803,16803,0,13629,11761,1868,13.706067943356079,0,0.0
broad_symmetric,MG,43338,COIMBRA,5394,5394,0,2754,4982,4982,0,4633,4633,0,2349,1898,451,19.199659429544486,0,0.0
broad_symmetric,MG,43354,COLUNA,4834,4834,0,2468,4480,4480,0,4318,4318,0,2607,1762,845,32.41273494438052,241,9.24434215573456
broad_symmetric,MG,43370,COMENDADOR GOMES,2229,2229,0,848,2182,2182,0,2105,2105,0,1275,1246,29,2.2745098039215685,0,0.0
broad_symmetric,MG,43397,COMERCINHO,4681,4679,-2,3327,4449,4449,0,4339,4339,0,2244,1005,1239,55.213903743315505,890,39.66131907308378
broad_symmetric,MG,43419,CONCEIÇÃO DA APARECIDA,6439,6438,-1,2425,6160,6160,0,5910,5910,0,4354,3329,1025,23.541570969223702,340,7.808911345888838
broad_symmetric,MG,43435,CONCEIÇÃO DAS PEDRAS,2219,2219,0,778,2070,2070,0,2000,2000,0,1563,1157,406,25.97568777991043,122,7.805502239283429
broad_symmetric,MG,43451,CONCEIÇÃO DAS ALAGOAS,15441,15441,0,6964,14881,14881,0,13959,13959,0,9111,7421,1690,18.5490066952036,634,6.958621446603007
broad_symmetric,MG,43478,CONCEIÇÃO DE IPANEMA,3459,3459,0,1669,3356,3356,0,3304,3304,0,1882,1573,309,16.418703506907544,92,4.888416578108395
broad_symmetric,MG,43494,CONCEIÇÃO DO MATO DENTRO,14000,14000,0,7457,13041,13041,0,12321,12321,0,7606,4794,2812,36.97081251643439,1063,13.975808572179858
broad_symmetric,MG,43516,CONCEIÇÃO DO PARÁ,4298,4298,0,1147,4079,4079,0,4022,4022,0,3332,2698,634,19.027611044417768,181,5.432172869147659
broad_symmetric,MG,43532,CONCEIÇÃO DO RIO VERDE,7814,7814,0,3796,7308,7308,0,6905,6905,0,4843,3173,1670,34.48275862068966,825,17.0348957257898
broad_symmetric,MG,43559,CONCEIÇÃO DOS OUROS,7576,7576,0,2290,7186,7186,0,6837,6837,0,5261,4539,722,13.723626686941646,0,0.0
broad_symmetric,MG,43575,CONGONHAL,7897,7897,0,2285,7521,7521,0,7267,7267,0,5496,4864,632,11.499272197962155,0,0.0
broad_symmetric,MG,43591,CONGONHAS,34664,34664,0,14236,32436,32436,0,29806,29806,0,18731,15702,3029,16.171053334045165,0,0.0
broad_symmetric,MG,43613,CONGONHAS DO NORTE,3102,3102,0,1792,2799,2799,0,2681,2681,0,1452,864,588,40.49586776859504,142,9.77961432506887
broad_symmetric,MG,43630,CONQUISTA,4422,4422,0,1914,4237,4237,0,3965,3965,0,2845,2145,700,24.604569420035148,337,11.845342706502636
broad_symmetric,MG,43656,CONSELHEIRO LAFAIETE,78620,78619,-1,34018,73456,73456,0,67259,67259,0,38466,33638,4828,12.551344044090886,0,0.0
broad_symmetric,MG,43672,CONSELHEIRO PENA,12020,12020,0,4427,11546,11546,0,11246,11246,0,7315,6695,620,8.475734791524266,0,0.0
broad_symmetric,MG,43699,CONSOLAÇÃO,1522,1522,0,516,1448,1448,0,1383,1383,0,1115,877,238,21.345291479820627,109,9.77578475336323
broad_symmetric,MG,43710,CONTAGEM,375467,375184,-283,139596,355282,355282,0,339745,339745,0,199620,192498,7122,3.5677787796813947,0,0.0
broad_symmetric,MG,43737,COQUEIRAL,5963,5963,0,2276,5653,5653,0,5470,5470,0,4179,3061,1118,26.752811677434792,492,11.773151471643933
broad_symmetric,MG,43753,CORAÇÃO DE JESUS,15860,15858,-2,10327,15191,15191,0,14740,14740,0,8427,4224,4203,49.87540049839801,2894,34.34199596534947
broad_symmetric,MG,43770,CORDISBURGO,5451,5451,0,2520,5185,5185,0,4995,4995,0,2931,2385,546,18.62845445240532,0,0.0
broad_symmetric,MG,43796,CORDISLÂNDIA,2289,2289,0,1099,2186,2186,0,2126,2126,0,1576,1009,567,35.97715736040609,386,24.492385786802032
broad_symmetric,MG,43818,CORINTO,13842,13842,0,6787,13132,13132,0,12594,12594,0,8805,5636,3169,35.99091425326519,1750,19.875070982396366
broad_symmetric,MG,43834,COROACI,6125,6125,0,3029,5668,5668,0,5403,5403,0,3392,2472,920,27.12264150943396,296,8.726415094339623
broad_symmetric,MG,43850,COROMANDEL,18942,18942,0,5748,18159,18159,0,17615,17615,0,14643,11445,3198,21.839786928908012,1449,9.895513214505224
broad_symmetric,MG,43877,CORONEL FABRICIANO,59892,59892,0,21203,57433,57433,0,55139,55139,0,38784,33756,5028,12.964108910891088,95,0.2449463696369637
broad_symmetric,MG,43893,CORONEL MURTA,5450,5450,0,3450,5184,5184,0,4948,4948,0,2362,1580,782,33.107535986452156,362,15.325994919559696
broad_symmetric,MG,43915,CORONEL PACHECO,2490,2490,0,1194,2355,2355,0,2251,2251,0,1443,1044,399,27.65072765072765,147,10.187110187110187
broad_symmetric,MG,43931,CORONEL XAVIER CHAVES,2574,2574,0,1237,2383,2383,0,2276,2276,0,1299,1015,284,21.862971516551195,0,0.0
broad_symmetric,MG,43958,CÓRREGO DANTA,2407,2407,0,965,2293,2293,0,2265,2265,0,1722,1225,497,28.86178861788618,280,16.260162601626018
broad_symmetric,MG,43974,CÓRREGO DO BOM JESUS,3386,3386,0,1166,3195,3195,0,3004,3004,0,2048,1855,193,9.423828125,0,0.0
broad_symmetric,MG,43990,CÓRREGO NOVO,2910,2910,0,1602,2772,2772,0,2698,2698,0,1713,1093,620,36.19381202568593,405,23.642732049036777
broad_symmetric,MG,44016,COUTO DE MAGALHÃES DE MINAS,2779,2779,0,1825,2606,2606,0,2456,2456,0,1117,652,465,41.629364368845124,163,14.592658907788719
broad_symmetric,MG,44032,CRISTAIS,6737,6737,0,2463,6277,6277,0,5911,5911,0,4315,3513,802,18.586326767091542,41,0.9501738122827347
broad_symmetric,MG,44059,CRISTÁLIA,3722,3722,0,2363,3500,3500,0,3488,3488,0,2389,1010,1379,57.72289660946002,1030,43.11427375470908
broad_symmetric,MG,44075,CRISTIANO OTONI,3676,3676,0,1415,3390,3390,0,3031,3031,0,1911,1767,144,7.535321821036106,0,0.0
broad_symmetric,MG,44091,CRISTINA,6239,6239,0,2076,5808,5808,0,5535,5535,0,4067,3378,689,16.941234325055323,0,0.0
broad_symmetric,MG,44113,CRUCILÂNDIA,4324,4324,0,1535,4026,4026,0,3895,3895,0,2594,2217,377,14.533538936006169,0,0.0
broad_symmetric,MG,44130,CRUZEIRO DA FORTALEZA,3446,3446,0,1055,3352,3352,0,3289,3289,0,2840,2101,739,26.02112676056338,449,15.809859154929578
broad_symmetric,MG,44156,CRUZÍLIA,9864,9863,-1,4528,9305,9305,0,8891,8891,0,5544,4217,1327,23.935786435786436,208,3.751803751803752
broad_symmetric,MG,44172,CURVELO,46111,46111,0,18959,43610,43610,0,41010,41010,0,27747,22006,5741,20.69052510181281,595,2.144375968573179
broad_symmetric,MG,44199,DATAS,3752,3752,0,2467,3499,3499,0,3350,3350,0,2199,879,1320,60.027285129604365,914,41.564347430650294
broad_symmetric,MG,44210,DELFIM MOREIRA,5127,5127,0,1816,4830,4830,0,4600,4600,0,3229,2765,464,14.369773923815423,0,0.0
broad_symmetric,MG,44237,DELFINÓPOLIS,4693,4693,0,1737,4509,4509,0,4352,4352,0,2589,2552,37,1.429123213595983,0,0.0
broad_symmetric,MG,44253,DESCOBERTO,3606,3606,0,1698,3430,3430,0,3294,3294,0,1962,1469,493,25.127420998980632,54,2.7522935779816513
broad_symmetric,MG,44270,DESTERRO DE ENTRE RIOS,5105,5105,0,1533,4704,4704,0,4440,4440,0,3008,2865,143,4.753989361702128,0,0.0
broad_symmetric,MG,44296,DESTERRO DO MELO,3475,3475,0,1424,3252,3252,0,3126,3126,0,2082,1624,458,21.998078770413063,31,1.48895292987512
broad_symmetric,MG,44318,DIAMANTINA,28296,28296,0,16583,26948,26948,0,25565,25565,0,12481,8823,3658,29.308548994471597,768,6.1533530967069945
broad_symmetric,MG,44334,DIOGO DE VASCONCELOS,2894,2894,0,1814,2679,2679,0,2588,2588,0,1659,751,908,54.73176612417119,579,34.90054249547921
broad_symmetric,MG,44350,DIONÍSIO,4772,4772,0,2536,4589,4589,0,4418,4418,0,2356,1892,464,19.69439728353141,120,5.093378607809847
broad_symmetric,MG,44377,DIVINÉSIA,3994,3994,0,2293,3819,3819,0,3708,3708,0,2192,1375,817,37.27189781021898,491,22.39963503649635
broad_symmetric,MG,44393,DIVINO,11652,11651,-1,5863,11174,11174,0,10739,10739,0,6023,4940,1083,17.981072555205046,234,3.8851070894902873
broad_symmetric,MG,44415,DIVINO DAS LARANJEIRAS,3492,3492,0,1477,3342,3342,0,3285,3285,0,2129,1752,377,17.707844058243307,114,5.3546265852512915
broad_symmetric,MG,44431,DIVINOLÂNDIA DE MINAS,4562,4562,0,2096,4281,4281,0,4093,4093,0,2592,1946,646,24.92283950617284,126,4.861111111111111
broad_symmetric,MG,44458,DIVINÓPOLIS,139696,139445,-251,49403,132399,132399,0,129456,129456,0,98882,76023,22859,23.1174531259481,8589,8.686110717825287
broad_symmetric,MG,44474,DIVISA NOVA,3900,3899,-1,1712,3708,3708,0,3587,3587,0,2127,1842,285,13.399153737658674,0,0.0
broad_symmetric,MG,44490,DOM CAVATI,3484,3484,0,1380,3313,3313,0,3230,3230,0,2328,1831,497,21.348797250859107,224,9.621993127147766
broad_symmetric,MG,44512,DOM JOAQUIM,3046,3045,-1,1630,2802,2802,0,2693,2693,0,1653,1005,648,39.201451905626136,237,14.337568058076226
broad_symmetric,MG,44539,DOM SILVÉRIO,3384,3384,0,1836,3196,3196,0,2956,2956,0,1384,1169,215,15.534682080924856,0,0.0
broad_symmetric,MG,44555,DOM VIÇOSO,2547,2545,-2,1010,2441,2441,0,2350,2350,0,1570,1323,247,15.73248407643312,33,2.1019108280254777
broad_symmetric,MG,44571,DONA EUSÉBIA,4810,4810,0,2184,4632,4632,0,4511,4511,0,2848,2259,589,20.6811797752809,222,7.794943820224719
broad_symmetric,MG,44598,DORES DE CAMPOS,6917,6917,0,2540,6339,6339,0,5722,5722,0,3926,3370,556,14.161996943453897,0,0.0
broad_symmetric,MG,44610,DORES DE GUANHÃES,3730,3730,0,1962,3480,3480,0,3402,3402,0,1929,1389,540,27.993779160186627,161,8.346293416277865
broad_symmetric,MG,44636,DORES DO INDAIÁ,7567,7567,0,2446,7222,7222,0,7032,7032,0,5158,4403,755,14.637456378441255,37,0.7173322993408298
broad_symmetric,MG,44652,DORES DO TURVO,4092,4092,0,2123,3868,3868,0,3743,3743,0,2258,1594,664,29.406554472984944,289,12.798937112488929
broad_symmetric,MG,44679,DORESÓPOLIS,1539,1539,0,514,1474,1474,0,1440,1440,0,1204,886,318,26.411960132890364,179,14.867109634551495
broad_symmetric,MG,44695,DOURADOQUARA,1671,1671,0,721,1621,1621,0,1545,1545,0,1172,782,390,33.27645051194539,222,18.9419795221843
broad_symmetric,MG,44717,ELÓI MENDES,15638,15638,0,5123,14691,14691,0,13970,13970,0,10168,8702,1466,14.41778127458694,0,0.0
broad_symmetric,MG,44733,ENGENHEIRO CALDAS,5977,5977,0,2560,5675,5675,0,5527,5527,0,3880,2959,921,23.737113402061855,463,11.93298969072165
broad_symmetric,MG,44750,ENGENHEIRO NAVARRO,4708,4708,0,2920,4473,4473,0,4389,4389,0,2252,1320,932,41.3854351687389,464,20.603907637655418
broad_symmetric,MG,44776,ENTRE RIOS DE MINAS,9963,9963,0,4203,9397,9397,0,8895,8895,0,5510,4355,1155,20.961887477313976,0,0.0
broad_symmetric,MG,44792,ERVÁLIA,13217,13215,-2,6779,12007,12007,0,11101,11101,0,5513,4576,937,16.996190821694178,0,0.0
broad_symmetric,MG,44814,ESMERALDAS,43358,43358,0,18840,40645,40645,0,38275,38275,0,23428,19231,4197,17.914461328325082,0,0.0
broad_symmetric,MG,44830,ESPERA FELIZ,14087,14084,-3,6041,13289,13289,0,12623,12623,0,8580,6656,1924,22.424242424242426,534,6.223776223776224
broad_symmetric,MG,44857,ESPINOSA,18704,18703,-1,10628,18018,18018,0,17272,17272,0,10125,6647,3478,34.35061728395062,2049,20.237037037037037
broad_symmetric,MG,44873,ESPÍRITO SANTO DO DOURADO,4304,4303,-1,1645,4084,4084,0,3941,3941,0,2812,2245,567,20.163584637268848,153,5.440967283072546
broad_symmetric,MG,44890,ESTIVA,7813,7813,0,2556,7377,7377,0,7008,7008,0,4912,4375,537,10.932410423452769,0,0.0
broad_symmetric,MG,44911,ESTRELA DALVA,2173,2173,0,1179,2064,2064,0,2050,2050,0,1534,787,747,48.696219035202084,540,35.202086049543674
broad_symmetric,MG,44938,ESTRELA DO INDAIÁ,2037,2037,0,830,1932,1932,0,1938,1938,0,1599,1021,578,36.14759224515322,392,24.515322076297686
broad_symmetric,MG,44954,ESTRELA DO SUL,4646,4645,-1,2209,4443,4443,0,4223,4223,0,3017,2063,954,31.620815379516074,580,19.2243950944647
broad_symmetric,MG,44970,EUGENÓPOLIS,7011,7008,-3,2877,6716,6716,0,6486,6486,0,4250,3618,632,14.870588235294118,116,2.7294117647058824
broad_symmetric,MG,44997,EWBANK DA CÂMARA,3506,3506,0,1967,3370,3370,0,3214,3214,0,1798,1290,508,28.25361512791991,259,14.404894327030034
broad_symmetric,MG,45012,EXTREMA,32395,32393,-2,10793,30512,30512,0,27511,27511,0,19542,17936,1606,8.218196704533824,0,0.0
broad_symmetric,MG,45039,FAMA,2458,2458,0,864,2348,2348,0,2276,2276,0,1629,1391,238,14.610190300798036,35,2.1485573971761815
broad_symmetric,MG,45055,FARIA LEMOS,2653,2653,0,1385,2529,2529,0,2470,2470,0,1454,1052,402,27.64786795048143,186,12.792297111416781
broad_symmetric,MG,45071,FELÍCIO DOS SANTOS,3318,3318,0,1818,3101,3101,0,3040,3040,0,1819,1098,721,39.63716327652556,319,17.537108301264432
broad_symmetric,MG,45098,SÃO GONÇALO DO RIO PRETO,2190,2190,0,1416,2036,2036,0,1973,1973,0,1014,529,485,47.83037475345168,240,23.668639053254438
broad_symmetric,MG,45110,FELISBURGO,4088,4088,0,2471,3867,3867,0,3745,3745,0,1951,1234,717,36.75038441824705,334,17.119425935417734
broad_symmetric,MG,45136,FELIXLÂNDIA,9282,9282,0,4475,8769,8769,0,8323,8323,0,5679,3758,1921,33.82637788343018,872,15.35481598873041
broad_symmetric,MG,45152,FERNANDES TOURINHO,1993,1993,0,819,1891,1891,0,1818,1818,0,1210,1018,192,15.867768595041323,36,2.975206611570248
broad_symmetric,MG,45179,FERROS,5994,5992,-2,3407,5608,5608,0,5488,5488,0,2319,1980,339,14.618369987063389,0,0.0
broad_symmetric,MG,45195,FLORESTAL,5450,5450,0,2127,5179,5179,0,5012,5012,0,2955,2619,336,11.370558375634518,0,0.0
broad_symmetric,MG,45217,FORMIGA,42299,42298,-1,12491,39787,39787,0,37585,37585,0,27945,24405,3540,12.667740203972087,0,0.0
broad_symmetric,MG,45233,FORMOSO,4844,4843,-1,2304,4674,4674,0,4646,4646,0,3440,2102,1338,38.895348837209305,900,26.162790697674417
broad_symmetric,MG,45250,FORTALEZA DE MINAS,2375,2375,0,835,2227,2227,0,2132,2132,0,1522,1215,307,20.170827858081473,0,0.0
broad_symmetric,MG,45276,FORTUNA DE MINAS,2482,2482,0,1188,2386,2386,0,2288,2288,0,1445,1036,409,28.304498269896193,151,10.449826989619377
broad_symmetric,MG,45292,FRANCISCO BADARÓ,4624,4624,0,2670,4337,4337,0,4266,4266,0,2203,1468,735,33.36359509759419,249,11.302768951429869
broad_symmetric,MG,45314,FRANCISCO DUMONT,3320,3320,0,1763,3177,3177,0,3122,3122,0,1899,1252,647,34.07056345444971,342,18.009478672985782
broad_symmetric,MG,45330,FRANCISCO SÁ,14611,14610,-1,9160,13957,13957,0,13481,13481,0,6858,4235,2623,38.247302420530765,1407,20.516185476815398
broad_symmetric,MG,45357,FREI GASPAR,4421,4420,-1,2408,4117,4117,0,4182,4182,0,3288,1587,1701,51.73357664233577,1275,38.777372262773724
broad_symmetric,MG,45373,FREI INOCÊNCIO,5315,5315,0,2670,5113,5113,0,5009,5009,0,3547,2281,1266,35.69213419791373,902,25.42994079503806
broad_symmetric,MG,45390,FRONTEIRA,8098,8098,0,3656,7800,7800,0,7262,7262,0,5185,3883,1302,25.11089681774349,743,14.329797492767598
broad_symmetric,MG,45411,FRUTAL,31389,31388,-1,10858,30172,30172,0,28250,28250,0,21524,17995,3529,16.395651365917114,993,4.613454748188069
broad_symmetric,MG,45438,FUNILÂNDIA,4191,4191,0,1513,3985,3985,0,3891,3891,0,2771,2195,576,20.786719595813786,93,3.356189101407434
broad_symmetric,MG,45454,GALILÉIA,3883,3883,0,1734,3748,3748,0,3660,3660,0,2283,1898,385,16.86377573368375,134,5.869469995619799
broad_symmetric,MG,45470,GONÇALVES,3096,3096,0,895,2925,2925,0,2816,2816,0,1679,1822,0,0.0,0,0.0
broad_symmetric,MG,45497,GONZAGA,3242,3242,0,1557,2996,2996,0,2911,2911,0,1530,1298,232,15.163398692810457,0,0.0
broad_symmetric,MG,45519,GOUVEIA,7788,7788,0,4310,7272,7272,0,6979,6979,0,4660,2594,2066,44.33476394849785,1182,25.36480686695279
broad_symmetric,MG,45535,GOVERNADOR VALADARES,148641,148355,-286,48763,142283,142283,0,134247,134247,0,91059,88787,2272,2.4950856038392693,0,0.0
broad_symmetric,MG,45551,GRÃO MOGOL,8242,8240,-2,5198,7805,7805,0,7646,7646,0,3969,2349,1620,40.816326530612244,925,23.30561854371378
broad_symmetric,MG,45578,GRUPIARA,1421,1421,0,542,1375,1375,0,1319,1319,0,993,754,239,24.068479355488417,114,11.48036253776435
broad_symmetric,MG,45594,GUANHÃES,17032,17032,0,7571,15904,15904,0,14991,14991,0,9495,7392,2103,22.148499210110586,34,0.35808320168509744
broad_symmetric,MG,45616,GUAPÉ,8200,8200,0,2327,7679,7679,0,7417,7417,0,5784,4834,950,16.424619640387274,0,0.0
broad_symmetric,MG,45632,GUARACIABA,6106,6106,0,3539,5707,5707,0,5611,5611,0,2476,1785,691,27.907915993537966,0,0.0
broad_symmetric,MG,45659,GUARANÉSIA,11400,11399,-1,5442,10761,10761,0,9947,9947,0,5793,4680,1113,19.212843086483687,0,0.0
broad_symmetric,MG,45675,GUARANI,5204,5204,0,2893,4943,4943,0,4634,4634,0,2344,1819,525,22.397610921501705,33,1.4078498293515358
broad_symmetric,MG,45691,GUARARÁ,2910,2910,0,1305,2768,2768,0,2611,2611,0,1555,1313,242,15.562700964630226,0,0.0
broad_symmetric,MG,45713,GUARDA-MOR,4668,4666,-2,1580,4525,4525,0,4394,4394,0,3517,2722,795,22.604492465169177,429,12.197895934034689
broad_symmetric,MG,45730,GUAXUPÉ,29509,29506,-3,11785,27848,27848,0,25830,25830,0,16411,14593,1818,11.077935531046249,0,0.0
broad_symmetric,MG,45756,GUIDOVAL,5498,5498,0,2751,5238,5238,0,5030,5030,0,3425,2281,1144,33.4014598540146,678,19.795620437956206
broad_symmetric,MG,45772,GUIMARÂNIA,5354,5354,0,1691,5095,5095,0,4927,4927,0,4175,3042,1133,27.137724550898202,512,12.263473053892216
broad_symmetric,MG,45799,GUIRICEMA,6016,6015,-1,3005,5645,5645,0,5438,5438,0,3061,2351,710,23.195034302515516,50,1.633453119895459
broad_symmetric,MG,45810,GURINHATÃ,3744,3744,0,1402,3641,3641,0,3532,3532,0,2769,2039,730,26.363308053448897,427,15.420729505236547
broad_symmetric,MG,45837,HELIODORA,4335,4335,0,1758,4084,4084,0,4047,4047,0,3218,1907,1311,40.73958980733375,641,19.919204474829087
broad_symmetric,MG,45853,IAPU,6273,6273,0,2541,5969,5969,0,5750,5750,0,3729,3239,490,13.140252078305176,0,0.0
broad_symmetric,MG,45870,IBERTIOGA,3841,3841,0,2191,3664,3664,0,3432,3432,0,1867,1282,585,31.333690412426353,217,11.622924477771827
broad_symmetric,MG,45896,IBIÁ,12582,12580,-2,4647,12030,12030,0,11509,11509,0,8138,6824,1314,16.146473334971738,203,2.494470385844188
broad_symmetric,MG,45918,IBIAÍ,4750,4750,0,3120,4535,4535,0,4467,4467,0,2095,1240,855,40.81145584725537,465,22.195704057279237
broad_symmetric,MG,45934,IBIRACI,7228,7228,0,2573,6937,6937,0,6673,6673,0,4841,4099,742,15.327411691799215,186,3.8421813674860568
broad_symmetric,MG,45950,IBIRITÉ,98887,98858,-29,39349,92524,92524,0,87032,87032,0,51017,46667,4350,8.5265695748476,0,0.0
broad_symmetric,MG,45977,IBITIÚRA DE MINAS,2850,2850,0,620,2723,2723,0,2624,2624,0,2245,2000,245,10.913140311804009,15,0.6681514476614699
broad_symmetric,MG,45993,IBITURUNA,2024,2024,0,828,1927,1927,0,1875,1875,0,1383,1007,376,27.187274041937815,187,13.521330441070138
broad_symmetric,MG,46019,IGARAPÉ,26961,26961,0,9974,25495,25495,0,24088,24088,0,15511,13624,1887,12.165559925214364,0,0.0
broad_symmetric,MG,46035,IGARATINGA,6710,6710,0,2111,6329,6329,0,6161,6161,0,5220,3854,1366,26.168582375478927,621,11.89655172413793
broad_symmetric,MG,46051,IGUATAMA,4724,4724,0,2058,4438,4438,0,4260,4260,0,3221,2193,1028,31.915554175721827,555,17.230673703818688
broad_symmetric,MG,46078,IJACI,4453,4726,273,1781,4111,4111,0,4169,4169,0,3025,2103,922,30.479338842975206,353,11.669421487603305
broad_symmetric,MG,46094,ILICÍNEA,7645,7645,0,3237,7302,7302,0,6959,6959,0,4853,3742,1111,22.893055841747373,445,9.169585823202143
broad_symmetric,MG,46116,INCONFIDENTES,5079,5079,0,1802,4853,4853,0,4592,4592,0,3310,2824,486,14.682779456193353,33,0.9969788519637462
broad_symmetric,MG,46132,INDIANÓPOLIS,4097,4097,0,1785,3930,3930,0,3762,3762,0,2579,1942,637,24.699495928654517,267,10.352849941837922
broad_symmetric,MG,46159,INGAÍ,2328,2328,0,1043,2183,2183,0,2086,2086,0,1460,1039,421,28.835616438356166,175,11.986301369863014
broad_symmetric,MG,46175,INHAPIM,14830,14830,0,5930,14266,14266,0,13852,13852,0,9508,7902,1606,16.89103912494741,608,6.394615061001262
broad_symmetric,MG,46191,INHAÚMA,4510,4510,0,1771,4256,4256,0,4168,4168,0,2907,2238,669,23.01341589267286,168,5.779153766769866
broad_symmetric,MG,46213,INIMUTABA,4812,4812,0,2195,4551,4551,0,4334,4334,0,3085,2065,1020,33.06320907617504,468,15.170178282009724
broad_symmetric,MG,46230,IPANEMA,11560,11557,-3,4884,11034,11034,0,10802,10802,0,7630,5733,1897,24.862385321100916,954,12.503276539973788
broad_symmetric,MG,46256,IPATINGA,133577,133385,-192,40448,128537,128537,0,123429,123429,0,87809,82491,5318,6.056326800214101,0,0.0
broad_symmetric,MG,46272,IPIAÇU,2773,2772,-1,1331,2686,2686,0,2592,2592,0,1829,1238,591,32.31273920174959,387,21.159103335155823
broad_symmetric,MG,46299,IPUIÚNA,6152,6152,0,1994,5876,5876,0,5692,5692,0,3416,3604,0,0.0,0,0.0
broad_symmetric,MG,46310,IRAÍ DE MINAS,5472,5472,0,1801,5241,5241,0,5123,5123,0,4091,3198,893,21.828403813248595,420,10.266438523588365
broad_symmetric,MG,46337,ITABIRA,72453,72451,-2,30883,67463,67463,0,62991,62991,0,37267,32005,5262,14.119730592749617,0,0.0
broad_symmetric,MG,46353,ITABIRINHA,7083,7082,-1,3105,6786,6786,0,6599,6599,0,3465,3485,0,0.0,0,0.0
broad_symmetric,MG,46370,ITABIRITO,35175,35174,-1,13370,32578,32578,0,30274,30274,0,18464,16272,2192,11.871750433275563,0,0.0
broad_symmetric,MG,46396,ITACAMBIRA,3661,3661,0,2521,3494,3494,0,3477,3477,0,1989,840,1149,57.76772247360483,849,42.68476621417798
broad_symmetric,MG,46418,ITACARAMBI,9878,9878,0,6033,9392,9392,0,8947,8947,0,4460,3036,1424,31.928251121076233,615,13.789237668161435
broad_symmetric,MG,46434,ITAGUARA,8851,8851,0,3019,8142,8142,0,7577,7577,0,5289,4406,883,16.695027415390435,0,0.0
broad_symmetric,MG,46450,ITAIPÉ,6619,6619,0,3520,6177,6177,0,6051,6051,0,4165,2383,1782,42.78511404561825,1066,25.594237695078032
broad_symmetric,MG,46477,ITAJUBÁ,54696,54693,-3,15948,51946,51946,0,49150,49150,0,34808,33417,1391,3.99620776832912,0,0.0
broad_symmetric,MG,46493,ITAMARANDIBA,20009,20009,0,8824,18758,18758,0,17937,17937,0,12860,8152,4708,36.60964230171073,1675,13.024883359253499
broad_symmetric,MG,46515,ITAMARATI DE MINAS,3079,3079,0,1568,2920,2920,0,2841,2841,0,1622,1186,436,26.88039457459926,111,6.843403205918619
broad_symmetric,MG,46531,ITAMBACURI,12520,12520,0,7168,11790,11790,0,11480,11480,0,7066,4241,2825,39.980186810076425,1714,24.257005377865838
broad_symmetric,MG,46558,ITAMBÉ DO MATO DENTRO,2065,2065,0,1165,1954,1954,0,1879,1879,0,840,674,166,19.761904761904763,0,0.0
broad_symmetric,MG,46574,ITAMOGI,6853,6853,0,2530,6452,6452,0,6005,6005,0,4154,3625,529,12.73471352912855,0,0.0
broad_symmetric,MG,46590,ITAMONTE,9588,9588,0,2935,9079,9079,0,8609,8609,0,5946,5638,308,5.179952909519004,0,0.0
broad_symmetric,MG,46612,ITANHANDU,9955,9955,0,3542,9491,9491,0,8966,8966,0,5992,5263,729,12.166221628838452,0,0.0
broad_symmetric,MG,46639,ITANHOMI,6987,6987,0,3242,6634,6634,0,6592,6592,0,4466,3112,1354,30.3179579041648,721,16.144200626959247
broad_symmetric,MG,46655,ITAOBIM,11918,11915,-3,6035,11217,11217,0,10723,10723,0,6576,4847,1729,26.29257907542579,693,10.538321167883211
broad_symmetric,MG,46671,ITAPAGIPE,7905,7903,-2,2767,7660,7660,0,7457,7457,0,5295,4406,889,16.789423984891407,157,2.9650613786591125
broad_symmetric,MG,46698,ITAPECERICA,14346,14345,-1,5723,13414,13414,0,12980,12980,0,9784,6943,2841,29.037203597710548,1161,11.86631234668847
broad_symmetric,MG,46710,ITAPEVA,7026,7026,0,1977,6610,6610,0,6220,6220,0,4883,4384,499,10.219127585500717,0,0.0
broad_symmetric,MG,46736,ITATIAIUÇU,9608,9608,0,2773,9062,9062,0,8699,8699,0,6684,5781,903,13.509874326750449,0,0.0
broad_symmetric,MG,46752,ITAÚNA,56012,56010,-2,14521,52844,52844,0,50412,50412,0,38449,35210,3239,8.424146271684569,0,0.0
broad_symmetric,MG,46779,ITAVERAVA,4731,4731,0,2277,4423,4423,0,4173,4173,0,2783,1912,871,31.29716133668703,329,11.821775062881782
broad_symmetric,MG,46795,ITINGA,8208,8208,0,5602,7829,7829,0,7616,7616,0,3658,2072,1586,43.357025697102245,1052,28.75888463641334
broad_symmetric,MG,46817,ITUETA,3969,3969,0,1301,3824,3824,0,3745,3745,0,2302,2443,0,0.0,0,0.0
broad_symmetric,MG,46833,ITUIUTABA,57105,57103,-2,25289,55268,55268,0,52171,52171,0,34833,26399,8434,24.212671891597047,3017,8.661326902649787
broad_symmetric,MG,46850,ITUMIRIM,4706,4706,0,1967,4375,4375,0,4084,4084,0,2802,2130,672,23.98286937901499,63,2.2483940042826553
broad_symmetric,MG,46876,ITURAMA,22049,22037,-12,9402,21294,21294,0,20398,20398,0,15312,11040,4272,27.899686520376175,2665,17.404649947753395
broad_symmetric,MG,46892,ITUTINGA,2877,2877,0,1254,2647,2647,0,2524,2524,0,1817,1263,554,30.489818381948265,194,10.676940011007154
broad_symmetric,MG,46914,JABOTICATUBAS,12450,12450,0,5241,11792,11792,0,11522,11522,0,7736,5653,2083,26.926059979317476,527,6.812306101344364
broad_symmetric,MG,46930,JACINTO,6350,6348,-2,3705,5940,5940,0,5827,5827,0,3728,2102,1626,43.61587982832618,1083,29.050429184549355
broad_symmetric,MG,46957,JACUÍ,4881,4881,0,1091,4596,4596,0,4407,4407,0,3639,3214,425,11.679032701291563,0,0.0
broad_symmetric,MG,46973,JACUTINGA,14814,14814,0,3173,14164,14164,0,13541,13541,0,10922,10431,491,4.495513642190075,0,0.0
broad_symmetric,MG,46990,JAGUARAÇU,2592,2592,0,1053,2474,2474,0,2386,2386,0,1793,1346,447,24.930284439486893,254,14.166201896263246
broad_symmetric,MG,47015,JANAÚBA,42923,42923,0,20155,40873,40873,0,38642,38642,0,22748,18927,3821,16.797081062071392,0,0.0
broad_symmetric,MG,47031,JANUÁRIA,36555,36554,-1,24776,35071,35071,0,33563,33563,0,15112,9073,6039,39.96161990471149,3333,22.055320275277925
broad_symmetric,MG,47058,JAPARAÍBA,3062,3062,0,1018,2937,2937,0,2841,2841,0,2150,1679,471,21.906976744186046,106,4.930232558139535
broad_symmetric,MG,47074,JECEABA,4786,4786,0,2061,4491,4491,0,4168,4168,0,2445,2043,402,16.441717791411044,0,0.0
broad_symmetric,MG,47090,JEQUERI,7535,7535,0,4313,7003,7003,0,6763,6763,0,3655,2386,1269,34.719562243502054,433,11.846785225718195
broad_symmetric,MG,47112,JEQUITAÍ,4448,4448,0,2667,4190,4190,0,4049,4049,0,2330,1356,974,41.802575107296136,549,23.56223175965665
broad_symmetric,MG,47139,JEQUITIBÁ,4749,4749,0,1916,4502,4502,0,4375,4375,0,3052,2279,773,25.327653997378768,219,7.175622542595019
broad_symmetric,MG,47155,JEQUITINHONHA,12319,12319,0,8358,11700,11700,0,11409,11409,0,4726,3013,1713,36.24629707998307,765,16.18705035971223
broad_symmetric,MG,47171,JESUÂNIA,3447,3447,0,1242,3259,3259,0,3144,3144,0,2511,1775,736,29.311031461569097,306,12.186379928315413
broad_symmetric,MG,47198,JOAÍMA,6092,7649,1557,3939,5684,5684,0,6904,6904,0,3597,1576,2021,56.18571031415068,1444,40.14456491520712
broad_symmetric,MG,47210,JOANÉSIA,3613,3613,0,1694,3429,3429,0,3254,3254,0,2192,1594,598,27.28102189781022,273,12.454379562043796
broad_symmetric,MG,47236,JOÃO MONLEVADE,46909,46908,-1,19003,44190,44190,0,41437,41437,0,24934,22715,2219,8.899494665918024,0,0.0
broad_symmetric,MG,47252,JOÃO PINHEIRO,28601,28594,-7,10009,27501,27501,0,26487,26487,0,21383,16185,5198,24.309030538278073,2791,13.052424823457887
broad_symmetric,MG,47279,JOAQUIM FELÍCIO,2584,2584,0,1225,2439,2439,0,2402,2402,0,1326,1116,210,15.83710407239819,0,0.0
broad_symmetric,MG,47295,JORDÂNIA,5468,5468,0,2913,5125,5125,0,5011,5011,0,3020,2037,983,32.549668874172184,465,15.397350993377483
broad_symmetric,MG,47317,NOVA UNIÃO,4308,4308,0,1914,4091,4091,0,3825,3825,0,2339,1815,524,22.402736212056436,0,0.0
broad_symmetric,MG,47333,JUIZ DE FORA,322505,321715,-790,151552,305690,305690,0,282221,282221,0,146308,137533,8775,5.997621456106296,0,0.0
broad_symmetric,MG,47350,JURAMENTO,3697,3697,0,2177,3533,3533,0,3423,3423,0,1795,1246,549,30.584958217270195,275,15.32033426183844
broad_symmetric,MG,47376,JURUAIA,7506,7505,-1,2072,7213,7213,0,6967,6967,0,5281,4660,621,11.759136527172885,0,0.0
broad_symmetric,MG,47392,LADAINHA,8124,8124,0,4853,7403,7403,0,7380,7380,0,5153,2327,2826,54.841839705026196,1882,36.522414127692606
broad_symmetric,MG,47414,LAGAMAR,4964,4964,0,1766,4806,4806,0,4740,4740,0,3816,2814,1002,26.257861635220127,618,16.19496855345912
broad_symmetric,MG,47430,LAGOA DA PRATA,28487,28487,0,8554,27120,27120,0,26011,26011,0,19988,17363,2625,13.132879727836702,55,0.27516509905943565
broad_symmetric,MG,47457,LAGOA DOS PATOS,2740,2740,0,1412,2601,2601,0,2577,2577,0,1552,1060,492,31.701030927835053,224,14.43298969072165
broad_symmetric,MG,47473,LAGOA DOURADA,8768,8768,0,3223,8067,8067,0,7416,7416,0,4996,4449,547,10.948759007205764,0,0.0
broad_symmetric,MG,47490,LAGOA FORMOSA,13002,13002,0,4301,12404,12404,0,11837,11837,0,9469,7429,2040,21.54398563734291,768,8.110676945823213
broad_symmetric,MG,47511,LAGOA SANTA,43627,43619,-8,13679,41528,41528,0,39800,39800,0,26156,25356,800,3.0585716470408317,0,0.0
broad_symmetric,MG,47538,LAJINHA,13110,13107,-3,5181,12482,12482,0,12069,12069,0,7774,6941,833,10.715204527913558,0,0.0
broad_symmetric,MG,47554,LAMBARI,13195,13195,0,4210,12518,12518,0,12094,12094,0,8604,7629,975,11.331938633193863,0,0.0
broad_symmetric,MG,47570,LAMIM,2757,2757,0,1569,2577,2577,0,2402,2402,0,1057,864,193,18.25922421948912,0,0.0
broad_symmetric,MG,47597,LARANJAL,4668,4668,0,1997,4494,4494,0,4326,4326,0,2680,2358,322,12.014925373134329,9,0.3358208955223881
broad_symmetric,MG,47619,LASSANCE,4389,4389,0,2284,4167,4167,0,4063,4063,0,2813,1603,1210,43.014575186633486,708,25.168858869534304
broad_symmetric,MG,47635,LAVRAS,57260,57260,0,21474,53276,53276,0,49366,49366,0,32540,28619,3921,12.049784880147511,0,0.0
broad_symmetric,MG,47651,LEANDRO FERREIRA,2575,2575,0,845,2472,2472,0,2420,2420,0,1949,1512,437,22.421754746023602,219,11.236531554643406
broad_symmetric,MG,47678,LEOPOLDINA,30447,30447,0,15286,29048,29048,0,27172,27172,0,14577,12316,2261,15.510736091102421,0,0.0
broad_symmetric,MG,47694,LIBERDADE,3446,3446,0,1726,3265,3265,0,3129,3129,0,1730,1364,366,21.15606936416185,10,0.5780346820809249
broad_symmetric,MG,47716,LIMA DUARTE,10928,10927,-1,6206,10306,10306,0,9600,9600,0,4788,3555,1233,25.75187969924812,66,1.3784461152882206
broad_symmetric,MG,47732,LUMINÁRIAS,3665,3665,0,1621,3366,3366,0,3254,3254,0,2084,1573,511,24.520153550863725,40,1.9193857965451055
broad_symmetric,MG,47759,LUZ,10679,10679,0,3641,10115,10115,0,9710,9710,0,7142,5957,1185,16.59199103892467,104,1.4561747409689163
broad_symmetric,MG,47775,MACHACALIS,4472,4472,0,2419,4292,4292,0,4198,4198,0,2555,1719,836,32.720156555772995,502,19.64774951076321
broad_symmetric,MG,47791,MACHADO,23169,23168,-1,7234,21763,21763,0,20718,20718,0,16391,13558,2833,17.283875297419314,456,2.7820145201635045
broad_symmetric,MG,47813,MADRE DE DEUS DE MINAS,3653,3653,0,1676,3397,3397,0,3180,3180,0,1965,1519,446,22.697201017811704,0,0.0
broad_symmetric,MG,47830,MALACACHETA,10636,10635,-1,5763,10032,10032,0,9811,9811,0,6423,3907,2516,39.17172660750428,1550,24.13202553323992
broad_symmetric,MG,47856,MANGA,11533,11533,0,6711,10999,10999,0,10703,10703,0,5758,4022,1736,30.149357415769366,936,16.25564432094477
broad_symmetric,MG,47872,MANHUAÇU,47704,47703,-1,17692,45688,45688,0,43723,43723,0,30725,26209,4516,14.698128559804719,713,2.320585842148088
broad_symmetric,MG,47899,MANHUMIRIM,12673,12673,0,5574,12067,12067,0,11497,11497,0,7113,6011,1102,15.492759735695206,14,0.19682271896527484
broad_symmetric,MG,47910,MANTENA,14836,14832,-4,5172,14316,14316,0,13892,13892,0,9759,8690,1069,10.953991187621682,95,0.9734603955323291
broad_symmetric,MG,47937,MARAVILHAS,5196,5196,0,1616,4980,4980,0,4879,4879,0,4088,2994,1094,26.761252446183953,508,12.426614481409002
broad_symmetric,MG,47953,MAR DE ESPANHA,8419,8419,0,3419,7992,7992,0,7660,7660,0,4584,4157,427,9.31500872600349,0,0.0
broad_symmetric,MG,47970,MARIA DA FÉ,9712,9711,-1,3222,9245,9245,0,8871,8871,0,6283,5551,732,11.650485436893204,0,0.0
broad_symmetric,MG,47996,MARIANA,40170,40170,0,21541,37006,37006,0,33282,33282,0,17015,12924,4091,24.043491037320013,0,0.0
broad_symmetric,MG,48011,MARILAC,3492,3492,0,1798,3304,3304,0,3205,3205,0,2218,1388,830,37.42110009017132,524,23.6248872858431
broad_symmetric,MG,48038,MARIPÁ DE MINAS,2486,2486,0,1026,2365,2365,0,2246,2246,0,1390,1210,180,12.949640287769784,0,0.0
broad_symmetric,MG,48054,MARLIÉRIA,3488,3488,0,1556,3351,3351,0,3244,3244,0,2209,1649,560,25.350837483023994,277,12.539610683567226
broad_symmetric,MG,48070,MARMELÓPOLIS,2416,2416,0,989,2276,2276,0,2179,2179,0,1230,1141,89,7.235772357723577,0,0.0
broad_symmetric,MG,48097,MARTINHO CAMPOS,8481,8481,0,2379,8082,8082,0,7815,7815,0,6250,5255,995,15.92,148,2.368
broad_symmetric,MG,48119,MATERLÂNDIA,2871,2871,0,1867,2660,2660,0,2501,2501,0,1258,697,561,44.5945945945946,254,20.190779014308426
broad_symmetric,MG,48135,MATEUS LEME,21698,21698,0,7717,20143,20143,0,19049,19049,0,12894,10850,2044,15.852334419109663,0,0.0
broad_symmetric,MG,48151,MATIAS BARBOSA,9444,9444,0,4471,8960,8960,0,8399,8399,0,4893,4077,816,16.676885346413243,0,0.0
broad_symmetric,MG,48178,MATIPÓ,11954,11953,-1,5578,11301,11301,0,11023,11023,0,7218,5419,1799,24.923801607093377,842,11.665281241341091
broad_symmetric,MG,48194,MATO VERDE,8910,8910,0,5025,8497,8497,0,8152,8152,0,5255,3229,2026,38.553758325404374,1370,26.070409134157945
broad_symmetric,MG,48216,MATOZINHOS,23432,23432,0,9068,21866,21866,0,20650,20650,0,13133,11106,2027,15.4344018883728,0,0.0
broad_symmetric,MG,48232,MATUTINA,2608,2608,0,848,2464,2464,0,2416,2416,0,1965,1476,489,24.885496183206108,205,10.432569974554708
broad_symmetric,MG,48259,MEDEIROS,2557,2557,0,852,2459,2459,0,2386,2386,0,1910,1510,400,20.94240837696335,205,10.732984293193716
broad_symmetric,MG,48275,MEDINA,11940,11935,-5,7026,11206,11206,0,11033,11033,0,7144,3873,3271,45.786674132138856,2230,31.215005599104142
broad_symmetric,MG,48291,MENDES PIMENTEL,3685,3685,0,1727,3514,3514,0,3370,3370,0,1799,1654,145,8.060033351862145,0,0.0
broad_symmetric,MG,48313,MERCÊS,6443,6443,0,3396,6057,6057,0,5753,5753,0,3478,2300,1178,33.87004025301898,431,12.39217941345601
broad_symmetric,MG,48330,MESQUITA,3692,3692,0,1678,3520,3520,0,3361,3361,0,2232,1695,537,24.059139784946236,218,9.767025089605735
broad_symmetric,MG,48356,MINAS NOVAS,14773,14771,-2,9519,13681,13681,0,13671,13671,0,10114,3754,6360,62.88313229187265,4860,48.052204864544194
broad_symmetric,MG,48372,MINDURI,2503,2503,0,1115,2358,2358,0,2264,2264,0,1595,1142,453,28.401253918495296,207,12.978056426332289
broad_symmetric,MG,48399,MIRABELA,8709,8709,0,5330,8385,8385,0,8205,8205,0,5074,2635,2439,48.06858494284588,1695,33.405597162002366
broad_symmetric,MG,48410,MIRADOURO,6418,6416,-2,3113,6073,6073,0,5811,5811,0,3233,2742,491,15.187132694092174,0,0.0
broad_symmetric,MG,48437,MIRAÍ,8329,8329,0,3298,7900,7900,0,7648,7648,0,5131,4235,896,17.462482946793997,100,1.9489378288832586
broad_symmetric,MG,48453,MOEDA,4304,4304,0,1734,4078,4078,0,3900,3900,0,2439,2064,375,15.375153751537516,0,0.0
broad_symmetric,MG,48470,MOEMA,5420,5420,0,1844,5196,5196,0,5122,5122,0,3964,3012,952,24.01614530776993,388,9.788092835519677
broad_symmetric,MG,48496,MONJOLOS,1695,1695,0,908,1606,1606,0,1599,1599,0,1236,620,616,49.83818770226537,449,36.32686084142395
broad_symmetric,MG,48518,MONSENHOR PAULO,5355,5355,0,2146,5036,5036,0,4806,4806,0,3119,2700,419,13.433792882334082,0,0.0
broad_symmetric,MG,48534,MONTALVÂNIA,9373,9372,-1,5627,8893,8893,0,8593,8593,0,5389,2934,2455,45.5557617368714,1643,30.488031174614957
broad_symmetric,MG,48550,MONTE ALEGRE DE MINAS,11176,11175,-1,4677,10678,10678,0,10004,10004,0,6621,5461,1160,17.520012082766954,122,1.8426219604289382
broad_symmetric,MG,48577,MONTE AZUL,14307,14307,0,7858,13595,13595,0,13228,13228,0,7863,5328,2535,32.23960320488363,1414,17.982958158463692
broad_symmetric,MG,48593,MONTE BELO,8452,8452,0,3272,8040,8040,0,7608,7608,0,5465,4370,1095,20.036596523330285,285,5.215004574565416
broad_symmetric,MG,48615,MONTE CARMELO,27556,27554,-2,11046,26310,26310,0,24624,24624,0,17290,13759,3531,20.42220936957779,780,4.511278195488722
broad_symmetric,MG,48631,MONTE SANTO DE MINAS,12243,12242,-1,4199,11371,11371,0,10611,10611,0,7389,6533,856,11.584788198673705,0,0.0
broad_symmetric,MG,48658,MONTES CLAROS,233349,232971,-378,94112,221074,221074,0,208006,208006,0,128765,115024,13741,10.671378091872791,0,0.0
broad_symmetric,MG,48674,MONTE SIÃO,14693,14692,-1,2794,14135,14135,0,13516,13516,0,10255,10851,0,0.0,0,0.0
broad_symmetric,MG,48690,MORADA NOVA DE MINAS,5644,5644,0,2002,5377,5377,0,5187,5187,0,4006,3188,818,20.419370943584624,364,9.0863704443335
broad_symmetric,MG,48712,MORRO DA GARÇA,2202,2202,0,1302,2116,2116,0,2061,2061,0,1191,698,493,41.39378673383711,291,24.43324937027708
broad_symmetric,MG,48739,MORRO DO PILAR,2802,2802,0,1435,2583,2583,0,2491,2491,0,1550,927,623,40.193548387096776,183,11.806451612903226
broad_symmetric,MG,48755,MUNHOZ,4715,4715,0,1587,4494,4494,0,4255,4255,0,3125,2730,395,12.64,0,0.0
broad_symmetric,MG,48771,MURIAÉ,62984,62983,-1,25203,59812,59812,0,56216,56216,0,37288,32208,5080,13.62368590431238,0,0.0
broad_symmetric,MG,48798,MUTUM,16489,16485,-4,6442,15886,15886,0,15401,15401,0,8762,8901,0,0.0,0,0.0
broad_symmetric,MG,48810,MUZAMBINHO,13777,13774,-3,5075,13154,13154,0,12555,12555,0,8660,7467,1193,13.775981524249422,0,0.0
broad_symmetric,MG,48836,NACIP RAYDAN,1903,1903,0,1046,1783,1783,0,1741,1741,0,1027,660,367,35.73515092502434,170,16.553067185978577
broad_symmetric,MG,48852,NANUQUE,20546,20542,-4,9175,19575,19575,0,18541,18541,0,12108,9857,2251,18.591014205483976,737,6.086884704327717
broad_symmetric,MG,48879,NATÉRCIA,3254,3254,0,990,3025,3025,0,2926,2926,0,1983,1800,183,9.228441754916792,0,0.0
broad_symmetric,MG,48895,NAZARENO,5258,5258,0,2558,4919,4919,0,4701,4701,0,3297,2052,1245,37.76160145586897,597,18.1073703366697
broad_symmetric,MG,48917,NEPOMUCENO,15482,15482,0,5909,14506,14506,0,13753,13753,0,9717,7627,2090,21.508696099619225,144,1.4819388700216116
broad_symmetric,MG,48933,NOVA ERA,11184,11184,0,5702,10513,10513,0,9931,9931,0,5275,4244,1031,19.545023696682463,0,0.0
broad_symmetric,MG,48950,NOVA LIMA,63499,63498,-1,25643,60227,60227,0,57489,57489,0,31190,30256,934,2.994549535107406,0,0.0
broad_symmetric,MG,48976,NOVA MÓDICA,2721,2721,0,1411,2594,2594,0,2540,2540,0,1727,1091,636,36.82686740011581,417,24.145917776491025
broad_symmetric,MG,48992,NOVA PONTE,10051,10050,-1,3684,9642,9642,0,9171,9171,0,7210,5589,1621,22.482662968099863,843,11.692094313453536
broad_symmetric,MG,49018,NOVA RESENDE,10781,10781,0,3293,10188,10188,0,9830,9830,0,7928,6363,1565,19.7401614530777,440,5.549949545913219
broad_symmetric,MG,49034,NOVA SERRANA,55835,55835,0,11437,53816,53816,0,52546,52546,0,46093,40132,5961,12.932549410973467,1695,3.677347970407654
broad_symmetric,MG,49050,NOVO CRUZEIRO,15861,15860,-1,9854,14730,14730,0,14489,14489,0,10152,4484,5668,55.831363278171786,4145,40.82939322301024
broad_symmetric,MG,49077,OLARIA,1800,1800,0,929,1713,1713,0,1642,1642,0,924,667,257,27.813852813852815,53,5.735930735930736
broad_symmetric,MG,49093,OLÍMPIO NORONHA,2165,2165,0,964,2029,2029,0,1972,1972,0,1505,962,543,36.079734219269106,304,20.19933554817276
broad_symmetric,MG,49115,OLIVEIRA,26140,26140,0,10180,24378,24378,0,23120,23120,0,16252,12752,3500,21.535810977110508,292,1.7967019443760768
broad_symmetric,MG,49131,OLIVEIRA FORTES,2154,2154,0,1239,2035,2035,0,1922,1922,0,819,700,119,14.52991452991453,0,0.0
broad_symmetric,MG,49158,ONÇA DE PITANGUI,2694,2694,0,828,2601,2601,0,2565,2565,0,2059,1586,473,22.972316658572122,193,9.373482272948033
broad_symmetric,MG,49174,OURO BRANCO,24831,24831,0,10187,23484,23484,0,22191,22191,0,13552,11761,1791,13.215761511216057,0,0.0
broad_symmetric,MG,49190,OURO FINO,18942,18942,0,4826,17906,17906,0,17056,17056,0,13558,12063,1495,11.026700103260067,0,0.0
broad_symmetric,MG,49212,OURO PRETO,50483,50480,-3,28812,47290,47290,0,43679,43679,0,20199,15637,4562,22.585276498836578,0,0.0
broad_symmetric,MG,49239,OURO VERDE DE MINAS,5264,5264,0,2709,5029,5029,0,4980,4980,0,3121,2182,939,30.086510733739185,566,18.135213072733098
broad_symmetric,MG,49255,PADRE PARAÍSO,9774,9774,0,4904,9185,9185,0,8887,8887,0,5659,3976,1683,29.740236790952466,789,13.942392648877894
broad_symmetric,MG,49271,PAINEIRAS,3170,3170,0,1474,2995,2995,0,2885,2885,0,1859,1367,492,26.465841850457235,163,8.768154922001075
broad_symmetric,MG,49298,PAINS,5397,5397,0,1761,5183,5183,0,4989,4989,0,3682,3117,565,15.34492123845736,46,1.249321021184139
broad_symmetric,MG,49310,PAIVA,1495,1495,0,778,1419,1419,0,1340,1340,0,795,536,259,32.57861635220126,78,9.81132075471698
broad_symmetric,MG,49336,PALMA,4012,4009,-3,2176,3858,3858,0,3789,3789,0,2450,1546,904,36.89795918367347,614,25.06122448979592
broad_symmetric,MG,49352,FRONTEIRA DOS VALES,3172,3172,0,2145,3039,3039,0,2977,2977,0,1270,768,502,39.52755905511811,243,19.133858267716537
broad_symmetric,MG,49379,PAPAGAIOS,9691,9690,-1,3626,9243,9243,0,8909,8909,0,7109,5111,1998,28.105218736812493,1044,14.685609790406527
broad_symmetric,MG,49395,PARACATU,52502,52500,-2,16165,50136,50136,0,48030,48030,0,39127,31313,7814,19.970864109182916,2790,7.130625910496588
broad_symmetric,MG,49417,PARÁ DE MINAS,53206,53206,0,13618,49933,49933,0,47571,47571,0,35873,32781,3092,8.619295849245951,0,0.0
broad_symmetric,MG,49433,PARAGUAÇU,13027,13027,0,4694,12328,12328,0,11757,11757,0,8297,7031,1266,15.258527178498252,0,0.0
broad_symmetric,MG,49450,PARAISÓPOLIS,12685,12684,-1,4167,11920,11920,0,11045,11045,0,7731,6977,754,9.752942698227914,0,0.0
broad_symmetric,MG,49476,PARAOPEBA,16076,16076,0,5915,15151,15151,0,14415,14415,0,9588,8315,1273,13.277012932832708,0,0.0
broad_symmetric,MG,49492,PASSABÉM,1461,1461,0,734,1386,1386,0,1373,1373,0,718,573,145,20.194986072423397,0,0.0
broad_symmetric,MG,49514,PASSA QUATRO,10482,10482,0,4297,9892,9892,0,9329,9329,0,6178,4979,1199,19.407575267076723,0,0.0
broad_symmetric,MG,49530,PASSA TEMPO,5927,5927,0,2470,5382,5382,0,5060,5060,0,3327,2542,785,23.59483017733694,0,0.0
broad_symmetric,MG,49557,PASSA VINTE,2021,2021,0,849,1945,1945,0,1905,1905,0,1301,1005,296,22.751729438893157,129,9.915449654112221
broad_symmetric,MG,49573,PASSOS,62818,62817,-1,23112,59479,59479,0,56579,56579,0,38513,32448,6065,15.74792927063589,0,0.0
broad_symmetric,MG,49590,PATOS DE MINAS,90467,90331,-136,24655,86616,86616,0,84745,84745,0,71701,57014,14687,20.48367526254864,5889,8.213274570787018
broad_symmetric,MG,49611,PATROCÍNIO,53327,53324,-3,15427,50686,50686,0,47768,47768,0,37665,32224,5441,14.445771936811363,0,0.0
broad_symmetric,MG,49638,PATROCÍNIO DO MURIAÉ,4207,4206,-1,1985,4023,4023,0,3873,3873,0,2564,1881,683,26.638065522620906,342,13.338533541341654
broad_symmetric,MG,49654,PAULA CÂNDIDO,6052,6052,0,3669,5723,5723,0,5471,5471,0,2518,1799,719,28.554408260524227,135,5.361397934868943
broad_symmetric,MG,49670,PAULISTAS,2854,2854,0,1891,2668,2668,0,2553,2553,0,1165,674,491,42.14592274678112,202,17.339055793991417
broad_symmetric,MG,49697,PAVÃO,4430,4430,0,2570,4148,4148,0,4097,4097,0,1943,1519,424,21.82192485846629,83,4.271744724652599
broad_symmetric,MG,49719,PEÇANHA,8706,8702,-4,4466,8146,8146,0,7922,7922,0,4985,3222,1763,35.36609829488465,745,14.944834503510531
broad_symmetric,MG,49735,PEDRA AZUL,12472,12469,-3,6480,11710,11710,0,11422,11422,0,6834,4843,1991,29.13374304945859,842,12.320749195200468
broad_symmetric,MG,49751,PEDRA DO ANTA,2808,2808,0,1669,2628,2628,0,2548,2548,0,1177,842,335,28.46219201359388,38,3.2285471537807986
broad_symmetric,MG,49778,PEDRA DO INDAIÁ,3143,3142,-1,965,2954,2954,0,2933,2933,0,2482,1793,689,27.759871071716358,304,12.24818694601128
broad_symmetric,MG,49794,PEDRA DOURADA,2215,2215,0,1097,2100,2100,0,2021,2021,0,1110,903,207,18.64864864864865,0,0.0
broad_symmetric,MG,49816,PEDRALVA,7240,7240,0,2509,6799,6799,0,6508,6508,0,4674,3949,725,15.511339323919556,0,0.0
broad_symmetric,MG,49832,PEDRINÓPOLIS,2673,2671,-2,964,2580,2580,0,2509,2509,0,1832,1479,353,19.268558951965066,123,6.713973799126638
broad_symmetric,MG,49859,PEDRO LEOPOLDO,39110,39107,-3,13992,36766,36766,0,34985,34985,0,21637,19958,1679,7.759855802560429,0,0.0
broad_symmetric,MG,49875,PEDRO TEIXEIRA,2090,2090,0,1251,1996,1996,0,1887,1887,0,873,631,242,27.720504009163804,34,3.8946162657502863
broad_symmetric,MG,49891,PEQUERI,2673,2673,0,1292,2552,2552,0,2447,2447,0,1286,1122,164,12.752721617418352,0,0.0
broad_symmetric,MG,49913,PEQUI,3348,3348,0,1253,3214,3214,0,3132,3132,0,2284,1665,619,27.101576182136604,189,8.274956217162872
broad_symmetric,MG,49930,PERDIGÃO,6952,6952,0,1398,6660,6660,0,6493,6493,0,5650,4910,740,13.097345132743364,96,1.6991150442477876
broad_symmetric,MG,49956,PERDIZES,10558,10550,-8,3221,10161,10161,0,9722,9722,0,7918,6487,1431,18.072745642839102,581,7.33771154331902
broad_symmetric,MG,49972,PERDÕES,13566,13566,0,4660,12727,12727,0,11979,11979,0,8060,7260,800,9.925558312655086,0,0.0
broad_symmetric,MG,49999,PESCADOR,2477,2476,-1,1415,2338,2338,0,2295,2295,0,1376,844,532,38.66279069767442,314,22.819767441860463
broad_symmetric,MG,50016,PIAU,2639,2639,0,1399,2531,2531,0,2371,2371,0,1417,1010,407,28.722653493295695,177,12.491178546224418
broad_symmetric,MG,50032,PIEDADE DE PONTE NOVA,2903,2903,0,1749,2757,2757,0,2656,2656,0,1359,900,459,33.77483443708609,205,15.084621044885946
broad_symmetric,MG,50059,PIEDADE DO RIO GRANDE,3119,3119,0,1409,2904,2904,0,2813,2813,0,1152,1269,0,0.0,0,0.0
broad_symmetric,MG,50075,PIEDADE DOS GERAIS,3917,3917,0,1448,3651,3651,0,3428,3428,0,2181,1936,245,11.233379183860615,0,0.0
broad_symmetric,MG,50091,PIMENTA,5750,5750,0,1778,5389,5389,0,5159,5159,0,3843,3337,506,13.16679677335415,0,0.0
broad_symmetric,MG,50113,PIRACEMA,5130,5129,-1,2155,4736,4736,0,4433,4433,0,2782,2179,603,21.675053918044572,0,0.0
broad_symmetric,MG,50130,PIRAJUBA,3703,3703,0,1522,3563,3563,0,3367,3367,0,2028,1904,124,6.11439842209073,0,0.0
broad_symmetric,MG,50156,PIRANGA,9476,9476,0,4932,8749,8749,0,8212,8212,0,4679,3276,1403,29.985039538362898,135,2.885231887155375
broad_symmetric,MG,50172,PIRANGUÇU,3809,3808,-1,1254,3633,3633,0,3495,3495,0,2559,2167,392,15.318483782727627,4,0.15631105900742479
broad_symmetric,MG,50199,PIRANGUINHO,5881,5881,0,2130,5608,5608,0,5365,5365,0,3116,3181,0,0.0,0,0.0
broad_symmetric,MG,50210,PIRAPETINGA,7637,7637,0,3539,7238,7238,0,6863,6863,0,4075,3444,631,15.484662576687116,0,0.0
broad_symmetric,MG,50237,PIRAPORA,31291,31291,0,11637,29395,29395,0,27632,27632,0,19246,16152,3094,16.076067754338563,0,0.0
broad_symmetric,MG,50253,PIRAÚBA,7566,7566,0,3680,7230,7230,0,6843,6843,0,4326,3219,1107,25.589459084604716,440,10.171058714748035
broad_symmetric,MG,50270,PITANGUI,17160,17160,0,4660,16412,16412,0,15966,15966,0,13048,10877,2171,16.63856529736358,548,4.199877375843041
broad_symmetric,MG,50296,PIUMHI,19578,19577,-1,5561,18664,18664,0,18015,18015,0,13598,12278,1320,9.707309898514488,0,0.0
broad_symmetric,MG,50318,PLANURA,6319,6319,0,2628,6071,6071,0,5651,5651,0,3971,3237,734,18.484009065726518,280,7.051120624527827
broad_symmetric,MG,50334,POÇO FUNDO,10223,10223,0,3873,9670,9670,0,9235,9235,0,5957,5300,657,11.029041463824072,0,0.0
broad_symmetric,MG,50350,POÇOS DE CALDAS,90264,89914,-350,31033,85738,85738,0,80566,80566,0,51312,49787,1525,2.972014343623324,0,0.0
broad_symmetric,MG,50377,POCRANE,5629,5628,-1,2621,5399,5399,0,5304,5304,0,3385,2665,720,21.270310192023633,377,11.137370753323486
broad_symmetric,MG,50393,POMPÉU,18202,18202,0,7718,17033,17033,0,16108,16108,0,10773,8376,2397,22.25006961849067,289,2.6826325071939108
broad_symmetric,MG,50415,PONTE NOVA,34655,34655,0,19696,32951,32951,0,30276,30276,0,14113,11537,2576,18.252674838801106,0,0.0
broad_symmetric,MG,50431,PORTEIRINHA,24520,24520,0,13656,23331,23331,0,22471,22471,0,12566,8875,3691,29.372911029762854,1702,13.54448511857393
broad_symmetric,MG,50458,PORTO FIRME,6628,6628,0,3598,6262,6262,0,6011,6011,0,3425,2371,1054,30.773722627737225,395,11.532846715328468
broad_symmetric,MG,50474,POTÉ,8911,8911,0,4420,8322,8322,0,8219,8219,0,5727,3652,2075,36.231884057971016,1236,21.581980094290206
broad_symmetric,MG,50490,POUSO ALEGRE,87556,87289,-267,28345,82880,82880,0,77602,77602,0,54795,50024,4771,8.70699881376038,0,0.0
broad_symmetric,MG,50512,POUSO ALTO,4492,4492,0,1620,4259,4259,0,4066,4066,0,2921,2413,508,17.391304347826086,49,1.6775077028414926
broad_symmetric,MG,50539,PRADOS,6199,6199,0,2913,5648,5648,0,5264,5264,0,2944,2395,549,18.648097826086957,0,0.0
broad_symmetric,MG,50555,PRATA,16315,16313,-2,6185,15759,15759,0,14777,14777,0,7898,8207,0,0.0,0,0.0
broad_symmetric,MG,50571,PRATÁPOLIS,5733,5733,0,2133,5373,5373,0,5120,5120,0,3591,2914,677,18.852687273739907,0,0.0
broad_symmetric,MG,50598,PRATINHA,2568,2568,0,690,2476,2476,0,2433,2433,0,2115,1640,475,22.458628841607567,237,11.205673758865249
broad_symmetric,MG,50610,PRESIDENTE BERNARDES,4029,4029,0,2318,3818,3818,0,3748,3748,0,2102,1311,791,37.63082778306375,391,18.601332064700287
broad_symmetric,MG,50636,PRESIDENTE JUSCELINO,2754,2754,0,1485,2610,2610,0,2565,2565,0,1820,985,835,45.879120879120876,551,30.274725274725274
broad_symmetric,MG,50652,PRESIDENTE KUBITSCHEK,2388,2388,0,1671,2261,2261,0,2211,2211,0,1179,446,733,62.17133163698049,462,39.18575063613232
broad_symmetric,MG,50679,PRESIDENTE OLEGÁRIO,12133,12133,0,4356,11578,11578,0,11272,11272,0,8915,6525,2390,26.80874929893438,1138,12.76500280426248
broad_symmetric,MG,50695,ALTO JEQUITIBÁ,5776,5776,0,1767,5521,5521,0,5344,5344,0,4236,3595,641,15.132200188857412,227,5.358829084041549
broad_symmetric,MG,50717,PRUDENTE DE MORAIS,6964,6964,0,2611,6394,6394,0,6046,6046,0,4139,3415,724,17.49214786180237,0,0.0
broad_symmetric,MG,50733,QUARTEL GERAL,2930,2930,0,1286,2751,2751,0,2751,2751,0,2121,1329,792,37.34087694483734,477,22.48939179632249
broad_symmetric,MG,50750,QUELUZITO,2252,2252,0,985,2153,2153,0,2095,2095,0,1087,995,92,8.463661453541858,0,0.0
broad_symmetric,MG,50776,RAPOSOS,10860,10860,0,5196,10164,10164,0,9591,9591,0,5159,4026,1133,21.961620469083154,0,0.0
broad_symmetric,MG,50792,RAUL SOARES,13799,13798,-1,6994,13034,13034,0,12431,12431,0,7265,5505,1760,24.225739848589125,460,6.331727460426704
broad_symmetric,MG,50814,RECREIO,5878,5876,-2,3204,5609,5609,0,5418,5418,0,2828,2217,611,21.605374823196605,154,5.445544554455446
broad_symmetric,MG,50830,RESENDE COSTA,7807,7807,0,3132,7309,7309,0,6972,6972,0,4266,3585,681,15.963431786216596,0,0.0
broad_symmetric,MG,50857,RESPLENDOR,9093,9093,0,2968,8793,8793,0,8485,8485,0,5360,5591,0,0.0,0,0.0
broad_symmetric,MG,50873,RESSAQUINHA,3766,3766,0,1893,3547,3547,0,3366,3366,0,2056,1389,667,32.44163424124513,183,8.900778210116732
broad_symmetric,MG,50890,RIACHO DOS MACHADOS,5857,5857,0,3358,5538,5538,0,5458,5458,0,3836,1926,1910,49.791449426485926,1337,34.85401459854015
broad_symmetric,MG,50911,RIBEIRÃO DAS NEVES,173134,173075,-59,71008,161650,161650,0,150854,150854,0,91135,80601,10534,11.558676688429253,0,0.0
broad_symmetric,MG,50938,RIBEIRÃO VERMELHO,2807,2807,0,1330,2619,2619,0,2483,2483,0,1691,1160,531,31.40153755174453,214,12.655233589591957
broad_symmetric,MG,50954,RIO ACIMA,6923,6923,0,2964,6501,6501,0,6171,6171,0,3621,3000,621,17.149958574979287,0,0.0
broad_symmetric,MG,50970,RIO CASCA,7690,7689,-1,4258,7212,7212,0,6740,6740,0,3485,2603,882,25.308464849354376,53,1.5208034433285509
broad_symmetric,MG,50997,RIO DOCE,2103,2103,0,1224,1956,1956,0,1882,1882,0,815,664,151,18.52760736196319,0,0.0
broad_symmetric,MG,51012,RIO DO PRADO,3149,3149,0,2098,2986,2986,0,2891,2891,0,1345,818,527,39.182156133829,294,21.858736059479554
broad_symmetric,MG,51039,RIO ESPERA,4186,4186,0,2022,3883,3883,0,3684,3684,0,2217,1639,578,26.07126747857465,53,2.390617952187641
broad_symmetric,MG,51055,RIO MANSO,3961,3961,0,1672,3764,3764,0,3596,3596,0,2378,1747,631,26.534903280067283,89,3.742640874684609
broad_symmetric,MG,51071,RIO NOVO,5412,5412,0,2595,5120,5120,0,4867,4867,0,3127,2290,837,26.766869203709625,310,9.913655260633195
broad_symmetric,MG,51098,RIO PARANAÍBA,8467,8467,0,3107,8052,8052,0,7559,7559,0,5544,4585,959,17.2979797979798,184,3.318903318903319
broad_symmetric,MG,51110,RIO PARDO DE MINAS,17182,17180,-2,9138,16287,16287,0,16052,16052,0,8799,6486,2313,26.28707807705421,755,8.580520513694738
broad_symmetric,MG,51136,RIO PIRACICABA,9329,9329,0,4544,8708,8708,0,8101,8101,0,4436,3636,800,18.034265103697024,0,0.0
broad_symmetric,MG,51152,RIO POMBA,10726,10726,0,5195,10153,10153,0,9445,9445,0,5347,4488,859,16.065083224237892,0,0.0
broad_symmetric,MG,51179,RIO PRETO,4196,4196,0,2242,4052,4052,0,3948,3948,0,2407,1625,782,32.488574989613625,453,18.820108018280017
broad_symmetric,MG,51195,RIO VERMELHO,6096,6096,0,3386,5637,5637,0,5332,5332,0,2820,1950,870,30.851063829787233,110,3.900709219858156
broad_symmetric,MG,51217,RITÁPOLIS,3792,3792,0,1859,3520,3520,0,3307,3307,0,1946,1429,517,26.56731757451182,13,0.6680369989722508
broad_symmetric,MG,51233,ROCHEDO DE MINAS,2207,2207,0,926,2099,2099,0,2016,2016,0,1208,1069,139,11.506622516556291,0,0.0
broad_symmetric,MG,51250,RODEIRO,5497,5497,0,2283,5247,5247,0,4999,4999,0,3462,2744,718,20.73945696129405,248,7.1634893125361065
broad_symmetric,MG,51276,ROMARIA,2790,2790,0,1402,2688,2688,0,2601,2601,0,1801,1149,652,36.202109938922824,413,22.931704608550806
broad_symmetric,MG,51292,RUBELITA,5007,5007,0,3363,4620,4620,0,4627,4627,0,2911,1080,1831,62.899347303332185,1267,43.524562006183444
broad_symmetric,MG,51314,RUBIM,5130,5130,0,3179,4814,4814,0,4747,4747,0,2900,1441,1459,50.310344827586206,949,32.724137931034484
broad_symmetric,MG,51330,SABARÁ,76541,76541,0,31450,71131,71131,0,66707,66707,0,37842,35034,2808,7.420326621214524,0,0.0
broad_symmetric,MG,51357,SABINÓPOLIS,8119,8119,0,4853,7596,7596,0,7126,7126,0,3259,2411,848,26.020251610923598,0,0.0
broad_symmetric,MG,51373,SACRAMENTO,15963,15963,0,5315,15413,15413,0,14738,14738,0,10034,9225,809,8.062587203508073,0,0.0
broad_symmetric,MG,51390,SALINAS,24619,24618,-1,12741,23272,23272,0,22706,22706,0,14955,9572,5383,35.994650618522236,3077,20.575058508859914
broad_symmetric,MG,51411,SALTO DA DIVISA,3564,3563,-1,2008,3349,3349,0,3244,3244,0,1812,1255,557,30.73951434878587,256,14.1280353200883
broad_symmetric,MG,51438,SANTA BÁRBARA,18611,18611,0,9234,17433,17433,0,16204,16204,0,8860,6845,2015,22.742663656884876,0,0.0
broad_symmetric,MG,51454,SANTA BÁRBARA DO TUGÚRIO,3453,3453,0,2017,3202,3202,0,2992,2992,0,1735,1038,697,40.17291066282421,299,17.23342939481268
broad_symmetric,MG,51470,SANTA CRUZ DO ESCALVADO,3864,3864,0,2393,3666,3666,0,3530,3530,0,1807,1160,647,35.80520199225235,336,18.594355285002766
broad_symmetric,MG,51497,SANTA EFIGÊNIA DE MINAS,2875,2875,0,1437,2631,2631,0,2529,2529,0,1661,1053,608,36.604455147501504,223,13.425647200481638
broad_symmetric,MG,51519,SANTA FÉ DE MINAS,2457,2456,-1,1626,2376,2376,0,2333,2333,0,1693,649,1044,61.66568222090963,862,50.91553455404607
broad_symmetric,MG,51535,SANTA JULIANA,9175,9175,0,3259,8834,8834,0,8285,8285,0,6331,5271,1060,16.743010582846313,415,6.555046596114358
broad_symmetric,MG,51551,SANTA LUZIA,132961,132833,-128,51624,124532,124532,0,117327,117327,0,70628,63991,6637,9.397122954069207,0,0.0
broad_symmetric,MG,51578,SANTA MARGARIDA,10833,10833,0,4888,10333,10333,0,10092,10092,0,4801,5112,0,0.0,0,0.0
broad_symmetric,MG,51594,SANTA MARIA DE ITABIRA,6719,6718,-1,3692,6297,6297,0,5972,5972,0,2983,2258,725,24.30439155212873,0,0.0
broad_symmetric,MG,51616,SANTA MARIA DO SALTO,3126,3126,0,1625,2885,2885,0,2794,2794,0,1955,1160,795,40.66496163682864,454,23.22250639386189
broad_symmetric,MG,51632,SANTA MARIA DO SUAÇUÍ,7557,7557,0,4151,7200,7200,0,7052,7052,0,4244,2791,1453,34.236569274269556,838,19.745523091423184
broad_symmetric,MG,51659,SANTANA DA VARGEM,4928,4928,0,1941,4624,4624,0,4368,4368,0,2897,2391,506,17.466344494304455,0,0.0
broad_symmetric,MG,51675,SANTANA DE CATAGUASES,2780,2780,0,1178,2669,2669,0,2605,2605,0,1608,1383,225,13.992537313432836,6,0.373134328358209
broad_symmetric,MG,51691,SANTANA DE PIRAPAMA,5609,5609,0,2431,5329,5329,0,5172,5172,0,3625,2500,1125,31.03448275862069,447,12.331034482758621
broad_symmetric,MG,51713,SANTANA DO DESERTO,2877,2876,-1,1550,2769,2769,0,2553,2553,0,1652,1099,553,33.47457627118644,325,19.673123486682808
broad_symmetric,MG,51730,SANTANA DO GARAMBÉU,1860,1860,0,1034,1714,1714,0,1626,1626,0,1083,590,493,45.521698984302866,257,23.73037857802401
broad_symmetric,MG,51756,SANTANA DO JACARÉ,3176,3176,0,1359,2925,2925,0,2741,2741,0,1985,1420,565,28.463476070528966,168,8.463476070528968
broad_symmetric,MG,51772,SANTANA DO MANHUAÇU,5981,5981,0,2934,5760,5760,0,5648,5648,0,4004,2641,1363,34.04095904095904,957,23.9010989010989
broad_symmetric,MG,51799,SANTANA DO RIACHO,4449,4449,0,2289,4280,4280,0,4136,4136,0,2387,1751,636,26.64432341851697,227,9.509844993715962
broad_symmetric,MG,51810,SANTANA DOS MONTES,3077,3077,0,1457,2846,2846,0,2648,2648,0,1762,1224,538,30.533484676503974,142,8.059023836549375
broad_symmetric,MG,51837,SANTA RITA DE CALDAS,5550,5550,0,1532,5333,5333,0,5193,5193,0,3638,3473,165,4.535459043430456,0,0.0
broad_symmetric,MG,51853,SANTA RITA DE JACUTINGA,3543,3543,0,1734,3384,3384,0,3239,3239,0,2096,1495,601,28.673664122137403,287,13.692748091603054
broad_symmetric,MG,51870,SANTA RITA DE IBITIPOCA,2548,2548,0,1404,2383,2383,0,2311,2311,0,1505,761,744,49.435215946843854,361,23.98671096345515
broad_symmetric,MG,51896,SANTA RITA DO ITUETO,3924,3924,0,1341,3781,3781,0,3698,3698,0,2800,2338,462,16.5,217,7.75
broad_symmetric,MG,51918,SANTA RITA DO SAPUCAÍ,24619,24618,-1,6239,23280,23280,0,22083,22083,0,17008,15476,1532,9.007525870178739,0,0.0
broad_symmetric,MG,51934,SANTA ROSA DA SERRA,2538,2537,-1,1002,2408,2408,0,2357,2357,0,1922,1325,597,31.06139438085328,386,20.083246618106138
broad_symmetric,MG,51950,SANTA VITÓRIA,13055,13055,0,6187,12626,12626,0,12002,12002,0,7928,5827,2101,26.50100908173562,1060,13.370332996972754
broad_symmetric,MG,51977,SANTO ANTÔNIO DO AMPARO,10817,11062,245,5718,10007,10007,0,9444,9444,0,6507,3808,2699,41.47840786844936,1408,21.638235746119562
broad_symmetric,MG,51993,SANTO ANTÔNIO DO AVENTUREIRO,3075,3074,-1,1382,2910,2910,0,2758,2758,0,1485,1356,129,8.686868686868687,0,0.0
broad_symmetric,MG,52019,SANTO ANTÔNIO DO GRAMA,2985,2985,0,1756,2812,2812,0,2669,2669,0,1359,935,424,31.19941133186166,130,9.565857247976453
broad_symmetric,MG,52035,SANTO ANTÔNIO DO ITAMBÉ,2335,2335,0,1452,2142,2142,0,2074,2074,0,973,580,393,40.39054470709147,90,9.249743062692703
broad_symmetric,MG,52051,SANTO ANTÔNIO DO JACINTO,6462,6462,0,3158,5932,5932,0,5840,5840,0,4028,2623,1405,34.88083416087388,724,17.97418073485601
broad_symmetric,MG,52078,SANTO ANTÔNIO DO MONTE,16679,16679,0,3696,16065,16065,0,15490,15490,0,12901,11745,1156,8.960545694132238,0,0.0
broad_symmetric,MG,52094,SANTO ANTÔNIO DO RIO ABAIXO,1614,1614,0,837,1527,1527,0,1479,1479,0,767,594,173,22.55541069100391,0,0.0
broad_symmetric,MG,52116,SANTO HIPÓLITO,2216,2216,0,1282,2092,2092,0,2025,2025,0,1406,669,737,52.41820768136557,472,33.57041251778094
broad_symmetric,MG,52132,SANTOS DUMONT,28793,28793,0,15053,27175,27175,0,24947,24947,0,14129,10683,3446,24.38955340080685,389,2.7532026328827235
broad_symmetric,MG,52159,SÃO BENTO ABADE,3202,3202,0,1276,3002,3002,0,2919,2919,0,1903,1504,399,20.966894377299003,0,0.0
broad_symmetric,MG,52175,SÃO BRÁS DO SUAÇUÍ,2875,2875,0,1383,2687,2687,0,2475,2475,0,1469,1104,365,24.846834581347856,0,0.0
broad_symmetric,MG,52191,SÃO DOMINGOS DO PRATA,10568,10564,-4,5369,10025,10025,0,9521,9521,0,5412,4075,1337,24.704360679970435,213,3.9356984478935697
broad_symmetric,MG,52213,SÃO FRANCISCO,29479,29478,-1,17831,28587,28587,0,27834,27834,0,15149,9623,5526,36.477655290778266,3501,23.110436332431185
broad_symmetric,MG,52230,SÃO FRANCISCO DE PAULA,4841,4841,0,2468,4588,4588,0,4449,4449,0,3054,1872,1182,38.70333988212181,681,22.298624754420434
broad_symmetric,MG,52256,SÃO FRANCISCO DE SALES,3717,3716,-1,1865,3575,3575,0,3478,3478,0,2433,1530,903,37.11467324290999,581,23.879983559391697
broad_symmetric,MG,52272,SÃO FRANCISCO DO GLÓRIA,3387,3387,0,1808,3229,3229,0,3172,3172,0,1866,1320,546,29.260450160771704,287,15.380493033226152
broad_symmetric,MG,52299,SÃO GERALDO,5693,5692,-1,3199,5404,5404,0,5088,5088,0,2510,1953,557,22.191235059760956,16,0.6374501992031872
broad_symmetric,MG,52310,SÃO GERALDO DA PIEDADE,2577,2577,0,1394,2428,2428,0,2378,2378,0,1328,922,406,30.572289156626507,145,10.918674698795181
broad_symmetric,MG,52337,SÃO GONÇALO DO ABAETÉ,4277,4277,0,1728,4097,4097,0,3993,3993,0,2623,2181,442,16.850934044986655,74,2.821197102554327
broad_symmetric,MG,52353,SÃO GONÇALO DO PARÁ,7304,7304,0,2351,6841,6841,0,6677,6677,0,5309,4032,1277,24.053494066679225,356,6.705594273874553
broad_symmetric,MG,52370,SÃO GONÇALO DO RIO ABAIXO,9683,9683,0,4108,9015,9015,0,8493,8493,0,5425,4348,1077,19.852534562211982,0,0.0
broad_symmetric,MG,52396,SÃO GONÇALO DO SAPUCAÍ,14017,14017,0,5411,13207,13207,0,12361,12361,0,8820,7098,1722,19.523809523809526,214,2.4263038548752833
broad_symmetric,MG,52418,SÃO GOTARDO,22371,22370,-1,5818,21321,21321,0,20167,20167,0,16767,14638,2129,12.697560684678237,214,1.2763165742231766
broad_symmetric,MG,52434,SÃO JOÃO BATISTA DO GLÓRIA,5114,5113,-1,1620,4871,4871,0,4660,4660,0,3561,3002,559,15.697837686043247,67,1.8814939623701208
broad_symmetric,MG,52450,SÃO JOÃO DA MATA,2499,2499,0,731,2367,2367,0,2323,2323,0,1853,1533,320,17.269293038316246,85,4.587155963302752
broad_symmetric,MG,52477,SÃO JOÃO DA PONTE,15955,15953,-2,11436,15309,15309,0,14935,14935,0,8789,3363,5426,61.73626123563545,4270,48.58345659346911
broad_symmetric,MG,52493,SÃO JOÃO DEL REI,55472,55472,0,21946,52330,52330,0,48999,48999,0,29613,27277,2336,7.88842737986695,0,0.0
broad_symmetric,MG,52515,SÃO JOÃO DO ORIENTE,5420,5420,0,2506,5186,5186,0,5030,5030,0,3013,2538,475,15.765018254231663,99,3.2857616993030203
broad_symmetric,MG,52531,SÃO JOÃO DO PARAÍSO,13840,13840,0,5914,12740,12740,0,12751,12751,0,10148,6268,3880,38.23413480488766,2222,21.895940086716596
broad_symmetric,MG,52558,SÃO JOÃO EVANGELISTA,9136,9136,0,5385,8687,8687,0,8393,8393,0,4151,2890,1261,30.378222115152976,400,9.63623223319682
broad_symmetric,MG,52574,SÃO JOÃO NEPOMUCENO,15601,15601,0,6580,14884,14884,0,14171,14171,0,9251,7316,1935,20.9166576586315,230,2.486217706193925
broad_symmetric,MG,52590,SÃO JOSÉ DA SAFIRA,2987,2987,0,1639,2859,2859,0,2796,2796,0,1672,1124,548,32.77511961722488,324,19.37799043062201
broad_symmetric,MG,52612,SÃO JOSÉ DA VARGINHA,3154,3154,0,1171,2996,2996,0,2863,2863,0,2165,1627,538,24.849884526558892,182,8.406466512702078
broad_symmetric,MG,52639,SÃO JOSÉ DO ALEGRE,2948,2948,0,854,2760,2760,0,2598,2598,0,1815,1784,31,1.7079889807162534,0,0.0
broad_symmetric,MG,52655,SÃO JOSÉ DO DIVINO,2479,2478,-1,1002,2363,2363,0,2337,2337,0,1769,1309,460,26.003391746749575,292,16.50650084793669
broad_symmetric,MG,52671,SÃO JOSÉ DO GOIABAL,3634,3634,0,2082,3456,3456,0,3338,3338,0,1868,1222,646,34.58244111349036,316,16.916488222698074
broad_symmetric,MG,52698,SÃO JOSÉ DO JACURI,3952,3952,0,2200,3646,3646,0,3502,3502,0,2311,1290,1021,44.180008654262224,559,24.18866291648637
broad_symmetric,MG,52710,SÃO JOSÉ DO MANTIMENTO,2389,2389,0,1221,2272,2272,0,2208,2208,0,1394,986,408,29.26829268292683,226,16.212338593974174
broad_symmetric,MG,52736,SÃO LOURENÇO,26571,26570,-1,8155,25221,25221,0,24037,24037,0,16173,15743,430,2.658752241389971,0,0.0
broad_symmetric,MG,52752,SÃO MIGUEL DO ANTA,5019,5019,0,2867,4704,4704,0,4459,4459,0,1798,1621,177,9.844271412680756,0,0.0
broad_symmetric,MG,52779,SÃO PEDRO DA UNIÃO,3346,3346,0,1127,3163,3163,0,3004,3004,0,2251,1875,376,16.703687250111063,32,1.4215904042647711
broad_symmetric,MG,52795,SÃO PEDRO DOS FERROS,4632,4632,0,2860,4377,4377,0,4197,4197,0,1701,1321,380,22.339800117577894,0,0.0
broad_symmetric,MG,52817,SÃO PEDRO DO SUAÇUÍ,3371,3371,0,1806,3192,3192,0,3108,3108,0,1714,1251,463,27.012835472578764,149,8.693115519253208
broad_symmetric,MG,52833,SÃO ROMÃO,4826,4825,-1,2763,4602,4602,0,4503,4503,0,3032,1696,1336,44.06332453825858,969,31.95910290237467
broad_symmetric,MG,52850,SÃO ROQUE DE MINAS,4505,4505,0,979,4348,4348,0,4217,4217,0,3424,3164,260,7.593457943925234,0,0.0
broad_symmetric,MG,52876,SÃO SEBASTIÃO DA BELA VISTA,4940,4940,0,1754,4731,4731,0,4591,4591,0,2543,2757,0,0.0,0,0.0
broad_symmetric,MG,52892,SÃO SEBASTIÃO DO MARANHÃO,5734,5734,0,3061,5399,5399,0,5345,5345,0,3307,2129,1178,35.62140913214394,634,19.17145449047475
broad_symmetric,MG,52914,SÃO SEBASTIÃO DO OESTE,6212,6212,0,2501,5908,5908,0,5811,5811,0,4823,3169,1654,34.29400787891354,1112,23.056189093924942
broad_symmetric,MG,52930,SÃO SEBASTIÃO DO PARAÍSO,37885,37885,0,12696,35867,35867,0,33929,33929,0,21230,20419,811,3.820065944418276,0,0.0
broad_symmetric,MG,52957,SÃO SEBASTIÃO DO RIO PRETO,1394,1394,0,607,1328,1328,0,1305,1305,0,606,636,0,0.0,0,0.0
broad_symmetric,MG,52973,SÃO SEBASTIÃO DO RIO VERDE,1777,1777,0,572,1686,1686,0,1629,1629,0,1196,1012,184,15.384615384615385,0,0.0
broad_symmetric,MG,52990,SÃO TIAGO,7599,7599,0,2913,7055,7055,0,6678,6678,0,4782,3563,1219,25.49142618151401,96,2.0075282308657467
broad_symmetric,MG,53015,SÃO TOMÁS DE AQUINO,4495,4494,-1,1654,4281,4281,0,4094,4094,0,2398,2305,93,3.878231859883236,0,0.0
broad_symmetric,MG,53031,SÃO THOMÉ DAS LETRAS,4045,4045,0,2318,3854,3854,0,3667,3667,0,1873,1335,538,28.723972237052855,146,7.794981313400961
broad_symmetric,MG,53058,SÃO VICENTE DE MINAS,4258,4258,0,1940,4002,4002,0,3762,3762,0,2138,1875,263,12.301216089803555,0,0.0
broad_symmetric,MG,53074,SAPUCAÍ-MIRIM,4629,4629,0,1604,4370,4370,0,4282,4282,0,3457,2546,911,26.35232860862019,432,12.496384148105294
broad_symmetric,MG,53090,SARDOÁ,3659,3659,0,1629,3348,3348,0,3203,3203,0,2338,1542,796,34.046193327630455,308,13.173652694610778
broad_symmetric,MG,53112,SENADOR CORTES,2012,2011,-1,1020,1918,1918,0,1860,1860,0,859,796,63,7.334109429569266,0,0.0
broad_symmetric,MG,53139,SENADOR FIRMINO,5485,5485,0,3028,5181,5181,0,4954,4954,0,2907,1900,1007,34.64052287581699,450,15.479876160990711
broad_symmetric,MG,53155,SENADOR JOSÉ BENTO,1977,1977,0,646,1878,1878,0,1864,1864,0,1494,1153,341,22.82463186077644,163,10.910307898259706
broad_symmetric,MG,53171,SENADOR MODESTINO GONÇALVES,2260,3148,888,1277,2136,2136,0,2917,2917,0,2029,746,1283,63.23311976343026,1046,51.55248891079349
broad_symmetric,MG,53198,SENHORA DE OLIVEIRA,4342,4342,0,2466,4107,4107,0,3833,3833,0,1921,1389,532,27.69390942217595,45,2.342529932326913
broad_symmetric,MG,53210,SENHORA DO PORTO,2269,2269,0,1159,2108,2108,0,2013,2013,0,1311,798,513,39.130434782608695,201,15.331807780320366
broad_symmetric,MG,53236,SENHORA DOS REMÉDIOS,6735,6735,0,3325,6246,6246,0,6083,6083,0,3528,2537,991,28.089569160997733,118,3.3446712018140587
broad_symmetric,MG,53252,SERICITA,5686,5686,0,2427,5431,5431,0,5292,5292,0,1965,2814,0,0.0,0,0.0
broad_symmetric,MG,53279,SERITINGA,1593,1593,0,722,1509,1509,0,1437,1437,0,993,716,277,27.895266868076536,122,12.28600201409869
broad_symmetric,MG,53295,SERRA AZUL DE MINAS,2283,2283,0,1258,2076,2076,0,2031,2031,0,930,666,264,28.387096774193548,0,0.0
broad_symmetric,MG,53317,SERRA DA SAUDADE,989,989,0,360,963,963,0,967,967,0,727,556,171,23.521320495185694,98,13.480055020632737
broad_symmetric,MG,53333,SERRA DOS AIMORÉS,4590,4590,0,2562,4410,4410,0,4207,4207,0,2587,1719,868,33.55237727097023,559,21.608040201005025
broad_symmetric,MG,53350,SERRA DO SALITRE,7551,7551,0,2516,7279,7279,0,6982,6982,0,5491,4474,1017,18.521216536150064,456,8.304498269896193
broad_symmetric,MG,53376,SERRANIA,4837,4837,0,2041,4562,4562,0,4385,4385,0,3017,2295,722,23.931057341730195,221,7.325157441166722
broad_symmetric,MG,53392,SERRANOS,1662,1662,0,803,1565,1565,0,1534,1534,0,860,685,175,20.348837209302324,1,0.11627906976744186
broad_symmetric,MG,53414,SERRO,11396,11396,0,6898,10550,10550,0,10027,10027,0,4846,3165,1681,34.6884028064383,348,7.181180354931903
broad_symmetric,MG,53430,SETE LAGOAS,137452,137330,-122,44239,128074,128074,0,120014,120014,0,81200,75266,5934,7.307881773399015,0,0.0
broad_symmetric,MG,53457,SILVEIRÂNIA,2485,2485,0,1333,2393,2393,0,2312,2312,0,1079,922,157,14.550509731232623,0,0.0
broad_symmetric,MG,53473,SILVIANÓPOLIS,3753,3752,-1,1247,3581,3581,0,3445,3445,0,2191,2125,66,3.012323140118667,0,0.0
broad_symmetric,MG,53490,SIMÃO PEREIRA,2596,2596,0,1220,2499,2499,0,2449,2449,0,1779,1162,617,34.68240584598089,403,22.65317594154019
broad_symmetric,MG,53511,SIMONÉSIA,12769,12767,-2,5363,11977,11977,0,11658,11658,0,7179,6069,1110,15.461763476807354,0,0.0
broad_symmetric,MG,53538,SOBRÁLIA,3223,3223,0,1472,3033,3033,0,2939,2939,0,1934,1451,483,24.9741468459152,183,9.462254395036194
broad_symmetric,MG,53554,SOLEDADE DE MINAS,3921,3921,0,1533,3715,3715,0,3559,3559,0,2496,2002,494,19.791666666666668,108,4.326923076923077
broad_symmetric,MG,53570,TABULEIRO,3165,3164,-1,1579,2983,2983,0,2817,2817,0,1812,1263,549,30.29801324503311,226,12.472406181015453
broad_symmetric,MG,53597,TAIOBEIRAS,21029,21029,0,7283,19957,19957,0,19708,19708,0,14016,11971,2045,14.59046803652968,270,1.9263698630136987
broad_symmetric,MG,53619,TAPIRA,3984,3984,0,871,3899,3899,0,3815,3815,0,2967,2897,70,2.3592854735422986,0,0.0
broad_symmetric,MG,53635,TAPIRAÍ,1559,1559,0,676,1515,1515,0,1475,1475,0,1190,748,442,37.142857142857146,307,25.798319327731093
broad_symmetric,MG,53651,TAQUARAÇU DE MINAS,4281,4281,0,1557,4025,4025,0,3923,3923,0,2782,2213,569,20.4529115744069,58,2.0848310567936736
broad_symmetric,MG,53678,TARUMIRIM,7876,7876,0,3462,7537,7537,0,7363,7363,0,3568,3875,0,0.0,0,0.0
broad_symmetric,MG,53694,TEIXEIRAS,8123,8123,0,4307,7596,7596,0,7164,7164,0,3776,2878,898,23.781779661016948,0,0.0
broad_symmetric,MG,53716,TEÓFILO OTONI,77223,77123,-100,34828,73389,73389,0,70362,70362,0,43406,36301,7105,16.368704787356588,1011,2.329171082338847
broad_symmetric,MG,53732,TIMÓTEO,45764,45764,0,15867,43865,43865,0,42457,42457,0,29266,26156,3110,10.62666575548418,0,0.0
broad_symmetric,MG,53759,TIRADENTES,5608,5608,0,2399,5336,5336,0,5131,5131,0,3133,2670,463,14.778167890201086,0,0.0
broad_symmetric,MG,53775,TIROS,4727,4727,0,1080,4523,4523,0,4489,4489,0,3727,3256,471,12.637510061711833,80,2.1464985242822645
broad_symmetric,MG,53791,TOCANTINS,10533,10533,0,4550,9945,9945,0,9418,9418,0,5693,4913,780,13.701036360442648,0,0.0
broad_symmetric,MG,53813,TOLEDO,5720,5720,0,1673,5476,5476,0,5246,5246,0,3068,3573,0,0.0,0,0.0
broad_symmetric,MG,53830,TOMBOS,5435,5435,0,2516,5233,5233,0,5032,5032,0,2159,2554,0,0.0,0,0.0
broad_symmetric,MG,53856,TRÊS CORAÇÕES,42028,42028,0,13698,39187,39187,0,36782,36782,0,26991,22907,4084,15.13096958245341,0,0.0
broad_symmetric,MG,53872,TRÊS PONTAS,35448,35448,0,14545,33388,33388,0,31189,31189,0,20446,16479,3967,19.40232808373276,0,0.0
broad_symmetric,MG,53899,TUMIRITINGA,3947,3947,0,1898,3790,3790,0,3702,3702,0,2472,1795,677,27.386731391585762,423,17.111650485436893
broad_symmetric,MG,53910,TUPACIGUARA,15919,15914,-5,7105,15260,15260,0,14552,14552,0,10830,7504,3326,30.710987996306557,2016,18.614958448753463
broad_symmetric,MG,53937,TURMALINA,12926,12926,0,7373,12336,12336,0,11899,11899,0,6524,4487,2037,31.223175965665234,971,14.883507050889024
broad_symmetric,MG,53953,TURVOLÂNDIA,3891,3891,0,1444,3664,3664,0,3555,3555,0,2808,2045,763,27.172364672364672,361,12.856125356125355
broad_symmetric,MG,53970,UBÁ,55425,55425,0,23492,52666,52666,0,49335,49335,0,30625,26679,3946,12.884897959183673,0,0.0
broad_symmetric,MG,53996,UBAÍ,7106,7106,0,4902,6840,6840,0,6680,6680,0,3414,1753,1661,48.65260691271236,1210,35.4422964264792
broad_symmetric,MG,54011,UBERABA,186055,185597,-458,68891,178245,178245,0,166545,166545,0,113252,97985,15267,13.480556634761417,0,0.0
broad_symmetric,MG,54038,UBERLÂNDIA,429516,427845,-1671,163879,409921,409921,0,380932,380932,0,237746,221464,16282,6.848485358323589,0,0.0
broad_symmetric,MG,54054,UMBURATIBA,1965,1963,-2,1120,1863,1863,0,1799,1799,0,997,672,325,32.59779338014042,152,15.245737211634905
broad_symmetric,MG,54070,UNAÍ,49422,49412,-10,13714,47812,47812,0,46313,46313,0,36748,31375,5373,14.621203875040818,1040,2.8300859910743443
broad_symmetric,MG,54097,URUCÂNIA,6603,6603,0,3550,6098,6098,0,5661,5661,0,3035,2335,700,23.064250411861615,0,0.0
broad_symmetric,MG,54119,VARGEM BONITA,1853,1852,-1,611,1798,1798,0,1769,1769,0,1420,1109,311,21.901408450704224,178,12.535211267605634
broad_symmetric,MG,54135,VARGINHA,80512,80299,-213,25551,76210,76210,0,71314,71314,0,49209,45699,3510,7.132841553374383,0,0.0
broad_symmetric,MG,54151,VÁRZEA DA PALMA,20137,20134,-3,8491,19008,19008,0,18322,18322,0,13934,9560,4374,31.390842543418977,2288,16.42026697287211
broad_symmetric,MG,54178,VARZELÂNDIA,12040,12040,0,8365,11610,11610,0,11238,11238,0,5174,3019,2155,41.6505604947816,1499,28.971781986857362
broad_symmetric,MG,54194,VAZANTE,12750,12748,-2,4982,12262,12262,0,11923,11923,0,9278,6474,2804,30.22203061004527,1510,16.275059280017246
broad_symmetric,MG,54216,WENCESLAU BRAZ,2158,2158,0,778,2037,2037,0,1968,1968,0,1339,1156,183,13.666915608663182,0,0.0
broad_symmetric,MG,54232,VERÍSSIMO,2393,2393,0,1104,2307,2307,0,2209,2209,0,1192,1094,98,8.221476510067115,0,0.0
broad_symmetric,MG,54259,VESPASIANO,70909,70893,-16,27581,66427,66427,0,62562,62562,0,38309,34648,3661,9.556501083296354,0,0.0
broad_symmetric,MG,54275,VIÇOSA,47857,47857,0,27070,45338,45338,0,42553,42553,0,18289,15486,2803,15.326152332002843,0,0.0
broad_symmetric,MG,54291,VIEIRAS,3254,3253,-1,1602,3125,3125,0,3055,3055,0,1936,1411,525,27.117768595041323,284,14.669421487603305
broad_symmetric,MG,54313,MATHIAS LOBATO,2475,2475,0,1314,2374,2374,0,2321,2321,0,1673,1026,647,38.673042438732814,512,30.603705917513448
broad_symmetric,MG,54330,VIRGEM DA LAPA,6883,6883,0,4174,6451,6451,0,6294,6294,0,3128,2089,1039,33.21611253196931,419,13.395140664961637
broad_symmetric,MG,54356,VIRGÍNIA,5997,5997,0,2687,5761,5761,0,5536,5536,0,3675,2763,912,24.816326530612244,365,9.931972789115646
broad_symmetric,MG,54372,VIRGINÓPOLIS,5953,5953,0,2913,5534,5534,0,5229,5229,0,3228,2108,1120,34.696406443618336,188,5.8240396530359355
broad_symmetric,MG,54399,VIRGOLÂNDIA,3277,3277,0,2006,3094,3094,0,2993,2993,0,1869,961,908,48.582129481005886,598,31.995719636169074
broad_symmetric,MG,54410,VISCONDE DO RIO BRANCO,24362,24361,-1,11462,22990,22990,0,22063,22063,0,14271,10454,3817,26.746548945413775,1371,9.606895101955013
broad_symmetric,MG,54437,VOLTA GRANDE,3143,3143,0,1691,2995,2995,0,2821,2821,0,1820,1194,626,34.395604395604394,368,20.21978021978022
broad_symmetric,MG,54453,ITAÚ DE MINAS,9407,9407,0,2966,8859,8859,0,8396,8396,0,5836,5212,624,10.692254969156958,0,0.0
broad_symmetric,MT,73709,BOA ESPERANÇA DO NORTE,3245,3243,-2,764,3189,3189,0,3018,3018,0,2799,2308,491,17.541979278313683,318,11.361200428724544
broad_symmetric,MT,89788,COLNIZA,14190,14190,0,2679,13832,13832,0,13104,13104,0,12023,10784,1239,10.30524827414123,512,4.258504532978458
broad_symmetric,MT,89796,COLÍDER,18390,18390,0,2786,17912,17912,0,16879,16879,0,15634,14608,1026,6.56261993091979,30,0.19188947166432135
broad_symmetric,MT,89800,CURVELÂNDIA,3581,3581,0,1113,3473,3473,0,3291,3291,0,2929,2255,674,23.01126664390577,461,15.739160122908842
broad_symmetric,MT,89818,NOVA BRASILÂNDIA,2986,2986,0,1210,2891,2891,0,2709,2709,0,2198,1536,662,30.118289353958144,422,19.199272065514105
broad_symmetric,MT,89826,NOVA SANTA HELENA,2589,2589,0,587,2515,2515,0,2371,2371,0,2199,1873,326,14.824920418371986,197,8.95861755343338
broad_symmetric,MT,89834,PARANATINGA,12620,12620,0,3087,12327,12327,0,11552,11552,0,10653,8908,1745,16.38036233924716,1120,10.513470383929409
broad_symmetric,MT,89843,SANTO ANTÔNIO DO LESTE,2028,2028,0,660,1967,1967,0,1809,1809,0,1562,1241,321,20.550576184379,194,12.419974391805377
broad_symmetric,MT,89850,SINOP,98342,97633,-709,17568,96146,96146,0,89424,89424,0,80386,75827,4559,5.671385564650561,0,0.0
broad_symmetric,MT,89877,ALTA FLORESTA,33253,33250,-3,7677,32395,32395,0,30277,30277,0,26945,23770,3175,11.783262200779365,1369,5.080719985154945
broad_symmetric,MT,89893,ARAPUTANGA,9018,9018,0,2005,8722,8722,0,8179,8179,0,7261,6439,822,11.320754716981131,248,3.415507505853188
broad_symmetric,MT,89915,JAURU,5284,5283,-1,1155,5125,5125,0,4888,4888,0,4424,3821,603,13.630198915009041,295,6.668173598553345
broad_symmetric,MT,89931,SÃO JOSÉ DOS QUATRO MARCOS,10253,10253,0,2640,9870,9870,0,9100,9100,0,7987,7002,985,12.332540378114436,374,4.682609240015024
broad_symmetric,MT,89958,RIO BRANCO,3051,3051,0,1035,2936,2936,0,2805,2805,0,2383,1783,600,25.178346621905163,367,15.400755350398658
broad_symmetric,MT,89960,RONDOLÂNDIA,2298,2298,0,861,2233,2233,0,2133,2133,0,1941,1321,620,31.94229778464709,504,25.965996908809892
broad_symmetric,MT,89974,SALTO DO CÉU,2408,2408,0,680,2326,2326,0,2253,2253,0,2070,1583,487,23.52657004830918,342,16.52173913043478
broad_symmetric,MT,89990,PONTES E LACERDA,25860,25847,-13,4594,25111,25111,0,23468,23468,0,21580,19766,1814,8.40593141797961,314,1.4550509731232624
broad_symmetric,MT,90018,ACORIZAL,6085,6085,0,2776,5923,5923,0,5601,5601,0,4516,2933,1583,35.053144375553586,1207,26.727192205491587
broad_symmetric,MT,90026,SÃO JOSÉ DO POVO,2376,2375,-1,852,2292,2292,0,2121,2121,0,1747,1327,420,24.041213508872353,223,12.76473955352032
broad_symmetric,MT,90042,ALTO BOA VISTA,3236,3236,0,681,3165,3165,0,3043,3043,0,2794,2381,413,14.781675017895491,239,8.554044380816034
broad_symmetric,MT,90050,ALTO ARAGUAIA,8821,8819,-2,2478,8503,8503,0,7747,7747,0,6717,5514,1203,17.909781152300134,374,5.567961887747506
broad_symmetric,MT,90069,QUERÊNCIA,14247,14246,-1,2992,13985,13985,0,13067,13067,0,11844,10561,1283,10.832489023978386,589,4.9729821006416755
broad_symmetric,MT,90077,ALTO GARÇAS,6836,6836,0,2012,6593,6593,0,5910,5910,0,5279,4361,918,17.389657132032582,455,8.61905663951506
broad_symmetric,MT,90085,CANABRAVA DO NORTE,3016,3016,0,749,2956,2956,0,2841,2841,0,2562,2115,447,17.447306791569087,295,11.514441842310696
broad_symmetric,MT,90093,ALTO PARAGUAI,4763,4763,0,2427,4574,4574,0,4222,4222,0,3759,2005,1754,46.661346102686885,1423,37.85581271614791
broad_symmetric,MT,90107,SANTA CARMEM,3457,3457,0,612,3376,3376,0,3182,3182,0,2948,2678,270,9.15875169606513,103,3.4938941655359566
broad_symmetric,MT,90123,NOVA MARINGÁ,3347,3347,0,741,3257,3257,0,3152,3152,0,3018,2469,549,18.190854870775347,412,13.65142478462558
broad_symmetric,MT,90140,NOVA GUARITA,3183,3182,-1,900,3091,3091,0,2910,2910,0,2441,2120,321,13.150348217943465,158,6.472757066775912
broad_symmetric,MT,90166,NOVA MARILÂNDIA,2313,2313,0,758,2243,2243,0,2091,2091,0,1933,1414,519,26.849456802897052,378,19.555095706156234
broad_symmetric,MT,90182,PORTO ESTRELA,2665,2665,0,1443,2578,2578,0,2433,2433,0,1909,1064,845,44.26401257202724,687,35.98742797276061
broad_symmetric,MT,90204,GLÓRIA D'OESTE,2133,2133,0,556,2078,2078,0,1939,1939,0,1781,1468,313,17.574396406513195,204,11.454239191465469
broad_symmetric,MT,90220,TABAPORÃ,5923,5923,0,1093,5796,5796,0,5503,5503,0,4985,4571,414,8.304914744232699,155,3.1093279839518555
broad_symmetric,MT,90239,ARAGUAINHA,963,963,0,400,936,936,0,859,859,0,776,504,272,35.05154639175258,213,27.448453608247423
broad_symmetric,MT,90247,SÃO JOSÉ DO XINGU,3691,3691,0,1153,3586,3586,0,3373,3373,0,2936,2331,605,20.606267029972752,398,13.555858310626704
broad_symmetric,MT,90255,ARENÁPOLIS,6273,6272,-1,2101,6052,6052,0,5629,5629,0,5021,3721,1300,25.89125672176857,849,16.90898227444732
broad_symmetric,MT,90263,APIACÁS,4798,4798,0,1266,4671,4671,0,4471,4471,0,4088,3298,790,19.32485322896282,556,13.600782778864971
broad_symmetric,MT,90271,ARIPUANÃ,11768,11768,0,2192,11483,11483,0,10797,10797,0,9983,9010,973,9.746569167584894,407,4.076930782329961
broad_symmetric,MT,90280,CONFRESA,19945,19943,-2,4262,19460,19460,0,18319,18319,0,16543,14591,1952,11.799552680892221,860,5.198573414737351
broad_symmetric,MT,90301,LAMBARI D'OESTE,3329,3329,0,1294,3205,3205,0,3031,3031,0,2754,1799,955,34.67683369644154,719,26.107480029048656
broad_symmetric,MT,90310,BARÃO DE MELGAÇO,5630,5630,0,3158,5484,5484,0,5167,5167,0,4239,2149,2090,49.30408115121491,1767,41.68435951875443
broad_symmetric,MT,90328,SANTO AFONSO,2073,2073,0,652,2011,2011,0,1920,1920,0,1782,1276,506,28.395061728395063,361,20.25813692480359
broad_symmetric,MT,90336,BARRA DO BUGRES,17501,17501,0,7085,16898,16898,0,15294,15294,0,12204,9190,3014,24.69682071451983,1788,14.650934119960668
broad_symmetric,MT,90344,PLANALTO DA SERRA,2356,2356,0,953,2280,2280,0,2139,2139,0,1712,1230,482,28.154205607476637,309,18.049065420560748
broad_symmetric,MT,90352,BARRA DO GARÇAS,36137,36131,-6,11720,35119,35119,0,32408,32408,0,27765,21683,6082,21.90527642715649,3348,12.058346839546191
broad_symmetric,MT,90360,NOVA MONTE VERDE,4720,4719,-1,1041,4588,4588,0,4313,4313,0,3906,3411,495,12.672811059907835,227,5.811571940604199
broad_symmetric,MT,90387,NOVA BANDEIRANTES,7569,7569,0,1120,7382,7382,0,7055,7055,0,6587,6121,466,7.074540762107181,138,2.0950356763321696
broad_symmetric,MT,90409,SÃO PEDRO DA CIPA,3119,3119,0,1213,3049,3049,0,2823,2823,0,2419,1762,657,27.15998346424142,513,21.207110376188506
broad_symmetric,MT,90425,COTRIGUAÇU,5971,5970,-1,1419,5798,5798,0,5501,5501,0,4972,4222,750,15.08447304907482,420,8.447304907481898
broad_symmetric,MT,90441,RIBEIRÃOZINHO,1979,1979,0,706,1926,1926,0,1839,1839,0,1643,1105,538,32.744978697504564,370,22.51978088861838
broad_symmetric,MT,90468,BRASNORTE,9205,9204,-1,2108,8966,8966,0,8411,8411,0,7758,6662,1096,14.127352410415055,661,8.520237174529518
broad_symmetric,MT,90476,CÁCERES,47292,47291,-1,19130,45853,45853,0,42477,42477,0,32725,24842,7883,24.088617265087855,4563,13.943468296409472
broad_symmetric,MT,90484,CAMPO NOVO DO PARECIS,23767,23763,-4,5529,23154,23154,0,20884,20884,0,18905,16953,1952,10.325310764348057,667,3.5281671515472097
broad_symmetric,MT,90506,CAMPO VERDE,26361,26360,-1,6202,25697,25697,0,23774,23774,0,20831,18604,2227,10.690797369305363,672,3.225961307666459
broad_symmetric,MT,90522,CLÁUDIA,6858,6853,-5,1351,6683,6683,0,6288,6288,0,5712,5206,506,8.858543417366947,205,3.588935574229692
broad_symmetric,MT,90549,CASTANHEIRA,4570,4569,-1,1174,4407,4407,0,4097,4097,0,3524,3096,428,12.145289443813848,128,3.6322360953461974
broad_symmetric,MT,90565,JANGADA,6087,6087,0,2967,5914,5914,0,5605,5605,0,4584,2758,1826,39.83420593368238,1464,31.93717277486911
broad_symmetric,MT,90581,JURUENA,5618,5618,0,1295,5457,5457,0,5154,5154,0,4679,4031,648,13.8491130583458,356,7.608463346868989
broad_symmetric,MT,90590,CHAPADA DOS GUIMARÃES,13878,13878,0,5968,13475,13475,0,12629,12629,0,9512,6967,2545,26.755677039529015,1602,16.84188393608074
broad_symmetric,MT,90603,LUCAS DO RIO VERDE,42434,42433,-1,8636,41398,41398,0,39285,39285,0,36351,31654,4697,12.921240130945504,2553,7.023190558719155
broad_symmetric,MT,90620,MATUPÁ,11624,11624,0,2114,11376,11376,0,10626,10626,0,9761,9000,761,7.796332342997644,251,2.5714578424341767
broad_symmetric,MT,90646,NOVA MUTUM,29958,29958,0,5669,29224,29224,0,27364,27364,0,25602,22651,2951,11.526443246621358,1313,5.128505585501133
broad_symmetric,MT,90662,RIBEIRÃO CASCALHEIRA,5818,5818,0,1483,5651,5651,0,5382,5382,0,4823,3997,826,17.126269956458636,488,10.118183703089363
broad_symmetric,MT,90670,CUIABÁ,373302,372298,-1004,123207,361616,361616,0,337160,337160,0,257034,218352,38682,15.049370900347814,6939,2.6996428488059947
broad_symmetric,MT,90689,TAPURAH,7642,7641,-1,1351,7485,7485,0,7095,7095,0,6735,5997,738,10.957683741648108,444,6.5924276169265035
broad_symmetric,MT,90697,DIAMANTINO,12629,12628,-1,3667,12285,12285,0,11510,11510,0,10158,8306,1852,18.231935420358337,1196,11.773971254183895
broad_symmetric,MT,90700,PONTAL DO ARAGUAIA,4339,4338,-1,1408,4227,4227,0,3996,3996,0,3509,2587,922,26.275292106013108,578,16.4719293245939
broad_symmetric,MT,90719,DOM AQUINO,4997,4997,0,1582,4840,4840,0,4573,4573,0,4040,3057,983,24.331683168316832,625,15.470297029702971
broad_symmetric,MT,90727,SAPEZAL,15044,15044,0,3520,14652,14652,0,13308,13308,0,12114,10762,1352,11.160640581145781,590,4.870397886742611
broad_symmetric,MT,90743,CAMPOS DE JÚLIO,4982,4982,0,1115,4857,4857,0,4453,4453,0,4048,3644,404,9.980237154150197,181,4.471343873517786
broad_symmetric,MT,90760,CARLINDA,6271,6271,0,2064,6062,6062,0,5610,5610,0,4696,3780,916,19.50596252129472,489,10.413117546848381
broad_symmetric,MT,90778,GENERAL CARNEIRO,3427,3426,-1,1440,3343,3343,0,3121,3121,0,2608,1775,833,31.940184049079754,621,23.811349693251532
broad_symmetric,MT,90786,FELIZ NATAL,5403,5403,0,1449,5303,5303,0,4979,4979,0,4496,3738,758,16.859430604982208,542,12.055160142348754
broad_symmetric,MT,90808,NOVO MUNDO,4559,4559,0,1043,4465,4465,0,4232,4232,0,3647,3325,322,8.829174664107486,131,3.5919934192486975
broad_symmetric,MT,90824,GAÚCHA DO NORTE,5045,5045,0,1509,4942,4942,0,4646,4646,0,4228,3320,908,21.475875118259225,692,16.367076631977294
broad_symmetric,MT,90832,GUIRATINGA,6391,6391,0,2322,6170,6170,0,5753,5753,0,4810,3530,1280,26.611226611226613,741,15.405405405405405
broad_symmetric,MT,90840,UNIÃO DO SUL,2681,2681,0,663,2640,2640,0,2522,2522,0,2231,1944,287,12.864186463469297,213,9.547288211564322
broad_symmetric,MT,90867,NOVA LACERDA,3458,3457,-1,978,3355,3355,0,3168,3168,0,2879,2247,632,21.952066689822857,399,13.85897881208753
broad_symmetric,MT,90883,NOVA UBIRATÃ,5648,5648,0,1186,5537,5537,0,5253,5253,0,4786,4206,580,12.118679481821982,324,6.769745089845382
broad_symmetric,MT,90905,BOM JESUS DO ARAGUAIA,4160,4160,0,1161,4053,4053,0,3882,3882,0,3576,2689,887,24.804250559284117,577,16.135346756152124
broad_symmetric,MT,90913,ITIQUIRA,6976,6975,-1,2111,6739,6739,0,6096,6096,0,5413,4356,1057,19.52706447441345,548,10.123776094587106
broad_symmetric,MT,90921,SERRA NOVA DOURADA,1183,1183,0,271,1156,1156,0,1125,1125,0,1054,843,211,20.01897533206831,142,13.472485768500949
broad_symmetric,MT,90948,NOVO SANTO ANTÔNIO,1440,1438,-2,376,1402,1402,0,1357,1357,0,1297,959,338,26.060138781804163,233,17.964533538936006
broad_symmetric,MT,90956,JACIARA,15986,15986,0,4059,15510,15510,0,14182,14182,0,12227,10818,1409,11.523677108039584,300,2.4535863253455465
broad_symmetric,MT,90964,NOVA NAZARÉ,2405,2404,-1,1011,2316,2316,0,2129,2129,0,1720,1207,513,29.825581395348838,326,18.953488372093023
broad_symmetric,MT,90980,SANTA CRUZ DO XINGU,1651,1651,0,370,1610,1610,0,1548,1548,0,1492,1196,296,19.839142091152816,211,14.142091152815013
broad_symmetric,MT,91006,CONQUISTA D'OESTE,2438,2437,-1,539,2378,2378,0,2260,2260,0,2096,1777,319,15.219465648854962,197,9.398854961832061
broad_symmetric,MT,91022,VALE DE SÃO DOMINGOS,2146,2146,0,415,2088,2088,0,2010,2010,0,1896,1632,264,13.924050632911392,165,8.70253164556962
broad_symmetric,MT,91049,SANTA RITA DO TRIVELATO,2027,2027,0,478,1981,1981,0,1888,1888,0,1794,1407,387,21.57190635451505,245,13.656633221850614
broad_symmetric,MT,91057,LUCIARA,1888,1887,-1,748,1845,1845,0,1746,1746,0,1461,1031,430,29.43189596167009,321,21.971252566735114
broad_symmetric,MT,91081,IPIRANGA DO NORTE,4774,4774,0,1043,4703,4703,0,4406,4406,0,4157,3539,618,14.866490257397162,426,10.247774837623286
broad_symmetric,MT,91090,VILA BELA DA SANTÍSSIMA TRINDADE,8318,8317,-1,2791,8081,8081,0,7725,7725,0,7055,5047,2008,28.462083628632175,1528,21.658398299078666
broad_symmetric,MT,91103,ITANHANGÁ,4147,4147,0,618,4083,4083,0,3938,3938,0,3774,3417,357,9.45945945945946,245,6.49178590355061
broad_symmetric,MT,91170,NOBRES,9933,9932,-1,2637,9639,9639,0,9166,9166,0,8406,6747,1659,19.735902926481085,1110,13.204853675945753
broad_symmetric,MT,91197,NORTELÂNDIA,3886,3886,0,1663,3704,3704,0,3428,3428,0,2848,1851,997,35.00702247191011,625,21.945224719101123
broad_symmetric,MT,91219,NOSSA SENHORA DO LIVRAMENTO,11129,11128,-1,6530,10779,10779,0,9976,9976,0,6912,3842,3070,44.41550925925926,2313,33.463541666666664
broad_symmetric,MT,91294,POCONÉ,19450,19450,0,10514,18827,18827,0,17070,17070,0,10903,7644,3259,29.890855727781343,1967,18.04090617261304
broad_symmetric,MT,91332,PONTE BRANCA,1548,1548,0,704,1484,1484,0,1405,1405,0,1278,688,590,46.165884194053206,434,33.95931142410016
broad_symmetric,MT,91359,PORTO DOS GAÚCHOS,3431,3431,0,640,3344,3344,0,3173,3173,0,2932,2633,299,10.197817189631651,141,4.809004092769441
broad_symmetric,MT,91391,POXORÉU,10801,10801,0,4058,10426,10426,0,9508,9508,0,7648,5905,1743,22.790271966527197,905,11.8331589958159
broad_symmetric,MT,91510,RONDONÓPOLIS,136921,136521,-400,38046,132616,132616,0,122930,122930,0,102180,88849,13331,13.046584458798199,3305,3.2344881581522804
broad_symmetric,MT,91537,ROSÁRIO OESTE,10185,10185,0,4253,9857,9857,0,9297,9297,0,8057,5321,2736,33.95804890157627,2125,26.374581109594143
broad_symmetric,MT,91553,SANTO ANTÔNIO DO LEVERGER,13710,13710,0,6337,13325,13325,0,12465,12465,0,9618,6452,3166,32.917446454564356,2245,23.341651070908714
broad_symmetric,MT,91618,TESOURO,2101,2101,0,879,2035,2035,0,1910,1910,0,1647,1049,598,36.30843958712811,425,25.804493017607772
broad_symmetric,MT,91634,TORIXORÉU,2992,2992,0,1057,2909,2909,0,2748,2748,0,2429,1703,726,29.888843145327296,494,20.33758748456155
broad_symmetric,MT,91677,VÁRZEA GRANDE,156729,156545,-184,55331,151684,151684,0,139169,139169,0,107571,89246,18325,17.035260432644485,6173,5.73853547889301
broad_symmetric,MT,91774,MIRASSOL D'OESTE,15377,15377,0,3781,14777,14777,0,13620,13620,0,11917,10563,1354,11.361919946295208,321,2.693630947386087
broad_symmetric,MT,91812,PEDRA PRETA,11036,11034,-2,3751,10632,10632,0,9494,9494,0,7837,6487,1350,17.225979328824806,552,7.043511547786142
broad_symmetric,MT,91839,SÃO FÉLIX DO ARAGUAIA,5928,5923,-5,1921,5769,5769,0,5513,5513,0,4870,3651,1219,25.030800821355236,863,17.720739219712527
broad_symmetric,MT,91855,TANGARÁ DA SERRA,54250,54249,-1,11800,52755,52755,0,49274,49274,0,43403,39099,4304,9.916365228210031,953,2.195700758012119
broad_symmetric,MT,91898,JUSCIMEIRA,7184,7184,0,2434,6976,6976,0,6437,6437,0,5261,4318,943,17.924348983083064,511,9.712982322752328
broad_symmetric,MT,91910,ÁGUA BOA,16113,16093,-20,2549,15741,15741,0,14863,14863,0,13946,12705,1241,8.898608920120465,382,2.7391366700129067
broad_symmetric,MT,91936,CANARANA,13624,13623,-1,2339,13356,13356,0,12547,12547,0,11638,10690,948,8.145729506788108,353,3.033167210860973
broad_symmetric,MT,91952,NOVA XAVANTINA,12039,12039,0,2868,11696,11696,0,10850,10850,0,9743,8416,1327,13.62003489684902,572,5.870881658626707
broad_symmetric,MT,91979,SANTA TEREZINHA,3919,3919,0,1693,3788,3788,0,3562,3562,0,2897,1936,961,33.17224715222644,671,23.161891612012425
broad_symmetric,MT,91995,SÃO JOSÉ DO RIO CLARO,8842,8842,0,1741,8596,8596,0,8062,8062,0,7536,6669,867,11.504777070063694,435,5.772292993630574
broad_symmetric,MT,98191,JUARA,19298,19296,-2,3717,18722,18722,0,17520,17520,0,16131,14473,1658,10.278346041782903,550,3.4095840307482486
broad_symmetric,MT,98310,JUÍNA,25061,25049,-12,5871,24270,24270,0,22681,22681,0,19825,17686,2139,10.789407313997478,635,3.2030264817150065
broad_symmetric,MT,98337,DENISE,4645,4645,0,1757,4466,4466,0,4087,4087,0,3652,2574,1078,29.518072289156628,764,20.92004381161008
broad_symmetric,MT,98612,ALTO TAQUARI,6010,6010,0,1552,5825,5825,0,5242,5242,0,4794,4053,741,15.456821026282853,336,7.008760951188986
broad_symmetric,MT,98639,ARAGUAIANA,2444,2443,-1,849,2364,2364,0,2206,2206,0,1902,1329,573,30.126182965299684,307,16.140904311251315
broad_symmetric,MT,98655,CAMPINÁPOLIS,8377,8377,0,4457,8185,8185,0,7534,7534,0,5475,3515,1960,35.79908675799087,1555,28.401826484018265
broad_symmetric,MT,98671,COCALINHO,3797,3797,0,1171,3690,3690,0,3413,3413,0,3118,2275,843,27.036561898652984,492,15.779345734445156
broad_symmetric,MT,98698,ITAÚBA,3288,3288,0,696,3198,3198,0,3034,3034,0,2868,2434,434,15.13249651324965,276,9.623430962343097
broad_symmetric,MT,98710,MARCELÂNDIA,6934,6931,-3,1265,6711,6711,0,6291,6291,0,5806,5373,433,7.457802273510162,137,2.359627971064416
broad_symmetric,MT,98736,NOVA OLÍMPIA,10181,10181,0,4303,9754,9754,0,8452,8452,0,6394,5103,1291,20.19080387863622,516,8.07006568658117
broad_symmetric,MT,98752,NOVA CANAÃ DO NORTE,7787,7786,-1,1499,7533,7533,0,7099,7099,0,6631,5835,796,12.004222590861106,343,5.17267380485598
broad_symmetric,MT,98779,NOVO SÃO JOAQUIM,4151,4151,0,1035,4030,4030,0,3812,3812,0,3576,2833,743,20.777404921700224,460,12.863534675615213
broad_symmetric,MT,98795,NOVO HORIZONTE DO NORTE,2604,2604,0,648,2546,2546,0,2433,2433,0,2204,1803,401,18.19419237749546,248,11.252268602540834
broad_symmetric,MT,98817,PEIXOTO DE AZEVEDO,17679,17678,-1,5506,17193,17193,0,15696,15696,0,12854,11167,1687,13.124319278045744,681,5.2979617239769725
broad_symmetric,MT,98833,PARANAÍTA,7248,7248,0,1630,7047,7047,0,6650,6650,0,5989,5230,759,12.67323426281516,371,6.1946902654867255
broad_symmetric,MT,98850,PORTO ALEGRE DO NORTE,6045,6045,0,1779,5877,5877,0,5541,5541,0,4854,3910,944,19.447878038730945,588,12.11372064276885
broad_symmetric,MT,98876,PORTO ESPERIDIÃO,5944,5942,-2,2055,5739,5739,0,5435,5435,0,4747,3559,1188,25.02633242047609,858,18.074573414788286
broad_symmetric,MT,98892,PRIMAVERA DO LESTE,44309,44309,0,8209,43218,43218,0,40192,40192,0,36870,33630,3240,8.787632221318145,770,2.088418768646596
broad_symmetric,MT,98914,RESERVA DO CABAÇAL,1465,1465,0,524,1415,1415,0,1335,1335,0,1082,825,257,23.752310536044362,141,13.031423290203326
broad_symmetric,MT,98930,SORRISO,59713,59713,0,11829,58458,58458,0,54652,54652,0,50307,45104,5203,10.342497068002466,2423,4.816427137376508
broad_symmetric,MT,98957,TERRA NOVA DO NORTE,6971,6970,-1,1873,6773,6773,0,6399,6399,0,5587,4686,901,16.126722749239306,489,8.752461070341864
broad_symmetric,MT,98973,VERA,6174,6174,0,1337,5997,5997,0,5613,5613,0,5140,4507,633,12.315175097276265,303,5.8949416342412455
broad_symmetric,MT,98990,VILA RICA,10315,10313,-2,2213,10024,10024,0,9395,9395,0,8545,7515,1030,12.053832650672907,443,5.184318314803979
broad_symmetric,MT,99015,COMODORO,10499,10499,0,2733,10155,10155,0,9493,9493,0,8350,7135,1215,14.550898203592814,584,6.994011976047904
broad_symmetric,MT,99031,FIGUEIRÓPOLIS D'OESTE,2325,2325,0,416,2249,2249,0,2121,2121,0,1948,1786,162,8.316221765913758,39,2.0020533880903493
broad_symmetric,MT,99058,GUARANTÃ DO NORTE,17632,17631,-1,2696,17235,17235,0,16364,16364,0,14966,14248,718,4.797541093144461,30,0.20045436322330615
broad_symmetric,MT,99074,INDIAVAÍ,1663,1663,0,508,1612,1612,0,1529,1529,0,1318,1046,272,20.637329286798177,163,12.367223065250379
broad_symmetric,RR,03000,CAROEBE,6612,6612,0,1201,6473,6473,0,6351,6351,0,6318,5084,1234,19.531497309275085,907,14.355808800253245
broad_symmetric,RR,03018,BOA VISTA,199571,198762,-809,37547,195194,195194,0,191424,191424,0,187810,148718,39092,20.814653106863318,25786,13.72983334220755
broad_symmetric,RR,03026,IRACEMA,6153,6153,0,1295,5983,5983,0,5897,5897,0,5866,4454,1412,24.0709171496761,1008,17.183770883054894
broad_symmetric,RR,03034,CARACARAÍ,12452,12452,0,2987,12170,12170,0,11962,11962,0,11899,8785,3114,26.170266408941927,2434,20.455500462223718
broad_symmetric,RR,03042,AMAJARI,6520,6520,0,1426,6343,6343,0,6278,6278,0,6258,4707,1551,24.784276126558005,1164,18.60019175455417
broad_symmetric,RR,03050,ALTO ALEGRE,11347,11347,0,2657,11106,11106,0,10923,10923,0,10857,8100,2757,25.393755180989224,2167,19.959473150962513
broad_symmetric,RR,03069,CANTÁ,14635,14635,0,3667,14361,14361,0,14111,14111,0,13995,10224,3771,26.94533762057878,3027,21.629153269024652
broad_symmetric,RR,03077,BONFIM,10091,10091,0,3037,9892,9892,0,9684,9684,0,9601,6661,2940,30.62181022810124,2547,26.528486615977503
broad_symmetric,RR,03085,RORAINÓPOLIS,19054,19054,0,4189,18594,18594,0,18127,18127,0,17983,13842,4141,23.027303564477563,3118,17.338597564366346
broad_symmetric,RR,03093,MUCAJAÍ,12003,12003,0,2022,11734,11734,0,11599,11599,0,11553,9368,2185,18.912836492685884,1572,13.606855362243573
broad_symmetric,RR,03107,UIRAMUTÃ,7926,7926,0,5375,7795,7795,0,7587,7587,0,7056,2353,4703,66.65249433106575,4505,63.84637188208617
broad_symmetric,RR,03115,NORMANDIA,8367,8366,-1,3558,8247,8247,0,8108,8108,0,8002,4501,3501,43.75156210947263,3193,39.90252436890777
broad_symmetric,RR,03123,PACARAIMA,8084,8082,-2,3065,7941,7941,0,7801,7801,0,7621,4713,2908,38.157722083716045,2602,34.14250098412282
broad_symmetric,RR,03131,SÃO JOÃO DA BALIZA,4843,4842,-1,1154,4729,4729,0,4628,4628,0,4599,3400,1199,26.070884974994563,910,19.7869101978691
broad_symmetric,RR,03158,SÃO LUIZ,5114,5114,0,1240,4983,4983,0,4856,4856,0,4825,3581,1244,25.78238341968912,951,19.70984455958549
nonleft_symmetric,MG,40002,ALFREDO VASCONCELOS,5037,5037,0,2215,4701,4701,0,4389,4389,0,3206,2483,723,22.55146600124766,384,11.977542108546475
nonleft_symmetric,MG,40010,ABADIA DOS DOURADOS,4597,4596,-1,1742,4374,4374,0,4215,4215,0,3330,2627,703,21.11111111111111,475,14.264264264264265
nonleft_symmetric,MG,40029,ARAPORÃ,5494,5490,-4,2044,5303,5303,0,5023,5023,0,4169,3252,917,21.995682417846005,719,17.246342048452867
nonleft_symmetric,MG,40037,ABAETÉ,13969,13969,0,4853,13365,13365,0,12914,12914,0,10532,8501,2031,19.28408659323965,1416,13.444739840486138
nonleft_symmetric,MG,40045,BRASILÂNDIA DE MINAS,9458,9456,-2,4395,9176,9176,0,8940,8940,0,6777,4776,2001,29.526339088092076,1714,25.291426885052385
nonleft_symmetric,MG,40053,ABRE CAMPO,9483,9483,0,4657,8920,8920,0,8567,8567,0,6220,4254,1966,31.607717041800644,1394,22.411575562700964
nonleft_symmetric,MG,40061,CAPITÃO ANDRADE,3006,3006,0,1190,2877,2877,0,2878,2878,0,2256,1685,571,25.31028368794326,440,19.50354609929078
nonleft_symmetric,MG,40070,ACAIACA,2683,2683,0,1577,2515,2515,0,2411,2411,0,1355,936,419,30.922509225092252,249,18.376383763837637
nonleft_symmetric,MG,40088,CARNEIRINHO,6153,6151,-2,2543,5943,5943,0,5751,5751,0,4494,3397,1097,24.4103248776146,884,19.670672007120604
nonleft_symmetric,MG,40096,AÇUCENA,5412,5410,-2,2771,5073,5073,0,4811,4811,0,3162,2299,863,27.292852624920936,521,16.476913345983554
nonleft_symmetric,MG,40100,CATUJI,6132,6132,0,3945,5824,5824,0,5692,5692,0,3726,1876,1850,49.651100375738054,1539,41.30434782608695
nonleft_symmetric,MG,40118,ÁGUA BOA,8050,8049,-1,4211,7631,7631,0,7535,7535,0,5465,3417,2048,37.47483989021043,1626,29.752973467520587
nonleft_symmetric,MG,40126,DIVISA ALEGRE,3872,3872,0,2047,3648,3648,0,3556,3556,0,2473,1599,874,35.34169025475131,648,26.202992317023856
nonleft_symmetric,MG,40134,ÁGUA COMPRIDA,2102,2102,0,753,2023,2023,0,1928,1928,0,1552,1270,282,18.170103092783506,203,13.079896907216495
nonleft_symmetric,MG,40142,DIVISÓPOLIS,5252,5252,0,2889,4976,4976,0,4863,4863,0,3635,2082,1553,42.72352132049519,1272,34.99312242090784
nonleft_symmetric,MG,40150,AGUANIL,3305,3305,0,1367,3096,3096,0,2942,2942,0,2323,1723,600,25.82866982350409,385,16.57339647008179
nonleft_symmetric,MG,40169,DURANDÉ,5067,5066,-1,2470,4812,4812,0,4737,4737,0,3480,2340,1140,32.758620689655174,883,25.373563218390803
nonleft_symmetric,MG,40177,ÁGUAS FORMOSAS,11041,11040,-1,5334,10529,10529,0,10326,10326,0,6969,5184,1785,25.61343090830822,1262,18.108767398478978
nonleft_symmetric,MG,40185,ENTRE FOLHAS,4557,4557,0,2073,4383,4383,0,4186,4186,0,2689,2308,381,14.168835998512458,205,7.623651915210115
nonleft_symmetric,MG,40193,ÁGUAS VERMELHAS,7559,7558,-1,4486,7149,7149,0,7053,7053,0,5256,2663,2593,49.33409436834094,2183,41.53348554033486
nonleft_symmetric,MG,40207,FERVEDOURO,6934,6933,-1,3311,6555,6555,0,6420,6420,0,4802,3241,1561,32.50728862973761,1179,24.552269887546856
nonleft_symmetric,MG,40215,AIMORÉS,14096,14089,-7,5379,13582,13582,0,13012,13012,0,9287,8190,1097,11.812210616991493,570,6.137611715300959
nonleft_symmetric,MG,40223,FRANCISCÓPOLIS,3414,3414,0,1982,3243,3243,0,3213,3213,0,2238,1256,982,43.87846291331546,806,36.014298480786415
nonleft_symmetric,MG,40231,AIURUOCA,3792,3792,0,1603,3525,3525,0,3244,3244,0,2139,1908,231,10.799438990182328,0,0.0
nonleft_symmetric,MG,40240,ICARAÍ DE MINAS,6683,6683,0,4311,6514,6514,0,6416,6416,0,3697,2201,1496,40.46524208817961,1325,35.83987016499865
nonleft_symmetric,MG,40258,ALAGOA,2046,2046,0,573,1965,1965,0,1915,1915,0,1646,1389,257,15.613608748481166,173,10.510328068043743
nonleft_symmetric,MG,40266,IPABA,10437,10436,-1,4196,9965,9965,0,9720,9720,0,7389,5761,1628,22.032751387197184,1148,15.536608472053052
nonleft_symmetric,MG,40274,ALBERTINA,2790,2790,0,748,2674,2674,0,2603,2603,0,2266,1924,342,15.092674315975287,224,9.885260370697264
nonleft_symmetric,MG,40282,JAÍBA,20441,20438,-3,10039,19531,19531,0,19039,19039,0,14373,9481,4892,34.0360397968413,3971,27.628191748417173
nonleft_symmetric,MG,40290,ALÉM PARAÍBA,20323,20322,-1,9703,19450,19450,0,18373,18373,0,12098,9715,2383,19.697470656306827,1478,12.216895354604066
nonleft_symmetric,MG,40304,JAMPRUCA,3107,3107,0,1844,2961,2961,0,2877,2877,0,1687,1113,574,34.024896265560166,424,25.133372851215174
nonleft_symmetric,MG,40312,ALFENAS,45855,45854,-1,15031,43642,43642,0,41638,41638,0,30999,28542,2457,7.926062131036485,175,0.5645343398174134
nonleft_symmetric,MG,40320,JUATUBA,19315,19315,0,7798,18102,18102,0,17265,17265,0,12010,10267,1743,14.512905911740216,493,4.1049125728559535
nonleft_symmetric,MG,40339,ALMENARA,22411,22410,-1,14005,21351,21351,0,20714,20714,0,11178,7333,3845,34.39792449454285,2772,24.798711755233494
nonleft_symmetric,MG,40347,LAGOA GRANDE,5868,5867,-1,2480,5688,5688,0,5596,5596,0,4344,3207,1137,26.174033149171272,956,22.007366482504604
nonleft_symmetric,MG,40355,ALPERCATA,4701,4701,0,2182,4500,4500,0,4271,4271,0,2831,2309,522,18.43871423525256,312,11.020840692334865
nonleft_symmetric,MG,40363,LIMEIRA DO OESTE,5254,5254,0,2371,5082,5082,0,4904,4904,0,3699,2707,992,26.818058934847254,816,22.06001622060016
nonleft_symmetric,MG,40371,ALPINÓPOLIS,12536,12535,-1,4443,12001,12001,0,11652,11652,0,9147,7542,1605,17.546736634962283,1054,11.522903684268066
nonleft_symmetric,MG,40380,LONTRA,6276,6276,0,3842,6041,6041,0,5895,5895,0,4341,2198,2143,49.36650541349919,1907,43.92997005298319
nonleft_symmetric,MG,40398,ALTEROSA,9725,9725,0,3615,9286,9286,0,8863,8863,0,6986,5664,1322,18.92356140853135,876,12.539364443172058
nonleft_symmetric,MG,40401,MAMONAS,5028,5028,0,2990,4890,4890,0,4759,4759,0,2837,1898,939,33.09834332040888,799,28.163553048995418
nonleft_symmetric,MG,40410,ALTO RIO DOCE,7171,7171,0,4069,6727,6727,0,6405,6405,0,3965,2652,1313,33.114754098360656,863,21.76544766708701
nonleft_symmetric,MG,40428,MATA VERDE,5810,5810,0,2922,5554,5554,0,5514,5514,0,4430,2630,1800,40.63205417607224,1542,34.808126410835214
nonleft_symmetric,MG,40436,ALVARENGA,3572,3572,0,1710,3462,3462,0,3410,3410,0,1984,1751,233,11.743951612903226,122,6.149193548387097
nonleft_symmetric,MG,40444,MATIAS CARDOSO,5520,5520,0,3616,5326,5326,0,5230,5230,0,2833,1710,1123,39.63995764207554,929,32.792093187433814
nonleft_symmetric,MG,40452,ALVINÓPOLIS,9877,9877,0,5519,9202,9202,0,8543,8543,0,4933,3673,1260,25.54226636934928,575,11.656192986012568
nonleft_symmetric,MG,40460,MONTEZUMA,4492,4492,0,2608,4245,4245,0,4160,4160,0,2557,1631,926,36.2143136488072,673,26.31990614000782
nonleft_symmetric,MG,40479,ALVORADA DE MINAS,3336,3336,0,1913,3109,3109,0,3009,3009,0,2401,1192,1209,50.35401915868388,978,40.73302790503957
nonleft_symmetric,MG,40487,NAQUE,4014,4014,0,2004,3809,3809,0,3675,3675,0,2473,1802,671,27.13303679741205,463,18.722199757379702
nonleft_symmetric,MG,40495,AMPARO DO SERRA,3508,3508,0,2298,3360,3360,0,3193,3193,0,1738,1061,677,38.952819332566165,528,30.379746835443036
nonleft_symmetric,MG,40509,NOVO ORIENTE DE MINAS,6032,6032,0,3540,5578,5578,0,5513,5513,0,3653,2035,1618,44.29236244182864,1161,31.782096906652068
nonleft_symmetric,MG,40517,ANDRADAS,22852,22848,-4,6054,21463,21463,0,20066,20066,0,16204,15378,826,5.097506788447297,0,0.0
nonleft_symmetric,MG,40525,PALMÓPOLIS,4357,4357,0,2651,4055,4055,0,3992,3992,0,2460,1403,1057,42.96747967479675,754,30.650406504065042
nonleft_symmetric,MG,40533,CACHOEIRA DE PAJEÚ,4954,4951,-3,2984,4694,4694,0,4594,4594,0,2950,1708,1242,42.101694915254235,980,33.220338983050844
nonleft_symmetric,MG,40541,PEDRAS DE MARIA DA CRUZ,5735,5735,0,4055,5541,5541,0,5414,5414,0,3031,1484,1547,51.03926096997691,1351,44.57274826789838
nonleft_symmetric,MG,40550,ANDRELÂNDIA,7216,7215,-1,3190,6748,6748,0,6296,6296,0,4192,3550,642,15.314885496183207,166,3.9599236641221376
nonleft_symmetric,MG,40568,PERIQUITO,4670,4670,0,2097,4478,4478,0,4353,4353,0,3063,2378,685,22.36369572314724,490,15.997388181521384
nonleft_symmetric,MG,40576,ANTÔNIO CARLOS,7776,7776,0,4036,7248,7248,0,6645,6645,0,4555,3206,1349,29.61580680570801,815,17.892425905598245
nonleft_symmetric,MG,40584,PONTO DOS VOLANTES,6545,6543,-2,3707,6083,6083,0,5968,5968,0,4320,2368,1952,45.18518518518518,1482,34.30555555555556
nonleft_symmetric,MG,40592,ANTÔNIO DIAS,6790,6790,0,3172,6406,6406,0,6238,6238,0,4406,3232,1174,26.645483431684067,788,17.884702678166136
nonleft_symmetric,MG,40606,RIACHINHO,4532,4528,-4,2241,4370,4370,0,4330,4330,0,3578,2128,1450,40.525433202906655,1287,35.96981553940749
nonleft_symmetric,MG,40614,ANTÔNIO PRADO DE MINAS,1551,1551,0,711,1493,1493,0,1453,1453,0,1013,779,234,23.099703849950643,173,17.077986179664364
nonleft_symmetric,MG,40622,ROSÁRIO DA LIMEIRA,3128,4191,1063,1538,2947,2947,0,3752,3752,0,2732,1407,1325,48.49926793557833,1142,41.800878477306
nonleft_symmetric,MG,40630,ARAÇAÍ,2208,2208,0,998,2103,2103,0,2017,2017,0,1480,1104,376,25.405405405405407,270,18.243243243243242
nonleft_symmetric,MG,40649,SANTA BÁRBARA DO LESTE,5555,5555,0,2273,5206,5206,0,4994,4994,0,3615,2929,686,18.976486860304288,333,9.21161825726141
nonleft_symmetric,MG,40657,ARACITABA,2130,2130,0,1061,1987,1987,0,1940,1940,0,1468,924,544,37.05722070844686,399,27.17983651226158
nonleft_symmetric,MG,40665,SANTA RITA DE MINAS,4733,4733,0,1949,4445,4445,0,4317,4317,0,3415,2493,922,26.998535871156662,631,18.47730600292826
nonleft_symmetric,MG,40673,ARAÇUAÍ,19735,19732,-3,11299,18847,18847,0,18098,18098,0,10368,7531,2837,27.36304012345679,1932,18.63425925925926
nonleft_symmetric,MG,40681,SANTANA DO PARAÍSO,19903,19903,0,6686,19209,19209,0,18648,18648,0,14344,12503,1841,12.834634690462911,1127,7.856943669827105
nonleft_symmetric,MG,40690,ARAGUARI,69735,69735,0,20925,66984,66984,0,63815,63815,0,52676,45972,6704,12.726858531399499,3866,7.339205710380439
nonleft_symmetric,MG,40703,SÃO JOÃO DA LAGOA,3925,3925,0,2405,3772,3772,0,3658,3658,0,2430,1364,1066,43.86831275720164,910,37.44855967078189
nonleft_symmetric,MG,40711,ARANTINA,2240,2240,0,1167,2095,2095,0,2009,2009,0,1247,925,322,25.82197273456295,174,13.953488372093023
nonleft_symmetric,MG,40720,SÃO JOÃO DO MANHUAÇU,7770,7770,0,3126,7487,7487,0,7362,7362,0,5774,4361,1413,24.471770003463803,1130,19.570488396259094
nonleft_symmetric,MG,40738,ARAPONGA,5353,5353,0,3282,4914,4914,0,4703,4703,0,2986,1624,1362,45.612860013395846,915,30.643000669792364
nonleft_symmetric,MG,40746,SÃO JOÃO DO MANTENINHA,4216,4215,-1,1875,4097,4097,0,3994,3994,0,2891,2216,675,23.348322379799377,550,19.024558976132827
nonleft_symmetric,MG,40754,ARAPUÁ,2711,2711,0,703,2548,2548,0,2548,2548,0,2250,1836,414,18.4,242,10.755555555555556
nonleft_symmetric,MG,40762,SÃO JOÃO DO PACUÍ,2923,2923,0,1986,2828,2828,0,2762,2762,0,1681,840,841,50.02974419988102,744,44.25936942296252
nonleft_symmetric,MG,40770,ARAÚJOS,5551,5551,0,1557,5313,5313,0,5176,5176,0,4357,3749,608,13.954555887078264,363,8.331420702318109
nonleft_symmetric,MG,40789,SÃO JOSÉ DA LAPA,16356,16356,0,5944,15503,15503,0,14886,14886,0,10636,9535,1101,10.351635953365927,224,2.1060549078600976
nonleft_symmetric,MG,40797,ARAXÁ,63006,63006,0,21347,59879,59879,0,56729,56729,0,44956,38460,6496,14.449684135599252,3297,7.333837530029362
nonleft_symmetric,MG,40800,SARZEDO,21426,21426,0,7093,20154,20154,0,19121,19121,0,14021,13031,990,7.060837315455388,0,0.0
nonleft_symmetric,MG,40819,ARCEBURGO,6043,6039,-4,1988,5668,5668,0,5238,5238,0,3898,3675,223,5.720882503848127,0,0.0
nonleft_symmetric,MG,40827,SEM PEIXE,2653,2653,0,1534,2527,2527,0,2424,2424,0,1633,991,642,39.314145744029396,514,31.47581139007961
nonleft_symmetric,MG,40835,ARCOS,26302,26302,0,8408,24832,24832,0,23435,23435,0,18315,16401,1914,10.45045045045045,421,2.2986622986622987
nonleft_symmetric,MG,40843,SENADOR AMARAL,4778,4778,0,1372,4589,4589,0,4418,4418,0,3571,3211,360,10.08120974516942,165,4.620554466535984
nonleft_symmetric,MG,40851,AREADO,9048,9047,-1,2900,8584,8584,0,8163,8163,0,6618,5675,943,14.249017830160168,470,7.101843457237837
nonleft_symmetric,MG,40860,UBAPORANGA,8231,8231,0,3185,7902,7902,0,7606,7606,0,5447,4716,731,13.420231319992656,401,7.361850559941252
nonleft_symmetric,MG,40878,ARGIRITA,2438,2438,0,1434,2360,2360,0,2252,2252,0,1142,926,216,18.914185639229423,138,12.084063047285465
nonleft_symmetric,MG,40886,URUCUIA,5768,5765,-3,3034,5554,5554,0,5495,5495,0,4224,2516,1708,40.43560606060606,1490,35.27462121212121
nonleft_symmetric,MG,40894,ARINOS,10322,10307,-15,5115,9895,9895,0,9706,9706,0,6958,4776,2182,31.35958608795631,1751,25.165277378557057
nonleft_symmetric,MG,40908,VARGEM ALEGRE,4195,4195,0,1956,3990,3990,0,3851,3851,0,2442,2031,411,16.83046683046683,203,8.312858312858312
nonleft_symmetric,MG,40916,ASTOLFO DUTRA,8655,8655,0,3703,8265,8265,0,7870,7870,0,5577,4558,1019,18.271472117625965,625,11.206741975972745
nonleft_symmetric,MG,40924,JOSENÓPOLIS,2383,2383,0,1424,2212,2212,0,2248,2248,0,1810,788,1022,56.46408839779006,851,47.01657458563536
nonleft_symmetric,MG,40932,ATALÉIA,7658,7658,0,4475,7317,7317,0,7243,7243,0,4845,2836,2009,41.46542827657379,1662,34.303405572755416
nonleft_symmetric,MG,40940,JUVENÍLIA,3927,3927,0,2241,3761,3761,0,3711,3711,0,2682,1516,1166,43.475018642803875,996,37.13646532438479
nonleft_symmetric,MG,40959,AUGUSTO DE LIMA,3101,3101,0,1501,2947,2947,0,2878,2878,0,1995,1443,552,27.669172932330827,395,19.79949874686717
nonleft_symmetric,MG,40967,LEME DO PRADO,3065,3065,0,1899,2926,2926,0,2837,2837,0,1839,1026,813,44.208809135399676,673,36.59597607395324
nonleft_symmetric,MG,40975,BAEPENDI,12336,12336,0,3846,11735,11735,0,11288,11288,0,8930,7873,1057,11.836506159014558,440,4.927211646136618
nonleft_symmetric,MG,40983,LUISBURGO,4645,4644,-1,1632,4450,4450,0,4341,4341,0,3494,2816,678,19.404693760732684,481,13.766456783056668
nonleft_symmetric,MG,40991,BALDIM,5685,5685,0,2375,5405,5405,0,5300,5300,0,4065,3020,1045,25.707257072570727,755,18.57318573185732
nonleft_symmetric,MG,41009,LUISLÂNDIA,4856,4856,0,3584,4708,4708,0,4640,4640,0,2594,1123,1471,56.707787201233614,1322,50.96376252891287
nonleft_symmetric,MG,41017,BAMBUÍ,14059,14059,0,5851,13270,13270,0,12707,12707,0,9456,7401,2055,21.732233502538072,1248,13.197969543147208
nonleft_symmetric,MG,41025,MÁRIO CAMPOS,9817,9817,0,3583,9155,9155,0,8679,8679,0,6245,5551,694,11.1128903122498,11,0.17614091273018415
nonleft_symmetric,MG,41033,BANDEIRA,3218,3218,0,2237,2982,2982,0,2996,2996,0,2186,745,1441,65.91948764867338,1205,55.123513266239705
nonleft_symmetric,MG,41041,MARTINS SOARES,6323,6322,-1,2912,6033,6033,0,5805,5805,0,3993,3118,875,21.913348359629353,582,14.575507137490609
nonleft_symmetric,MG,41050,BANDEIRA DO SUL,4136,4136,0,1359,3944,3944,0,3772,3772,0,2949,2579,370,12.546625974906748,172,5.832485588335029
nonleft_symmetric,MG,41068,MIRAVÂNIA,2728,2728,0,1747,2588,2588,0,2529,2529,0,1743,840,903,51.80722891566265,762,43.71772805507745
nonleft_symmetric,MG,41076,BARÃO DE COCAIS,19178,19176,-2,7920,17714,17714,0,16504,16504,0,11645,9752,1893,16.255903821382567,387,3.323314727350794
nonleft_symmetric,MG,41084,MONTE FORMOSO,3069,3069,0,1968,2857,2857,0,2839,2839,0,1931,886,1045,54.11703780424651,830,42.982910409114446
nonleft_symmetric,MG,41092,BARÃO DE MONTE ALTO,4270,4270,0,2394,4116,4116,0,4007,4007,0,2521,1721,800,31.733439111463706,645,25.585085283617612
nonleft_symmetric,MG,41106,NATALÂNDIA,2743,2743,0,1319,2660,2660,0,2619,2619,0,1931,1338,593,30.709476954945625,507,26.255825996892803
nonleft_symmetric,MG,41114,BARBACENA,78398,78398,0,35266,73323,73323,0,66394,66394,0,43298,37929,5369,12.400110859624002,166,0.3833895330038339
nonleft_symmetric,MG,41122,NINHEIRA,6286,6284,-2,3440,5809,5809,0,5781,5781,0,4789,2366,2423,50.59511380246398,1943,40.57214449780748
nonleft_symmetric,MG,41130,BARRA LONGA,4133,4133,0,2513,3865,3865,0,3664,3664,0,2248,1351,897,39.90213523131673,628,27.93594306049822
nonleft_symmetric,MG,41149,NOVA BELÉM,2678,2678,0,1258,2559,2559,0,2475,2475,0,1967,1300,667,33.90950686324352,547,27.80884595831215
nonleft_symmetric,MG,41157,TRÊS MARIAS,18101,18101,0,7107,17115,17115,0,16445,16445,0,12536,9990,2546,20.309508615188257,1542,12.300574345883854
nonleft_symmetric,MG,41165,NOVA PORTEIRINHA,5030,5030,0,2737,4820,4820,0,4641,4641,0,3008,2081,927,30.81781914893617,715,23.76994680851064
nonleft_symmetric,MG,41173,BARROSO,13791,13791,0,6454,12656,12656,0,11266,11266,0,7309,6190,1119,15.309891914078534,0,0.0
nonleft_symmetric,MG,41181,NOVORIZONTE,3721,3721,0,1877,3475,3475,0,3480,3480,0,2692,1595,1097,40.75037147102526,848,31.500742942050522
nonleft_symmetric,MG,41190,BELA VISTA DE MINAS,6598,6598,0,3508,6240,6240,0,5890,5890,0,3605,2723,882,24.466019417475728,515,14.285714285714286
nonleft_symmetric,MG,41203,OLHOS D'ÁGUA,4034,4034,0,2554,3876,3876,0,3814,3814,0,1631,1319,312,19.129368485591662,151,9.258123850398528
nonleft_symmetric,MG,41211,BELMIRO BRAGA,2593,2593,0,1470,2497,2497,0,2421,2421,0,1593,1027,566,35.530445699937225,470,29.50408035153798
nonleft_symmetric,MG,41220,ORATÓRIOS,3455,3455,0,2241,3253,3253,0,3042,3042,0,1648,1012,636,38.592233009708735,434,26.33495145631068
nonleft_symmetric,MG,41238,BELO HORIZONTE,1502632,1498876,-3756,592037,1430488,1430488,0,1382936,1382936,0,833814,834196,0,0.0,0,0.0
nonleft_symmetric,MG,41246,ORIZÂNIA,5181,5180,-1,2489,5000,5000,0,4872,4872,0,3625,2508,1117,30.813793103448276,933,25.73793103448276
nonleft_symmetric,MG,41254,BELO ORIENTE,15361,15360,-1,6621,14627,14627,0,14054,14054,0,10257,7994,2263,22.062981378570733,1517,14.789899580774106
nonleft_symmetric,MG,41262,PADRE CARVALHO,3276,3276,0,1940,3112,3112,0,3094,3094,0,2400,1170,1230,51.25,1064,44.333333333333336
nonleft_symmetric,MG,41270,BELO VALE,6828,6828,0,3205,6455,6455,0,6107,6107,0,3975,3243,732,18.41509433962264,352,8.855345911949685
nonleft_symmetric,MG,41289,PAI PEDRO,4178,4178,0,2736,3972,3972,0,3879,3879,0,2438,1232,1206,49.4667760459393,996,40.85315832649713
nonleft_symmetric,MG,41297,BERILO,6020,6020,0,3957,5630,5630,0,5475,5475,0,3293,1671,1622,49.255997570604315,1230,37.35195870027331
nonleft_symmetric,MG,41300,PATIS,3921,3921,0,2727,3769,3769,0,3760,3760,0,2675,1039,1636,61.1588785046729,1481,55.36448598130841
nonleft_symmetric,MG,41319,BERTÓPOLIS,3094,3094,0,1961,2975,2975,0,2901,2901,0,1282,1011,271,21.138845553822154,149,11.622464898595943
nonleft_symmetric,MG,41327,PEDRA BONITA,5120,5120,0,2172,4849,4849,0,4835,4835,0,3709,2675,1034,27.878134267996764,761,20.517659746562416
nonleft_symmetric,MG,41335,BETIM,247276,247033,-243,95603,231975,231975,0,217840,217840,0,145670,135911,9759,6.699389029999313,0,0.0
nonleft_symmetric,MG,41343,PIEDADE DE CARATINGA,5984,5984,0,2231,5686,5686,0,5531,5531,0,4420,3453,967,21.877828054298643,667,15.09049773755656
nonleft_symmetric,MG,41351,BIAS FORTES,2828,2828,0,1690,2660,2660,0,2521,2521,0,1503,967,536,35.66200931470392,365,24.28476380572189
nonleft_symmetric,MG,41360,PINGO D'ÁGUA,3129,3129,0,1670,2955,2955,0,2765,2765,0,1822,1282,540,29.637760702524698,363,19.923161361141602
nonleft_symmetric,MG,41378,BICAS,8861,8861,0,3949,8451,8451,0,7942,7942,0,4976,4494,482,9.686495176848874,64,1.2861736334405145
nonleft_symmetric,MG,41386,PINTÓPOLIS,4537,4537,0,2798,4353,4353,0,4270,4270,0,3303,1553,1750,52.9821374508023,1564,47.350893127459884
nonleft_symmetric,MG,41394,BIQUINHAS,2023,2023,0,836,1917,1917,0,1895,1895,0,1536,1080,456,29.6875,349,22.721354166666668
nonleft_symmetric,MG,41408,PONTO CHIQUE,2700,2700,0,1871,2583,2583,0,2588,2588,0,1582,709,873,55.18331226295828,753,47.59797724399494
nonleft_symmetric,MG,41416,BOA ESPERANÇA,24278,24277,-1,9021,23115,23115,0,21728,21728,0,16249,14066,2183,13.434672902947874,992,6.10499107637393
nonleft_symmetric,MG,41424,REDUTO,4484,4484,0,1916,4316,4316,0,4141,4141,0,3001,2395,606,20.193268910363212,433,14.428523825391537
nonleft_symmetric,MG,41432,BOCAINA DE MINAS,3389,3389,0,1360,3196,3196,0,3032,3032,0,2240,1831,409,18.258928571428573,211,9.419642857142858
nonleft_symmetric,MG,41440,SANTA BÁRBARA DO MONTE VERDE,2790,2790,0,1422,2669,2669,0,2597,2597,0,1620,1243,377,23.271604938271604,252,15.555555555555555
nonleft_symmetric,MG,41459,BOCAIÚVA,27974,27974,0,16819,26680,26680,0,25650,25650,0,12061,9844,2217,18.381560401293424,906,7.511814940718017
nonleft_symmetric,MG,41467,SANTA CRUZ DE MINAS,5278,5278,0,1881,4967,4967,0,4653,4653,0,3384,3067,317,9.367612293144209,0,0.0
nonleft_symmetric,MG,41475,BOM DESPACHO,29939,29939,0,7553,28389,28389,0,27358,27358,0,22551,20786,1765,7.826703915569154,165,0.7316748702940002
nonleft_symmetric,MG,41483,SANTA CRUZ DE SALINAS,3155,3155,0,2175,2955,2955,0,2929,2929,0,2143,777,1366,63.74241717218852,1163,54.269715352309845
nonleft_symmetric,MG,41491,BOM JARDIM DE MINAS,4986,4986,0,2288,4727,4727,0,4464,4464,0,3080,2435,645,20.941558441558442,382,12.402597402597403
nonleft_symmetric,MG,41505,SANTA HELENA DE MINAS,4022,4022,0,2539,3818,3818,0,3767,3767,0,1972,1277,695,35.24340770791075,489,24.797160243407706
nonleft_symmetric,MG,41513,BOM JESUS DA PENHA,2935,2935,0,882,2807,2807,0,2718,2718,0,2252,1922,330,14.653641207815275,199,8.83658969804618
nonleft_symmetric,MG,41521,SANTO ANTÔNIO DO RETIRO,4979,4979,0,3076,4739,4739,0,4718,4718,0,3446,1661,1785,51.79918746372606,1543,44.77655252466628
nonleft_symmetric,MG,41530,BOM JESUS DO AMPARO,3935,3935,0,1900,3673,3673,0,3512,3512,0,2418,1769,649,26.840363937138132,383,15.839536807278742
nonleft_symmetric,MG,41548,SÃO DOMINGOS DAS DORES,4751,4751,0,1929,4559,4559,0,4478,4478,0,3019,2625,394,13.050679032792315,197,6.525339516396158
nonleft_symmetric,MG,41556,BOM JESUS DO GALHO,8636,9453,817,3925,8129,8129,0,8653,8653,0,5753,4198,1555,27.02937597775074,1042,18.112289240396315
nonleft_symmetric,MG,41564,SÃO FÉLIX DE MINAS,2762,2761,-1,1177,2662,2662,0,2604,2604,0,1931,1482,449,23.252200932159504,346,17.918177110305542
nonleft_symmetric,MG,41572,BOM REPOUSO,8264,8264,0,3018,7824,7824,0,7519,7519,0,6004,4800,1204,20.05329780146569,758,12.62491672218521
nonleft_symmetric,MG,41580,SÃO GERALDO DO BAIXIO,2428,2428,0,1024,2294,2294,0,2304,2304,0,1883,1268,615,32.66064790228359,479,25.43813064259161
nonleft_symmetric,MG,41599,BOM SUCESSO,11063,11063,0,4823,10298,10298,0,9825,9825,0,7190,5457,1733,24.102920723226703,950,13.21279554937413
nonleft_symmetric,MG,41602,SÃO JOÃO DAS MISSÕES,7496,7496,0,4897,7120,7120,0,6999,6999,0,3144,2215,929,29.548346055979643,545,17.334605597964376
nonleft_symmetric,MG,41610,BONFIM,5596,5596,0,2302,5211,5211,0,4883,4883,0,3324,2905,419,12.605294825511432,30,0.9025270758122743
nonleft_symmetric,MG,41629,SÃO JOAQUIM DE BICAS,19114,19114,0,8138,17953,17953,0,16944,16944,0,11416,9789,1627,14.251927119831816,440,3.854239663629993
nonleft_symmetric,MG,41637,BONFINÓPOLIS DE MINAS,3663,3661,-2,1722,3538,3538,0,3450,3450,0,2516,1815,701,27.86168521462639,575,22.853736089030207
nonleft_symmetric,MG,41645,SÃO JOSÉ DA BARRA,5247,5247,0,1951,5028,5028,0,4885,4885,0,3930,3076,854,21.73027989821883,634,16.1323155216285
nonleft_symmetric,MG,41653,BORDA DA MATA,10648,10648,0,3275,10089,10089,0,9582,9582,0,7803,6802,1001,12.828399333589646,430,5.510701012431117
nonleft_symmetric,MG,41661,ALTO CAPARAÓ,3796,3795,-1,1010,3698,3698,0,3647,3647,0,3065,2687,378,12.33278955954323,279,9.102773246329527
nonleft_symmetric,MG,41670,BOTELHOS,9614,9614,0,4353,9179,9179,0,8757,8757,0,5949,4817,1132,19.028408135821145,688,11.564968902336528
nonleft_symmetric,MG,41688,ANGELÂNDIA,4967,4967,0,2069,4692,4692,0,4647,4647,0,3887,2620,1267,32.5958322613841,989,25.443786982248522
nonleft_symmetric,MG,41696,BOTUMIRIM,2260,4038,1778,1486,2104,2104,0,3734,3734,0,2576,616,1960,76.08695652173913,1802,69.95341614906832
nonleft_symmetric,MG,41700,ARICANDUVA,3782,3782,0,2016,3564,3564,0,3421,3421,0,2482,1545,937,37.75181305398872,716,28.847703464947624
nonleft_symmetric,MG,41718,BRASÍLIA DE MINAS,19651,19651,0,12141,18798,18798,0,18229,18229,0,11367,6640,4727,41.58529075393683,3857,33.93155625934723
nonleft_symmetric,MG,41726,BERIZAL,3356,3356,0,1952,3199,3199,0,3179,3179,0,2442,1240,1202,49.221949221949224,1038,42.5061425061425
nonleft_symmetric,MG,41734,BRÁS PIRES,3291,3291,0,1651,3108,3108,0,2988,2988,0,2063,1452,611,29.617062530295687,423,20.504120213281627
nonleft_symmetric,MG,41742,BONITO DE MINAS,6063,6063,0,4263,5729,5729,0,5648,5648,0,4111,1464,2647,64.38822670882996,2311,56.21503283872537
nonleft_symmetric,MG,41750,BRAÚNAS,3009,3009,0,1494,2809,2809,0,2693,2693,0,1737,1314,423,24.352331606217618,222,12.780656303972366
nonleft_symmetric,MG,41769,BUGRE,3276,3275,-1,1297,3136,3136,0,3105,3105,0,2426,1835,591,24.36108821104699,447,18.425391591096457
nonleft_symmetric,MG,41777,BRAZÓPOLIS,9376,9376,0,3305,8814,8814,0,8327,8327,0,6135,5487,648,10.56234718826406,64,1.0431947840260798
nonleft_symmetric,MG,41785,CABECEIRA GRANDE,4408,4408,0,1680,4256,4256,0,4143,4143,0,3291,2573,718,21.817076876329384,563,17.10726223032513
nonleft_symmetric,MG,41793,BRUMADINHO,27822,27821,-1,10586,26295,26295,0,25282,25282,0,17797,15658,2139,12.018879586447154,561,3.152216665730179
nonleft_symmetric,MG,41807,CAMPO AZUL,3090,3090,0,2083,2991,2991,0,2961,2961,0,1604,908,696,43.39152119700748,597,37.219451371571076
nonleft_symmetric,MG,41815,BUENO BRANDÃO,6580,6580,0,1663,6270,6270,0,5929,5929,0,5025,4602,423,8.417910447761194,108,2.1492537313432836
nonleft_symmetric,MG,41823,CANTAGALO,2699,2699,0,1534,2530,2530,0,2437,2437,0,1667,993,674,40.43191361727654,502,30.113977204559088
nonleft_symmetric,MG,41831,BUENÓPOLIS,5459,5459,0,2762,5168,5168,0,4979,4979,0,3523,2401,1122,31.847856940107864,826,23.44592676695998
nonleft_symmetric,MG,41840,CATAS ALTAS,4007,4007,0,1710,3737,3737,0,3533,3533,0,2381,2008,373,15.665686686266275,84,3.527929441411172
nonleft_symmetric,MG,41858,BURITIS,15278,15273,-5,5572,14829,14829,0,14489,14489,0,11539,9244,2295,19.889071843313978,1833,15.885258687927896
nonleft_symmetric,MG,41866,CATUTI,3563,3563,0,2294,3399,3399,0,3329,3329,0,2029,1103,926,45.63824544110399,760,37.45687530803352
nonleft_symmetric,MG,41874,BURITIZEIRO,15147,15147,0,6943,14130,14130,0,13738,13738,0,10950,7169,3781,34.529680365296805,2746,25.077625570776256
nonleft_symmetric,MG,41882,CHAPADA GAÚCHA,7119,7112,-7,3762,6865,6865,0,6768,6768,0,5291,3100,2191,41.40994140994141,1934,36.55263655263655
nonleft_symmetric,MG,41890,CABO VERDE,7449,7448,-1,3220,7113,7113,0,6783,6783,0,4882,3885,997,20.421958213846786,653,13.375665710774273
nonleft_symmetric,MG,41904,CÔNEGO MARINHO,4748,4748,0,3425,4522,4522,0,4317,4317,0,2765,1095,1670,60.397830018083184,1442,52.151898734177216
nonleft_symmetric,MG,41912,CACHOEIRA DA PRATA,2846,2846,0,1154,2707,2707,0,2630,2630,0,1940,1549,391,20.15463917525773,248,12.783505154639176
nonleft_symmetric,MG,41920,CONFINS,5797,5797,0,2015,5546,5546,0,5397,5397,0,3967,3526,441,11.116712881270482,185,4.663473657675826
nonleft_symmetric,MG,41939,CACHOEIRA DE MINAS,8049,8049,0,2419,7611,7611,0,7306,7306,0,5926,5182,744,12.554843064461695,296,4.994937563280459
nonleft_symmetric,MG,41947,CÓRREGO FUNDO,4457,4457,0,1182,4186,4186,0,3986,3986,0,3328,3001,327,9.825721153846153,53,1.5925480769230769
nonleft_symmetric,MG,41955,CACHOEIRA DOURADA,2016,2016,0,989,1968,1968,0,1902,1902,0,1402,978,424,30.242510699001425,375,26.74750356633381
nonleft_symmetric,MG,41963,CRISÓLITA,3282,3282,0,1927,3114,3114,0,3084,3084,0,1784,1186,598,33.52017937219731,429,24.04708520179372
nonleft_symmetric,MG,41971,CAETANÓPOLIS,7177,7177,0,2479,6728,6728,0,6430,6430,0,4998,4243,755,15.106042416966787,300,6.002400960384153
nonleft_symmetric,MG,41980,CUPARAQUE,3087,3087,0,1028,2993,2993,0,2967,2967,0,2664,1965,699,26.23873873873874,605,22.71021021021021
nonleft_symmetric,MG,41998,CAETÉ,26117,26117,0,11032,24433,24433,0,22847,22847,0,15005,13355,1650,10.996334555148284,0,0.0
nonleft_symmetric,MG,42005,CURRAL DE DENTRO,3234,5024,1790,1757,3063,3063,0,4709,4709,0,3622,1304,2318,63.997791275538376,2145,59.22142462727775
nonleft_symmetric,MG,42013,CAIANA,3532,3532,0,1635,3343,3343,0,3216,3216,0,2461,1704,757,30.759853718000812,564,22.917513206013815
nonleft_symmetric,MG,42021,DELTA,5798,5798,0,2717,5480,5480,0,4931,4931,0,3838,2762,1076,28.035435122459614,757,19.72381448671183
nonleft_symmetric,MG,42030,CAJURI,3867,3867,0,2310,3636,3636,0,3383,3383,0,2402,1317,1085,45.1706910907577,845,35.17901748542881
nonleft_symmetric,MG,42048,DOM BOSCO,2917,2915,-2,1008,2835,2835,0,2800,2800,0,2464,1825,639,25.933441558441558,555,22.524350649350648
nonleft_symmetric,MG,42056,CALDAS,8369,8369,0,2671,7944,7944,0,7537,7537,0,5977,5267,710,11.878868997824997,279,4.667893592103062
nonleft_symmetric,MG,42064,FREI LAGONEGRO,2716,2716,0,1482,2560,2560,0,2510,2510,0,1870,1076,794,42.45989304812834,636,34.01069518716577
nonleft_symmetric,MG,42072,CAMACHO,2563,2563,0,1181,2393,2393,0,2344,2344,0,1845,1211,634,34.363143631436316,463,25.094850948509485
nonleft_symmetric,MG,42080,FRUTA DE LEITE,3286,3286,0,2115,2983,2983,0,2932,2932,0,1692,867,825,48.758865248226954,521,30.7919621749409
nonleft_symmetric,MG,42099,CAMANDUCAIA,13918,13918,0,4556,13118,13118,0,12101,12101,0,9302,8549,753,8.095033326166416,0,0.0
nonleft_symmetric,MG,42102,GAMELEIRAS,3774,3774,0,2319,3649,3649,0,3622,3622,0,2844,1328,1516,53.30520393811533,1389,48.83966244725738
nonleft_symmetric,MG,42110,CAMBUÍ,16922,16922,0,5482,15989,15989,0,14886,14886,0,10933,10492,441,4.033659562791549,0,0.0
nonleft_symmetric,MG,42129,GLAUCILÂNDIA,3222,3222,0,2014,3128,3128,0,2993,2993,0,1736,1113,623,35.88709677419355,528,30.4147465437788
nonleft_symmetric,MG,42137,CAMBUQUIRA,7452,7451,-1,3008,6996,6996,0,6644,6644,0,5004,3979,1025,20.48361310951239,560,11.191047162270184
nonleft_symmetric,MG,42145,GOIABEIRA,2354,2354,0,825,2252,2252,0,2220,2220,0,1908,1425,483,25.31446540880503,379,19.863731656184488
nonleft_symmetric,MG,42153,CAMPANÁRIO,2388,2388,0,1392,2270,2270,0,2214,2214,0,1421,877,544,38.28289936664321,425,29.908515130190008
nonleft_symmetric,MG,42161,GOIANÁ,3442,3442,0,1536,3295,3295,0,3158,3158,0,2046,1750,296,14.467253176930596,140,6.842619745845552
nonleft_symmetric,MG,42170,CAMPANHA,9480,9479,-1,2706,8971,8971,0,8457,8457,0,6577,6246,331,5.032689676144138,0,0.0
nonleft_symmetric,MG,42188,GUARACIAMA,4164,4164,0,3123,4019,4019,0,3904,3904,0,1682,895,787,46.789536266349586,641,38.10939357907253
nonleft_symmetric,MG,42196,CAMPESTRE,12997,12996,-1,3891,12228,12228,0,11555,11555,0,9465,8323,1142,12.065504490227152,359,3.792921288959324
nonleft_symmetric,MG,42200,IBIRACATU,4108,4107,-1,2971,3956,3956,0,3870,3870,0,1744,984,760,43.57798165137615,607,34.805045871559635
nonleft_symmetric,MG,42218,CAMPINA VERDE,11012,11010,-2,4202,10603,10603,0,10171,10171,0,7961,6395,1566,19.67089561612863,1151,14.457982665494285
nonleft_symmetric,MG,42226,IMBÉ DE MINAS,4487,4486,-1,2254,4327,4327,0,4244,4244,0,2744,2070,674,24.56268221574344,511,18.622448979591837
nonleft_symmetric,MG,42234,CAMPO BELO,29228,29228,0,9729,27488,27488,0,25980,25980,0,20759,17734,3025,14.571992870562166,1260,6.06965653451515
nonleft_symmetric,MG,42242,INDAIABIRA,4574,4574,0,2280,4361,4361,0,4339,4339,0,3205,2079,1126,35.13260530421217,911,28.42433697347894
nonleft_symmetric,MG,42250,CAMPO DO MEIO,7950,7950,0,3889,7564,7564,0,7222,7222,0,4580,3674,906,19.78165938864629,519,11.331877729257641
nonleft_symmetric,MG,42269,JAPONVAR,6336,6336,0,4222,5981,5981,0,5884,5884,0,3706,1757,1949,52.59039395574744,1592,42.957366432811654
nonleft_symmetric,MG,42277,CAMPO FLORIDO,5085,5085,0,2096,4910,4910,0,4737,4737,0,3657,2810,847,23.16106097894449,668,18.266338528848785
nonleft_symmetric,MG,42285,JENIPAPO DE MINAS,3823,3823,0,2286,3568,3568,0,3542,3542,0,2344,1281,1063,45.34982935153584,807,34.4283276450512
nonleft_symmetric,MG,42293,CAMPOS ALTOS,7016,7016,0,2237,6672,6672,0,6417,6417,0,5381,4433,948,17.617543207582234,602,11.18751161494146
nonleft_symmetric,MG,42307,JOSÉ GONÇALVES DE MINAS,2711,2711,0,1579,2540,2540,0,2532,2532,0,2034,957,1077,52.94985250737463,902,44.346116027531956
nonleft_symmetric,MG,42315,CAMPOS GERAIS,15354,15353,-1,5690,14491,14491,0,13761,13761,0,10715,8782,1933,18.040130657956137,1051,9.808679421371908
nonleft_symmetric,MG,42323,JOSÉ RAYDAN,2919,2919,0,1575,2755,2755,0,2710,2710,0,1892,1177,715,37.7906976744186,548,28.964059196617335
nonleft_symmetric,MG,42331,CANAÃ,3690,3690,0,2262,3476,3476,0,3326,3326,0,2076,1211,865,41.666666666666664,648,31.213872832369944
nonleft_symmetric,MG,42340,SÃO SEBASTIÃO DA VARGEM ALEGRE,2447,2446,-1,1104,2314,2314,0,2216,2216,0,1704,1208,496,29.107981220657276,361,21.185446009389672
nonleft_symmetric,MG,42358,CANÁPOLIS,6477,6474,-3,3266,6262,6262,0,5941,5941,0,3971,2991,980,24.678922185847394,760,19.138755980861244
nonleft_symmetric,MG,42366,SÃO SEBASTIÃO DO ANTA,4238,4238,0,1644,4031,4031,0,4008,4008,0,3075,2385,690,22.4390243902439,481,15.642276422764228
nonleft_symmetric,MG,42374,CANA VERDE,3989,3989,0,1695,3795,3795,0,3649,3649,0,2882,2091,791,27.446217904233173,588,20.402498265093683
nonleft_symmetric,MG,42382,SERRANÓPOLIS DE MINAS,3227,3227,0,1967,3080,3080,0,3027,3027,0,1609,1112,497,30.888750776880048,349,21.690490988191424
nonleft_symmetric,MG,42390,CANDEIAS,9101,9101,0,3411,8329,8329,0,7714,7714,0,6070,4906,1164,19.176276771004943,380,6.260296540362439
nonleft_symmetric,MG,42404,SETUBINHA,6219,6219,0,3959,5782,5782,0,5728,5728,0,4260,1817,2443,57.347417840375584,2000,46.948356807511736
nonleft_symmetric,MG,42412,CAPARAÓ,3609,3607,-2,1219,3461,3461,0,3377,3377,0,2812,2239,573,20.376955903271693,422,15.007112375533428
nonleft_symmetric,MG,42420,TAPARUBA,3026,3026,0,1544,2907,2907,0,2877,2877,0,1986,1361,625,31.47029204431017,504,25.377643504531722
nonleft_symmetric,MG,42439,CAPELA NOVA,3797,3797,0,1935,3467,3467,0,3240,3240,0,2153,1530,623,28.93636785880167,291,13.516024152345564
nonleft_symmetric,MG,42447,UNIÃO DE MINAS,2431,2431,0,1185,2375,2375,0,2304,2304,0,1639,1188,451,27.516778523489933,393,23.978035387431362
nonleft_symmetric,MG,42455,CAPELINHA,23167,23166,-1,9706,21867,21867,0,21137,21137,0,16099,12152,3947,24.517050748493695,2638,16.38611093856761
nonleft_symmetric,MG,42463,URUANA DE MINAS,2721,2721,0,1099,2619,2619,0,2622,2622,0,2233,1520,713,31.930138826690552,611,27.36229287953426
nonleft_symmetric,MG,42471,CAPETINGA,4135,4135,0,1597,3907,3907,0,3730,3730,0,3001,2307,694,23.125624791736087,463,15.42819060313229
nonleft_symmetric,MG,42480,VARGEM GRANDE DO RIO PARDO,3265,3265,0,1399,3137,3137,0,3115,3115,0,2522,1736,786,31.165741475019825,656,26.011102299762094
nonleft_symmetric,MG,42498,CAPIM BRANCO,6827,6827,0,2411,6433,6433,0,6170,6170,0,4759,4014,745,15.654549275057786,343,7.2073965118722425
nonleft_symmetric,MG,42501,VARJÃO DE MINAS,5202,5202,0,1998,4993,4993,0,4886,4886,0,4186,2994,1192,28.475871954132824,982,23.45914954610607
nonleft_symmetric,MG,42510,CAPINÓPOLIS,8920,8920,0,3898,8641,8641,0,8353,8353,0,6243,4737,1506,24.123017779913503,1221,19.557904853435847
nonleft_symmetric,MG,42528,VERDELÂNDIA,5108,5108,0,3283,4883,4883,0,4745,4745,0,2659,1597,1062,39.93982700263257,834,31.365174877773597
nonleft_symmetric,MG,42536,CAPITÃO ENÉAS,9795,9795,0,5945,9286,9286,0,8867,8867,0,6044,3334,2710,44.83785572468564,2194,36.30046326935804
nonleft_symmetric,MG,42544,VEREDINHA,3963,3963,0,2210,3765,3765,0,3705,3705,0,2475,1555,920,37.17171717171717,722,29.171717171717173
nonleft_symmetric,MG,42552,CAPITÓLIO,6184,6184,0,1824,5934,5934,0,5792,5792,0,4592,4103,489,10.648954703832752,232,5.052264808362369
nonleft_symmetric,MG,42560,VERMELHO NOVO,3894,3894,0,1851,3657,3657,0,3486,3486,0,2326,1804,522,22.44196044711952,283,12.166809974204643
nonleft_symmetric,MG,42579,CAPUTIRA,6539,6539,0,3284,6131,6131,0,5788,5788,0,3865,2841,1024,26.494178525226392,610,15.782664941785253
nonleft_symmetric,MG,42587,TOCOS DO MOJI,3482,3482,0,1430,3292,3292,0,3152,3152,0,2430,1859,571,23.497942386831276,378,15.555555555555555
nonleft_symmetric,MG,42595,CARAÍ,10639,10639,0,6827,9890,9890,0,9609,9609,0,5568,3052,2516,45.1867816091954,1756,31.53735632183908
nonleft_symmetric,MG,42617,CARANAÍBA,2753,2753,0,1276,2535,2535,0,2426,2426,0,1855,1257,598,32.23719676549865,378,20.37735849056604
nonleft_symmetric,MG,42633,CARANDAÍ,16996,16996,0,7083,15661,15661,0,14118,14118,0,9698,8567,1131,11.662198391420912,0,0.0
nonleft_symmetric,MG,42650,CARANGOLA,18200,18197,-3,8137,17355,17355,0,16574,16574,0,11294,9201,2093,18.531963874623695,1231,10.899592704090667
nonleft_symmetric,MG,42676,CARATINGA,47222,47221,-1,18714,45035,45035,0,42671,42671,0,30065,26276,3789,12.602694162647596,1557,5.178779311491768
nonleft_symmetric,MG,42692,CARBONITA,5955,5954,-1,2789,5558,5558,0,5459,5459,0,3891,2764,1127,28.964276535594962,725,18.632742225648933
nonleft_symmetric,MG,42714,CAREAÇU,4200,4200,0,1509,4035,4035,0,3871,3871,0,3034,2524,510,16.809492419248517,343,11.305207646671061
nonleft_symmetric,MG,42730,CARLOS CHAGAS,11190,11187,-3,5856,10604,10604,0,10348,10348,0,7778,4743,3035,39.02031370532271,2444,31.421959372589356
nonleft_symmetric,MG,42757,CARMÉSIA,1946,1945,-1,1007,1844,1844,0,1814,1814,0,1301,836,465,35.74173712528824,362,27.824750192159875
nonleft_symmetric,MG,42773,CARMO DA CACHOEIRA,6991,6991,0,3310,6492,6492,0,6132,6132,0,4354,3180,1174,26.96371152962793,673,15.457050987597611
nonleft_symmetric,MG,42790,CARMO DA MATA,7648,7648,0,3618,7159,7159,0,6678,6678,0,4595,3531,1064,23.155603917301416,565,12.295973884657236
nonleft_symmetric,MG,42811,CARMO DE MINAS,7695,7695,0,2866,7203,7203,0,6928,6928,0,5439,4333,1106,20.334620334620336,610,11.215296929582644
nonleft_symmetric,MG,42838,CARMO DO CAJURU,15442,15442,0,5213,14645,14645,0,14072,14072,0,11142,9413,1729,15.517860348231915,913,8.194220068210376
nonleft_symmetric,MG,42854,CARMO DO PARANAÍBA,17026,17024,-2,4509,16171,16171,0,15541,15541,0,13249,11648,1601,12.08393086270662,732,5.524945278888973
nonleft_symmetric,MG,42870,CARMO DO RIO CLARO,12322,12322,0,3987,11773,11773,0,11336,11336,0,9208,7775,1433,15.562554300608166,873,9.480886185925282
nonleft_symmetric,MG,42897,CARMÓPOLIS DE MINAS,11785,11785,0,4392,11207,11207,0,10668,10668,0,7908,6811,1097,13.87202832574608,515,6.5123925139099645
nonleft_symmetric,MG,42919,CARRANCAS,2657,2657,0,1085,2514,2514,0,2423,2423,0,1724,1428,296,17.16937354988399,152,8.816705336426914
nonleft_symmetric,MG,42935,CARVALHÓPOLIS,2675,2675,0,948,2542,2542,0,2429,2429,0,1803,1594,209,11.591791458679978,76,4.215196894065446
nonleft_symmetric,MG,42951,CARVALHOS,3264,3264,0,1343,2980,2980,0,2772,2772,0,2153,1636,517,24.013005109150022,232,10.7756618671621
nonleft_symmetric,MG,42978,CASA GRANDE,2462,2462,0,822,2355,2355,0,2266,2266,0,1738,1531,207,11.9102416570771,98,5.638665132336018
nonleft_symmetric,MG,42994,CASCALHO RICO,2919,2919,0,1035,2823,2823,0,2698,2698,0,2212,1787,425,19.213381555153706,328,14.828209764918626
nonleft_symmetric,MG,43010,CÁSSIA,9792,9792,0,3791,9279,9279,0,8773,8773,0,6635,5478,1157,17.437829691032405,634,9.555388093443858
nonleft_symmetric,MG,43036,CONCEIÇÃO DA BARRA DE MINAS,2992,2992,0,1299,2809,2809,0,2672,2672,0,2059,1505,554,26.90626517727052,366,17.7756192326372
nonleft_symmetric,MG,43052,CATAGUASES,39504,39503,-1,20582,37632,37632,0,35101,35101,0,20604,17020,3584,17.394680644535043,1682,8.163463405164046
nonleft_symmetric,MG,43079,CATAS ALTAS DA NORUEGA,3189,3189,0,1675,2990,2990,0,2861,2861,0,1972,1311,661,33.51926977687627,458,23.225152129817445
nonleft_symmetric,MG,43095,CAXAMBU,12585,12585,0,5437,11949,11949,0,11344,11344,0,7994,6493,1501,18.77658243682762,846,10.582937202902176
nonleft_symmetric,MG,43117,CEDRO DO ABAETÉ,1026,1026,0,393,990,990,0,972,972,0,870,596,274,31.49425287356322,237,27.24137931034483
nonleft_symmetric,MG,43133,CENTRAL DE MINAS,4437,4437,0,1874,4246,4246,0,4080,4080,0,3074,2367,707,22.99934938191282,511,16.623292127521147
nonleft_symmetric,MG,43150,CENTRALINA,5946,5946,0,3107,5728,5728,0,5299,5299,0,3553,2617,936,26.34393470306783,714,20.095693779904305
nonleft_symmetric,MG,43176,CHÁCARA,3452,3452,0,1532,3326,3326,0,3220,3220,0,2428,1793,635,26.15321252059308,508,20.922570016474463
nonleft_symmetric,MG,43192,CHALÉ,4353,4349,-4,1942,4161,4161,0,4095,4095,0,2925,2217,708,24.205128205128204,514,17.572649572649574
nonleft_symmetric,MG,43214,CHAPADA DO NORTE,5807,5807,0,4207,5459,5459,0,5378,5378,0,3032,1248,1784,58.83905013192612,1432,47.229551451187334
nonleft_symmetric,MG,43230,CHIADOR,2611,2611,0,1046,2465,2465,0,2383,2383,0,1959,1417,542,27.667177131189383,394,20.112302194997447
nonleft_symmetric,MG,43257,CIPOTÂNEA,3932,3932,0,1985,3649,3649,0,3454,3454,0,2506,1661,845,33.719074221867515,559,22.306464485235434
nonleft_symmetric,MG,43273,CLARAVAL,4011,4009,-2,1004,3901,3901,0,3748,3748,0,3317,2895,422,12.722339463370515,310,9.345794392523365
nonleft_symmetric,MG,43290,CLARO DOS POÇÕES,5807,5807,0,2890,5515,5515,0,5356,5356,0,3535,2620,915,25.884016973125885,618,17.48231966053748
nonleft_symmetric,MG,43311,CLÁUDIO,18369,18369,0,4597,17346,17346,0,16803,16803,0,14350,12715,1635,11.393728222996515,578,4.02787456445993
nonleft_symmetric,MG,43338,COIMBRA,5394,5394,0,2754,4982,4982,0,4633,4633,0,3056,2222,834,27.290575916230367,416,13.612565445026178
nonleft_symmetric,MG,43354,COLUNA,4834,4834,0,2468,4480,4480,0,4318,4318,0,2731,2009,722,26.437202489930428,365,13.365067740754302
nonleft_symmetric,MG,43370,COMENDADOR GOMES,2229,2229,0,848,2182,2182,0,2105,2105,0,1652,1334,318,19.249394673123486,271,16.404358353510897
nonleft_symmetric,MG,43397,COMERCINHO,4681,4679,-2,3327,4449,4449,0,4339,4339,0,2426,1119,1307,53.874690849134375,1072,44.187963726298435
nonleft_symmetric,MG,43419,CONCEIÇÃO DA APARECIDA,6439,6438,-1,2425,6160,6160,0,5910,5910,0,4700,3729,971,20.659574468085108,686,14.595744680851064
nonleft_symmetric,MG,43435,CONCEIÇÃO DAS PEDRAS,2219,2219,0,778,2070,2070,0,2000,2000,0,1627,1288,339,20.835894283958204,186,11.432083589428396
nonleft_symmetric,MG,43451,CONCEIÇÃO DAS ALAGOAS,15441,15441,0,6964,14881,14881,0,13959,13959,0,9824,7910,1914,19.482899022801302,1347,13.711319218241043
nonleft_symmetric,MG,43478,CONCEIÇÃO DE IPANEMA,3459,3459,0,1669,3356,3356,0,3304,3304,0,2336,1687,649,27.78253424657534,546,23.373287671232877
nonleft_symmetric,MG,43494,CONCEIÇÃO DO MATO DENTRO,14000,14000,0,7457,13041,13041,0,12321,12321,0,8028,5568,2460,30.642750373692078,1485,18.49775784753363
nonleft_symmetric,MG,43516,CONCEIÇÃO DO PARÁ,4298,4298,0,1147,4079,4079,0,4022,4022,0,3516,2926,590,16.78043230944255,365,10.381114903299204
nonleft_symmetric,MG,43532,CONCEIÇÃO DO RIO VERDE,7814,7814,0,3796,7308,7308,0,6905,6905,0,5094,3507,1587,31.15429917550059,1076,21.122889674126423
nonleft_symmetric,MG,43559,CONCEIÇÃO DOS OUROS,7576,7576,0,2290,7186,7186,0,6837,6837,0,5542,4890,652,11.764705882352942,256,4.6192710212919526
nonleft_symmetric,MG,43575,CONGONHAL,7897,7897,0,2285,7521,7521,0,7267,7267,0,5947,5228,719,12.09012947704725,335,5.63309231545317
nonleft_symmetric,MG,43591,CONGONHAS,34664,34664,0,14236,32436,32436,0,29806,29806,0,19904,18117,1787,8.978094855305466,0,0.0
nonleft_symmetric,MG,43613,CONGONHAS DO NORTE,3102,3102,0,1792,2799,2799,0,2681,2681,0,2071,1007,1064,51.37614678899082,761,36.74553355866731
nonleft_symmetric,MG,43630,CONQUISTA,4422,4422,0,1914,4237,4237,0,3965,3965,0,3013,2322,691,22.9339528708928,505,16.76070361765682
nonleft_symmetric,MG,43656,CONSELHEIRO LAFAIETE,78620,78619,-1,34018,73456,73456,0,67259,67259,0,42686,39306,3380,7.9182870261912575,0,0.0
nonleft_symmetric,MG,43672,CONSELHEIRO PENA,12020,12020,0,4427,11546,11546,0,11246,11246,0,8756,7109,1647,18.80995888533577,1163,13.282320694380996
nonleft_symmetric,MG,43699,CONSOLAÇÃO,1522,1522,0,516,1448,1448,0,1383,1383,0,1178,931,247,20.967741935483872,172,14.601018675721562
nonleft_symmetric,MG,43710,CONTAGEM,375467,375184,-283,139596,355282,355282,0,339745,339745,0,220935,214854,6081,2.7523932378301312,0,0.0
nonleft_symmetric,MG,43737,COQUEIRAL,5963,5963,0,2276,5653,5653,0,5470,5470,0,4447,3369,1078,24.24106138970092,760,17.0901731504385
nonleft_symmetric,MG,43753,CORAÇÃO DE JESUS,15860,15858,-2,10327,15191,15191,0,14740,14740,0,9458,4854,4604,48.67836751956016,3925,41.49925988581095
nonleft_symmetric,MG,43770,CORDISBURGO,5451,5451,0,2520,5185,5185,0,4995,4995,0,3774,2663,1111,29.43826179120297,843,22.33704292527822
nonleft_symmetric,MG,43796,CORDISLÂNDIA,2289,2289,0,1099,2186,2186,0,2126,2126,0,1635,1086,549,33.57798165137615,445,27.217125382262996
nonleft_symmetric,MG,43818,CORINTO,13842,13842,0,6787,13132,13132,0,12594,12594,0,9272,6337,2935,31.65444348576359,2217,23.9106988783434
nonleft_symmetric,MG,43834,COROACI,6125,6125,0,3029,5668,5668,0,5403,5403,0,3662,2636,1026,28.01747678864009,566,15.45603495357728
nonleft_symmetric,MG,43850,COROMANDEL,18942,18942,0,5748,18159,18159,0,17615,17615,0,15296,12397,2899,18.952667364016737,2102,13.742154811715482
nonleft_symmetric,MG,43877,CORONEL FABRICIANO,59892,59892,0,21203,57433,57433,0,55139,55139,0,40527,36159,4368,10.777999851950552,1838,4.535248106200805
nonleft_symmetric,MG,43893,CORONEL MURTA,5450,5450,0,3450,5184,5184,0,4948,4948,0,2479,1730,749,30.213795885437676,479,19.322307382008873
nonleft_symmetric,MG,43915,CORONEL PACHECO,2490,2490,0,1194,2355,2355,0,2251,2251,0,1552,1160,392,25.257731958762886,256,16.49484536082474
nonleft_symmetric,MG,43931,CORONEL XAVIER CHAVES,2574,2574,0,1237,2383,2383,0,2276,2276,0,1393,1143,250,17.946877243359655,56,4.0201005025125625
nonleft_symmetric,MG,43958,CÓRREGO DANTA,2407,2407,0,965,2293,2293,0,2265,2265,0,1799,1326,473,26.292384658143412,357,19.844357976653697
nonleft_symmetric,MG,43974,CÓRREGO DO BOM JESUS,3386,3386,0,1166,3195,3195,0,3004,3004,0,2244,2022,222,9.893048128342246,24,1.0695187165775402
nonleft_symmetric,MG,43990,CÓRREGO NOVO,2910,2910,0,1602,2772,2772,0,2698,2698,0,1811,1167,644,35.56046383213694,503,27.774710104914412
nonleft_symmetric,MG,44016,COUTO DE MAGALHÃES DE MINAS,2779,2779,0,1825,2606,2606,0,2456,2456,0,1474,781,693,47.014925373134325,520,35.27815468113975
nonleft_symmetric,MG,44032,CRISTAIS,6737,6737,0,2463,6277,6277,0,5911,5911,0,4582,3810,772,16.848537756438237,308,6.7219554779572235
nonleft_symmetric,MG,44059,CRISTÁLIA,3722,3722,0,2363,3500,3500,0,3488,3488,0,2511,1136,1375,54.75906013540422,1152,45.878136200716845
nonleft_symmetric,MG,44075,CRISTIANO OTONI,3676,3676,0,1415,3390,3390,0,3031,3031,0,2094,1966,128,6.112702960840497,0,0.0
nonleft_symmetric,MG,44091,CRISTINA,6239,6239,0,2076,5808,5808,0,5535,5535,0,4361,3723,638,14.629672093556524,198,4.540243063517542
nonleft_symmetric,MG,44113,CRUCILÂNDIA,4324,4324,0,1535,4026,4026,0,3895,3895,0,2965,2484,481,16.222596964586845,176,5.935919055649241
nonleft_symmetric,MG,44130,CRUZEIRO DA FORTALEZA,3446,3446,0,1055,3352,3352,0,3289,3289,0,2969,2294,675,22.73492758504547,578,19.467834287638937
nonleft_symmetric,MG,44156,CRUZÍLIA,9864,9863,-1,4528,9305,9305,0,8891,8891,0,5989,4764,1225,20.454165970946736,653,10.903322758390383
nonleft_symmetric,MG,44172,CURVELO,46111,46111,0,18959,43610,43610,0,41010,41010,0,30748,24597,6151,20.00455314166775,3596,11.695069598022636
nonleft_symmetric,MG,44199,DATAS,3752,3752,0,2467,3499,3499,0,3350,3350,0,2323,1031,1292,55.61773568661214,1038,44.683598794662075
nonleft_symmetric,MG,44210,DELFIM MOREIRA,5127,5127,0,1816,4830,4830,0,4600,4600,0,3473,3008,465,13.389000863806507,162,4.664555139648718
nonleft_symmetric,MG,44237,DELFINÓPOLIS,4693,4693,0,1737,4509,4509,0,4352,4352,0,3645,2770,875,24.005486968449933,689,18.902606310013716
nonleft_symmetric,MG,44253,DESCOBERTO,3606,3606,0,1698,3430,3430,0,3294,3294,0,2290,1732,558,24.366812227074234,382,16.68122270742358
nonleft_symmetric,MG,44270,DESTERRO DE ENTRE RIOS,5105,5105,0,1533,4704,4704,0,4440,4440,0,3567,3164,403,11.298009531819456,0,0.0
nonleft_symmetric,MG,44296,DESTERRO DO MELO,3475,3475,0,1424,3252,3252,0,3126,3126,0,2464,1825,639,25.933441558441558,413,16.761363636363637
nonleft_symmetric,MG,44318,DIAMANTINA,28296,28296,0,16583,26948,26948,0,25565,25565,0,13926,10323,3603,25.872468763464024,2213,15.891138876920868
nonleft_symmetric,MG,44334,DIOGO DE VASCONCELOS,2894,2894,0,1814,2679,2679,0,2588,2588,0,1779,863,916,51.48960089938168,699,39.29173693086003
nonleft_symmetric,MG,44350,DIONÍSIO,4772,4772,0,2536,4589,4589,0,4418,4418,0,3018,2050,968,32.07422133863486,782,25.91119946984758
nonleft_symmetric,MG,44377,DIVINÉSIA,3994,3994,0,2293,3819,3819,0,3708,3708,0,2585,1518,1067,41.276595744680854,884,34.197292069632496
nonleft_symmetric,MG,44393,DIVINO,11652,11651,-1,5863,11174,11174,0,10739,10739,0,6399,5303,1096,17.127676199406157,610,9.532739490545397
nonleft_symmetric,MG,44415,DIVINO DAS LARANJEIRAS,3492,3492,0,1477,3342,3342,0,3285,3285,0,2491,1860,631,25.33119229225211,476,19.108791649939782
nonleft_symmetric,MG,44431,DIVINOLÂNDIA DE MINAS,4562,4562,0,2096,4281,4281,0,4093,4093,0,2837,2181,656,23.12301727176595,371,13.077194219245682
nonleft_symmetric,MG,44458,DIVINÓPOLIS,139696,139445,-251,49403,132399,132399,0,129456,129456,0,101489,82805,18684,18.40987693247544,11196,11.031737429672182
nonleft_symmetric,MG,44474,DIVISA NOVA,3900,3899,-1,1712,3708,3708,0,3587,3587,0,2517,1993,524,20.81843464441796,329,13.071116408422725
nonleft_symmetric,MG,44490,DOM CAVATI,3484,3484,0,1380,3313,3313,0,3230,3230,0,2397,1933,464,19.35753024614101,293,12.223612849395078
nonleft_symmetric,MG,44512,DOM JOAQUIM,3046,3045,-1,1630,2802,2802,0,2693,2693,0,1937,1171,766,39.54568921011874,521,26.897263810015488
nonleft_symmetric,MG,44539,DOM SILVÉRIO,3384,3384,0,1836,3196,3196,0,2956,2956,0,1867,1355,512,27.423674343867166,319,17.086234600964115
nonleft_symmetric,MG,44555,DOM VIÇOSO,2547,2545,-2,1010,2441,2441,0,2350,2350,0,1755,1430,325,18.51851851851852,218,12.421652421652421
nonleft_symmetric,MG,44571,DONA EUSÉBIA,4810,4810,0,2184,4632,4632,0,4511,4511,0,3192,2446,746,23.370927318295738,566,17.73182957393484
nonleft_symmetric,MG,44598,DORES DE CAMPOS,6917,6917,0,2540,6339,6339,0,5722,5722,0,4299,3793,506,11.77017911142126,0,0.0
nonleft_symmetric,MG,44610,DORES DE GUANHÃES,3730,3730,0,1962,3480,3480,0,3402,3402,0,2367,1516,851,35.95268272074356,599,25.306294888043936
nonleft_symmetric,MG,44636,DORES DO INDAIÁ,7567,7567,0,2446,7222,7222,0,7032,7032,0,5817,4770,1047,17.998968540484785,696,11.964930376482723
nonleft_symmetric,MG,44652,DORES DO TURVO,4092,4092,0,2123,3868,3868,0,3743,3743,0,2443,1741,702,28.735161686451086,474,19.402374130167825
nonleft_symmetric,MG,44679,DORESÓPOLIS,1539,1539,0,514,1474,1474,0,1440,1440,0,1241,958,283,22.804190169218373,216,17.40531829170024
nonleft_symmetric,MG,44695,DOURADOQUARA,1671,1671,0,721,1621,1621,0,1545,1545,0,1195,899,296,24.769874476987447,245,20.502092050209207
nonleft_symmetric,MG,44717,ELÓI MENDES,15638,15638,0,5123,14691,14691,0,13970,13970,0,10702,9540,1162,10.857783591851991,187,1.7473369463651653
nonleft_symmetric,MG,44733,ENGENHEIRO CALDAS,5977,5977,0,2560,5675,5675,0,5527,5527,0,3986,3111,875,21.951831409934773,569,14.274962368289012
nonleft_symmetric,MG,44750,ENGENHEIRO NAVARRO,4708,4708,0,2920,4473,4473,0,4389,4389,0,2371,1549,822,34.66891606916913,583,24.58878110501898
nonleft_symmetric,MG,44776,ENTRE RIOS DE MINAS,9963,9963,0,4203,9397,9397,0,8895,8895,0,5944,5180,764,12.853297442799462,184,3.095558546433378
nonleft_symmetric,MG,44792,ERVÁLIA,13217,13215,-2,6779,12007,12007,0,11101,11101,0,7313,5212,2101,28.729659510460824,875,11.964993846574593
nonleft_symmetric,MG,44814,ESMERALDAS,43358,43358,0,18840,40645,40645,0,38275,38275,0,25296,21718,3578,14.144528779253637,778,3.075585072738773
nonleft_symmetric,MG,44830,ESPERA FELIZ,14087,14084,-3,6041,13289,13289,0,12623,12623,0,8949,7236,1713,19.14180355346966,903,10.090512906469996
nonleft_symmetric,MG,44857,ESPINOSA,18704,18703,-1,10628,18018,18018,0,17272,17272,0,11444,7382,4062,35.494582313876265,3368,29.4302691366655
nonleft_symmetric,MG,44873,ESPÍRITO SANTO DO DOURADO,4304,4303,-1,1645,4084,4084,0,3941,3941,0,3416,2438,978,28.629976580796253,757,22.160421545667447
nonleft_symmetric,MG,44890,ESTIVA,7813,7813,0,2556,7377,7377,0,7008,7008,0,5679,4815,864,15.213946117274167,422,7.430885719316781
nonleft_symmetric,MG,44911,ESTRELA DALVA,2173,2173,0,1179,2064,2064,0,2050,2050,0,1572,885,687,43.70229007633588,578,36.76844783715013
nonleft_symmetric,MG,44938,ESTRELA DO INDAIÁ,2037,2037,0,830,1932,1932,0,1938,1938,0,1649,1099,550,33.353547604608856,442,26.804123711340207
nonleft_symmetric,MG,44954,ESTRELA DO SUL,4646,4645,-1,2209,4443,4443,0,4223,4223,0,3141,2232,909,28.939828080229226,704,22.413244189748486
nonleft_symmetric,MG,44970,EUGENÓPOLIS,7011,7008,-3,2877,6716,6716,0,6486,6486,0,4773,3836,937,19.631259166142886,639,13.387806411062225
nonleft_symmetric,MG,44997,EWBANK DA CÂMARA,3506,3506,0,1967,3370,3370,0,3214,3214,0,1879,1400,479,25.492283129324107,340,18.09473124002129
nonleft_symmetric,MG,45012,EXTREMA,32395,32393,-2,10793,30512,30512,0,27511,27511,0,20718,19677,1041,5.024616275702288,0,0.0
nonleft_symmetric,MG,45039,FAMA,2458,2458,0,864,2348,2348,0,2276,2276,0,1819,1479,340,18.69158878504673,225,12.369433754810336
nonleft_symmetric,MG,45055,FARIA LEMOS,2653,2653,0,1385,2529,2529,0,2470,2470,0,1697,1143,554,32.64584560989982,429,25.279905715969356
nonleft_symmetric,MG,45071,FELÍCIO DOS SANTOS,3318,3318,0,1818,3101,3101,0,3040,3040,0,2023,1281,742,36.67820069204152,523,25.852694018783986
nonleft_symmetric,MG,45098,SÃO GONÇALO DO RIO PRETO,2190,2190,0,1416,2036,2036,0,1973,1973,0,1084,617,467,43.08118081180812,310,28.59778597785978
nonleft_symmetric,MG,45110,FELISBURGO,4088,4088,0,2471,3867,3867,0,3745,3745,0,2170,1391,779,35.89861751152074,553,25.483870967741936
nonleft_symmetric,MG,45136,FELIXLÂNDIA,9282,9282,0,4475,8769,8769,0,8323,8323,0,5974,4290,1684,28.188818212253096,1167,19.53465015065283
nonleft_symmetric,MG,45152,FERNANDES TOURINHO,1993,1993,0,819,1891,1891,0,1818,1818,0,1373,1072,301,21.922796795338673,199,14.493809176984705
nonleft_symmetric,MG,45179,FERROS,5994,5992,-2,3407,5608,5608,0,5488,5488,0,4102,2200,1902,46.36762554851292,1515,36.93320331545588
nonleft_symmetric,MG,45195,FLORESTAL,5450,5450,0,2127,5179,5179,0,5012,5012,0,3365,3042,323,9.598811292719168,42,1.2481426448736999
nonleft_symmetric,MG,45217,FORMIGA,42299,42298,-1,12491,39787,39787,0,37585,37585,0,29517,27236,2281,7.72775011010604,0,0.0
nonleft_symmetric,MG,45233,FORMOSO,4844,4843,-1,2304,4674,4674,0,4646,4646,0,3886,2368,1518,39.063304168811115,1346,34.63715903242409
nonleft_symmetric,MG,45250,FORTALEZA DE MINAS,2375,2375,0,835,2227,2227,0,2132,2132,0,1734,1389,345,19.896193771626297,194,11.18800461361015
nonleft_symmetric,MG,45276,FORTUNA DE MINAS,2482,2482,0,1188,2386,2386,0,2288,2288,0,1572,1198,374,23.791348600508904,278,17.68447837150127
nonleft_symmetric,MG,45292,FRANCISCO BADARÓ,4624,4624,0,2670,4337,4337,0,4266,4266,0,2304,1662,642,27.864583333333332,350,15.190972222222221
nonleft_symmetric,MG,45314,FRANCISCO DUMONT,3320,3320,0,1763,3177,3177,0,3122,3122,0,1953,1413,540,27.649769585253456,396,20.276497695852534
nonleft_symmetric,MG,45330,FRANCISCO SÁ,14611,14610,-1,9160,13957,13957,0,13481,13481,0,7427,4787,2640,35.54598088057089,1976,26.605628113639423
nonleft_symmetric,MG,45357,FREI GASPAR,4421,4420,-1,2408,4117,4117,0,4182,4182,0,3615,1705,1910,52.83540802213001,1602,44.315352697095435
nonleft_symmetric,MG,45373,FREI INOCÊNCIO,5315,5315,0,2670,5113,5113,0,5009,5009,0,3712,2432,1280,34.48275862068966,1067,28.744612068965516
nonleft_symmetric,MG,45390,FRONTEIRA,8098,8098,0,3656,7800,7800,0,7262,7262,0,5439,4140,1299,23.883066740209596,997,18.330575473432617
nonleft_symmetric,MG,45411,FRUTAL,31389,31388,-1,10858,30172,30172,0,28250,28250,0,22332,19291,3041,13.617230879455489,1801,8.064660576750851
nonleft_symmetric,MG,45438,FUNILÂNDIA,4191,4191,0,1513,3985,3985,0,3891,3891,0,3034,2465,569,18.754119973632168,356,11.733684904416611
nonleft_symmetric,MG,45454,GALILÉIA,3883,3883,0,1734,3748,3748,0,3660,3660,0,2810,2013,797,28.362989323843415,661,23.523131672597867
nonleft_symmetric,MG,45470,GONÇALVES,3096,3096,0,895,2925,2925,0,2816,2816,0,2308,2024,284,12.305025996533795,107,4.636048526863085
nonleft_symmetric,MG,45497,GONZAGA,3242,3242,0,1557,2996,2996,0,2911,2911,0,2307,1437,870,37.711313394018205,622,26.96142175986129
nonleft_symmetric,MG,45519,GOUVEIA,7788,7788,0,4310,7272,7272,0,6979,6979,0,5308,2947,2361,44.48003014318011,1830,34.476262245666916
nonleft_symmetric,MG,45535,GOVERNADOR VALADARES,148641,148355,-286,48763,142283,142283,0,134247,134247,0,98916,93353,5563,5.623963767236847,0,0.0
nonleft_symmetric,MG,45551,GRÃO MOGOL,8242,8240,-2,5198,7805,7805,0,7646,7646,0,5030,2598,2432,48.34990059642147,1986,39.4831013916501
nonleft_symmetric,MG,45578,GRUPIARA,1421,1421,0,542,1375,1375,0,1319,1319,0,1087,832,255,23.4590616375345,208,19.135234590616374
nonleft_symmetric,MG,45594,GUANHÃES,17032,17032,0,7571,15904,15904,0,14991,14991,0,10100,8303,1797,17.792079207920793,639,6.326732673267327
nonleft_symmetric,MG,45616,GUAPÉ,8200,8200,0,2327,7679,7679,0,7417,7417,0,6082,5348,734,12.06839855310753,209,3.4363696152581387
nonleft_symmetric,MG,45632,GUARACIABA,6106,6106,0,3539,5707,5707,0,5611,5611,0,4042,2159,1883,46.58584858980703,1475,36.49183572488867
nonleft_symmetric,MG,45659,GUARANÉSIA,11400,11399,-1,5442,10761,10761,0,9947,9947,0,6273,5307,966,15.399330463892873,315,5.0215208034433285
nonleft_symmetric,MG,45675,GUARANI,5204,5204,0,2893,4943,4943,0,4634,4634,0,2582,2042,540,20.9140201394268,271,10.495739736638265
nonleft_symmetric,MG,45691,GUARARÁ,2910,2910,0,1305,2768,2768,0,2611,2611,0,1816,1460,356,19.60352422907489,211,11.618942731277533
nonleft_symmetric,MG,45713,GUARDA-MOR,4668,4666,-2,1580,4525,4525,0,4394,4394,0,3598,2940,658,18.28793774319066,510,14.174541411895497
nonleft_symmetric,MG,45730,GUAXUPÉ,29509,29506,-3,11785,27848,27848,0,25830,25830,0,17915,16034,1881,10.499581356405248,191,1.066145687970974
nonleft_symmetric,MG,45756,GUIDOVAL,5498,5498,0,2751,5238,5238,0,5030,5030,0,3645,2484,1161,31.85185185185185,898,24.636488340192045
nonleft_symmetric,MG,45772,GUIMARÂNIA,5354,5354,0,1691,5095,5095,0,4927,4927,0,4235,3402,833,19.669421487603305,572,13.506493506493506
nonleft_symmetric,MG,45799,GUIRICEMA,6016,6015,-1,3005,5645,5645,0,5438,5438,0,3428,2630,798,23.27887981330222,417,12.164527421236873
nonleft_symmetric,MG,45810,GURINHATÃ,3744,3744,0,1402,3641,3641,0,3532,3532,0,2874,2234,640,22.268615170494083,532,18.510786360473208
nonleft_symmetric,MG,45837,HELIODORA,4335,4335,0,1758,4084,4084,0,4047,4047,0,3366,2319,1047,31.10516934046346,789,23.44028520499109
nonleft_symmetric,MG,45853,IAPU,6273,6273,0,2541,5969,5969,0,5750,5750,0,4268,3423,845,19.79850046860356,536,12.558575445173384
nonleft_symmetric,MG,45870,IBERTIOGA,3841,3841,0,2191,3664,3664,0,3432,3432,0,2136,1473,663,31.03932584269663,486,22.752808988764045
nonleft_symmetric,MG,45896,IBIÁ,12582,12580,-2,4647,12030,12030,0,11509,11509,0,9190,7372,1818,19.782372143634387,1255,13.65614798694233
nonleft_symmetric,MG,45918,IBIAÍ,4750,4750,0,3120,4535,4535,0,4467,4467,0,3235,1412,1823,56.35239567233385,1605,49.61360123647604
nonleft_symmetric,MG,45934,IBIRACI,7228,7228,0,2573,6937,6937,0,6673,6673,0,4958,4362,596,12.020976200080678,303,6.111335215812828
nonleft_symmetric,MG,45950,IBIRITÉ,98887,98858,-29,39349,92524,92524,0,87032,87032,0,57699,52964,4735,8.206381393091736,0,0.0
nonleft_symmetric,MG,45977,IBITIÚRA DE MINAS,2850,2850,0,620,2723,2723,0,2624,2624,0,2362,2099,263,11.1346316680779,132,5.58848433530906
nonleft_symmetric,MG,45993,IBITURUNA,2024,2024,0,828,1927,1927,0,1875,1875,0,1442,1098,344,23.855755894590846,246,17.05963938973648
nonleft_symmetric,MG,46019,IGARAPÉ,26961,26961,0,9974,25495,25495,0,24088,24088,0,16990,15481,1509,8.881695114773397,3,0.017657445556209534
nonleft_symmetric,MG,46035,IGARATINGA,6710,6710,0,2111,6329,6329,0,6161,6161,0,5304,4214,1090,20.55052790346908,705,13.29185520361991
nonleft_symmetric,MG,46051,IGUATAMA,4724,4724,0,2058,4438,4438,0,4260,4260,0,3332,2376,956,28.691476590636256,666,19.987995198079233
nonleft_symmetric,MG,46078,IJACI,4453,4726,273,1781,4111,4111,0,4169,4169,0,3230,2321,909,28.142414860681114,558,17.275541795665635
nonleft_symmetric,MG,46094,ILICÍNEA,7645,7645,0,3237,7302,7302,0,6959,6959,0,5027,4064,963,19.156554605132285,619,12.313507061865923
nonleft_symmetric,MG,46116,INCONFIDENTES,5079,5079,0,1802,4853,4853,0,4592,4592,0,3551,3047,504,14.193185018304703,274,7.716136299633906
nonleft_symmetric,MG,46132,INDIANÓPOLIS,4097,4097,0,1785,3930,3930,0,3762,3762,0,2768,2143,625,22.579479768786126,456,16.473988439306357
nonleft_symmetric,MG,46159,INGAÍ,2328,2328,0,1043,2183,2183,0,2086,2086,0,1592,1136,456,28.64321608040201,307,19.28391959798995
nonleft_symmetric,MG,46175,INHAPIM,14830,14830,0,5930,14266,14266,0,13852,13852,0,9967,8330,1637,16.424199859536472,1067,10.705327581017357
nonleft_symmetric,MG,46191,INHAÚMA,4510,4510,0,1771,4256,4256,0,4168,4168,0,3272,2482,790,24.144254278728607,533,16.28973105134474
nonleft_symmetric,MG,46213,INIMUTABA,4812,4812,0,2195,4551,4551,0,4334,4334,0,3363,2353,1010,30.032708890871245,746,22.182575081772228
nonleft_symmetric,MG,46230,IPANEMA,11560,11557,-3,4884,11034,11034,0,10802,10802,0,7954,6137,1817,22.843852149861704,1278,16.06738747799849
nonleft_symmetric,MG,46256,IPATINGA,133577,133385,-192,40448,128537,128537,0,123429,123429,0,92155,87897,4258,4.62047637133091,0,0.0
nonleft_symmetric,MG,46272,IPIAÇU,2773,2772,-1,1331,2686,2686,0,2592,2592,0,1940,1353,587,30.257731958762886,498,25.670103092783506
nonleft_symmetric,MG,46299,IPUIÚNA,6152,6152,0,1994,5876,5876,0,5692,5692,0,4851,3878,973,20.057720057720058,693,14.285714285714286
nonleft_symmetric,MG,46310,IRAÍ DE MINAS,5472,5472,0,1801,5241,5241,0,5123,5123,0,4335,3437,898,20.71510957324106,664,15.317185697808535
nonleft_symmetric,MG,46337,ITABIRA,72453,72451,-2,30883,67463,67463,0,62991,62991,0,40268,36432,3836,9.52617462997914,0,0.0
nonleft_symmetric,MG,46353,ITABIRINHA,7083,7082,-1,3105,6786,6786,0,6599,6599,0,4968,3676,1292,26.006441223832528,990,19.92753623188406
nonleft_symmetric,MG,46370,ITABIRITO,35175,35174,-1,13370,32578,32578,0,30274,30274,0,20529,19106,1423,6.931657655024599,0,0.0
nonleft_symmetric,MG,46396,ITACAMBIRA,3661,3661,0,2521,3494,3494,0,3477,3477,0,2248,972,1276,56.761565836298935,1108,49.288256227758005
nonleft_symmetric,MG,46418,ITACARAMBI,9878,9878,0,6033,9392,9392,0,8947,8947,0,5085,3352,1733,34.08062930186824,1240,24.385447394296953
nonleft_symmetric,MG,46434,ITAGUARA,8851,8851,0,3019,8142,8142,0,7577,7577,0,5687,5114,573,10.075611042729031,0,0.0
nonleft_symmetric,MG,46450,ITAIPÉ,6619,6619,0,3520,6177,6177,0,6051,6051,0,4341,2650,1691,38.954158028104125,1242,28.610919143054595
nonleft_symmetric,MG,46477,ITAJUBÁ,54696,54693,-3,15948,51946,51946,0,49150,49150,0,36836,35890,946,2.5681398631773265,0,0.0
nonleft_symmetric,MG,46493,ITAMARANDIBA,20009,20009,0,8824,18758,18758,0,17937,17937,0,13370,9919,3451,25.81151832460733,2185,16.342557965594615
nonleft_symmetric,MG,46515,ITAMARATI DE MINAS,3079,3079,0,1568,2920,2920,0,2841,2841,0,1782,1349,433,24.298540965207632,271,15.20763187429854
nonleft_symmetric,MG,46531,ITAMBACURI,12520,12520,0,7168,11790,11790,0,11480,11480,0,7318,4610,2708,37.00464607816343,1966,26.865263733260452
nonleft_symmetric,MG,46558,ITAMBÉ DO MATO DENTRO,2065,2065,0,1165,1954,1954,0,1879,1879,0,1204,785,419,34.800664451827245,304,25.249169435215947
nonleft_symmetric,MG,46574,ITAMOGI,6853,6853,0,2530,6452,6452,0,6005,6005,0,4500,3918,582,12.933333333333334,177,3.933333333333333
nonleft_symmetric,MG,46590,ITAMONTE,9588,9588,0,2935,9079,9079,0,8609,8609,0,6615,6134,481,7.2713529856387,0,0.0
nonleft_symmetric,MG,46612,ITANHANDU,9955,9955,0,3542,9491,9491,0,8966,8966,0,6444,5932,512,7.945375543140906,31,0.48106765983860955
nonleft_symmetric,MG,46639,ITANHOMI,6987,6987,0,3242,6634,6634,0,6592,6592,0,4643,3388,1255,27.029937540383372,898,19.340943355589058
nonleft_symmetric,MG,46655,ITAOBIM,11918,11915,-3,6035,11217,11217,0,10723,10723,0,6829,5173,1656,24.249524088446332,946,13.852687069849173
nonleft_symmetric,MG,46671,ITAPAGIPE,7905,7903,-2,2767,7660,7660,0,7457,7457,0,5909,4890,1019,17.24488069047216,771,13.047893044508378
nonleft_symmetric,MG,46698,ITAPECERICA,14346,14345,-1,5723,13414,13414,0,12980,12980,0,10097,7669,2428,24.046746558383678,1474,14.598395563038526
nonleft_symmetric,MG,46710,ITAPEVA,7026,7026,0,1977,6610,6610,0,6220,6220,0,5194,4611,583,11.224489795918368,145,2.791682710820177
nonleft_symmetric,MG,46736,ITATIAIUÇU,9608,9608,0,2773,9062,9062,0,8699,8699,0,6994,6276,718,10.26594223620246,159,2.2733771804403773
nonleft_symmetric,MG,46752,ITAÚNA,56012,56010,-2,14521,52844,52844,0,50412,50412,0,40577,38212,2365,5.8284249698104835,0,0.0
nonleft_symmetric,MG,46779,ITAVERAVA,4731,4731,0,2277,4423,4423,0,4173,4173,0,3046,2144,902,29.612606697307946,592,19.43532501641497
nonleft_symmetric,MG,46795,ITINGA,8208,8208,0,5602,7829,7829,0,7616,7616,0,4076,2222,1854,45.48577036310108,1470,36.064769381746814
nonleft_symmetric,MG,46817,ITUETA,3969,3969,0,1301,3824,3824,0,3745,3745,0,3058,2518,540,17.65860039241334,390,12.753433616742969
nonleft_symmetric,MG,46833,ITUIUTABA,57105,57103,-2,25289,55268,55268,0,52171,52171,0,37225,29925,7300,19.610476830087308,5409,14.530557421087979
nonleft_symmetric,MG,46850,ITUMIRIM,4706,4706,0,1967,4375,4375,0,4084,4084,0,3059,2402,657,21.47760706113109,320,10.460934946060805
nonleft_symmetric,MG,46876,ITURAMA,22049,22037,-12,9402,21294,21294,0,20398,20398,0,15774,11882,3892,24.673513376442248,3127,19.823760618739698
nonleft_symmetric,MG,46892,ITUTINGA,2877,2877,0,1254,2647,2647,0,2524,2524,0,1907,1387,520,27.267960146827477,284,14.892501310959622
nonleft_symmetric,MG,46914,JABOTICATUBAS,12450,12450,0,5241,11792,11792,0,11522,11522,0,8455,6537,1918,22.68480189237138,1246,14.736842105263158
nonleft_symmetric,MG,46930,JACINTO,6350,6348,-2,3705,5940,5940,0,5827,5827,0,3861,2234,1627,42.13934213934214,1216,31.494431494431495
nonleft_symmetric,MG,46957,JACUÍ,4881,4881,0,1091,4596,4596,0,4407,4407,0,3854,3501,353,9.159314997405293,64,1.660612350804359
nonleft_symmetric,MG,46973,JACUTINGA,14814,14814,0,3173,14164,14164,0,13541,13541,0,11503,10980,523,4.546640006954707,0,0.0
nonleft_symmetric,MG,46990,JAGUARAÇU,2592,2592,0,1053,2474,2474,0,2386,2386,0,1831,1416,415,22.665210267613325,292,15.947569634079738
nonleft_symmetric,MG,47015,JANAÚBA,42923,42923,0,20155,40873,40873,0,38642,38642,0,25972,20676,5296,20.391190512860003,3204,12.336362236254427
nonleft_symmetric,MG,47031,JANUÁRIA,36555,36554,-1,24776,35071,35071,0,33563,33563,0,20765,10267,10498,50.55622441608476,8986,43.274741150975196
nonleft_symmetric,MG,47058,JAPARAÍBA,3062,3062,0,1018,2937,2937,0,2841,2841,0,2265,1917,348,15.364238410596027,221,9.757174392935982
nonleft_symmetric,MG,47074,JECEABA,4786,4786,0,2061,4491,4491,0,4168,4168,0,2888,2428,460,15.92797783933518,163,5.64404432132964
nonleft_symmetric,MG,47090,JEQUERI,7535,7535,0,4313,7003,7003,0,6763,6763,0,4573,2684,1889,41.307675486551496,1351,29.542969604198557
nonleft_symmetric,MG,47112,JEQUITAÍ,4448,4448,0,2667,4190,4190,0,4049,4049,0,2418,1520,898,37.13813068651778,637,26.344086021505376
nonleft_symmetric,MG,47139,JEQUITIBÁ,4749,4749,0,1916,4502,4502,0,4375,4375,0,3499,2579,920,26.293226636181767,666,19.034009717062016
nonleft_symmetric,MG,47155,JEQUITINHONHA,12319,12319,0,8358,11700,11700,0,11409,11409,0,5522,3334,2188,39.623324882289026,1561,28.268743208982254
nonleft_symmetric,MG,47171,JESUÂNIA,3447,3447,0,1242,3259,3259,0,3144,3144,0,2690,2014,676,25.130111524163567,485,18.029739776951672
nonleft_symmetric,MG,47198,JOAÍMA,6092,7649,1557,3939,5684,5684,0,6904,6904,0,3836,1742,2094,54.5881126173097,1683,43.87382690302398
nonleft_symmetric,MG,47210,JOANÉSIA,3613,3613,0,1694,3429,3429,0,3254,3254,0,2289,1733,556,24.290083005679335,370,16.16426387068589
nonleft_symmetric,MG,47236,JOÃO MONLEVADE,46909,46908,-1,19003,44190,44190,0,41437,41437,0,26864,25096,1768,6.58129839189994,0,0.0
nonleft_symmetric,MG,47252,JOÃO PINHEIRO,28601,28594,-7,10009,27501,27501,0,26487,26487,0,21973,17468,4505,20.50243480635325,3381,15.387065944568334
nonleft_symmetric,MG,47279,JOAQUIM FELÍCIO,2584,2584,0,1225,2439,2439,0,2402,2402,0,1975,1212,763,38.63291139240506,616,31.189873417721518
nonleft_symmetric,MG,47295,JORDÂNIA,5468,5468,0,2913,5125,5125,0,5011,5011,0,3102,2206,896,28.884590586718247,547,17.633784655061252
nonleft_symmetric,MG,47317,NOVA UNIÃO,4308,4308,0,1914,4091,4091,0,3825,3825,0,2721,2174,547,20.10290334435869,327,12.017640573318634
nonleft_symmetric,MG,47333,JUIZ DE FORA,322505,321715,-790,151552,305690,305690,0,282221,282221,0,162105,153326,8779,5.415625674717004,0,0.0
nonleft_symmetric,MG,47350,JURAMENTO,3697,3697,0,2177,3533,3533,0,3423,3423,0,2146,1354,792,36.90587138863001,626,29.170549860205032
nonleft_symmetric,MG,47376,JURUAIA,7506,7505,-1,2072,7213,7213,0,6967,6967,0,5738,5131,607,10.57859881491809,304,5.298013245033113
nonleft_symmetric,MG,47392,LADAINHA,8124,8124,0,4853,7403,7403,0,7380,7380,0,5270,2538,2732,51.84060721062619,1999,37.93168880455408
nonleft_symmetric,MG,47414,LAGAMAR,4964,4964,0,1766,4806,4806,0,4740,4740,0,3910,3039,871,22.276214833759592,712,18.209718670076725
nonleft_symmetric,MG,47430,LAGOA DA PRATA,28487,28487,0,8554,27120,27120,0,26011,26011,0,20883,18532,2351,11.257961020926112,950,4.549154814921228
nonleft_symmetric,MG,47457,LAGOA DOS PATOS,2740,2740,0,1412,2601,2601,0,2577,2577,0,2070,1187,883,42.65700483091788,742,35.84541062801932
nonleft_symmetric,MG,47473,LAGOA DOURADA,8768,8768,0,3223,8067,8067,0,7416,7416,0,5281,4832,449,8.502177617875402,0,0.0
nonleft_symmetric,MG,47490,LAGOA FORMOSA,13002,13002,0,4301,12404,12404,0,11837,11837,0,9851,8086,1765,17.916962744898996,1150,11.673941731803877
nonleft_symmetric,MG,47511,LAGOA SANTA,43627,43619,-8,13679,41528,41528,0,39800,39800,0,29039,27789,1250,4.3045559420090225,0,0.0
nonleft_symmetric,MG,47538,LAJINHA,13110,13107,-3,5181,12482,12482,0,12069,12069,0,8885,7292,1593,17.929093978615644,956,10.759707371975239
nonleft_symmetric,MG,47554,LAMBARI,13195,13195,0,4210,12518,12518,0,12094,12094,0,9913,8292,1621,16.352264702915363,928,9.361444567739332
nonleft_symmetric,MG,47570,LAMIM,2757,2757,0,1569,2577,2577,0,2402,2402,0,1554,1007,547,35.1994851994852,366,23.55212355212355
nonleft_symmetric,MG,47597,LARANJAL,4668,4668,0,1997,4494,4494,0,4326,4326,0,2924,2496,428,14.6374829001368,253,8.652530779753763
nonleft_symmetric,MG,47619,LASSANCE,4389,4389,0,2284,4167,4167,0,4063,4063,0,2924,1881,1043,35.6703146374829,819,28.009575923392614
nonleft_symmetric,MG,47635,LAVRAS,57260,57260,0,21474,53276,53276,0,49366,49366,0,34676,31689,2987,8.614026992732725,0,0.0
nonleft_symmetric,MG,47651,LEANDRO FERREIRA,2575,2575,0,845,2472,2472,0,2420,2420,0,2045,1626,419,20.488997555012226,315,15.403422982885086
nonleft_symmetric,MG,47678,LEOPOLDINA,30447,30447,0,15286,29048,29048,0,27172,27172,0,15752,13721,2031,12.893600812595226,591,3.7519045200609447
nonleft_symmetric,MG,47694,LIBERDADE,3446,3446,0,1726,3265,3265,0,3129,3129,0,2228,1529,699,31.37342908438061,508,22.800718132854577
nonleft_symmetric,MG,47716,LIMA DUARTE,10928,10927,-1,6206,10306,10306,0,9600,9600,0,5136,4087,1049,20.424454828660437,414,8.060747663551401
nonleft_symmetric,MG,47732,LUMINÁRIAS,3665,3665,0,1621,3366,3366,0,3254,3254,0,2323,1740,583,25.09685751183814,279,12.0103314679294
nonleft_symmetric,MG,47759,LUZ,10679,10679,0,3641,10115,10115,0,9710,9710,0,7769,6467,1302,16.758913631097954,731,9.409190371991247
nonleft_symmetric,MG,47775,MACHACALIS,4472,4472,0,2419,4292,4292,0,4198,4198,0,2671,1869,802,30.02620741295395,618,23.13740172220142
nonleft_symmetric,MG,47791,MACHADO,23169,23168,-1,7234,21763,21763,0,20718,20718,0,17055,14511,2544,14.916446789797714,1120,6.566989152741131
nonleft_symmetric,MG,47813,MADRE DE DEUS DE MINAS,3653,3653,0,1676,3397,3397,0,3180,3180,0,2277,1718,559,24.549846288976724,300,13.175230566534914
nonleft_symmetric,MG,47830,MALACACHETA,10636,10635,-1,5763,10032,10032,0,9811,9811,0,6762,4264,2498,36.94173321502514,1889,27.935522034900917
nonleft_symmetric,MG,47856,MANGA,11533,11533,0,6711,10999,10999,0,10703,10703,0,6098,4279,1819,29.82945227943588,1276,20.92489340767465
nonleft_symmetric,MG,47872,MANHUAÇU,47704,47703,-1,17692,45688,45688,0,43723,43723,0,32340,27950,4390,13.57452071737786,2328,7.198515769944342
nonleft_symmetric,MG,47899,MANHUMIRIM,12673,12673,0,5574,12067,12067,0,11497,11497,0,7601,6477,1124,14.787527956847784,502,6.604394158663334
nonleft_symmetric,MG,47910,MANTENA,14836,14832,-4,5172,14316,14316,0,13892,13892,0,10750,9133,1617,15.04186046511628,1086,10.102325581395348
nonleft_symmetric,MG,47937,MARAVILHAS,5196,5196,0,1616,4980,4980,0,4879,4879,0,4288,3360,928,21.64179104477612,708,16.511194029850746
nonleft_symmetric,MG,47953,MAR DE ESPANHA,8419,8419,0,3419,7992,7992,0,7660,7660,0,5977,4563,1414,23.65735318721767,977,16.34599297306341
nonleft_symmetric,MG,47970,MARIA DA FÉ,9712,9711,-1,3222,9245,9245,0,8871,8871,0,6951,6017,934,13.436915551719178,461,6.632139260538052
nonleft_symmetric,MG,47996,MARIANA,40170,40170,0,21541,37006,37006,0,33282,33282,0,18519,15373,3146,16.98795831308386,0,0.0
nonleft_symmetric,MG,48011,MARILAC,3492,3492,0,1798,3304,3304,0,3205,3205,0,2442,1503,939,38.452088452088454,748,30.63063063063063
nonleft_symmetric,MG,48038,MARIPÁ DE MINAS,2486,2486,0,1026,2365,2365,0,2246,2246,0,1514,1337,177,11.690885072655218,54,3.5667107001321003
nonleft_symmetric,MG,48054,MARLIÉRIA,3488,3488,0,1556,3351,3351,0,3244,3244,0,2282,1792,490,21.47239263803681,350,15.337423312883436
nonleft_symmetric,MG,48070,MARMELÓPOLIS,2416,2416,0,989,2276,2276,0,2179,2179,0,1818,1287,531,29.207920792079207,391,21.507150715071507
nonleft_symmetric,MG,48097,MARTINHO CAMPOS,8481,8481,0,2379,8082,8082,0,7815,7815,0,6529,5696,833,12.758462245366825,427,6.540052075356104
nonleft_symmetric,MG,48119,MATERLÂNDIA,2871,2871,0,1867,2660,2660,0,2501,2501,0,1576,792,784,49.746192893401016,572,36.29441624365482
nonleft_symmetric,MG,48135,MATEUS LEME,21698,21698,0,7717,20143,20143,0,19049,19049,0,13883,12391,1492,10.74695670964489,0,0.0
nonleft_symmetric,MG,48151,MATIAS BARBOSA,9444,9444,0,4471,8960,8960,0,8399,8399,0,5216,4477,739,14.167944785276074,243,4.658742331288344
nonleft_symmetric,MG,48178,MATIPÓ,11954,11953,-1,5578,11301,11301,0,11023,11023,0,7521,5715,1806,24.012764260071798,1145,15.224039356468555
nonleft_symmetric,MG,48194,MATO VERDE,8910,8910,0,5025,8497,8497,0,8152,8152,0,5498,3469,2029,36.9043288468534,1613,29.33794106947981
nonleft_symmetric,MG,48216,MATOZINHOS,23432,23432,0,9068,21866,21866,0,20650,20650,0,14414,12758,1656,11.488830303871236,50,0.3468849729429721
nonleft_symmetric,MG,48232,MATUTINA,2608,2608,0,848,2464,2464,0,2416,2416,0,2047,1613,434,21.201758671226184,287,14.020517830972155
nonleft_symmetric,MG,48259,MEDEIROS,2557,2557,0,852,2459,2459,0,2386,2386,0,1972,1603,369,18.711967545638945,267,13.539553752535497
nonleft_symmetric,MG,48275,MEDINA,11940,11935,-5,7026,11206,11206,0,11033,11033,0,7414,4172,3242,43.72808200701376,2500,33.719989209603455
nonleft_symmetric,MG,48291,MENDES PIMENTEL,3685,3685,0,1727,3514,3514,0,3370,3370,0,2219,1783,436,19.64849031095088,261,11.762054979720595
nonleft_symmetric,MG,48313,MERCÊS,6443,6443,0,3396,6057,6057,0,5753,5753,0,3644,2658,986,27.058177826564215,597,16.38309549945115
nonleft_symmetric,MG,48330,MESQUITA,3692,3692,0,1678,3520,3520,0,3361,3361,0,2327,1839,488,20.971207563386333,313,13.450795015040825
nonleft_symmetric,MG,48356,MINAS NOVAS,14773,14771,-2,9519,13681,13681,0,13671,13671,0,10326,4155,6171,59.76176641487507,5072,49.11872942087933
nonleft_symmetric,MG,48372,MINDURI,2503,2503,0,1115,2358,2358,0,2264,2264,0,1657,1243,414,24.984912492456246,269,16.23415811707906
nonleft_symmetric,MG,48399,MIRABELA,8709,8709,0,5330,8385,8385,0,8205,8205,0,5447,3048,2399,44.04259225261612,2068,37.9658527629888
nonleft_symmetric,MG,48410,MIRADOURO,6418,6416,-2,3113,6073,6073,0,5811,5811,0,3743,2955,788,21.05263157894737,438,11.701843441090034
nonleft_symmetric,MG,48437,MIRAÍ,8329,8329,0,3298,7900,7900,0,7648,7648,0,5778,4595,1183,20.474212530287296,747,12.928348909657322
nonleft_symmetric,MG,48453,MOEDA,4304,4304,0,1734,4078,4078,0,3900,3900,0,2679,2342,337,12.57932064203061,109,4.068682344158268
nonleft_symmetric,MG,48470,MOEMA,5420,5420,0,1844,5196,5196,0,5122,5122,0,4105,3346,759,18.48964677222899,529,12.886723507917175
nonleft_symmetric,MG,48496,MONJOLOS,1695,1695,0,908,1606,1606,0,1599,1599,0,1280,698,582,45.46875,493,38.515625
nonleft_symmetric,MG,48518,MONSENHOR PAULO,5355,5355,0,2146,5036,5036,0,4806,4806,0,3510,2887,623,17.74928774928775,301,8.575498575498575
nonleft_symmetric,MG,48534,MONTALVÂNIA,9373,9372,-1,5627,8893,8893,0,8593,8593,0,5634,3263,2371,42.08377706780263,1888,33.51082712105077
nonleft_symmetric,MG,48550,MONTE ALEGRE DE MINAS,11176,11175,-1,4677,10678,10678,0,10004,10004,0,7128,5994,1134,15.909090909090908,629,8.82435465768799
nonleft_symmetric,MG,48577,MONTE AZUL,14307,14307,0,7858,13595,13595,0,13228,13228,0,8707,5732,2975,34.16791087630642,2258,25.93315722981509
nonleft_symmetric,MG,48593,MONTE BELO,8452,8452,0,3272,8040,8040,0,7608,7608,0,5892,4756,1136,19.280380176510523,712,12.08418194161575
nonleft_symmetric,MG,48615,MONTE CARMELO,27556,27554,-2,11046,26310,26310,0,24624,24624,0,18525,15235,3290,17.75978407557355,2015,10.87719298245614
nonleft_symmetric,MG,48631,MONTE SANTO DE MINAS,12243,12242,-1,4199,11371,11371,0,10611,10611,0,8010,7159,851,10.624219725343321,0,0.0
nonleft_symmetric,MG,48658,MONTES CLAROS,233349,232971,-378,94112,221074,221074,0,208006,208006,0,144573,126643,17930,12.402039108270563,5336,3.6908689727680826
nonleft_symmetric,MG,48674,MONTE SIÃO,14693,14692,-1,2794,14135,14135,0,13516,13516,0,11740,11329,411,3.5008517887563886,0,0.0
nonleft_symmetric,MG,48690,MORADA NOVA DE MINAS,5644,5644,0,2002,5377,5377,0,5187,5187,0,4099,3372,727,17.736033178824105,457,11.149060746523542
nonleft_symmetric,MG,48712,MORRO DA GARÇA,2202,2202,0,1302,2116,2116,0,2061,2061,0,1441,814,627,43.51145038167939,541,37.543372657876475
nonleft_symmetric,MG,48739,MORRO DO PILAR,2802,2802,0,1435,2583,2583,0,2491,2491,0,1726,1144,582,33.719582850521434,359,20.799536500579375
nonleft_symmetric,MG,48755,MUNHOZ,4715,4715,0,1587,4494,4494,0,4255,4255,0,3348,2904,444,13.261648745519713,220,6.571087216248507
nonleft_symmetric,MG,48771,MURIAÉ,62984,62983,-1,25203,59812,59812,0,56216,56216,0,39939,34539,5400,13.520618943889431,2158,5.403239940909888
nonleft_symmetric,MG,48798,MUTUM,16489,16485,-4,6442,15886,15886,0,15401,15401,0,10880,9437,1443,13.262867647058824,833,7.65625
nonleft_symmetric,MG,48810,MUZAMBINHO,13777,13774,-3,5075,13154,13154,0,12555,12555,0,9074,8065,1009,11.119682609653957,372,4.099625303063698
nonleft_symmetric,MG,48836,NACIP RAYDAN,1903,1903,0,1046,1783,1783,0,1741,1741,0,1263,735,528,41.80522565320665,406,32.145684877276324
nonleft_symmetric,MG,48852,NANUQUE,20546,20542,-4,9175,19575,19575,0,18541,18541,0,12775,10386,2389,18.70058708414873,1404,10.990215264187867
nonleft_symmetric,MG,48879,NATÉRCIA,3254,3254,0,990,3025,3025,0,2926,2926,0,2379,2028,351,14.754098360655737,115,4.833963850357293
nonleft_symmetric,MG,48895,NAZARENO,5258,5258,0,2558,4919,4919,0,4701,4701,0,3459,2355,1104,31.91673894189072,759,21.94275802254987
nonleft_symmetric,MG,48917,NEPOMUCENO,15482,15482,0,5909,14506,14506,0,13753,13753,0,10309,8579,1730,16.78145309923368,736,7.139392763604618
nonleft_symmetric,MG,48933,NOVA ERA,11184,11184,0,5702,10513,10513,0,9931,9931,0,5670,4795,875,15.432098765432098,188,3.315696649029982
nonleft_symmetric,MG,48950,NOVA LIMA,63499,63498,-1,25643,60227,60227,0,57489,57489,0,36805,34439,2366,6.4284743920662955,0,0.0
nonleft_symmetric,MG,48976,NOVA MÓDICA,2721,2721,0,1411,2594,2594,0,2540,2540,0,1837,1181,656,35.7103973870441,527,28.68807838867719
nonleft_symmetric,MG,48992,NOVA PONTE,10051,10050,-1,3684,9642,9642,0,9171,9171,0,7497,5953,1544,20.594904628518073,1130,15.072695744964653
nonleft_symmetric,MG,49018,NOVA RESENDE,10781,10781,0,3293,10188,10188,0,9830,9830,0,8140,6890,1250,15.356265356265355,652,8.00982800982801
nonleft_symmetric,MG,49034,NOVA SERRANA,55835,55835,0,11437,53816,53816,0,52546,52546,0,46937,42328,4609,9.819545348019686,2539,5.4093785286660845
nonleft_symmetric,MG,49050,NOVO CRUZEIRO,15861,15860,-1,9854,14730,14730,0,14489,14489,0,10473,4871,5602,53.48992647760909,4466,42.64298672777618
nonleft_symmetric,MG,49077,OLARIA,1800,1800,0,929,1713,1713,0,1642,1642,0,1036,784,252,24.324324324324323,165,15.926640926640927
nonleft_symmetric,MG,49093,OLÍMPIO NORONHA,2165,2165,0,964,2029,2029,0,1972,1972,0,1564,1060,504,32.22506393861892,363,23.209718670076725
nonleft_symmetric,MG,49115,OLIVEIRA,26140,26140,0,10180,24378,24378,0,23120,23120,0,17168,14157,3011,17.538443616029824,1208,7.036346691519105
nonleft_symmetric,MG,49131,OLIVEIRA FORTES,2154,2154,0,1239,2035,2035,0,1922,1922,0,1314,795,519,39.49771689497717,399,30.365296803652967
nonleft_symmetric,MG,49158,ONÇA DE PITANGUI,2694,2694,0,828,2601,2601,0,2565,2565,0,2160,1771,389,18.00925925925926,294,13.61111111111111
nonleft_symmetric,MG,49174,OURO BRANCO,24831,24831,0,10187,23484,23484,0,22191,22191,0,14717,13265,1452,9.866141197254874,73,0.49602500509614733
nonleft_symmetric,MG,49190,OURO FINO,18942,18942,0,4826,17906,17906,0,17056,17056,0,14234,13055,1179,8.282984403540818,118,0.829000983560489
nonleft_symmetric,MG,49212,OURO PRETO,50483,50480,-3,28812,47290,47290,0,43679,43679,0,22219,18374,3845,17.30500922633782,548,2.466357621855169
nonleft_symmetric,MG,49239,OURO VERDE DE MINAS,5264,5264,0,2709,5029,5029,0,4980,4980,0,3963,2315,1648,41.584658087307595,1408,35.52863991925309
nonleft_symmetric,MG,49255,PADRE PARAÍSO,9774,9774,0,4904,9185,9185,0,8887,8887,0,5805,4273,1532,26.391042204995692,935,16.1068044788975
nonleft_symmetric,MG,49271,PAINEIRAS,3170,3170,0,1474,2995,2995,0,2885,2885,0,1974,1519,455,23.04964539007092,278,14.083080040526848
nonleft_symmetric,MG,49298,PAINS,5397,5397,0,1761,5183,5183,0,4989,4989,0,3925,3421,504,12.840764331210192,289,7.3630573248407645
nonleft_symmetric,MG,49310,PAIVA,1495,1495,0,778,1419,1419,0,1340,1340,0,905,641,264,29.171270718232044,188,20.773480662983424
nonleft_symmetric,MG,49336,PALMA,4012,4009,-3,2176,3858,3858,0,3789,3789,0,2561,1680,881,34.4006247559547,725,28.309254197579072
nonleft_symmetric,MG,49352,FRONTEIRA DOS VALES,3172,3172,0,2145,3039,3039,0,2977,2977,0,1394,890,504,36.15494978479197,367,26.327116212338595
nonleft_symmetric,MG,49379,PAPAGAIOS,9691,9690,-1,3626,9243,9243,0,8909,8909,0,7500,5612,1888,25.173333333333332,1435,19.133333333333333
nonleft_symmetric,MG,49395,PARACATU,52502,52500,-2,16165,50136,50136,0,48030,48030,0,40326,33923,6403,15.878093537668006,3989,9.891881168476914
nonleft_symmetric,MG,49417,PARÁ DE MINAS,53206,53206,0,13618,49933,49933,0,47571,47571,0,38407,36250,2157,5.61616372015518,0,0.0
nonleft_symmetric,MG,49433,PARAGUAÇU,13027,13027,0,4694,12328,12328,0,11757,11757,0,8918,7623,1295,14.521193092621663,585,6.559766763848397
nonleft_symmetric,MG,49450,PARAISÓPOLIS,12685,12684,-1,4167,11920,11920,0,11045,11045,0,8383,7725,658,7.84921865680544,0,0.0
nonleft_symmetric,MG,49476,PARAOPEBA,16076,16076,0,5915,15151,15151,0,14415,14415,0,11209,9217,1992,17.771433669372826,1048,9.349629761798555
nonleft_symmetric,MG,49492,PASSABÉM,1461,1461,0,734,1386,1386,0,1373,1373,0,1051,652,399,37.96384395813511,324,30.82778306374881
nonleft_symmetric,MG,49514,PASSA QUATRO,10482,10482,0,4297,9892,9892,0,9329,9329,0,6420,5575,845,13.161993769470405,235,3.660436137071651
nonleft_symmetric,MG,49530,PASSA TEMPO,5927,5927,0,2470,5382,5382,0,5060,5060,0,3600,2905,695,19.305555555555557,143,3.9722222222222223
nonleft_symmetric,MG,49557,PASSA VINTE,2021,2021,0,849,1945,1945,0,1905,1905,0,1346,1093,253,18.796433878157504,174,12.927191679049034
nonleft_symmetric,MG,49573,PASSOS,62818,62817,-1,23112,59479,59479,0,56579,56579,0,43070,36291,6779,15.739493847225447,3364,7.810540979800325
nonleft_symmetric,MG,49590,PATOS DE MINAS,90467,90331,-136,24655,86616,86616,0,84745,84745,0,73159,61840,11319,15.47178064216296,7347,10.042510149127244
nonleft_symmetric,MG,49611,PATROCÍNIO,53327,53324,-3,15427,50686,50686,0,47768,47768,0,39342,35212,4130,10.497686950332977,1442,3.6652940877433786
nonleft_symmetric,MG,49638,PATROCÍNIO DO MURIAÉ,4207,4206,-1,1985,4023,4023,0,3873,3873,0,2720,2037,683,25.110294117647058,498,18.308823529411764
nonleft_symmetric,MG,49654,PAULA CÂNDIDO,6052,6052,0,3669,5723,5723,0,5471,5471,0,3480,2049,1431,41.12068965517241,1097,31.522988505747126
nonleft_symmetric,MG,49670,PAULISTAS,2854,2854,0,1891,2668,2668,0,2553,2553,0,1307,776,531,40.62739097169089,344,26.319816373374138
nonleft_symmetric,MG,49697,PAVÃO,4430,4430,0,2570,4148,4148,0,4097,4097,0,1980,1576,404,20.404040404040405,120,6.0606060606060606
nonleft_symmetric,MG,49719,PEÇANHA,8706,8702,-4,4466,8146,8146,0,7922,7922,0,6096,3675,2421,39.71456692913386,1856,30.446194225721786
nonleft_symmetric,MG,49735,PEDRA AZUL,12472,12469,-3,6480,11710,11710,0,11422,11422,0,7995,5217,2778,34.74671669793621,2003,25.05315822388993
nonleft_symmetric,MG,49751,PEDRA DO ANTA,2808,2808,0,1669,2628,2628,0,2548,2548,0,1622,957,665,40.99876695437731,483,29.77805178791615
nonleft_symmetric,MG,49778,PEDRA DO INDAIÁ,3143,3142,-1,965,2954,2954,0,2933,2933,0,2545,1987,558,21.925343811394892,367,14.420432220039293
nonleft_symmetric,MG,49794,PEDRA DOURADA,2215,2215,0,1097,2100,2100,0,2021,2021,0,1516,1001,515,33.970976253298154,398,26.2532981530343
nonleft_symmetric,MG,49816,PEDRALVA,7240,7240,0,2509,6799,6799,0,6508,6508,0,4892,4286,606,12.387571545380213,161,3.2910874897792315
nonleft_symmetric,MG,49832,PEDRINÓPOLIS,2673,2671,-2,964,2580,2580,0,2509,2509,0,2152,1613,539,25.04646840148699,443,20.58550185873606
nonleft_symmetric,MG,49859,PEDRO LEOPOLDO,39110,39107,-3,13992,36766,36766,0,34985,34985,0,24497,22698,1799,7.34375637833204,0,0.0
nonleft_symmetric,MG,49875,PEDRO TEIXEIRA,2090,2090,0,1251,1996,1996,0,1887,1887,0,1107,743,364,32.881662149954835,268,24.209575429087625
nonleft_symmetric,MG,49891,PEQUERI,2673,2673,0,1292,2552,2552,0,2447,2447,0,1608,1256,352,21.890547263681594,227,14.116915422885572
nonleft_symmetric,MG,49913,PEQUI,3348,3348,0,1253,3214,3214,0,3132,3132,0,2434,1957,477,19.59737058340181,339,13.927691043549713
nonleft_symmetric,MG,49930,PERDIGÃO,6952,6952,0,1398,6660,6660,0,6493,6493,0,5785,5259,526,9.09248055315471,231,3.993085566119274
nonleft_symmetric,MG,49956,PERDIZES,10558,10550,-8,3221,10161,10161,0,9722,9722,0,8277,6928,1349,16.298175667512385,940,11.356771777213966
nonleft_symmetric,MG,49972,PERDÕES,13566,13566,0,4660,12727,12727,0,11979,11979,0,9323,8055,1268,13.6007722835997,417,4.472809181593908
nonleft_symmetric,MG,49999,PESCADOR,2477,2476,-1,1415,2338,2338,0,2295,2295,0,1466,919,547,37.31241473396999,404,27.557980900409277
nonleft_symmetric,MG,50016,PIAU,2639,2639,0,1399,2531,2531,0,2371,2371,0,1514,1131,383,25.297225891677677,274,18.09775429326288
nonleft_symmetric,MG,50032,PIEDADE DE PONTE NOVA,2903,2903,0,1749,2757,2757,0,2656,2656,0,1846,1006,840,45.50379198266522,692,37.48645720476706
nonleft_symmetric,MG,50059,PIEDADE DO RIO GRANDE,3119,3119,0,1409,2904,2904,0,2813,2813,0,2224,1493,731,32.868705035971225,514,23.111510791366907
nonleft_symmetric,MG,50075,PIEDADE DOS GERAIS,3917,3917,0,1448,3651,3651,0,3428,3428,0,2551,2198,353,13.837710701685614,82,3.2144257154057234
nonleft_symmetric,MG,50091,PIMENTA,5750,5750,0,1778,5389,5389,0,5159,5159,0,4271,3606,665,15.570124092718332,299,7.000702411613205
nonleft_symmetric,MG,50113,PIRACEMA,5130,5129,-1,2155,4736,4736,0,4433,4433,0,3065,2572,493,16.08482871125612,90,2.936378466557912
nonleft_symmetric,MG,50130,PIRAJUBA,3703,3703,0,1522,3563,3563,0,3367,3367,0,2556,2041,515,20.14866979655712,375,14.671361502347418
nonleft_symmetric,MG,50156,PIRANGA,9476,9476,0,4932,8749,8749,0,8212,8212,0,5138,3800,1338,26.041261191124953,594,11.56091864538731
nonleft_symmetric,MG,50172,PIRANGUÇU,3809,3808,-1,1254,3633,3633,0,3495,3495,0,2706,2371,335,12.37989652623799,151,5.580192165558019
nonleft_symmetric,MG,50199,PIRANGUINHO,5881,5881,0,2130,5608,5608,0,5365,5365,0,3748,3474,274,7.310565635005336,0,0.0
nonleft_symmetric,MG,50210,PIRAPETINGA,7637,7637,0,3539,7238,7238,0,6863,6863,0,4734,3694,1040,21.968736797634136,636,13.434727503168569
nonleft_symmetric,MG,50237,PIRAPORA,31291,31291,0,11637,29395,29395,0,27632,27632,0,20922,17714,3208,15.333142147022274,1268,6.0606060606060606
nonleft_symmetric,MG,50253,PIRAÚBA,7566,7566,0,3680,7230,7230,0,6843,6843,0,4505,3546,959,21.287458379578247,619,13.740288568257492
nonleft_symmetric,MG,50270,PITANGUI,17160,17160,0,4660,16412,16412,0,15966,15966,0,13643,11742,1901,13.933885509052262,1143,8.377922744264458
nonleft_symmetric,MG,50296,PIUMHI,19578,19577,-1,5561,18664,18664,0,18015,18015,0,14881,13074,1807,12.143001142396344,864,5.806061420603454
nonleft_symmetric,MG,50318,PLANURA,6319,6319,0,2628,6071,6071,0,5651,5651,0,4190,3441,749,17.875894988066825,499,11.909307875894989
nonleft_symmetric,MG,50334,POÇO FUNDO,10223,10223,0,3873,9670,9670,0,9235,9235,0,6133,5789,344,5.60900048915702,0,0.0
nonleft_symmetric,MG,50350,POÇOS DE CALDAS,90264,89914,-350,31033,85738,85738,0,80566,80566,0,55665,54512,1153,2.07131950058385,0,0.0
nonleft_symmetric,MG,50377,POCRANE,5629,5628,-1,2621,5399,5399,0,5304,5304,0,3605,2776,829,22.995839112343965,597,16.560332871012484
nonleft_symmetric,MG,50393,POMPÉU,18202,18202,0,7718,17033,17033,0,16108,16108,0,11446,9298,2148,18.76638126856544,962,8.404682858640573
nonleft_symmetric,MG,50415,PONTE NOVA,34655,34655,0,19696,32951,32951,0,30276,30276,0,16367,13205,3162,19.319362131117494,1408,8.602676116576037
nonleft_symmetric,MG,50431,PORTEIRINHA,24520,24520,0,13656,23331,23331,0,22471,22471,0,15180,9662,5518,36.35046113306983,4316,28.432147562582344
nonleft_symmetric,MG,50458,PORTO FIRME,6628,6628,0,3598,6262,6262,0,6011,6011,0,3644,2655,989,27.140504939626783,614,16.84961580680571
nonleft_symmetric,MG,50474,POTÉ,8911,8911,0,4420,8322,8322,0,8219,8219,0,5866,3893,1973,33.6345039209001,1375,23.44016365496079
nonleft_symmetric,MG,50490,POUSO ALEGRE,87556,87289,-267,28345,82880,82880,0,77602,77602,0,58854,54393,4461,7.579773677235192,0,0.0
nonleft_symmetric,MG,50512,POUSO ALTO,4492,4492,0,1620,4259,4259,0,4066,4066,0,3107,2638,469,15.094946894110073,235,7.563566140971998
nonleft_symmetric,MG,50539,PRADOS,6199,6199,0,2913,5648,5648,0,5264,5264,0,3185,2729,456,14.317111459968602,0,0.0
nonleft_symmetric,MG,50555,PRATA,16315,16313,-2,6185,15759,15759,0,14777,14777,0,12032,9563,2469,20.52027925531915,1902,15.80784574468085
nonleft_symmetric,MG,50571,PRATÁPOLIS,5733,5733,0,2133,5373,5373,0,5120,5120,0,3840,3237,603,15.703125,240,6.25
nonleft_symmetric,MG,50598,PRATINHA,2568,2568,0,690,2476,2476,0,2433,2433,0,2189,1786,403,18.410232983097305,311,14.207400639561444
nonleft_symmetric,MG,50610,PRESIDENTE BERNARDES,4029,4029,0,2318,3818,3818,0,3748,3748,0,2628,1493,1135,43.18873668188737,917,34.89345509893455
nonleft_symmetric,MG,50636,PRESIDENTE JUSCELINO,2754,2754,0,1485,2610,2610,0,2565,2565,0,2022,1117,905,44.75766567754698,753,37.240356083086056
nonleft_symmetric,MG,50652,PRESIDENTE KUBITSCHEK,2388,2388,0,1671,2261,2261,0,2211,2211,0,1231,590,641,52.0714865962632,514,41.75467099918765
nonleft_symmetric,MG,50679,PRESIDENTE OLEGÁRIO,12133,12133,0,4356,11578,11578,0,11272,11272,0,9116,7209,1907,20.919262834576568,1339,14.688459850811759
nonleft_symmetric,MG,50695,ALTO JEQUITIBÁ,5776,5776,0,1767,5521,5521,0,5344,5344,0,4366,3748,618,14.154832798900596,357,8.176820888685295
nonleft_symmetric,MG,50717,PRUDENTE DE MORAIS,6964,6964,0,2611,6394,6394,0,6046,6046,0,4541,3770,771,16.97863906628496,188,4.140057256110989
nonleft_symmetric,MG,50733,QUARTEL GERAL,2930,2930,0,1286,2751,2751,0,2751,2751,0,2226,1464,762,34.23180592991914,582,26.1455525606469
nonleft_symmetric,MG,50750,QUELUZITO,2252,2252,0,985,2153,2153,0,2095,2095,0,1597,1166,431,26.98810269254853,330,20.66374452097683
nonleft_symmetric,MG,50776,RAPOSOS,10860,10860,0,5196,10164,10164,0,9591,9591,0,5832,4938,894,15.329218106995885,168,2.880658436213992
nonleft_symmetric,MG,50792,RAUL SOARES,13799,13798,-1,6994,13034,13034,0,12431,12431,0,8211,6033,2178,26.52539276580197,1406,17.12337108756546
nonleft_symmetric,MG,50814,RECREIO,5878,5876,-2,3204,5609,5609,0,5418,5418,0,2923,2400,523,17.89257612042422,249,8.518645227505987
nonleft_symmetric,MG,50830,RESENDE COSTA,7807,7807,0,3132,7309,7309,0,6972,6972,0,4688,4170,518,11.049488054607508,13,0.2773037542662116
nonleft_symmetric,MG,50857,RESPLENDOR,9093,9093,0,2968,8793,8793,0,8485,8485,0,6801,5822,979,14.394941920305838,676,9.939714747831202
nonleft_symmetric,MG,50873,RESSAQUINHA,3766,3766,0,1893,3547,3547,0,3366,3366,0,2269,1648,621,27.36888497135302,396,17.45262230057294
nonleft_symmetric,MG,50890,RIACHO DOS MACHADOS,5857,5857,0,3358,5538,5538,0,5458,5458,0,4027,2174,1853,46.01440278122672,1528,37.94387881797864
nonleft_symmetric,MG,50911,RIBEIRÃO DAS NEVES,173134,173075,-59,71008,161650,161650,0,150854,150854,0,97958,90313,7645,7.804365136078728,0,0.0
nonleft_symmetric,MG,50938,RIBEIRÃO VERMELHO,2807,2807,0,1330,2619,2619,0,2483,2483,0,1741,1283,458,26.30672027570362,264,15.163699023549684
nonleft_symmetric,MG,50954,RIO ACIMA,6923,6923,0,2964,6501,6501,0,6171,6171,0,3939,3525,414,10.51028179741051,0,0.0
nonleft_symmetric,MG,50970,RIO CASCA,7690,7689,-1,4258,7212,7212,0,6740,6740,0,4241,2946,1295,30.535251120018863,809,19.075689695826455
nonleft_symmetric,MG,50997,RIO DOCE,2103,2103,0,1224,1956,1956,0,1882,1882,0,875,732,143,16.34285714285714,0,0.0
nonleft_symmetric,MG,51012,RIO DO PRADO,3149,3149,0,2098,2986,2986,0,2891,2891,0,1377,884,493,35.80246913580247,326,23.674655047204066
nonleft_symmetric,MG,51039,RIO ESPERA,4186,4186,0,2022,3883,3883,0,3684,3684,0,2554,1856,698,27.329678935003916,390,15.270164447924824
nonleft_symmetric,MG,51055,RIO MANSO,3961,3961,0,1672,3764,3764,0,3596,3596,0,2563,2089,474,18.4939523995318,274,10.690596956691378
nonleft_symmetric,MG,51071,RIO NOVO,5412,5412,0,2595,5120,5120,0,4867,4867,0,3266,2516,750,22.963870177587264,449,13.74770361298224
nonleft_symmetric,MG,51098,RIO PARANAÍBA,8467,8467,0,3107,8052,8052,0,7559,7559,0,5805,4941,864,14.883720930232558,445,7.665805340223945
nonleft_symmetric,MG,51110,RIO PARDO DE MINAS,17182,17180,-2,9138,16287,16287,0,16052,16052,0,11610,7143,4467,38.47545219638243,3566,30.714900947459086
nonleft_symmetric,MG,51136,RIO PIRACICABA,9329,9329,0,4544,8708,8708,0,8101,8101,0,4969,4157,812,16.341316160193198,184,3.702958341718656
nonleft_symmetric,MG,51152,RIO POMBA,10726,10726,0,5195,10153,10153,0,9445,9445,0,5814,4950,864,14.860681114551083,283,4.867561059511524
nonleft_symmetric,MG,51179,RIO PRETO,4196,4196,0,2242,4052,4052,0,3948,3948,0,2508,1807,701,27.950558213716107,554,22.08931419457735
nonleft_symmetric,MG,51195,RIO VERMELHO,6096,6096,0,3386,5637,5637,0,5332,5332,0,3483,2246,1237,35.51536032156187,773,22.193511340798164
nonleft_symmetric,MG,51217,RITÁPOLIS,3792,3792,0,1859,3520,3520,0,3307,3307,0,2147,1655,492,22.915696320447136,214,9.967396367023754
nonleft_symmetric,MG,51233,ROCHEDO DE MINAS,2207,2207,0,926,2099,2099,0,2016,2016,0,1509,1172,337,22.33267064280981,228,15.109343936381709
nonleft_symmetric,MG,51250,RODEIRO,5497,5497,0,2283,5247,5247,0,4999,4999,0,3829,2960,869,22.695220684251762,615,16.06163489161661
nonleft_symmetric,MG,51276,ROMARIA,2790,2790,0,1402,2688,2688,0,2601,2601,0,1926,1286,640,33.229491173416406,538,27.933541017653166
nonleft_symmetric,MG,51292,RUBELITA,5007,5007,0,3363,4620,4620,0,4627,4627,0,3003,1257,1746,58.141858141858144,1359,45.25474525474525
nonleft_symmetric,MG,51314,RUBIM,5130,5130,0,3179,4814,4814,0,4747,4747,0,3182,1633,1549,48.68007542426147,1231,38.68636077938404
nonleft_symmetric,MG,51330,SABARÁ,76541,76541,0,31450,71131,71131,0,66707,66707,0,41757,39505,2252,5.393107742414445,0,0.0
nonleft_symmetric,MG,51357,SABINÓPOLIS,8119,8119,0,4853,7596,7596,0,7126,7126,0,3524,2737,787,22.332576617480136,258,7.32122587968218
nonleft_symmetric,MG,51373,SACRAMENTO,15963,15963,0,5315,15413,15413,0,14738,14738,0,11661,10081,1580,13.549438298602178,1013,8.68707658005317
nonleft_symmetric,MG,51390,SALINAS,24619,24618,-1,12741,23272,23272,0,22706,22706,0,15996,10515,5481,34.264816204051016,4118,25.743935983996
nonleft_symmetric,MG,51411,SALTO DA DIVISA,3564,3563,-1,2008,3349,3349,0,3244,3244,0,1907,1334,573,30.047194546407972,351,18.405873099108547
nonleft_symmetric,MG,51438,SANTA BÁRBARA,18611,18611,0,9234,17433,17433,0,16204,16204,0,9957,8162,1795,18.0275183288139,580,5.825047705132068
nonleft_symmetric,MG,51454,SANTA BÁRBARA DO TUGÚRIO,3453,3453,0,2017,3202,3202,0,2992,2992,0,1893,1181,712,37.612255678816695,457,24.141574220813524
nonleft_symmetric,MG,51470,SANTA CRUZ DO ESCALVADO,3864,3864,0,2393,3666,3666,0,3530,3530,0,2229,1273,956,42.88918797667115,758,34.00628084342755
nonleft_symmetric,MG,51497,SANTA EFIGÊNIA DE MINAS,2875,2875,0,1437,2631,2631,0,2529,2529,0,1964,1192,772,39.30753564154786,526,26.782077393075358
nonleft_symmetric,MG,51519,SANTA FÉ DE MINAS,2457,2456,-1,1626,2376,2376,0,2333,2333,0,1728,749,979,56.655092592592595,897,51.90972222222222
nonleft_symmetric,MG,51535,SANTA JULIANA,9175,9175,0,3259,8834,8834,0,8285,8285,0,6932,5571,1361,19.633583381419502,1016,14.65666474321985
nonleft_symmetric,MG,51551,SANTA LUZIA,132961,132833,-128,51624,124532,124532,0,117327,117327,0,77483,72616,4867,6.281377850625298,0,0.0
nonleft_symmetric,MG,51578,SANTA MARGARIDA,10833,10833,0,4888,10333,10333,0,10092,10092,0,8100,5441,2659,32.82716049382716,2155,26.604938271604937
nonleft_symmetric,MG,51594,SANTA MARIA DE ITABIRA,6719,6718,-1,3692,6297,6297,0,5972,5972,0,4130,2599,1531,37.07021791767554,1103,26.707021791767556
nonleft_symmetric,MG,51616,SANTA MARIA DO SALTO,3126,3126,0,1625,2885,2885,0,2794,2794,0,2109,1253,856,40.58795637743006,608,28.82882882882883
nonleft_symmetric,MG,51632,SANTA MARIA DO SUAÇUÍ,7557,7557,0,4151,7200,7200,0,7052,7052,0,4999,3044,1955,39.107821564312864,1593,31.86637327465493
nonleft_symmetric,MG,51659,SANTANA DA VARGEM,4928,4928,0,1941,4624,4624,0,4368,4368,0,3248,2677,571,17.580049261083744,261,8.035714285714286
nonleft_symmetric,MG,51675,SANTANA DE CATAGUASES,2780,2780,0,1178,2669,2669,0,2605,2605,0,1871,1491,380,20.309994655264564,269,14.377338321753074
nonleft_symmetric,MG,51691,SANTANA DE PIRAPAMA,5609,5609,0,2431,5329,5329,0,5172,5172,0,4011,2892,1119,27.898279730740462,833,20.767888307155324
nonleft_symmetric,MG,51713,SANTANA DO DESERTO,2877,2876,-1,1550,2769,2769,0,2553,2553,0,1718,1217,501,29.161816065192085,391,22.759022118742724
nonleft_symmetric,MG,51730,SANTANA DO GARAMBÉU,1860,1860,0,1034,1714,1714,0,1626,1626,0,1221,677,544,44.55364455364455,395,32.35053235053235
nonleft_symmetric,MG,51756,SANTANA DO JACARÉ,3176,3176,0,1359,2925,2925,0,2741,2741,0,2090,1564,526,25.167464114832537,273,13.062200956937799
nonleft_symmetric,MG,51772,SANTANA DO MANHUAÇU,5981,5981,0,2934,5760,5760,0,5648,5648,0,4267,2823,1444,33.84110616358097,1220,28.591516287790018
nonleft_symmetric,MG,51799,SANTANA DO RIACHO,4449,4449,0,2289,4280,4280,0,4136,4136,0,2593,1988,605,23.33204782105669,433,16.698804473582722
nonleft_symmetric,MG,51810,SANTANA DOS MONTES,3077,3077,0,1457,2846,2846,0,2648,2648,0,1878,1389,489,26.038338658146966,258,13.738019169329073
nonleft_symmetric,MG,51837,SANTA RITA DE CALDAS,5550,5550,0,1532,5333,5333,0,5193,5193,0,4313,3797,516,11.963830280547183,295,6.839786691398099
nonleft_symmetric,MG,51853,SANTA RITA DE JACUTINGA,3543,3543,0,1734,3384,3384,0,3239,3239,0,2169,1647,522,24.066390041493776,360,16.597510373443985
nonleft_symmetric,MG,51870,SANTA RITA DE IBITIPOCA,2548,2548,0,1404,2383,2383,0,2311,2311,0,1656,974,682,41.18357487922705,512,30.917874396135264
nonleft_symmetric,MG,51896,SANTA RITA DO ITUETO,3924,3924,0,1341,3781,3781,0,3698,3698,0,3042,2439,603,19.82248520710059,459,15.088757396449704
nonleft_symmetric,MG,51918,SANTA RITA DO SAPUCAÍ,24619,24618,-1,6239,23280,23280,0,22083,22083,0,18207,16995,1212,6.6567803592025045,0,0.0
nonleft_symmetric,MG,51934,SANTA ROSA DA SERRA,2538,2537,-1,1002,2408,2408,0,2357,2357,0,1970,1406,564,28.629441624365484,434,22.03045685279188
nonleft_symmetric,MG,51950,SANTA VITÓRIA,13055,13055,0,6187,12626,12626,0,12002,12002,0,8422,6433,1989,23.616718119211587,1554,18.451674186654003
nonleft_symmetric,MG,51977,SANTO ANTÔNIO DO AMPARO,10817,11062,245,5718,10007,10007,0,9444,9444,0,6764,4282,2482,36.69426374926079,1665,24.615612063867534
nonleft_symmetric,MG,51993,SANTO ANTÔNIO DO AVENTUREIRO,3075,3074,-1,1382,2910,2910,0,2758,2758,0,2140,1524,616,28.785046728971963,447,20.88785046728972
nonleft_symmetric,MG,52019,SANTO ANTÔNIO DO GRAMA,2985,2985,0,1756,2812,2812,0,2669,2669,0,1433,1056,377,26.30844382414515,204,14.235868806699232
nonleft_symmetric,MG,52035,SANTO ANTÔNIO DO ITAMBÉ,2335,2335,0,1452,2142,2142,0,2074,2074,0,1428,688,740,51.82072829131653,545,38.16526610644258
nonleft_symmetric,MG,52051,SANTO ANTÔNIO DO JACINTO,6462,6462,0,3158,5932,5932,0,5840,5840,0,4201,2772,1429,34.015710545108305,897,21.35205903356344
nonleft_symmetric,MG,52078,SANTO ANTÔNIO DO MONTE,16679,16679,0,3696,16065,16065,0,15490,15490,0,13361,12355,1006,7.529376543671881,378,2.8291295561709453
nonleft_symmetric,MG,52094,SANTO ANTÔNIO DO RIO ABAIXO,1614,1614,0,837,1527,1527,0,1479,1479,0,969,690,279,28.792569659442723,192,19.814241486068113
nonleft_symmetric,MG,52116,SANTO HIPÓLITO,2216,2216,0,1282,2092,2092,0,2025,2025,0,1502,806,696,46.33821571238349,568,37.81624500665779
nonleft_symmetric,MG,52132,SANTOS DUMONT,28793,28793,0,15053,27175,27175,0,24947,24947,0,14986,12059,2927,19.531562791939145,1246,8.314426798345123
nonleft_symmetric,MG,52159,SÃO BENTO ABADE,3202,3202,0,1276,3002,3002,0,2919,2919,0,2299,1722,577,25.097868638538493,373,16.224445411048283
nonleft_symmetric,MG,52175,SÃO BRÁS DO SUAÇUÍ,2875,2875,0,1383,2687,2687,0,2475,2475,0,1566,1302,264,16.85823754789272,74,4.725415070242656
nonleft_symmetric,MG,52191,SÃO DOMINGOS DO PRATA,10568,10564,-4,5369,10025,10025,0,9521,9521,0,5798,4641,1157,19.955156950672645,599,10.331148671955846
nonleft_symmetric,MG,52213,SÃO FRANCISCO,29479,29478,-1,17831,28587,28587,0,27834,27834,0,16247,10741,5506,33.88933341539977,4599,28.306764325721673
nonleft_symmetric,MG,52230,SÃO FRANCISCO DE PAULA,4841,4841,0,2468,4588,4588,0,4449,4449,0,3207,2120,1087,33.89460555035859,834,26.00561272217025
nonleft_symmetric,MG,52256,SÃO FRANCISCO DE SALES,3717,3716,-1,1865,3575,3575,0,3478,3478,0,2470,1708,762,30.850202429149796,618,25.020242914979757
nonleft_symmetric,MG,52272,SÃO FRANCISCO DO GLÓRIA,3387,3387,0,1808,3229,3229,0,3172,3172,0,1991,1418,573,28.779507785032646,412,20.693119035660473
nonleft_symmetric,MG,52299,SÃO GERALDO,5693,5692,-1,3199,5404,5404,0,5088,5088,0,3146,2199,947,30.10171646535283,652,20.724729815638906
nonleft_symmetric,MG,52310,SÃO GERALDO DA PIEDADE,2577,2577,0,1394,2428,2428,0,2378,2378,0,1853,1027,826,44.57636265515381,670,36.15758229897464
nonleft_symmetric,MG,52337,SÃO GONÇALO DO ABAETÉ,4277,4277,0,1728,4097,4097,0,3993,3993,0,3326,2364,962,28.923631990378833,777,23.361395069152135
nonleft_symmetric,MG,52353,SÃO GONÇALO DO PARÁ,7304,7304,0,2351,6841,6841,0,6677,6677,0,5486,4477,1009,18.39227123587313,533,9.71563981042654
nonleft_symmetric,MG,52370,SÃO GONÇALO DO RIO ABAIXO,9683,9683,0,4108,9015,9015,0,8493,8493,0,5728,4890,838,14.629888268156424,153,2.6710893854748603
nonleft_symmetric,MG,52396,SÃO GONÇALO DO SAPUCAÍ,14017,14017,0,5411,13207,13207,0,12361,12361,0,9326,7790,1536,16.47008363714347,720,7.7203517049110015
nonleft_symmetric,MG,52418,SÃO GOTARDO,22371,22370,-1,5818,21321,21321,0,20167,20167,0,17197,15483,1714,9.966854683956504,644,3.7448392161423505
nonleft_symmetric,MG,52434,SÃO JOÃO BATISTA DO GLÓRIA,5114,5113,-1,1620,4871,4871,0,4660,4660,0,3898,3246,652,16.72652642380708,404,10.364289379168804
nonleft_symmetric,MG,52450,SÃO JOÃO DA MATA,2499,2499,0,731,2367,2367,0,2323,2323,0,1907,1632,275,14.420555846879916,139,7.288935500786576
nonleft_symmetric,MG,52477,SÃO JOÃO DA PONTE,15955,15953,-2,11436,15309,15309,0,14935,14935,0,9276,3868,5408,58.30099180681328,4757,51.28288055196205
nonleft_symmetric,MG,52493,SÃO JOÃO DEL REI,55472,55472,0,21946,52330,52330,0,48999,48999,0,32569,30237,2332,7.160182996100587,0,0.0
nonleft_symmetric,MG,52515,SÃO JOÃO DO ORIENTE,5420,5420,0,2506,5186,5186,0,5030,5030,0,3420,2674,746,21.81286549707602,506,14.7953216374269
nonleft_symmetric,MG,52531,SÃO JOÃO DO PARAÍSO,13840,13840,0,5914,12740,12740,0,12751,12751,0,10352,6812,3540,34.19629057187017,2426,23.435085007727974
nonleft_symmetric,MG,52558,SÃO JOÃO EVANGELISTA,9136,9136,0,5385,8687,8687,0,8393,8393,0,4988,3294,1694,33.96150761828388,1237,24.799518845228548
nonleft_symmetric,MG,52574,SÃO JOÃO NEPOMUCENO,15601,15601,0,6580,14884,14884,0,14171,14171,0,9779,8280,1499,15.32876572246651,758,7.75130381429594
nonleft_symmetric,MG,52590,SÃO JOSÉ DA SAFIRA,2987,2987,0,1639,2859,2859,0,2796,2796,0,1938,1218,720,37.15170278637771,590,30.4437564499484
nonleft_symmetric,MG,52612,SÃO JOSÉ DA VARGINHA,3154,3154,0,1171,2996,2996,0,2863,2863,0,2254,1818,436,19.343389529724934,271,12.02307009760426
nonleft_symmetric,MG,52639,SÃO JOSÉ DO ALEGRE,2948,2948,0,854,2760,2760,0,2598,2598,0,2117,1904,213,10.061407652338215,23,1.086443079829948
nonleft_symmetric,MG,52655,SÃO JOSÉ DO DIVINO,2479,2478,-1,1002,2363,2363,0,2337,2337,0,1937,1359,578,29.839958699019103,460,23.74806401652039
nonleft_symmetric,MG,52671,SÃO JOSÉ DO GOIABAL,3634,3634,0,2082,3456,3456,0,3338,3338,0,2065,1370,695,33.65617433414044,513,24.84261501210654
nonleft_symmetric,MG,52698,SÃO JOSÉ DO JACURI,3952,3952,0,2200,3646,3646,0,3502,3502,0,2451,1439,1012,41.28926968584251,699,28.518971848225213
nonleft_symmetric,MG,52710,SÃO JOSÉ DO MANTIMENTO,2389,2389,0,1221,2272,2272,0,2208,2208,0,1480,1050,430,29.054054054054053,312,21.08108108108108
nonleft_symmetric,MG,52736,SÃO LOURENÇO,26571,26570,-1,8155,25221,25221,0,24037,24037,0,18217,17036,1181,6.4829554811439865,0,0.0
nonleft_symmetric,MG,52752,SÃO MIGUEL DO ANTA,5019,5019,0,2867,4704,4704,0,4459,4459,0,2683,1835,848,31.6064107342527,531,19.791278419679465
nonleft_symmetric,MG,52779,SÃO PEDRO DA UNIÃO,3346,3346,0,1127,3163,3163,0,3004,3004,0,2345,2035,310,13.219616204690832,126,5.373134328358209
nonleft_symmetric,MG,52795,SÃO PEDRO DOS FERROS,4632,4632,0,2860,4377,4377,0,4197,4197,0,2493,1513,980,39.310068190934615,721,28.920978740473327
nonleft_symmetric,MG,52817,SÃO PEDRO DO SUAÇUÍ,3371,3371,0,1806,3192,3192,0,3108,3108,0,2109,1383,726,34.42389758179232,544,25.794215267899478
nonleft_symmetric,MG,52833,SÃO ROMÃO,4826,4825,-1,2763,4602,4602,0,4503,4503,0,3120,1835,1285,41.18589743589744,1057,33.87820512820513
nonleft_symmetric,MG,52850,SÃO ROQUE DE MINAS,4505,4505,0,979,4348,4348,0,4217,4217,0,3701,3365,336,9.07862739800054,175,4.728451769791948
nonleft_symmetric,MG,52876,SÃO SEBASTIÃO DA BELA VISTA,4940,4940,0,1754,4731,4731,0,4591,4591,0,4104,2975,1129,27.509746588693957,918,22.36842105263158
nonleft_symmetric,MG,52892,SÃO SEBASTIÃO DO MARANHÃO,5734,5734,0,3061,5399,5399,0,5345,5345,0,3960,2336,1624,41.01010101010101,1287,32.5
nonleft_symmetric,MG,52914,SÃO SEBASTIÃO DO OESTE,6212,6212,0,2501,5908,5908,0,5811,5811,0,4901,3401,1500,30.60599877576005,1190,24.280759028769637
nonleft_symmetric,MG,52930,SÃO SEBASTIÃO DO PARAÍSO,37885,37885,0,12696,35867,35867,0,33929,33929,0,26404,23113,3291,12.464020602938948,1215,4.601575518860779
nonleft_symmetric,MG,52957,SÃO SEBASTIÃO DO RIO PRETO,1394,1394,0,607,1328,1328,0,1305,1305,0,1005,716,289,28.756218905472636,218,21.691542288557216
nonleft_symmetric,MG,52973,SÃO SEBASTIÃO DO RIO VERDE,1777,1777,0,572,1686,1686,0,1629,1629,0,1241,1112,129,10.394842868654312,36,2.9008863819500403
nonleft_symmetric,MG,52990,SÃO TIAGO,7599,7599,0,2913,7055,7055,0,6678,6678,0,5044,4126,918,18.199841395717684,358,7.0975416336241075
nonleft_symmetric,MG,53015,SÃO TOMÁS DE AQUINO,4495,4494,-1,1654,4281,4281,0,4094,4094,0,3271,2619,652,19.93274228064812,430,13.145826964231121
nonleft_symmetric,MG,53031,SÃO THOMÉ DAS LETRAS,4045,4045,0,2318,3854,3854,0,3667,3667,0,2032,1529,503,24.753937007874015,305,15.009842519685039
nonleft_symmetric,MG,53058,SÃO VICENTE DE MINAS,4258,4258,0,1940,4002,4002,0,3762,3762,0,2455,2057,398,16.21181262729124,137,5.580448065173116
nonleft_symmetric,MG,53074,SAPUCAÍ-MIRIM,4629,4629,0,1604,4370,4370,0,4282,4282,0,3530,2762,768,21.756373937677054,505,14.305949008498583
nonleft_symmetric,MG,53090,SARDOÁ,3659,3659,0,1629,3348,3348,0,3203,3203,0,2434,1713,721,29.62202136400986,404,16.598192276088742
nonleft_symmetric,MG,53112,SENADOR CORTES,2012,2011,-1,1020,1918,1918,0,1860,1860,0,1379,896,483,35.025380710659896,387,28.0638143582306
nonleft_symmetric,MG,53139,SENADOR FIRMINO,5485,5485,0,3028,5181,5181,0,4954,4954,0,3095,2145,950,30.694668820678515,638,20.61389337641357
nonleft_symmetric,MG,53155,SENADOR JOSÉ BENTO,1977,1977,0,646,1878,1878,0,1864,1864,0,1556,1232,324,20.822622107969153,225,14.460154241645244
nonleft_symmetric,MG,53171,SENADOR MODESTINO GONÇALVES,2260,3148,888,1277,2136,2136,0,2917,2917,0,2093,859,1234,58.95843287147635,1110,53.03392259913999
nonleft_symmetric,MG,53198,SENHORA DE OLIVEIRA,4342,4342,0,2466,4107,4107,0,3833,3833,0,2207,1632,575,26.053466243769822,331,14.997734481196193
nonleft_symmetric,MG,53210,SENHORA DO PORTO,2269,2269,0,1159,2108,2108,0,2013,2013,0,1518,945,573,37.74703557312253,408,26.877470355731226
nonleft_symmetric,MG,53236,SENHORA DOS REMÉDIOS,6735,6735,0,3325,6246,6246,0,6083,6083,0,3978,2912,1066,26.797385620915033,568,14.27853192559075
nonleft_symmetric,MG,53252,SERICITA,5686,5686,0,2427,5431,5431,0,5292,5292,0,4573,3002,1571,34.3538158757927,1314,28.733872731248635
nonleft_symmetric,MG,53279,SERITINGA,1593,1593,0,722,1509,1509,0,1437,1437,0,1048,786,262,25.0,177,16.889312977099237
nonleft_symmetric,MG,53295,SERRA AZUL DE MINAS,2283,2283,0,1258,2076,2076,0,2031,2031,0,1695,815,880,51.91740412979351,670,39.528023598820056
nonleft_symmetric,MG,53317,SERRA DA SAUDADE,989,989,0,360,963,963,0,967,967,0,802,603,199,24.81296758104738,173,21.571072319201996
nonleft_symmetric,MG,53333,SERRA DOS AIMORÉS,4590,4590,0,2562,4410,4410,0,4207,4207,0,2690,1839,851,31.635687732342006,662,24.609665427509295
nonleft_symmetric,MG,53350,SERRA DO SALITRE,7551,7551,0,2516,7279,7279,0,6982,6982,0,5752,4758,994,17.28094575799722,717,12.465229485396383
nonleft_symmetric,MG,53376,SERRANIA,4837,4837,0,2041,4562,4562,0,4385,4385,0,3142,2520,622,19.796308084022915,346,11.01209420751114
nonleft_symmetric,MG,53392,SERRANOS,1662,1662,0,803,1565,1565,0,1534,1534,0,1276,761,515,40.36050156739812,417,32.68025078369906
nonleft_symmetric,MG,53414,SERRO,11396,11396,0,6898,10550,10550,0,10027,10027,0,6027,3634,2393,39.70466235274598,1529,25.36917205906753
nonleft_symmetric,MG,53430,SETE LAGOAS,137452,137330,-122,44239,128074,128074,0,120014,120014,0,88967,83602,5365,6.0303258511582944,0,0.0
nonleft_symmetric,MG,53457,SILVEIRÂNIA,2485,2485,0,1333,2393,2393,0,2312,2312,0,1442,1059,383,26.560332871012484,290,20.110957004160888
nonleft_symmetric,MG,53473,SILVIANÓPOLIS,3753,3752,-1,1247,3581,3581,0,3445,3445,0,2838,2332,506,17.829457364341085,332,11.698379140239606
nonleft_symmetric,MG,53490,SIMÃO PEREIRA,2596,2596,0,1220,2499,2499,0,2449,2449,0,1836,1278,558,30.392156862745097,460,25.054466230936818
nonleft_symmetric,MG,53511,SIMONÉSIA,12769,12767,-2,5363,11977,11977,0,11658,11658,0,8608,6607,2001,23.24581784386617,1202,13.96375464684015
nonleft_symmetric,MG,53538,SOBRÁLIA,3223,3223,0,1472,3033,3033,0,2939,2939,0,2015,1559,456,22.6302729528536,264,13.101736972704714
nonleft_symmetric,MG,53554,SOLEDADE DE MINAS,3921,3921,0,1533,3715,3715,0,3559,3559,0,2726,2177,549,20.139398385913427,338,12.3991195891416
nonleft_symmetric,MG,53570,TABULEIRO,3165,3164,-1,1579,2983,2983,0,2817,2817,0,1916,1400,516,26.931106471816285,330,17.223382045929018
nonleft_symmetric,MG,53597,TAIOBEIRAS,21029,21029,0,7283,19957,19957,0,19708,19708,0,16347,12656,3691,22.579066495381415,2601,15.911176362635345
nonleft_symmetric,MG,53619,TAPIRA,3984,3984,0,871,3899,3899,0,3815,3815,0,3421,3025,396,11.57556270096463,308,9.003215434083602
nonleft_symmetric,MG,53635,TAPIRAÍ,1559,1559,0,676,1515,1515,0,1475,1475,0,1226,838,388,31.64763458401305,343,27.97716150081566
nonleft_symmetric,MG,53651,TAQUARAÇU DE MINAS,4281,4281,0,1557,4025,4025,0,3923,3923,0,3037,2462,575,18.933157721435627,313,10.30622324662496
nonleft_symmetric,MG,53678,TARUMIRIM,7876,7876,0,3462,7537,7537,0,7363,7363,0,4616,4072,544,11.785095320623917,202,4.3760831889081455
nonleft_symmetric,MG,53694,TEIXEIRAS,8123,8123,0,4307,7596,7596,0,7164,7164,0,4580,3278,1302,28.427947598253276,764,16.68122270742358
nonleft_symmetric,MG,53716,TEÓFILO OTONI,77223,77123,-100,34828,73389,73389,0,70362,70362,0,45944,38505,7439,16.19145046143131,3549,7.7246212780776595
nonleft_symmetric,MG,53732,TIMÓTEO,45764,45764,0,15867,43865,43865,0,42457,42457,0,30658,27926,2732,8.911214038750082,761,2.482223237001761
nonleft_symmetric,MG,53759,TIRADENTES,5608,5608,0,2399,5336,5336,0,5131,5131,0,3369,2932,437,12.971208073612347,160,4.749183734045711
nonleft_symmetric,MG,53775,TIROS,4727,4727,0,1080,4523,4523,0,4489,4489,0,3922,3441,481,12.264150943396226,275,7.011728709841917
nonleft_symmetric,MG,53791,TOCANTINS,10533,10533,0,4550,9945,9945,0,9418,9418,0,6523,5382,1141,17.4919515560325,540,8.278399509428176
nonleft_symmetric,MG,53813,TOLEDO,5720,5720,0,1673,5476,5476,0,5246,5246,0,4542,3800,742,16.336415675913695,495,10.898282694848085
nonleft_symmetric,MG,53830,TOMBOS,5435,5435,0,2516,5233,5233,0,5032,5032,0,3396,2715,681,20.053003533568905,477,14.045936395759718
nonleft_symmetric,MG,53856,TRÊS CORAÇÕES,42028,42028,0,13698,39187,39187,0,36782,36782,0,28927,25428,3499,12.095965706779134,597,2.06381581221696
nonleft_symmetric,MG,53872,TRÊS PONTAS,35448,35448,0,14545,33388,33388,0,31189,31189,0,22322,18785,3537,15.845354358928411,1419,6.356957261894095
nonleft_symmetric,MG,53899,TUMIRITINGA,3947,3947,0,1898,3790,3790,0,3702,3702,0,2538,1892,646,25.45311268715524,489,19.26713947990544
nonleft_symmetric,MG,53910,TUPACIGUARA,15919,15914,-5,7105,15260,15260,0,14552,14552,0,11339,8147,3192,28.150630567069406,2525,22.268277625892935
nonleft_symmetric,MG,53937,TURMALINA,12926,12926,0,7373,12336,12336,0,11899,11899,0,7347,4956,2391,32.54389546753777,1794,24.418129848917925
nonleft_symmetric,MG,53953,TURVOLÂNDIA,3891,3891,0,1444,3664,3664,0,3555,3555,0,2906,2216,690,23.74397797660014,459,15.79490708878183
nonleft_symmetric,MG,53970,UBÁ,55425,55425,0,23492,52666,52666,0,49335,49335,0,33619,29117,4502,13.391237098069544,1686,5.015021267735507
nonleft_symmetric,MG,53996,UBAÍ,7106,7106,0,4902,6840,6840,0,6680,6680,0,4002,1935,2067,51.64917541229385,1798,44.927536231884055
nonleft_symmetric,MG,54011,UBERABA,186055,185597,-458,68891,178245,178245,0,166545,166545,0,126022,109053,16969,13.465109266635984,8858,7.028931456412373
nonleft_symmetric,MG,54038,UBERLÂNDIA,429516,427845,-1671,163879,409921,409921,0,380932,380932,0,270603,245363,25240,9.327317139869107,4966,1.8351607336208393
nonleft_symmetric,MG,54054,UMBURATIBA,1965,1963,-2,1120,1863,1863,0,1799,1799,0,1024,742,282,27.5390625,179,17.48046875
nonleft_symmetric,MG,54070,UNAÍ,49422,49412,-10,13714,47812,47812,0,46313,46313,0,38637,34069,4568,11.822864094003158,2929,7.580816315966561
nonleft_symmetric,MG,54097,URUCÂNIA,6603,6603,0,3550,6098,6098,0,5661,5661,0,3443,2534,909,26.401394133023526,390,11.327330816148708
nonleft_symmetric,MG,54119,VARGEM BONITA,1853,1852,-1,611,1798,1798,0,1769,1769,0,1492,1186,306,20.509383378016086,250,16.75603217158177
nonleft_symmetric,MG,54135,VARGINHA,80512,80299,-213,25551,76210,76210,0,71314,71314,0,54402,50503,3899,7.167015918532407,0,0.0
nonleft_symmetric,MG,54151,VÁRZEA DA PALMA,20137,20134,-3,8491,19008,19008,0,18322,18322,0,14528,10504,4024,27.698237885462554,2882,19.837555066079297
nonleft_symmetric,MG,54178,VARZELÂNDIA,12040,12040,0,8365,11610,11610,0,11238,11238,0,5355,3242,2113,39.45845004668534,1680,31.372549019607842
nonleft_symmetric,MG,54194,VAZANTE,12750,12748,-2,4982,12262,12262,0,11923,11923,0,9575,7270,2305,24.073107049608357,1807,18.87206266318538
nonleft_symmetric,MG,54216,WENCESLAU BRAZ,2158,2158,0,778,2037,2037,0,1968,1968,0,1395,1258,137,9.82078853046595,15,1.075268817204301
nonleft_symmetric,MG,54232,VERÍSSIMO,2393,2393,0,1104,2307,2307,0,2209,2209,0,1699,1203,496,29.193643319599765,410,24.131842260153032
nonleft_symmetric,MG,54259,VESPASIANO,70909,70893,-16,27581,66427,66427,0,62562,62562,0,42571,38706,3865,9.07895045923281,0,0.0
nonleft_symmetric,MG,54275,VIÇOSA,47857,47857,0,27070,45338,45338,0,42553,42553,0,22885,18169,4716,20.607384749836136,2098,9.167577015512345
nonleft_symmetric,MG,54291,VIEIRAS,3254,3253,-1,1602,3125,3125,0,3055,3055,0,2075,1519,556,26.795180722891565,423,20.3855421686747
nonleft_symmetric,MG,54313,MATHIAS LOBATO,2475,2475,0,1314,2374,2374,0,2321,2321,0,1744,1060,684,39.22018348623853,583,33.428899082568805
nonleft_symmetric,MG,54330,VIRGEM DA LAPA,6883,6883,0,4174,6451,6451,0,6294,6294,0,3268,2272,996,30.47735618115055,559,17.105263157894736
nonleft_symmetric,MG,54356,VIRGÍNIA,5997,5997,0,2687,5761,5761,0,5536,5536,0,3991,3072,919,23.026810323227263,681,17.063392633425206
nonleft_symmetric,MG,54372,VIRGINÓPOLIS,5953,5953,0,2913,5534,5534,0,5229,5229,0,3463,2607,856,24.718452209067284,423,12.214842622004042
nonleft_symmetric,MG,54399,VIRGOLÂNDIA,3277,3277,0,2006,3094,3094,0,2993,2993,0,2006,1084,922,45.96211365902293,735,36.640079760717846
nonleft_symmetric,MG,54410,VISCONDE DO RIO BRANCO,24362,24361,-1,11462,22990,22990,0,22063,22063,0,14994,11496,3498,23.329331732693078,2094,13.965586234493797
nonleft_symmetric,MG,54437,VOLTA GRANDE,3143,3143,0,1691,2995,2995,0,2821,2821,0,1888,1302,586,31.03813559322034,436,23.093220338983052
nonleft_symmetric,MG,54453,ITAÚ DE MINAS,9407,9407,0,2966,8859,8859,0,8396,8396,0,6530,5876,654,10.01531393568147,89,1.3629402756508422
nonleft_symmetric,MT,73709,BOA ESPERANÇA DO NORTE,3245,3243,-2,764,3189,3189,0,3018,3018,0,3018,2424,594,19.681908548707753,537,17.793240556660038
nonleft_symmetric,MT,89788,COLNIZA,14190,14190,0,2679,13832,13832,0,13104,13104,0,13104,11145,1959,14.949633699633699,1593,12.156593406593407
nonleft_symmetric,MT,89796,COLÍDER,18390,18390,0,2786,17912,17912,0,16879,16879,0,16879,15112,1767,10.468629658155104,1275,7.553765033473547
nonleft_symmetric,MT,89800,CURVELÂNDIA,3581,3581,0,1113,3473,3473,0,3291,3291,0,3291,2356,935,28.410817380735338,823,25.00759647523549
nonleft_symmetric,MT,89818,NOVA BRASILÂNDIA,2986,2986,0,1210,2891,2891,0,2709,2709,0,2709,1679,1030,38.02141011443337,933,34.44075304540421
nonleft_symmetric,MT,89826,NOVA SANTA HELENA,2589,2589,0,587,2515,2515,0,2371,2371,0,2371,1926,445,18.768452129902993,369,15.563053563897089
nonleft_symmetric,MT,89834,PARANATINGA,12620,12620,0,3087,12327,12327,0,11552,11552,0,11552,9231,2321,20.091759002770083,2019,17.477493074792243
nonleft_symmetric,MT,89843,SANTO ANTÔNIO DO LESTE,2028,2028,0,660,1967,1967,0,1809,1809,0,1809,1306,503,27.805417357656165,441,24.378109452736318
nonleft_symmetric,MT,89850,SINOP,98342,97633,-709,17568,96146,96146,0,89424,89424,0,89424,78458,10966,12.262927178386116,8650,9.673018429057077
nonleft_symmetric,MT,89877,ALTA FLORESTA,33253,33250,-3,7677,32395,32395,0,30277,30277,0,30277,24696,5581,18.433134062159397,4701,15.526637381510717
nonleft_symmetric,MT,89893,ARAPUTANGA,9018,9018,0,2005,8722,8722,0,8179,8179,0,8179,6710,1469,17.960630883971145,1166,14.256021518523047
nonleft_symmetric,MT,89915,JAURU,5284,5283,-1,1155,5125,5125,0,4888,4888,0,4888,3969,919,18.80114566284779,759,15.527823240589198
nonleft_symmetric,MT,89931,SÃO JOSÉ DOS QUATRO MARCOS,10253,10253,0,2640,9870,9870,0,9100,9100,0,9100,7224,1876,20.615384615384617,1487,16.34065934065934
nonleft_symmetric,MT,89958,RIO BRANCO,3051,3051,0,1035,2936,2936,0,2805,2805,0,2805,1897,908,32.370766488413544,789,28.128342245989305
nonleft_symmetric,MT,89960,RONDOLÂNDIA,2298,2298,0,861,2233,2233,0,2133,2133,0,2133,1372,761,35.677449601500236,696,32.63009845288326
nonleft_symmetric,MT,89974,SALTO DO CÉU,2408,2408,0,680,2326,2326,0,2253,2253,0,2253,1645,608,26.98624056813138,525,23.30226364846871
nonleft_symmetric,MT,89990,PONTES E LACERDA,25860,25847,-13,4594,25111,25111,0,23468,23468,0,23468,20501,2967,12.64274757116073,2202,9.382989602863473
nonleft_symmetric,MT,90018,ACORIZAL,6085,6085,0,2776,5923,5923,0,5601,5601,0,5601,3146,2455,43.83145866809498,2292,40.92126405998929
nonleft_symmetric,MT,90026,SÃO JOSÉ DO POVO,2376,2375,-1,852,2292,2292,0,2121,2121,0,2121,1437,684,32.24893917963225,597,28.147100424328148
nonleft_symmetric,MT,90042,ALTO BOA VISTA,3236,3236,0,681,3165,3165,0,3043,3043,0,3043,2484,559,18.37002957607624,488,16.03680578376602
nonleft_symmetric,MT,90050,ALTO ARAGUAIA,8821,8819,-2,2478,8503,8503,0,7747,7747,0,7747,6014,1733,22.369949657932104,1404,18.123144443010197
nonleft_symmetric,MT,90069,QUERÊNCIA,14247,14246,-1,2992,13985,13985,0,13067,13067,0,13067,10989,2078,15.902655544501416,1812,13.866993188949262
nonleft_symmetric,MT,90077,ALTO GARÇAS,6836,6836,0,2012,6593,6593,0,5910,5910,0,5910,4579,1331,22.521150592216582,1086,18.375634517766496
nonleft_symmetric,MT,90085,CANABRAVA DO NORTE,3016,3016,0,749,2956,2956,0,2841,2841,0,2841,2207,634,22.31608588525167,574,20.204153467089053
nonleft_symmetric,MT,90093,ALTO PARAGUAI,4763,4763,0,2427,4574,4574,0,4222,4222,0,4222,2146,2076,49.17100900047371,1886,44.67077214590242
nonleft_symmetric,MT,90107,SANTA CARMEM,3457,3457,0,612,3376,3376,0,3182,3182,0,3182,2762,420,13.199245757385292,337,10.590823381521055
nonleft_symmetric,MT,90123,NOVA MARINGÁ,3347,3347,0,741,3257,3257,0,3152,3152,0,3152,2516,636,20.17766497461929,546,17.32233502538071
nonleft_symmetric,MT,90140,NOVA GUARITA,3183,3182,-1,900,3091,3091,0,2910,2910,0,2910,2189,721,24.7766323024055,627,21.54639175257732
nonleft_symmetric,MT,90166,NOVA MARILÂNDIA,2313,2313,0,758,2243,2243,0,2091,2091,0,2091,1482,609,29.124820659971306,536,25.633668101386895
nonleft_symmetric,MT,90182,PORTO ESTRELA,2665,2665,0,1443,2578,2578,0,2433,2433,0,2433,1133,1300,53.431976983148374,1211,49.77394163584053
nonleft_symmetric,MT,90204,GLÓRIA D'OESTE,2133,2133,0,556,2078,2078,0,1939,1939,0,1939,1519,420,21.660649819494584,362,18.669417225373905
nonleft_symmetric,MT,90220,TABAPORÃ,5923,5923,0,1093,5796,5796,0,5503,5503,0,5503,4699,804,14.610212611302925,673,12.229692894784662
nonleft_symmetric,MT,90239,ARAGUAINHA,963,963,0,400,936,936,0,859,859,0,859,536,323,37.60186263096624,296,34.458672875436555
nonleft_symmetric,MT,90247,SÃO JOSÉ DO XINGU,3691,3691,0,1153,3586,3586,0,3373,3373,0,3373,2433,940,27.868366439371478,835,24.755410613697006
nonleft_symmetric,MT,90255,ARENÁPOLIS,6273,6272,-1,2101,6052,6052,0,5629,5629,0,5629,3947,1682,29.88097352993427,1457,25.88381595310002
nonleft_symmetric,MT,90263,APIACÁS,4798,4798,0,1266,4671,4671,0,4471,4471,0,4471,3397,1074,24.021471706553342,939,21.002012972489375
nonleft_symmetric,MT,90271,ARIPUANÃ,11768,11768,0,2192,11483,11483,0,10797,10797,0,10797,9289,1508,13.966842641474484,1221,11.308696860238955
nonleft_symmetric,MT,90280,CONFRESA,19945,19943,-2,4262,19460,19460,0,18319,18319,0,18319,15190,3129,17.08062667176156,2636,14.389431737540258
nonleft_symmetric,MT,90301,LAMBARI D'OESTE,3329,3329,0,1294,3205,3205,0,3031,3031,0,3031,1911,1120,36.95150115473441,996,32.860442098317385
nonleft_symmetric,MT,90310,BARÃO DE MELGAÇO,5630,5630,0,3158,5484,5484,0,5167,5167,0,5167,2322,2845,55.06096380878653,2695,52.15792529514225
nonleft_symmetric,MT,90328,SANTO AFONSO,2073,2073,0,652,2011,2011,0,1920,1920,0,1920,1359,561,29.21875,499,25.989583333333332
nonleft_symmetric,MT,90336,BARRA DO BUGRES,17501,17501,0,7085,16898,16898,0,15294,15294,0,15294,9797,5497,35.942199555381194,4878,31.89486072969792
nonleft_symmetric,MT,90344,PLANALTO DA SERRA,2356,2356,0,953,2280,2280,0,2139,2139,0,2139,1324,815,38.101916783543714,736,34.40860215053763
nonleft_symmetric,MT,90352,BARRA DO GARÇAS,36137,36131,-6,11720,35119,35119,0,32408,32408,0,32408,23351,9057,27.946803258454704,7991,24.65749197728956
nonleft_symmetric,MT,90360,NOVA MONTE VERDE,4720,4719,-1,1041,4588,4588,0,4313,4313,0,4313,3545,768,17.806631115233017,634,14.699744957106422
nonleft_symmetric,MT,90387,NOVA BANDEIRANTES,7569,7569,0,1120,7382,7382,0,7055,7055,0,7055,6259,796,11.282778171509568,606,8.589652728561305
nonleft_symmetric,MT,90409,SÃO PEDRO DA CIPA,3119,3119,0,1213,3049,3049,0,2823,2823,0,2823,1833,990,35.06907545164719,917,32.48317392844492
nonleft_symmetric,MT,90425,COTRIGUAÇU,5971,5970,-1,1419,5798,5798,0,5501,5501,0,5501,4373,1128,20.505362661334303,949,17.251408834757317
nonleft_symmetric,MT,90441,RIBEIRÃOZINHO,1979,1979,0,706,1926,1926,0,1839,1839,0,1839,1219,620,33.71397498640565,566,30.777596519847744
nonleft_symmetric,MT,90468,BRASNORTE,9205,9204,-1,2108,8966,8966,0,8411,8411,0,8411,6854,1557,18.511473070978482,1314,15.622399239091665
nonleft_symmetric,MT,90476,CÁCERES,47292,47291,-1,19130,45853,45853,0,42477,42477,0,42477,26659,15818,37.23897638722132,14315,33.700590908020814
nonleft_symmetric,MT,90484,CAMPO NOVO DO PARECIS,23767,23763,-4,5529,23154,23154,0,20884,20884,0,20884,17607,3277,15.691438421758283,2646,12.669986592606781
nonleft_symmetric,MT,90506,CAMPO VERDE,26361,26360,-1,6202,25697,25697,0,23774,23774,0,23774,19474,4300,18.08698578278792,3615,15.20568688483217
nonleft_symmetric,MT,90522,CLÁUDIA,6858,6853,-5,1351,6683,6683,0,6288,6288,0,6288,5328,960,15.267175572519085,781,12.420483460559796
nonleft_symmetric,MT,90549,CASTANHEIRA,4570,4569,-1,1174,4407,4407,0,4097,4097,0,4097,3231,866,21.13741762265072,701,17.110080546741518
nonleft_symmetric,MT,90565,JANGADA,6087,6087,0,2967,5914,5914,0,5605,5605,0,5605,2947,2658,47.42194469223907,2485,44.335414808206956
nonleft_symmetric,MT,90581,JURUENA,5618,5618,0,1295,5457,5457,0,5154,5154,0,5154,4159,995,19.305393868839737,831,16.123399301513388
nonleft_symmetric,MT,90590,CHAPADA DOS GUIMARÃES,13878,13878,0,5968,13475,13475,0,12629,12629,0,12629,7494,5135,40.660384828569164,4719,37.36637896903951
nonleft_symmetric,MT,90603,LUCAS DO RIO VERDE,42434,42433,-1,8636,41398,41398,0,39285,39285,0,39285,32721,6564,16.708667430316915,5487,13.967163039327987
nonleft_symmetric,MT,90620,MATUPÁ,11624,11624,0,2114,11376,11376,0,10626,10626,0,10626,9257,1369,12.883493318275926,1116,10.502540937323547
nonleft_symmetric,MT,90646,NOVA MUTUM,29958,29958,0,5669,29224,29224,0,27364,27364,0,27364,23531,3833,14.007455050431224,3075,11.237392194123666
nonleft_symmetric,MT,90662,RIBEIRÃO CASCALHEIRA,5818,5818,0,1483,5651,5651,0,5382,5382,0,5382,4166,1216,22.593831289483465,1047,19.453734671125975
nonleft_symmetric,MT,90670,CUIABÁ,373302,372298,-1004,123207,361616,361616,0,337160,337160,0,337160,237627,99533,29.520998932257683,87065,25.823051370269308
nonleft_symmetric,MT,90689,TAPURAH,7642,7641,-1,1351,7485,7485,0,7095,7095,0,7095,6128,967,13.629316420014094,804,11.331923890063425
nonleft_symmetric,MT,90697,DIAMANTINO,12629,12628,-1,3667,12285,12285,0,11510,11510,0,11510,8608,2902,25.212858384013902,2548,22.1372719374457
nonleft_symmetric,MT,90700,PONTAL DO ARAGUAIA,4339,4338,-1,1408,4227,4227,0,3996,3996,0,3996,2812,1184,29.62962962962963,1065,26.65165165165165
nonleft_symmetric,MT,90719,DOM AQUINO,4997,4997,0,1582,4840,4840,0,4573,4573,0,4573,3255,1318,28.821342663459436,1158,25.322545375027335
nonleft_symmetric,MT,90727,SAPEZAL,15044,15044,0,3520,14652,14652,0,13308,13308,0,13308,11123,2185,16.418695521490832,1784,13.405470393748121
nonleft_symmetric,MT,90743,CAMPOS DE JÚLIO,4982,4982,0,1115,4857,4857,0,4453,4453,0,4453,3737,716,16.079047832921624,586,13.159667639793398
nonleft_symmetric,MT,90760,CARLINDA,6271,6271,0,2064,6062,6062,0,5610,5610,0,5610,3994,1616,28.805704099821746,1403,25.00891265597148
nonleft_symmetric,MT,90778,GENERAL CARNEIRO,3427,3426,-1,1440,3343,3343,0,3121,3121,0,3121,1898,1223,39.18615828260173,1134,36.334508170458186
nonleft_symmetric,MT,90786,FELIZ NATAL,5403,5403,0,1449,5303,5303,0,4979,4979,0,4979,3850,1129,22.675235991162886,1025,20.58646314520988
nonleft_symmetric,MT,90808,NOVO MUNDO,4559,4559,0,1043,4465,4465,0,4232,4232,0,4232,3420,812,19.187145557655956,716,16.918714555765597
nonleft_symmetric,MT,90824,GAÚCHA DO NORTE,5045,5045,0,1509,4942,4942,0,4646,4646,0,4646,3431,1215,26.15152819629789,1110,23.891519586741282
nonleft_symmetric,MT,90832,GUIRATINGA,6391,6391,0,2322,6170,6170,0,5753,5753,0,5753,3844,1909,33.18268729358596,1684,29.271684338605944
nonleft_symmetric,MT,90840,UNIÃO DO SUL,2681,2681,0,663,2640,2640,0,2522,2522,0,2522,1977,545,21.60983346550357,504,19.984139571768438
nonleft_symmetric,MT,90867,NOVA LACERDA,3458,3457,-1,978,3355,3355,0,3168,3168,0,3168,2374,794,25.06313131313131,688,21.717171717171716
nonleft_symmetric,MT,90883,NOVA UBIRATÃ,5648,5648,0,1186,5537,5537,0,5253,5253,0,5253,4348,905,17.228250523510376,791,15.058062059775366
nonleft_symmetric,MT,90905,BOM JESUS DO ARAGUAIA,4160,4160,0,1161,4053,4053,0,3882,3882,0,3882,2891,991,25.528078310149407,883,22.74600721277692
nonleft_symmetric,MT,90913,ITIQUIRA,6976,6975,-1,2111,6739,6739,0,6096,6096,0,6096,4622,1474,24.17979002624672,1231,20.193569553805773
nonleft_symmetric,MT,90921,SERRA NOVA DOURADA,1183,1183,0,271,1156,1156,0,1125,1125,0,1125,885,240,21.333333333333332,213,18.933333333333334
nonleft_symmetric,MT,90948,NOVO SANTO ANTÔNIO,1440,1438,-2,376,1402,1402,0,1357,1357,0,1357,1025,332,24.465733235077376,293,21.59174649963154
nonleft_symmetric,MT,90956,JACIARA,15986,15986,0,4059,15510,15510,0,14182,14182,0,14182,11438,2744,19.34846989141165,2255,15.900437173882386
nonleft_symmetric,MT,90964,NOVA NAZARÉ,2405,2404,-1,1011,2316,2316,0,2129,2129,0,2129,1304,825,38.75058713010803,735,34.52325035227806
nonleft_symmetric,MT,90980,SANTA CRUZ DO XINGU,1651,1651,0,370,1610,1610,0,1548,1548,0,1548,1237,311,20.09043927648579,267,17.248062015503876
nonleft_symmetric,MT,91006,CONQUISTA D'OESTE,2438,2437,-1,539,2378,2378,0,2260,2260,0,2260,1837,423,18.716814159292035,361,15.973451327433628
nonleft_symmetric,MT,91022,VALE DE SÃO DOMINGOS,2146,2146,0,415,2088,2088,0,2010,2010,0,2010,1670,340,16.915422885572138,279,13.880597014925373
nonleft_symmetric,MT,91049,SANTA RITA DO TRIVELATO,2027,2027,0,478,1981,1981,0,1888,1888,0,1888,1499,389,20.603813559322035,339,17.95550847457627
nonleft_symmetric,MT,91057,LUCIARA,1888,1887,-1,748,1845,1845,0,1746,1746,0,1746,1097,649,37.17067583046965,606,34.707903780068726
nonleft_symmetric,MT,91081,IPIRANGA DO NORTE,4774,4774,0,1043,4703,4703,0,4406,4406,0,4406,3657,749,16.999546073536088,675,15.320018157058556
nonleft_symmetric,MT,91090,VILA BELA DA SANTÍSSIMA TRINDADE,8318,8317,-1,2791,8081,8081,0,7725,7725,0,7725,5284,2441,31.598705501618124,2198,28.45307443365696
nonleft_symmetric,MT,91103,ITANHANGÁ,4147,4147,0,618,4083,4083,0,3938,3938,0,3938,3465,473,12.011173184357542,409,10.385982732351447
nonleft_symmetric,MT,91170,NOBRES,9933,9932,-1,2637,9639,9639,0,9166,9166,0,9166,6997,2169,23.663539166484835,1870,20.401483744272312
nonleft_symmetric,MT,91197,NORTELÂNDIA,3886,3886,0,1663,3704,3704,0,3428,3428,0,3428,2039,1389,40.51925320886814,1205,35.15169194865811
nonleft_symmetric,MT,91219,NOSSA SENHORA DO LIVRAMENTO,11129,11128,-1,6530,10779,10779,0,9976,9976,0,9976,4236,5740,57.53809141940658,5377,53.89935846030473
nonleft_symmetric,MT,91294,POCONÉ,19450,19450,0,10514,18827,18827,0,17070,17070,0,17070,8301,8769,51.37082601054482,8134,47.650849443468076
nonleft_symmetric,MT,91332,PONTE BRANCA,1548,1548,0,704,1484,1484,0,1405,1405,0,1405,779,626,44.555160142348754,561,39.928825622775804
nonleft_symmetric,MT,91359,PORTO DOS GAÚCHOS,3431,3431,0,640,3344,3344,0,3173,3173,0,3173,2702,471,14.843996218090135,382,12.03907973526631
nonleft_symmetric,MT,91391,POXORÉU,10801,10801,0,4058,10426,10426,0,9508,9508,0,9508,6361,3147,33.09844341607068,2765,29.08077408498107
nonleft_symmetric,MT,91510,RONDONÓPOLIS,136921,136521,-400,38046,132616,132616,0,122930,122930,0,122930,94384,28546,23.221345481168143,24055,19.56804685593427
nonleft_symmetric,MT,91537,ROSÁRIO OESTE,10185,10185,0,4253,9857,9857,0,9297,9297,0,9297,5598,3699,39.78702807357212,3365,36.19447133483919
nonleft_symmetric,MT,91553,SANTO ANTÔNIO DO LEVERGER,13710,13710,0,6337,13325,13325,0,12465,12465,0,12465,6971,5494,44.07541115122343,5092,40.850381066987566
nonleft_symmetric,MT,91618,TESOURO,2101,2101,0,879,2035,2035,0,1910,1910,0,1910,1153,757,39.63350785340314,688,36.02094240837696
nonleft_symmetric,MT,91634,TORIXORÉU,2992,2992,0,1057,2909,2909,0,2748,2748,0,2748,1851,897,32.64192139737991,813,29.58515283842795
nonleft_symmetric,MT,91677,VÁRZEA GRANDE,156729,156545,-184,55331,151684,151684,0,139169,139169,0,139169,96110,43059,30.940080046562095,37771,27.140383275010958
nonleft_symmetric,MT,91774,MIRASSOL D'OESTE,15377,15377,0,3781,14777,14777,0,13620,13620,0,13620,10989,2631,19.31718061674009,2024,14.86049926578561
nonleft_symmetric,MT,91812,PEDRA PRETA,11036,11034,-2,3751,10632,10632,0,9494,9494,0,9494,6870,2624,27.638508531704232,2209,23.26732673267327
nonleft_symmetric,MT,91839,SÃO FÉLIX DO ARAGUAIA,5928,5923,-5,1921,5769,5769,0,5513,5513,0,5513,3843,1670,30.2920370034464,1506,27.317250136042084
nonleft_symmetric,MT,91855,TANGARÁ DA SERRA,54250,54249,-1,11800,52755,52755,0,49274,49274,0,49274,40892,8382,17.010999715874497,6824,13.849088768924789
nonleft_symmetric,MT,91898,JUSCIMEIRA,7184,7184,0,2434,6976,6976,0,6437,6437,0,6437,4539,1898,29.48578530371291,1687,26.207860804722696
nonleft_symmetric,MT,91910,ÁGUA BOA,16113,16093,-20,2549,15741,15741,0,14863,14863,0,14863,13187,1676,11.276323756980421,1299,8.739823723339837
nonleft_symmetric,MT,91936,CANARANA,13624,13623,-1,2339,13356,13356,0,12547,12547,0,12547,11005,1542,12.289790388140592,1262,10.058181238543078
nonleft_symmetric,MT,91952,NOVA XAVANTINA,12039,12039,0,2868,11696,11696,0,10850,10850,0,10850,8811,2039,18.792626728110598,1679,15.474654377880185
nonleft_symmetric,MT,91979,SANTA TEREZINHA,3919,3919,0,1693,3788,3788,0,3562,3562,0,3562,2093,1469,41.24087591240876,1336,37.50701852891634
nonleft_symmetric,MT,91995,SÃO JOSÉ DO RIO CLARO,8842,8842,0,1741,8596,8596,0,8062,8062,0,8062,6846,1216,15.083105929049864,961,11.920119077152071
nonleft_symmetric,MT,98191,JUARA,19298,19296,-2,3717,18722,18722,0,17520,17520,0,17520,14994,2526,14.417808219178083,1939,11.067351598173516
nonleft_symmetric,MT,98310,JUÍNA,25061,25049,-12,5871,24270,24270,0,22681,22681,0,22681,18386,4295,18.936554825624974,3491,15.391737577708215
nonleft_symmetric,MT,98337,DENISE,4645,4645,0,1757,4466,4466,0,4087,4087,0,4087,2707,1380,33.76559823831661,1199,29.336921947638857
nonleft_symmetric,MT,98612,ALTO TAQUARI,6010,6010,0,1552,5825,5825,0,5242,5242,0,5242,4268,974,18.580694391453644,784,14.956123616940099
nonleft_symmetric,MT,98639,ARAGUAIANA,2444,2443,-1,849,2364,2364,0,2206,2206,0,2206,1511,695,31.504986400725294,611,27.69718948322756
nonleft_symmetric,MT,98655,CAMPINÁPOLIS,8377,8377,0,4457,8185,8185,0,7534,7534,0,7534,3725,3809,50.55747279001858,3614,47.9692062649323
nonleft_symmetric,MT,98671,COCALINHO,3797,3797,0,1171,3690,3690,0,3413,3413,0,3413,2518,895,26.223263990624083,787,23.05889246996777
nonleft_symmetric,MT,98698,ITAÚBA,3288,3288,0,696,3198,3198,0,3034,3034,0,3034,2500,534,17.600527356624916,442,14.568226763348715
nonleft_symmetric,MT,98710,MARCELÂNDIA,6934,6931,-3,1265,6711,6711,0,6291,6291,0,6291,5444,847,13.463678270545223,622,9.887140359243363
nonleft_symmetric,MT,98736,NOVA OLÍMPIA,10181,10181,0,4303,9754,9754,0,8452,8452,0,8452,5444,3008,35.58920965451964,2574,30.454330336015143
nonleft_symmetric,MT,98752,NOVA CANAÃ DO NORTE,7787,7786,-1,1499,7533,7533,0,7099,7099,0,7099,6028,1071,15.086631919988731,811,11.424144245668405
nonleft_symmetric,MT,98779,NOVO SÃO JOAQUIM,4151,4151,0,1035,4030,4030,0,3812,3812,0,3812,2994,818,21.458551941238195,696,18.25813221406086
nonleft_symmetric,MT,98795,NOVO HORIZONTE DO NORTE,2604,2604,0,648,2546,2546,0,2433,2433,0,2433,1895,538,22.112618166872174,477,19.605425400739826
nonleft_symmetric,MT,98817,PEIXOTO DE AZEVEDO,17679,17678,-1,5506,17193,17193,0,15696,15696,0,15696,11669,4027,25.656218144750255,3523,22.44520897043833
nonleft_symmetric,MT,98833,PARANAÍTA,7248,7248,0,1630,7047,7047,0,6650,6650,0,6650,5415,1235,18.571428571428573,1032,15.518796992481203
nonleft_symmetric,MT,98850,PORTO ALEGRE DO NORTE,6045,6045,0,1779,5877,5877,0,5541,5541,0,5541,4093,1448,26.132467063706912,1275,23.01028695181375
nonleft_symmetric,MT,98876,PORTO ESPERIDIÃO,5944,5942,-2,2055,5739,5739,0,5435,5435,0,5435,3682,1753,32.25390984360626,1546,28.44526218951242
nonleft_symmetric,MT,98892,PRIMAVERA DO LESTE,44309,44309,0,8209,43218,43218,0,40192,40192,0,40192,34961,5231,13.015027866242038,4092,10.181130573248408
nonleft_symmetric,MT,98914,RESERVA DO CABAÇAL,1465,1465,0,524,1415,1415,0,1335,1335,0,1335,891,444,33.258426966292134,394,29.51310861423221
nonleft_symmetric,MT,98930,SORRISO,59713,59713,0,11829,58458,58458,0,54652,54652,0,54652,46584,8068,14.762497255361195,6768,12.383810290565762
nonleft_symmetric,MT,98957,TERRA NOVA DO NORTE,6971,6970,-1,1873,6773,6773,0,6399,6399,0,6399,4899,1500,23.44116268166901,1301,20.33130176590092
nonleft_symmetric,MT,98973,VERA,6174,6174,0,1337,5997,5997,0,5613,5613,0,5613,4653,960,17.103153393907,776,13.82504899340816
nonleft_symmetric,MT,98990,VILA RICA,10315,10313,-2,2213,10024,10024,0,9395,9395,0,9395,7809,1586,16.881319850984568,1293,13.762639701969132
nonleft_symmetric,MT,99015,COMODORO,10499,10499,0,2733,10155,10155,0,9493,9493,0,9493,7415,2078,21.889813546823977,1727,18.192352259559676
nonleft_symmetric,MT,99031,FIGUEIRÓPOLIS D'OESTE,2325,2325,0,416,2249,2249,0,2121,2121,0,2121,1832,289,13.625648279113626,212,9.995285242809995
nonleft_symmetric,MT,99058,GUARANTÃ DO NORTE,17632,17631,-1,2696,17235,17235,0,16364,16364,0,16364,14533,1831,11.189195795648985,1428,8.72647274505011
nonleft_symmetric,MT,99074,INDIAVAÍ,1663,1663,0,508,1612,1612,0,1529,1529,0,1529,1104,425,27.795945062132112,374,24.46043165467626
nonleft_symmetric,RR,03000,CAROEBE,6612,6612,0,1201,6473,6473,0,6351,6351,0,6318,5264,1054,16.68249446027224,907,14.355808800253245
nonleft_symmetric,RR,03018,BOA VISTA,199571,198762,-809,37547,195194,195194,0,191424,191424,0,187810,157323,30487,16.232894947020924,25786,13.72983334220755
nonleft_symmetric,RR,03026,IRACEMA,6153,6153,0,1295,5983,5983,0,5897,5897,0,5866,4681,1185,20.201159222638935,1008,17.183770883054894
nonleft_symmetric,RR,03034,CARACARAÍ,12452,12452,0,2987,12170,12170,0,11962,11962,0,11899,9176,2723,22.884275989578956,2434,20.455500462223718
nonleft_symmetric,RR,03042,AMAJARI,6520,6520,0,1426,6343,6343,0,6278,6278,0,6258,4914,1344,21.476510067114095,1164,18.60019175455417
nonleft_symmetric,RR,03050,ALTO ALEGRE,11347,11347,0,2657,11106,11106,0,10923,10923,0,10857,8443,2414,22.234503085566914,2167,19.959473150962513
nonleft_symmetric,RR,03069,CANTÁ,14635,14635,0,3667,14361,14361,0,14111,14111,0,13995,10691,3304,23.60843158270811,3027,21.629153269024652
nonleft_symmetric,RR,03077,BONFIM,10091,10091,0,3037,9892,9892,0,9684,9684,0,9601,6845,2756,28.705343193417352,2547,26.528486615977503
nonleft_symmetric,RR,03085,RORAINÓPOLIS,19054,19054,0,4189,18594,18594,0,18127,18127,0,17983,14385,3598,20.007785130400933,3118,17.338597564366346
nonleft_symmetric,RR,03093,MUCAJAÍ,12003,12003,0,2022,11734,11734,0,11599,11599,0,11553,9705,1848,15.995845235003895,1572,13.606855362243573
nonleft_symmetric,RR,03107,UIRAMUTÃ,7926,7926,0,5375,7795,7795,0,7587,7587,0,7056,2420,4636,65.70294784580499,4505,63.84637188208617
nonleft_symmetric,RR,03115,NORMANDIA,8367,8366,-1,3558,8247,8247,0,8108,8108,0,8002,4685,3317,41.45213696575856,3193,39.90252436890777
nonleft_symmetric,RR,03123,PACARAIMA,8084,8082,-2,3065,7941,7941,0,7801,7801,0,7621,4870,2751,36.09762498359795,2602,34.14250098412282
nonleft_symmetric,RR,03131,SÃO JOÃO DA BALIZA,4843,4842,-1,1154,4729,4729,0,4628,4628,0,4599,3569,1030,22.39617308110459,910,19.7869101978691
nonleft_symmetric,RR,03158,SÃO LUIZ,5114,5114,0,1240,4983,4983,0,4856,4856,0,4825,3738,1087,22.528497409326423,951,19.70984455958549
stress_min_violation,MG,40002,ALFREDO VASCONCELOS,5037,5037,0,2215,4701,4701,0,4389,4389,0,2902,2483,419,14.438318401102688,80,2.7567195037904892
stress_min_violation,MG,40010,ABADIA DOS DOURADOS,4597,4596,-1,1742,4374,4374,0,4215,4215,0,2985,2627,358,11.993299832495813,130,4.355108877721943
stress_min_violation,MG,40029,ARAPORÃ,5494,5490,-4,2044,5303,5303,0,5023,5023,0,3946,3252,694,17.587430309173847,496,12.569690826153066
stress_min_violation,MG,40037,ABAETÉ,13969,13969,0,4853,13365,13365,0,12914,12914,0,9906,8501,1405,14.183323238441348,790,7.974964667878054
stress_min_violation,MG,40045,BRASILÂNDIA DE MINAS,9458,9456,-2,4395,9176,9176,0,8940,8940,0,6598,4776,1822,27.614428614731736,1535,23.264625644134586
stress_min_violation,MG,40053,ABRE CAMPO,9483,9483,0,4657,8920,8920,0,8567,8567,0,5954,4254,1700,28.552233792408465,1128,18.945246892845145
stress_min_violation,MG,40061,CAPITÃO ANDRADE,3006,3006,0,1190,2877,2877,0,2878,2878,0,1744,1685,59,3.38302752293578,0,0.0
stress_min_violation,MG,40070,ACAIACA,2683,2683,0,1577,2515,2515,0,2411,2411,0,1276,936,340,26.645768025078368,170,13.322884012539184
stress_min_violation,MG,40088,CARNEIRINHO,6153,6151,-2,2543,5943,5943,0,5751,5751,0,4401,3397,1004,22.81299704612588,791,17.97318791183822
stress_min_violation,MG,40096,AÇUCENA,5412,5410,-2,2771,5073,5073,0,4811,4811,0,2955,2299,656,22.199661590524535,314,10.62605752961083
stress_min_violation,MG,40100,CATUJI,6132,6132,0,3945,5824,5824,0,5692,5692,0,3064,1876,1188,38.77284595300261,877,28.62271540469974
stress_min_violation,MG,40118,ÁGUA BOA,8050,8049,-1,4211,7631,7631,0,7535,7535,0,5004,3417,1587,31.71462829736211,1165,23.281374900079935
stress_min_violation,MG,40126,DIVISA ALEGRE,3872,3872,0,2047,3648,3648,0,3556,3556,0,2147,1599,548,25.52398695854681,322,14.997671169073126
stress_min_violation,MG,40134,ÁGUA COMPRIDA,2102,2102,0,753,2023,2023,0,1928,1928,0,1463,1270,193,13.192071086807928,114,7.792207792207792
stress_min_violation,MG,40142,DIVISÓPOLIS,5252,5252,0,2889,4976,4976,0,4863,4863,0,1950,2082,0,0.0,0,0.0
stress_min_violation,MG,40150,AGUANIL,3305,3305,0,1367,3096,3096,0,2942,2942,0,2254,1723,531,23.558118899733806,316,14.019520851818989
stress_min_violation,MG,40169,DURANDÉ,5067,5066,-1,2470,4812,4812,0,4737,4737,0,3185,2340,845,26.53061224489796,588,18.46153846153846
stress_min_violation,MG,40177,ÁGUAS FORMOSAS,11041,11040,-1,5334,10529,10529,0,10326,10326,0,6344,5184,1160,18.284993694829762,637,10.040983606557377
stress_min_violation,MG,40185,ENTRE FOLHAS,4557,4557,0,2073,4383,4383,0,4186,4186,0,2611,2308,303,11.604749138261203,127,4.864036767522022
stress_min_violation,MG,40193,ÁGUAS VERMELHAS,7559,7558,-1,4486,7149,7149,0,7053,7053,0,3791,2663,1128,29.754682141915062,718,18.939593774729623
stress_min_violation,MG,40207,FERVEDOURO,6934,6933,-1,3311,6555,6555,0,6420,6420,0,3984,3241,743,18.649598393574298,361,9.061244979919678
stress_min_violation,MG,40215,AIMORÉS,14096,14089,-7,5379,13582,13582,0,13012,13012,0,7984,8190,0,0.0,0,0.0
stress_min_violation,MG,40223,FRANCISCÓPOLIS,3414,3414,0,1982,3243,3243,0,3213,3213,0,2043,1256,787,38.52178169358786,611,29.90699951052374
stress_min_violation,MG,40231,AIURUOCA,3792,3792,0,1603,3525,3525,0,3244,3244,0,2018,1908,110,5.450941526263628,0,0.0
stress_min_violation,MG,40240,ICARAÍ DE MINAS,6683,6683,0,4311,6514,6514,0,6416,6416,0,3599,2201,1398,38.84412336760211,1227,34.09280355654349
stress_min_violation,MG,40258,ALAGOA,2046,2046,0,573,1965,1965,0,1915,1915,0,1030,1389,0,0.0,0,0.0
stress_min_violation,MG,40266,IPABA,10437,10436,-1,4196,9965,9965,0,9720,9720,0,7225,5761,1464,20.262975778546714,984,13.619377162629759
stress_min_violation,MG,40274,ALBERTINA,2790,2790,0,748,2674,2674,0,2603,2603,0,1741,1924,0,0.0,0,0.0
stress_min_violation,MG,40282,JAÍBA,20441,20438,-3,10039,19531,19531,0,19039,19039,0,11698,9481,2217,18.951957599589672,1296,11.078816891776372
stress_min_violation,MG,40290,ALÉM PARAÍBA,20323,20322,-1,9703,19450,19450,0,18373,18373,0,11491,9715,1776,15.45557392742146,871,7.579845096162214
stress_min_violation,MG,40304,JAMPRUCA,3107,3107,0,1844,2961,2961,0,2877,2877,0,1397,1113,284,20.329277022190407,134,9.591982820329276
stress_min_violation,MG,40312,ALFENAS,45855,45854,-1,15031,43642,43642,0,41638,41638,0,29714,28542,1172,3.944268694891297,0,0.0
stress_min_violation,MG,40320,JUATUBA,19315,19315,0,7798,18102,18102,0,17265,17265,0,11188,10267,921,8.23203432248838,0,0.0
stress_min_violation,MG,40339,ALMENARA,22411,22410,-1,14005,21351,21351,0,20714,20714,0,10780,7333,3447,31.975881261595546,2374,22.02226345083488
stress_min_violation,MG,40347,LAGOA GRANDE,5868,5867,-1,2480,5688,5688,0,5596,5596,0,4231,3207,1024,24.20231623729615,843,19.92436776175845
stress_min_violation,MG,40355,ALPERCATA,4701,4701,0,2182,4500,4500,0,4271,4271,0,2691,2309,382,14.195466369379412,172,6.391675956893348
stress_min_violation,MG,40363,LIMEIRA DO OESTE,5254,5254,0,2371,5082,5082,0,4904,4904,0,3470,2707,763,21.988472622478387,587,16.9164265129683
stress_min_violation,MG,40371,ALPINÓPOLIS,12536,12535,-1,4443,12001,12001,0,11652,11652,0,8826,7542,1284,14.547926580557444,733,8.305007931112621
stress_min_violation,MG,40380,LONTRA,6276,6276,0,3842,6041,6041,0,5895,5895,0,4228,2198,2030,48.01324503311258,1794,42.4314096499527
stress_min_violation,MG,40398,ALTEROSA,9725,9725,0,3615,9286,9286,0,8863,8863,0,6581,5664,917,13.934052575596414,471,7.1569670262877985
stress_min_violation,MG,40401,MAMONAS,5028,5028,0,2990,4890,4890,0,4759,4759,0,2786,1898,888,31.873653984206747,748,26.848528356066044
stress_min_violation,MG,40410,ALTO RIO DOCE,7171,7171,0,4069,6727,6727,0,6405,6405,0,3597,2652,945,26.271893244370307,495,13.761467889908257
stress_min_violation,MG,40428,MATA VERDE,5810,5810,0,2922,5554,5554,0,5514,5514,0,2708,2630,78,2.880354505169867,0,0.0
stress_min_violation,MG,40436,ALVARENGA,3572,3572,0,1710,3462,3462,0,3410,3410,0,1920,1751,169,8.802083333333334,58,3.0208333333333335
stress_min_violation,MG,40444,MATIAS CARDOSO,5520,5520,0,3616,5326,5326,0,5230,5230,0,2648,1710,938,35.42296072507553,744,28.09667673716012
stress_min_violation,MG,40452,ALVINÓPOLIS,9877,9877,0,5519,9202,9202,0,8543,8543,0,4627,3673,954,20.61811108709747,269,5.813702182839853
stress_min_violation,MG,40460,MONTEZUMA,4492,4492,0,2608,4245,4245,0,4160,4160,0,1900,1631,269,14.157894736842104,16,0.8421052631578947
stress_min_violation,MG,40479,ALVORADA DE MINAS,3336,3336,0,1913,3109,3109,0,3009,3009,0,1915,1192,723,37.75456919060052,492,25.69190600522193
stress_min_violation,MG,40487,NAQUE,4014,4014,0,2004,3809,3809,0,3675,3675,0,2406,1802,604,25.10390689941812,396,16.458852867830423
stress_min_violation,MG,40495,AMPARO DO SERRA,3508,3508,0,2298,3360,3360,0,3193,3193,0,1586,1061,525,33.102143757881464,376,23.707440100882724
stress_min_violation,MG,40509,NOVO ORIENTE DE MINAS,6032,6032,0,3540,5578,5578,0,5513,5513,0,3496,2035,1461,41.79061784897025,1004,28.71853546910755
stress_min_violation,MG,40517,ANDRADAS,22852,22848,-4,6054,21463,21463,0,20066,20066,0,13273,15378,0,0.0,0,0.0
stress_min_violation,MG,40525,PALMÓPOLIS,4357,4357,0,2651,4055,4055,0,3992,3992,0,2389,1403,986,41.272498953537045,683,28.58936793637505
stress_min_violation,MG,40533,CACHOEIRA DE PAJEÚ,4954,4951,-3,2984,4694,4694,0,4594,4594,0,2011,1708,303,15.067130780706117,41,2.038786673296867
stress_min_violation,MG,40541,PEDRAS DE MARIA DA CRUZ,5735,5735,0,4055,5541,5541,0,5414,5414,0,2717,1484,1233,45.38093485461906,1037,38.1670960618329
stress_min_violation,MG,40550,ANDRELÂNDIA,7216,7215,-1,3190,6748,6748,0,6296,6296,0,3699,3550,149,4.0281157069478235,0,0.0
stress_min_violation,MG,40568,PERIQUITO,4670,4670,0,2097,4478,4478,0,4353,4353,0,2725,2378,347,12.73394495412844,152,5.577981651376147
stress_min_violation,MG,40576,ANTÔNIO CARLOS,7776,7776,0,4036,7248,7248,0,6645,6645,0,3863,3206,657,17.00750711881957,123,3.184053844162568
stress_min_violation,MG,40584,PONTO DOS VOLANTES,6545,6543,-2,3707,6083,6083,0,5968,5968,0,4218,2368,1850,43.85964912280702,1380,32.71692745376956
stress_min_violation,MG,40592,ANTÔNIO DIAS,6790,6790,0,3172,6406,6406,0,6238,6238,0,4250,3232,1018,23.95294117647059,632,14.870588235294118
stress_min_violation,MG,40606,RIACHINHO,4532,4528,-4,2241,4370,4370,0,4330,4330,0,2836,2128,708,24.964739069111424,545,19.217207334273624
stress_min_violation,MG,40614,ANTÔNIO PRADO DE MINAS,1551,1551,0,711,1493,1493,0,1453,1453,0,705,779,0,0.0,0,0.0
stress_min_violation,MG,40622,ROSÁRIO DA LIMEIRA,3128,4191,1063,1538,2947,2947,0,3752,3752,0,2575,1407,1168,45.359223300970875,985,38.25242718446602
stress_min_violation,MG,40630,ARAÇAÍ,2208,2208,0,998,2103,2103,0,2017,2017,0,1265,1104,161,12.727272727272727,55,4.3478260869565215
stress_min_violation,MG,40649,SANTA BÁRBARA DO LESTE,5555,5555,0,2273,5206,5206,0,4994,4994,0,3515,2929,586,16.67140825035562,233,6.62873399715505
stress_min_violation,MG,40657,ARACITABA,2130,2130,0,1061,1987,1987,0,1940,1940,0,1391,924,467,33.572969086987776,322,23.14881380301941
stress_min_violation,MG,40665,SANTA RITA DE MINAS,4733,4733,0,1949,4445,4445,0,4317,4317,0,3263,2493,770,23.597916028194913,479,14.679742568188784
stress_min_violation,MG,40673,ARAÇUAÍ,19735,19732,-3,11299,18847,18847,0,18098,18098,0,9701,7531,2170,22.368827955880835,1265,13.039892794557263
stress_min_violation,MG,40681,SANTANA DO PARAÍSO,19903,19903,0,6686,19209,19209,0,18648,18648,0,13271,12503,768,5.7870544796925625,54,0.4069022681033833
stress_min_violation,MG,40690,ARAGUARI,69735,69735,0,20925,66984,66984,0,63815,63815,0,49065,45972,3093,6.303882604708041,255,0.5197187404463467
stress_min_violation,MG,40703,SÃO JOÃO DA LAGOA,3925,3925,0,2405,3772,3772,0,3658,3658,0,2259,1364,895,39.619300575475876,739,32.71359008410801
stress_min_violation,MG,40711,ARANTINA,2240,2240,0,1167,2095,2095,0,2009,2009,0,1093,925,168,15.370539798719122,20,1.829826166514181
stress_min_violation,MG,40720,SÃO JOÃO DO MANHUAÇU,7770,7770,0,3126,7487,7487,0,7362,7362,0,4838,4361,477,9.85944605208764,194,4.009921455146755
stress_min_violation,MG,40738,ARAPONGA,5353,5353,0,3282,4914,4914,0,4703,4703,0,2166,1624,542,25.023084025854107,95,4.385964912280702
stress_min_violation,MG,40746,SÃO JOÃO DO MANTENINHA,4216,4215,-1,1875,4097,4097,0,3994,3994,0,2199,2216,0,0.0,0,0.0
stress_min_violation,MG,40754,ARAPUÁ,2711,2711,0,703,2548,2548,0,2548,2548,0,2210,1836,374,16.923076923076923,202,9.14027149321267
stress_min_violation,MG,40762,SÃO JOÃO DO PACUÍ,2923,2923,0,1986,2828,2828,0,2762,2762,0,1266,840,426,33.649289099526065,329,25.98736176935229
stress_min_violation,MG,40770,ARAÚJOS,5551,5551,0,1557,5313,5313,0,5176,5176,0,4248,3749,499,11.746704331450093,254,5.979284369114877
stress_min_violation,MG,40789,SÃO JOSÉ DA LAPA,16356,16356,0,5944,15503,15503,0,14886,14886,0,9826,9535,291,2.9615306330144513,0,0.0
stress_min_violation,MG,40797,ARAXÁ,63006,63006,0,21347,59879,59879,0,56729,56729,0,39668,38460,1208,3.0452757890491076,0,0.0
stress_min_violation,MG,40800,SARZEDO,21426,21426,0,7093,20154,20154,0,19121,19121,0,12539,13031,0,0.0,0,0.0
stress_min_violation,MG,40819,ARCEBURGO,6043,6039,-4,1988,5668,5668,0,5238,5238,0,3754,3675,79,2.104421949920085,0,0.0
stress_min_violation,MG,40827,SEM PEIXE,2653,2653,0,1534,2527,2527,0,2424,2424,0,1161,991,170,14.642549526270457,42,3.6175710594315245
stress_min_violation,MG,40835,ARCOS,26302,26302,0,8408,24832,24832,0,23435,23435,0,17542,16401,1141,6.50438946528332,0,0.0
stress_min_violation,MG,40843,SENADOR AMARAL,4778,4778,0,1372,4589,4589,0,4418,4418,0,3300,3211,89,2.696969696969697,0,0.0
stress_min_violation,MG,40851,AREADO,9048,9047,-1,2900,8584,8584,0,8163,8163,0,6244,5675,569,9.112748238308777,96,1.5374759769378603
stress_min_violation,MG,40860,UBAPORANGA,8231,8231,0,3185,7902,7902,0,7606,7606,0,5002,4716,286,5.717712914834066,0,0.0
stress_min_violation,MG,40878,ARGIRITA,2438,2438,0,1434,2360,2360,0,2252,2252,0,1027,926,101,9.834469328140214,23,2.239532619279455
stress_min_violation,MG,40886,URUCUIA,5768,5765,-3,3034,5554,5554,0,5495,5495,0,3875,2516,1359,35.07096774193548,1141,29.44516129032258
stress_min_violation,MG,40894,ARINOS,10322,10307,-15,5115,9895,9895,0,9706,9706,0,6347,4776,1571,24.75185126831574,1140,17.961241531432172
stress_min_violation,MG,40908,VARGEM ALEGRE,4195,4195,0,1956,3990,3990,0,3851,3851,0,2371,2031,340,14.33994095318431,132,5.567271193589203
stress_min_violation,MG,40916,ASTOLFO DUTRA,8655,8655,0,3703,8265,8265,0,7870,7870,0,5274,4558,716,13.576033371255214,322,6.105422828972317
stress_min_violation,MG,40924,JOSENÓPOLIS,2383,2383,0,1424,2212,2212,0,2248,2248,0,1765,788,977,55.35410764872521,806,45.6657223796034
stress_min_violation,MG,40932,ATALÉIA,7658,7658,0,4475,7317,7317,0,7243,7243,0,4511,2836,1675,37.13145643981379,1328,29.439148747506096
stress_min_violation,MG,40940,JUVENÍLIA,3927,3927,0,2241,3761,3761,0,3711,3711,0,2335,1516,819,35.07494646680942,649,27.79443254817987
stress_min_violation,MG,40959,AUGUSTO DE LIMA,3101,3101,0,1501,2947,2947,0,2878,2878,0,1917,1443,474,24.726134585289515,317,16.53625456442358
stress_min_violation,MG,40967,LEME DO PRADO,3065,3065,0,1899,2926,2926,0,2837,2837,0,1222,1026,196,16.0392798690671,56,4.582651391162029
stress_min_violation,MG,40975,BAEPENDI,12336,12336,0,3846,11735,11735,0,11288,11288,0,8172,7873,299,3.658835046500245,0,0.0
stress_min_violation,MG,40983,LUISBURGO,4645,4644,-1,1632,4450,4450,0,4341,4341,0,2889,2816,73,2.5268258913118724,0,0.0
stress_min_violation,MG,40991,BALDIM,5685,5685,0,2375,5405,5405,0,5300,5300,0,3586,3020,566,15.783602900167317,276,7.69659788064696
stress_min_violation,MG,41009,LUISLÂNDIA,4856,4856,0,3584,4708,4708,0,4640,4640,0,2441,1123,1318,53.99426464563703,1169,47.89020893076608
stress_min_violation,MG,41017,BAMBUÍ,14059,14059,0,5851,13270,13270,0,12707,12707,0,9013,7401,1612,17.88527682236769,805,8.931543326306446
stress_min_violation,MG,41025,MÁRIO CAMPOS,9817,9817,0,3583,9155,9155,0,8679,8679,0,5838,5551,287,4.916067146282973,0,0.0
stress_min_violation,MG,41033,BANDEIRA,3218,3218,0,2237,2982,2982,0,2996,2996,0,2164,745,1419,65.57301293900184,1183,54.66728280961183
stress_min_violation,MG,41041,MARTINS SOARES,6323,6322,-1,2912,6033,6033,0,5805,5805,0,3827,3118,709,18.526260778677816,416,10.870133263652992
stress_min_violation,MG,41050,BANDEIRA DO SUL,4136,4136,0,1359,3944,3944,0,3772,3772,0,2711,2579,132,4.869052010328292,0,0.0
stress_min_violation,MG,41068,MIRAVÂNIA,2728,2728,0,1747,2588,2588,0,2529,2529,0,1457,840,617,42.34728894989705,476,32.66986959505834
stress_min_violation,MG,41076,BARÃO DE COCAIS,19178,19176,-2,7920,17714,17714,0,16504,16504,0,10597,9752,845,7.973954892894215,0,0.0
stress_min_violation,MG,41084,MONTE FORMOSO,3069,3069,0,1968,2857,2857,0,2839,2839,0,1902,886,1016,53.41745531019979,801,42.11356466876972
stress_min_violation,MG,41092,BARÃO DE MONTE ALTO,4270,4270,0,2394,4116,4116,0,4007,4007,0,2403,1721,682,28.381190178942987,527,21.93091968372867
stress_min_violation,MG,41106,NATALÂNDIA,2743,2743,0,1319,2660,2660,0,2619,2619,0,1871,1338,533,28.487439871726348,447,23.890967397113844
stress_min_violation,MG,41114,BARBACENA,78398,78398,0,35266,73323,73323,0,66394,66394,0,38348,37929,419,1.0926254302701575,0,0.0
stress_min_violation,MG,41122,NINHEIRA,6286,6284,-2,3440,5809,5809,0,5781,5781,0,3617,2366,1251,34.58667403925905,771,21.316007741222005
stress_min_violation,MG,41130,BARRA LONGA,4133,4133,0,2513,3865,3865,0,3664,3664,0,1968,1351,617,31.351626016260163,348,17.682926829268293
stress_min_violation,MG,41149,NOVA BELÉM,2678,2678,0,1258,2559,2559,0,2475,2475,0,1432,1300,132,9.217877094972067,12,0.8379888268156425
stress_min_violation,MG,41157,TRÊS MARIAS,18101,18101,0,7107,17115,17115,0,16445,16445,0,11490,9990,1500,13.054830287206267,496,4.316797214969538
stress_min_violation,MG,41165,NOVA PORTEIRINHA,5030,5030,0,2737,4820,4820,0,4641,4641,0,2692,2081,611,22.696879643387817,399,14.821693907875186
stress_min_violation,MG,41173,BARROSO,13791,13791,0,6454,12656,12656,0,11266,11266,0,6894,6190,704,10.211778357992458,0,0.0
stress_min_violation,MG,41181,NOVORIZONTE,3721,3721,0,1877,3475,3475,0,3480,3480,0,2550,1595,955,37.450980392156865,706,27.686274509803923
stress_min_violation,MG,41190,BELA VISTA DE MINAS,6598,6598,0,3508,6240,6240,0,5890,5890,0,3289,2723,566,17.208878078443295,199,6.050471267862572
stress_min_violation,MG,41203,OLHOS D'ÁGUA,4034,4034,0,2554,3876,3876,0,3814,3814,0,1553,1319,234,15.067611075338055,73,4.700579523502897
stress_min_violation,MG,41211,BELMIRO BRAGA,2593,2593,0,1470,2497,2497,0,2421,2421,0,1488,1027,461,30.981182795698924,365,24.52956989247312
stress_min_violation,MG,41220,ORATÓRIOS,3455,3455,0,2241,3253,3253,0,3042,3042,0,1382,1012,370,26.772793053545588,168,12.15629522431259
stress_min_violation,MG,41238,BELO HORIZONTE,1502632,1498876,-3756,592037,1430488,1430488,0,1382936,1382936,0,699432,834196,0,0.0,0,0.0
stress_min_violation,MG,41246,ORIZÂNIA,5181,5180,-1,2489,5000,5000,0,4872,4872,0,3177,2508,669,21.0576015108593,485,15.265974189486938
stress_min_violation,MG,41254,BELO ORIENTE,15361,15360,-1,6621,14627,14627,0,14054,14054,0,10061,7994,2067,20.544677467448565,1321,13.129907563860451
stress_min_violation,MG,41262,PADRE CARVALHO,3276,3276,0,1940,3112,3112,0,3094,3094,0,1712,1170,542,31.6588785046729,376,21.962616822429908
stress_min_violation,MG,41270,BELO VALE,6828,6828,0,3205,6455,6455,0,6107,6107,0,3453,3243,210,6.081668114682884,0,0.0
stress_min_violation,MG,41289,PAI PEDRO,4178,4178,0,2736,3972,3972,0,3879,3879,0,1756,1232,524,29.840546697038725,314,17.88154897494305
stress_min_violation,MG,41297,BERILO,6020,6020,0,3957,5630,5630,0,5475,5475,0,2471,1671,800,32.375556454876566,408,16.51153379198705
stress_min_violation,MG,41300,PATIS,3921,3921,0,2727,3769,3769,0,3760,3760,0,2030,1039,991,48.81773399014779,836,41.18226600985221
stress_min_violation,MG,41319,BERTÓPOLIS,3094,3094,0,1961,2975,2975,0,2901,2901,0,1264,1011,253,20.015822784810126,131,10.363924050632912
stress_min_violation,MG,41327,PEDRA BONITA,5120,5120,0,2172,4849,4849,0,4835,4835,0,3237,2675,562,17.3617547111523,289,8.928019771393265
stress_min_violation,MG,41335,BETIM,247276,247033,-243,95603,231975,231975,0,217840,217840,0,135488,135911,0,0.0,0,0.0
stress_min_violation,MG,41343,PIEDADE DE CARATINGA,5984,5984,0,2231,5686,5686,0,5531,5531,0,4315,3453,862,19.976825028968715,562,13.02433371958285
stress_min_violation,MG,41351,BIAS FORTES,2828,2828,0,1690,2660,2660,0,2521,2521,0,1301,967,334,25.672559569561876,163,12.528823981552652
stress_min_violation,MG,41360,PINGO D'ÁGUA,3129,3129,0,1670,2955,2955,0,2765,2765,0,1687,1282,405,24.007113218731476,228,13.515115589804386
stress_min_violation,MG,41378,BICAS,8861,8861,0,3949,8451,8451,0,7942,7942,0,4676,4494,182,3.8922155688622753,0,0.0
stress_min_violation,MG,41386,PINTÓPOLIS,4537,4537,0,2798,4353,4353,0,4270,4270,0,2466,1553,913,37.0235198702352,727,29.480940794809406
stress_min_violation,MG,41394,BIQUINHAS,2023,2023,0,836,1917,1917,0,1895,1895,0,1235,1080,155,12.550607287449393,48,3.88663967611336
stress_min_violation,MG,41408,PONTO CHIQUE,2700,2700,0,1871,2583,2583,0,2588,2588,0,1538,709,829,53.90117035110533,709,46.09882964889467
stress_min_violation,MG,41416,BOA ESPERANÇA,24278,24277,-1,9021,23115,23115,0,21728,21728,0,15609,14066,1543,9.885322570311999,352,2.255109231853418
stress_min_violation,MG,41424,REDUTO,4484,4484,0,1916,4316,4316,0,4141,4141,0,2873,2395,478,16.637660981552383,305,10.616080751827358
stress_min_violation,MG,41432,BOCAINA DE MINAS,3389,3389,0,1360,3196,3196,0,3032,3032,0,2108,1831,277,13.140417457305503,79,3.747628083491461
stress_min_violation,MG,41440,SANTA BÁRBARA DO MONTE VERDE,2790,2790,0,1422,2669,2669,0,2597,2597,0,1535,1243,292,19.022801302931597,167,10.879478827361563
stress_min_violation,MG,41459,BOCAIÚVA,27974,27974,0,16819,26680,26680,0,25650,25650,0,11601,9844,1757,15.145246099474184,446,3.8444961641237825
stress_min_violation,MG,41467,SANTA CRUZ DE MINAS,5278,5278,0,1881,4967,4967,0,4653,4653,0,3183,3067,116,3.6443606660383288,0,0.0
stress_min_violation,MG,41475,BOM DESPACHO,29939,29939,0,7553,28389,28389,0,27358,27358,0,21540,20786,754,3.500464252553389,0,0.0
stress_min_violation,MG,41483,SANTA CRUZ DE SALINAS,3155,3155,0,2175,2955,2955,0,2929,2929,0,1081,777,304,28.122109158186863,101,9.343200740055504
stress_min_violation,MG,41491,BOM JARDIM DE MINAS,4986,4986,0,2288,4727,4727,0,4464,4464,0,2932,2435,497,16.95088676671214,234,7.980900409276944
stress_min_violation,MG,41505,SANTA HELENA DE MINAS,4022,4022,0,2539,3818,3818,0,3767,3767,0,1907,1277,630,33.036182485579445,424,22.233875196643943
stress_min_violation,MG,41513,BOM JESUS DA PENHA,2935,2935,0,882,2807,2807,0,2718,2718,0,2117,1922,195,9.211147850732168,64,3.0231459612659424
stress_min_violation,MG,41521,SANTO ANTÔNIO DO RETIRO,4979,4979,0,3076,4739,4739,0,4718,4718,0,2512,1661,851,33.87738853503185,609,24.243630573248407
stress_min_violation,MG,41530,BOM JESUS DO AMPARO,3935,3935,0,1900,3673,3673,0,3512,3512,0,2134,1769,365,17.10402999062793,99,4.639175257731959
stress_min_violation,MG,41548,SÃO DOMINGOS DAS DORES,4751,4751,0,1929,4559,4559,0,4478,4478,0,2943,2625,318,10.805300713557594,121,4.111450900441726
stress_min_violation,MG,41556,BOM JESUS DO GALHO,8636,9453,817,3925,8129,8129,0,8653,8653,0,5604,4198,1406,25.08922198429693,893,15.935046395431835
stress_min_violation,MG,41564,SÃO FÉLIX DE MINAS,2762,2761,-1,1177,2662,2662,0,2604,2604,0,1562,1482,80,5.121638924455826,0,0.0
stress_min_violation,MG,41572,BOM REPOUSO,8264,8264,0,3018,7824,7824,0,7519,7519,0,5890,4800,1090,18.505942275042443,644,10.933786078098471
stress_min_violation,MG,41580,SÃO GERALDO DO BAIXIO,2428,2428,0,1024,2294,2294,0,2304,2304,0,1605,1268,337,20.996884735202492,201,12.523364485981308
stress_min_violation,MG,41599,BOM SUCESSO,11063,11063,0,4823,10298,10298,0,9825,9825,0,6873,5457,1416,20.60235704932344,633,9.2099519860323
stress_min_violation,MG,41602,SÃO JOÃO DAS MISSÕES,7496,7496,0,4897,7120,7120,0,6999,6999,0,3084,2215,869,28.17769130998703,485,15.726329442282749
stress_min_violation,MG,41610,BONFIM,5596,5596,0,2302,5211,5211,0,4883,4883,0,3085,2905,180,5.834683954619125,0,0.0
stress_min_violation,MG,41629,SÃO JOAQUIM DE BICAS,19114,19114,0,8138,17953,17953,0,16944,16944,0,10725,9789,936,8.727272727272727,0,0.0
stress_min_violation,MG,41637,BONFINÓPOLIS DE MINAS,3663,3661,-2,1722,3538,3538,0,3450,3450,0,2425,1815,610,25.15463917525773,484,19.95876288659794
stress_min_violation,MG,41645,SÃO JOSÉ DA BARRA,5247,5247,0,1951,5028,5028,0,4885,4885,0,3752,3076,676,18.017057569296377,456,12.153518123667377
stress_min_violation,MG,41653,BORDA DA MATA,10648,10648,0,3275,10089,10089,0,9582,9582,0,7097,6802,295,4.156685923629703,0,0.0
stress_min_violation,MG,41661,ALTO CAPARAÓ,3796,3795,-1,1010,3698,3698,0,3647,3647,0,2626,2687,0,0.0,0,0.0
stress_min_violation,MG,41670,BOTELHOS,9614,9614,0,4353,9179,9179,0,8757,8757,0,5558,4817,741,13.332133861101115,297,5.343648794530407
stress_min_violation,MG,41688,ANGELÂNDIA,4967,4967,0,2069,4692,4692,0,4647,4647,0,3742,2620,1122,29.983965793693212,844,22.55478353821486
stress_min_violation,MG,41696,BOTUMIRIM,2260,4038,1778,1486,2104,2104,0,3734,3734,0,2496,616,1880,75.32051282051282,1722,68.99038461538461
stress_min_violation,MG,41700,ARICANDUVA,3782,3782,0,2016,3564,3564,0,3421,3421,0,2002,1545,457,22.827172827172827,236,11.788211788211788
stress_min_violation,MG,41718,BRASÍLIA DE MINAS,19651,19651,0,12141,18798,18798,0,18229,18229,0,10668,6640,4028,37.757780277465315,3158,29.60254968128984
stress_min_violation,MG,41726,BERIZAL,3356,3356,0,1952,3199,3199,0,3179,3179,0,1876,1240,636,33.90191897654584,472,25.15991471215352
stress_min_violation,MG,41734,BRÁS PIRES,3291,3291,0,1651,3108,3108,0,2988,2988,0,1665,1452,213,12.792792792792794,25,1.5015015015015014
stress_min_violation,MG,41742,BONITO DE MINAS,6063,6063,0,4263,5729,5729,0,5648,5648,0,4010,1464,2546,63.49127182044888,2210,55.11221945137157
stress_min_violation,MG,41750,BRAÚNAS,3009,3009,0,1494,2809,2809,0,2693,2693,0,1623,1314,309,19.038817005545287,108,6.654343807763401
stress_min_violation,MG,41769,BUGRE,3276,3275,-1,1297,3136,3136,0,3105,3105,0,2133,1835,298,13.97093295827473,154,7.219878105954055
stress_min_violation,MG,41777,BRAZÓPOLIS,9376,9376,0,3305,8814,8814,0,8327,8327,0,5502,5487,15,0.27262813522355506,0,0.0
stress_min_violation,MG,41785,CABECEIRA GRANDE,4408,4408,0,1680,4256,4256,0,4143,4143,0,2988,2573,415,13.88888888888889,260,8.701472556894243
stress_min_violation,MG,41793,BRUMADINHO,27822,27821,-1,10586,26295,26295,0,25282,25282,0,16564,15658,906,5.4696933107944945,0,0.0
stress_min_violation,MG,41807,CAMPO AZUL,3090,3090,0,2083,2991,2991,0,2961,2961,0,1470,908,562,38.2312925170068,463,31.496598639455783
stress_min_violation,MG,41815,BUENO BRANDÃO,6580,6580,0,1663,6270,6270,0,5929,5929,0,3971,4602,0,0.0,0,0.0
stress_min_violation,MG,41823,CANTAGALO,2699,2699,0,1534,2530,2530,0,2437,2437,0,1416,993,423,29.872881355932204,251,17.725988700564972
stress_min_violation,MG,41831,BUENÓPOLIS,5459,5459,0,2762,5168,5168,0,4979,4979,0,3352,2401,951,28.37112171837709,655,19.54057279236277
stress_min_violation,MG,41840,CATAS ALTAS,4007,4007,0,1710,3737,3737,0,3533,3533,0,2126,2008,118,5.55032925682032,0,0.0
stress_min_violation,MG,41858,BURITIS,15278,15273,-5,5572,14829,14829,0,14489,14489,0,11216,9244,1972,17.582025677603422,1510,13.462910128388017
stress_min_violation,MG,41866,CATUTI,3563,3563,0,2294,3399,3399,0,3329,3329,0,1862,1103,759,40.76262083780881,593,31.84747583243824
stress_min_violation,MG,41874,BURITIZEIRO,15147,15147,0,6943,14130,14130,0,13738,13738,0,10669,7169,3500,32.805323835411,2465,23.104320929796607
stress_min_violation,MG,41882,CHAPADA GAÚCHA,7119,7112,-7,3762,6865,6865,0,6768,6768,0,4393,3100,1293,29.433189164580014,1036,23.582972911450035
stress_min_violation,MG,41890,CABO VERDE,7449,7448,-1,3220,7113,7113,0,6783,6783,0,4401,3885,516,11.724608043626448,172,3.908202681208816
stress_min_violation,MG,41904,CÔNEGO MARINHO,4748,4748,0,3425,4522,4522,0,4317,4317,0,2348,1095,1253,53.36456558773424,1025,43.654173764906304
stress_min_violation,MG,41912,CACHOEIRA DA PRATA,2846,2846,0,1154,2707,2707,0,2630,2630,0,1748,1549,199,11.384439359267734,56,3.203661327231121
stress_min_violation,MG,41920,CONFINS,5797,5797,0,2015,5546,5546,0,5397,5397,0,3681,3526,155,4.210812279271937,0,0.0
stress_min_violation,MG,41939,CACHOEIRA DE MINAS,8049,8049,0,2419,7611,7611,0,7306,7306,0,5388,5182,206,3.823311061618411,0,0.0
stress_min_violation,MG,41947,CÓRREGO FUNDO,4457,4457,0,1182,4186,4186,0,3986,3986,0,3115,3001,114,3.6597110754414124,0,0.0
stress_min_violation,MG,41955,CACHOEIRA DOURADA,2016,2016,0,989,1968,1968,0,1902,1902,0,1183,978,205,17.32882502113271,156,13.186813186813186
stress_min_violation,MG,41963,CRISÓLITA,3282,3282,0,1927,3114,3114,0,3084,3084,0,1715,1186,529,30.845481049562682,360,20.99125364431487
stress_min_violation,MG,41971,CAETANÓPOLIS,7177,7177,0,2479,6728,6728,0,6430,6430,0,4441,4243,198,4.458455302859717,0,0.0
stress_min_violation,MG,41980,CUPARAQUE,3087,3087,0,1028,2993,2993,0,2967,2967,0,1973,1965,8,0.40547389761784086,0,0.0
stress_min_violation,MG,41998,CAETÉ,26117,26117,0,11032,24433,24433,0,22847,22847,0,13429,13355,74,0.5510462432050041,0,0.0
stress_min_violation,MG,42005,CURRAL DE DENTRO,3234,5024,1790,1757,3063,3063,0,4709,4709,0,2212,1304,908,41.04882459312839,735,33.22784810126582
stress_min_violation,MG,42013,CAIANA,3532,3532,0,1635,3343,3343,0,3216,3216,0,1652,1704,0,0.0,0,0.0
stress_min_violation,MG,42021,DELTA,5798,5798,0,2717,5480,5480,0,4931,4931,0,3762,2762,1000,26.58160552897395,681,18.10207336523126
stress_min_violation,MG,42030,CAJURI,3867,3867,0,2310,3636,3636,0,3383,3383,0,1433,1317,116,8.094905792044662,0,0.0
stress_min_violation,MG,42048,DOM BOSCO,2917,2915,-2,1008,2835,2835,0,2800,2800,0,2130,1825,305,14.31924882629108,221,10.375586854460094
stress_min_violation,MG,42056,CALDAS,8369,8369,0,2671,7944,7944,0,7537,7537,0,5457,5267,190,3.4817665383910574,0,0.0
stress_min_violation,MG,42064,FREI LAGONEGRO,2716,2716,0,1482,2560,2560,0,2510,2510,0,1687,1076,611,36.21813870776526,453,26.852400711321874
stress_min_violation,MG,42072,CAMACHO,2563,2563,0,1181,2393,2393,0,2344,2344,0,1817,1211,606,33.3516785910842,435,23.940561364887177
stress_min_violation,MG,42080,FRUTA DE LEITE,3286,3286,0,2115,2983,2983,0,2932,2932,0,1279,867,412,32.21266614542611,108,8.444096950742768
stress_min_violation,MG,42099,CAMANDUCAIA,13918,13918,0,4556,13118,13118,0,12101,12101,0,8927,8549,378,4.2343452447630785,0,0.0
stress_min_violation,MG,42102,GAMELEIRAS,3774,3774,0,2319,3649,3649,0,3622,3622,0,1388,1328,60,4.322766570605188,0,0.0
stress_min_violation,MG,42110,CAMBUÍ,16922,16922,0,5482,15989,15989,0,14886,14886,0,9847,10492,0,0.0,0,0.0
stress_min_violation,MG,42129,GLAUCILÂNDIA,3222,3222,0,2014,3128,3128,0,2993,2993,0,1595,1113,482,30.219435736677116,387,24.26332288401254
stress_min_violation,MG,42137,CAMBUQUIRA,7452,7451,-1,3008,6996,6996,0,6644,6644,0,4785,3979,806,16.84430512016719,341,7.126436781609195
stress_min_violation,MG,42145,GOIABEIRA,2354,2354,0,825,2252,2252,0,2220,2220,0,1224,1425,0,0.0,0,0.0
stress_min_violation,MG,42153,CAMPANÁRIO,2388,2388,0,1392,2270,2270,0,2214,2214,0,1360,877,483,35.51470588235294,364,26.764705882352942
stress_min_violation,MG,42161,GOIANÁ,3442,3442,0,1536,3295,3295,0,3158,3158,0,1788,1750,38,2.1252796420581657,0,0.0
stress_min_violation,MG,42170,CAMPANHA,9480,9479,-1,2706,8971,8971,0,8457,8457,0,6259,6246,13,0.2077009106886084,0,0.0
stress_min_violation,MG,42188,GUARACIAMA,4164,4164,0,3123,4019,4019,0,3904,3904,0,1547,895,652,42.146089204912734,506,32.70846800258565
stress_min_violation,MG,42196,CAMPESTRE,12997,12996,-1,3891,12228,12228,0,11555,11555,0,8353,8323,30,0.3591524003352089,0,0.0
stress_min_violation,MG,42200,IBIRACATU,4108,4107,-1,2971,3956,3956,0,3870,3870,0,1559,984,575,36.882617062219374,422,27.06863373957665
stress_min_violation,MG,42218,CAMPINA VERDE,11012,11010,-2,4202,10603,10603,0,10171,10171,0,7431,6395,1036,13.941596016686852,621,8.356883326604764
stress_min_violation,MG,42226,IMBÉ DE MINAS,4487,4486,-1,2254,4327,4327,0,4244,4244,0,2679,2070,609,22.732362821948488,446,16.648002986188878
stress_min_violation,MG,42234,CAMPO BELO,29228,29228,0,9729,27488,27488,0,25980,25980,0,19480,17734,1746,8.963039014373717,0,0.0
stress_min_violation,MG,42242,INDAIABIRA,4574,4574,0,2280,4361,4361,0,4339,4339,0,2871,2079,792,27.586206896551722,577,20.097526994078716
stress_min_violation,MG,42250,CAMPO DO MEIO,7950,7950,0,3889,7564,7564,0,7222,7222,0,4471,3674,797,17.825989711473945,410,9.170208007157235
stress_min_violation,MG,42269,JAPONVAR,6336,6336,0,4222,5981,5981,0,5884,5884,0,3218,1757,1461,45.400870105655684,1104,34.30702299564947
stress_min_violation,MG,42277,CAMPO FLORIDO,5085,5085,0,2096,4910,4910,0,4737,4737,0,3459,2810,649,18.76264816420931,470,13.587742122000579
stress_min_violation,MG,42285,JENIPAPO DE MINAS,3823,3823,0,2286,3568,3568,0,3542,3542,0,2256,1281,975,43.21808510638298,719,31.870567375886523
stress_min_violation,MG,42293,CAMPOS ALTOS,7016,7016,0,2237,6672,6672,0,6417,6417,0,5049,4433,616,12.200435729847495,270,5.347593582887701
stress_min_violation,MG,42307,JOSÉ GONÇALVES DE MINAS,2711,2711,0,1579,2540,2540,0,2532,2532,0,1521,957,564,37.08086785009862,389,25.57527942143327
stress_min_violation,MG,42315,CAMPOS GERAIS,15354,15353,-1,5690,14491,14491,0,13761,13761,0,10205,8782,1423,13.944145026947576,541,5.301322880940715
stress_min_violation,MG,42323,JOSÉ RAYDAN,2919,2919,0,1575,2755,2755,0,2710,2710,0,1573,1177,396,25.174825174825173,229,14.55816910362365
stress_min_violation,MG,42331,CANAÃ,3690,3690,0,2262,3476,3476,0,3326,3326,0,1296,1211,85,6.558641975308642,0,0.0
stress_min_violation,MG,42340,SÃO SEBASTIÃO DA VARGEM ALEGRE,2447,2446,-1,1104,2314,2314,0,2216,2216,0,1323,1208,115,8.692365835222978,0,0.0
stress_min_violation,MG,42358,CANÁPOLIS,6477,6474,-3,3266,6262,6262,0,5941,5941,0,3220,2991,229,7.111801242236025,9,0.2795031055900621
stress_min_violation,MG,42366,SÃO SEBASTIÃO DO ANTA,4238,4238,0,1644,4031,4031,0,4008,4008,0,2996,2385,611,20.39385847797063,402,13.41789052069426
stress_min_violation,MG,42374,CANA VERDE,3989,3989,0,1695,3795,3795,0,3649,3649,0,2515,2091,424,16.858846918489064,221,8.78727634194831
stress_min_violation,MG,42382,SERRANÓPOLIS DE MINAS,3227,3227,0,1967,3080,3080,0,3027,3027,0,1554,1112,442,28.44272844272844,294,18.91891891891892
stress_min_violation,MG,42390,CANDEIAS,9101,9101,0,3411,8329,8329,0,7714,7714,0,5912,4906,1006,17.016238159675236,222,3.7550744248985115
stress_min_violation,MG,42404,SETUBINHA,6219,6219,0,3959,5782,5782,0,5728,5728,0,4103,1817,2286,55.71533024616134,1843,44.918352425054834
stress_min_violation,MG,42412,CAPARAÓ,3609,3607,-2,1219,3461,3461,0,3377,3377,0,1667,2239,0,0.0,0,0.0
stress_min_violation,MG,42420,TAPARUBA,3026,3026,0,1544,2907,2907,0,2877,2877,0,1905,1361,544,28.556430446194227,423,22.20472440944882
stress_min_violation,MG,42439,CAPELA NOVA,3797,3797,0,1935,3467,3467,0,3240,3240,0,1492,1530,0,0.0,0,0.0
stress_min_violation,MG,42447,UNIÃO DE MINAS,2431,2431,0,1185,2375,2375,0,2304,2304,0,1505,1188,317,21.06312292358804,259,17.209302325581394
stress_min_violation,MG,42455,CAPELINHA,23167,23166,-1,9706,21867,21867,0,21137,21137,0,15494,12152,3342,21.569639860591195,2033,13.121208209629534
stress_min_violation,MG,42463,URUANA DE MINAS,2721,2721,0,1099,2619,2619,0,2622,2622,0,2105,1520,585,27.790973871733968,483,22.94536817102138
stress_min_violation,MG,42471,CAPETINGA,4135,4135,0,1597,3907,3907,0,3730,3730,0,2736,2307,429,15.679824561403509,198,7.2368421052631575
stress_min_violation,MG,42480,VARGEM GRANDE DO RIO PARDO,3265,3265,0,1399,3137,3137,0,3115,3115,0,2147,1736,411,19.142990218910107,281,13.088029809035865
stress_min_violation,MG,42498,CAPIM BRANCO,6827,6827,0,2411,6433,6433,0,6170,6170,0,4146,4014,132,3.183791606367583,0,0.0
stress_min_violation,MG,42501,VARJÃO DE MINAS,5202,5202,0,1998,4993,4993,0,4886,4886,0,4098,2994,1104,26.939970717423133,894,21.815519765739385
stress_min_violation,MG,42510,CAPINÓPOLIS,8920,8920,0,3898,8641,8641,0,8353,8353,0,5994,4737,1257,20.97097097097097,972,16.216216216216218
stress_min_violation,MG,42528,VERDELÂNDIA,5108,5108,0,3283,4883,4883,0,4745,4745,0,2421,1597,824,34.03552251135894,596,24.617926476662536
stress_min_violation,MG,42536,CAPITÃO ENÉAS,9795,9795,0,5945,9286,9286,0,8867,8867,0,5344,3334,2010,37.612275449101794,1494,27.956586826347305
stress_min_violation,MG,42544,VEREDINHA,3963,3963,0,2210,3765,3765,0,3705,3705,0,1827,1555,272,14.887794198139026,74,4.050355774493705
stress_min_violation,MG,42552,CAPITÓLIO,6184,6184,0,1824,5934,5934,0,5792,5792,0,4361,4103,258,5.916074294886494,1,0.022930520522815866
stress_min_violation,MG,42560,VERMELHO NOVO,3894,3894,0,1851,3657,3657,0,3486,3486,0,2120,1804,316,14.90566037735849,77,3.6320754716981134
stress_min_violation,MG,42579,CAPUTIRA,6539,6539,0,3284,6131,6131,0,5788,5788,0,3754,2841,913,24.320724560468832,499,13.292488012786361
stress_min_violation,MG,42587,TOCOS DO MOJI,3482,3482,0,1430,3292,3292,0,3152,3152,0,2075,1859,216,10.409638554216867,23,1.108433734939759
stress_min_violation,MG,42595,CARAÍ,10639,10639,0,6827,9890,9890,0,9609,9609,0,5384,3052,2332,43.31352154531947,1572,29.197622585438335
stress_min_violation,MG,42617,CARANAÍBA,2753,2753,0,1276,2535,2535,0,2426,2426,0,1210,1257,0,0.0,0,0.0
stress_min_violation,MG,42633,CARANDAÍ,16996,16996,0,7083,15661,15661,0,14118,14118,0,9144,8567,577,6.310148731408574,0,0.0
stress_min_violation,MG,42650,CARANGOLA,18200,18197,-3,8137,17355,17355,0,16574,16574,0,10235,9201,1034,10.102589154860771,172,1.6805080605764533
stress_min_violation,MG,42676,CARATINGA,47222,47221,-1,18714,45035,45035,0,42671,42671,0,28431,26276,2155,7.5797544933347405,0,0.0
stress_min_violation,MG,42692,CARBONITA,5955,5954,-1,2789,5558,5558,0,5459,5459,0,3722,2764,958,25.73885008060183,556,14.93820526598603
stress_min_violation,MG,42714,CAREAÇU,4200,4200,0,1509,4035,4035,0,3871,3871,0,2609,2524,85,3.257953238788808,0,0.0
stress_min_violation,MG,42730,CARLOS CHAGAS,11190,11187,-3,5856,10604,10604,0,10348,10348,0,6733,4743,1990,29.55591860983217,1399,20.778256349324224
stress_min_violation,MG,42757,CARMÉSIA,1946,1945,-1,1007,1844,1844,0,1814,1814,0,558,836,0,0.0,0,0.0
stress_min_violation,MG,42773,CARMO DA CACHOEIRA,6991,6991,0,3310,6492,6492,0,6132,6132,0,4123,3180,943,22.871695367450886,442,10.720349260247392
stress_min_violation,MG,42790,CARMO DA MATA,7648,7648,0,3618,7159,7159,0,6678,6678,0,4358,3531,827,18.976594768242315,328,7.52638825149151
stress_min_violation,MG,42811,CARMO DE MINAS,7695,7695,0,2866,7203,7203,0,6928,6928,0,5119,4333,786,15.354561437780816,290,5.6651689783160775
stress_min_violation,MG,42838,CARMO DO CAJURU,15442,15442,0,5213,14645,14645,0,14072,14072,0,10776,9413,1363,12.648478099480327,547,5.076095025983667
stress_min_violation,MG,42854,CARMO DO PARANAÍBA,17026,17024,-2,4509,16171,16171,0,15541,15541,0,12818,11648,1170,9.127789046653144,301,2.348260259010766
stress_min_violation,MG,42870,CARMO DO RIO CLARO,12322,12322,0,3987,11773,11773,0,11336,11336,0,8351,7775,576,6.8973775595737035,16,0.19159382109926956
stress_min_violation,MG,42897,CARMÓPOLIS DE MINAS,11785,11785,0,4392,11207,11207,0,10668,10668,0,7524,6811,713,9.476342371079213,131,1.7410951621477937
stress_min_violation,MG,42919,CARRANCAS,2657,2657,0,1085,2514,2514,0,2423,2423,0,1615,1428,187,11.578947368421053,43,2.6625386996904026
stress_min_violation,MG,42935,CARVALHÓPOLIS,2675,2675,0,948,2542,2542,0,2429,2429,0,1737,1594,143,8.23258491652274,10,0.5757052389176741
stress_min_violation,MG,42951,CARVALHOS,3264,3264,0,1343,2980,2980,0,2772,2772,0,2079,1636,443,21.308321308321307,158,7.5998075998076
stress_min_violation,MG,42978,CASA GRANDE,2462,2462,0,822,2355,2355,0,2266,2266,0,1412,1531,0,0.0,0,0.0
stress_min_violation,MG,42994,CASCALHO RICO,2919,2919,0,1035,2823,2823,0,2698,2698,0,2109,1787,322,15.267899478425795,225,10.668563300142248
stress_min_violation,MG,43010,CÁSSIA,9792,9792,0,3791,9279,9279,0,8773,8773,0,6183,5478,705,11.402231926249394,182,2.9435549086204107
stress_min_violation,MG,43036,CONCEIÇÃO DA BARRA DE MINAS,2992,2992,0,1299,2809,2809,0,2672,2672,0,1977,1505,472,23.874557410217502,284,14.365199797673242
stress_min_violation,MG,43052,CATAGUASES,39504,39503,-1,20582,37632,37632,0,35101,35101,0,18795,17020,1775,9.444001064112795,0,0.0
stress_min_violation,MG,43079,CATAS ALTAS DA NORUEGA,3189,3189,0,1675,2990,2990,0,2861,2861,0,1637,1311,326,19.914477703115455,123,7.513744654856445
stress_min_violation,MG,43095,CAXAMBU,12585,12585,0,5437,11949,11949,0,11344,11344,0,6803,6493,310,4.556813170660003,0,0.0
stress_min_violation,MG,43117,CEDRO DO ABAETÉ,1026,1026,0,393,990,990,0,972,972,0,849,596,253,29.799764428739692,216,25.441696113074205
stress_min_violation,MG,43133,CENTRAL DE MINAS,4437,4437,0,1874,4246,4246,0,4080,4080,0,2179,2367,0,0.0,0,0.0
stress_min_violation,MG,43150,CENTRALINA,5946,5946,0,3107,5728,5728,0,5299,5299,0,3428,2617,811,23.65810968494749,589,17.182030338389733
stress_min_violation,MG,43176,CHÁCARA,3452,3452,0,1532,3326,3326,0,3220,3220,0,1733,1793,0,0.0,0,0.0
stress_min_violation,MG,43192,CHALÉ,4353,4349,-4,1942,4161,4161,0,4095,4095,0,2850,2217,633,22.210526315789473,439,15.403508771929825
stress_min_violation,MG,43214,CHAPADA DO NORTE,5807,5807,0,4207,5459,5459,0,5378,5378,0,2800,1248,1552,55.42857142857143,1200,42.857142857142854
stress_min_violation,MG,43230,CHIADOR,2611,2611,0,1046,2465,2465,0,2383,2383,0,1917,1417,500,26.082420448617633,352,18.362023995826814
stress_min_violation,MG,43257,CIPOTÂNEA,3932,3932,0,1985,3649,3649,0,3454,3454,0,2069,1661,408,19.71967133881102,122,5.8965683905268245
stress_min_violation,MG,43273,CLARAVAL,4011,4009,-2,1004,3901,3901,0,3748,3748,0,2718,2895,0,0.0,0,0.0
stress_min_violation,MG,43290,CLARO DOS POÇÕES,5807,5807,0,2890,5515,5515,0,5356,5356,0,3130,2620,510,16.293929712460063,213,6.805111821086262
stress_min_violation,MG,43311,CLÁUDIO,18369,18369,0,4597,17346,17346,0,16803,16803,0,13629,12715,914,6.706288062220265,0,0.0
stress_min_violation,MG,43338,COIMBRA,5394,5394,0,2754,4982,4982,0,4633,4633,0,2349,2222,127,5.406555981268625,0,0.0
stress_min_violation,MG,43354,COLUNA,4834,4834,0,2468,4480,4480,0,4318,4318,0,2607,2009,598,22.93824319140775,241,9.24434215573456
stress_min_violation,MG,43370,COMENDADOR GOMES,2229,2229,0,848,2182,2182,0,2105,2105,0,1275,1334,0,0.0,0,0.0
stress_min_violation,MG,43397,COMERCINHO,4681,4679,-2,3327,4449,4449,0,4339,4339,0,2244,1119,1125,50.13368983957219,890,39.66131907308378
stress_min_violation,MG,43419,CONCEIÇÃO DA APARECIDA,6439,6438,-1,2425,6160,6160,0,5910,5910,0,4354,3729,625,14.354616444648599,340,7.808911345888838
stress_min_violation,MG,43435,CONCEIÇÃO DAS PEDRAS,2219,2219,0,778,2070,2070,0,2000,2000,0,1563,1288,275,17.59436980166347,122,7.805502239283429
stress_min_violation,MG,43451,CONCEIÇÃO DAS ALAGOAS,15441,15441,0,6964,14881,14881,0,13959,13959,0,9111,7910,1201,13.181868071561848,634,6.958621446603007
stress_min_violation,MG,43478,CONCEIÇÃO DE IPANEMA,3459,3459,0,1669,3356,3356,0,3304,3304,0,1882,1687,195,10.361317747077576,92,4.888416578108395
stress_min_violation,MG,43494,CONCEIÇÃO DO MATO DENTRO,14000,14000,0,7457,13041,13041,0,12321,12321,0,7606,5568,2038,26.794635813831185,1063,13.975808572179858
stress_min_violation,MG,43516,CONCEIÇÃO DO PARÁ,4298,4298,0,1147,4079,4079,0,4022,4022,0,3332,2926,406,12.184873949579831,181,5.432172869147659
stress_min_violation,MG,43532,CONCEIÇÃO DO RIO VERDE,7814,7814,0,3796,7308,7308,0,6905,6905,0,4843,3507,1336,27.586206896551722,825,17.0348957257898
stress_min_violation,MG,43559,CONCEIÇÃO DOS OUROS,7576,7576,0,2290,7186,7186,0,6837,6837,0,5261,4890,371,7.051891275422923,0,0.0
stress_min_violation,MG,43575,CONGONHAL,7897,7897,0,2285,7521,7521,0,7267,7267,0,5496,5228,268,4.87627365356623,0,0.0
stress_min_violation,MG,43591,CONGONHAS,34664,34664,0,14236,32436,32436,0,29806,29806,0,18731,18117,614,3.2779883615396934,0,0.0
stress_min_violation,MG,43613,CONGONHAS DO NORTE,3102,3102,0,1792,2799,2799,0,2681,2681,0,1452,1007,445,30.647382920110193,142,9.77961432506887
stress_min_violation,MG,43630,CONQUISTA,4422,4422,0,1914,4237,4237,0,3965,3965,0,2845,2322,523,18.38312829525483,337,11.845342706502636
stress_min_violation,MG,43656,CONSELHEIRO LAFAIETE,78620,78619,-1,34018,73456,73456,0,67259,67259,0,38466,39306,0,0.0,0,0.0
stress_min_violation,MG,43672,CONSELHEIRO PENA,12020,12020,0,4427,11546,11546,0,11246,11246,0,7315,7109,206,2.816131237183869,0,0.0
stress_min_violation,MG,43699,CONSOLAÇÃO,1522,1522,0,516,1448,1448,0,1383,1383,0,1115,931,184,16.50224215246637,109,9.77578475336323
stress_min_violation,MG,43710,CONTAGEM,375467,375184,-283,139596,355282,355282,0,339745,339745,0,199620,214854,0,0.0,0,0.0
stress_min_violation,MG,43737,COQUEIRAL,5963,5963,0,2276,5653,5653,0,5470,5470,0,4179,3369,810,19.382627422828428,492,11.773151471643933
stress_min_violation,MG,43753,CORAÇÃO DE JESUS,15860,15858,-2,10327,15191,15191,0,14740,14740,0,8427,4854,3573,42.39943040227839,2894,34.34199596534947
stress_min_violation,MG,43770,CORDISBURGO,5451,5451,0,2520,5185,5185,0,4995,4995,0,2931,2663,268,9.143636983964518,0,0.0
stress_min_violation,MG,43796,CORDISLÂNDIA,2289,2289,0,1099,2186,2186,0,2126,2126,0,1576,1086,490,31.091370558375633,386,24.492385786802032
stress_min_violation,MG,43818,CORINTO,13842,13842,0,6787,13132,13132,0,12594,12594,0,8805,6337,2468,28.02952867688813,1750,19.875070982396366
stress_min_violation,MG,43834,COROACI,6125,6125,0,3029,5668,5668,0,5403,5403,0,3392,2636,756,22.287735849056602,296,8.726415094339623
stress_min_violation,MG,43850,COROMANDEL,18942,18942,0,5748,18159,18159,0,17615,17615,0,14643,12397,2246,15.338386942566414,1449,9.895513214505224
stress_min_violation,MG,43877,CORONEL FABRICIANO,59892,59892,0,21203,57433,57433,0,55139,55139,0,38784,36159,2625,6.7682549504950495,95,0.2449463696369637
stress_min_violation,MG,43893,CORONEL MURTA,5450,5450,0,3450,5184,5184,0,4948,4948,0,2362,1730,632,26.756985605419136,362,15.325994919559696
stress_min_violation,MG,43915,CORONEL PACHECO,2490,2490,0,1194,2355,2355,0,2251,2251,0,1443,1160,283,19.61191961191961,147,10.187110187110187
stress_min_violation,MG,43931,CORONEL XAVIER CHAVES,2574,2574,0,1237,2383,2383,0,2276,2276,0,1299,1143,156,12.009237875288683,0,0.0
stress_min_violation,MG,43958,CÓRREGO DANTA,2407,2407,0,965,2293,2293,0,2265,2265,0,1722,1326,396,22.99651567944251,280,16.260162601626018
stress_min_violation,MG,43974,CÓRREGO DO BOM JESUS,3386,3386,0,1166,3195,3195,0,3004,3004,0,2048,2022,26,1.26953125,0,0.0
stress_min_violation,MG,43990,CÓRREGO NOVO,2910,2910,0,1602,2772,2772,0,2698,2698,0,1713,1167,546,31.873905429071804,405,23.642732049036777
stress_min_violation,MG,44016,COUTO DE MAGALHÃES DE MINAS,2779,2779,0,1825,2606,2606,0,2456,2456,0,1117,781,336,30.08057296329454,163,14.592658907788719
stress_min_violation,MG,44032,CRISTAIS,6737,6737,0,2463,6277,6277,0,5911,5911,0,4315,3810,505,11.703360370799537,41,0.9501738122827347
stress_min_violation,MG,44059,CRISTÁLIA,3722,3722,0,2363,3500,3500,0,3488,3488,0,2389,1136,1253,52.44872331519464,1030,43.11427375470908
stress_min_violation,MG,44075,CRISTIANO OTONI,3676,3676,0,1415,3390,3390,0,3031,3031,0,1911,1966,0,0.0,0,0.0
stress_min_violation,MG,44091,CRISTINA,6239,6239,0,2076,5808,5808,0,5535,5535,0,4067,3723,344,8.458323088271452,0,0.0
stress_min_violation,MG,44113,CRUCILÂNDIA,4324,4324,0,1535,4026,4026,0,3895,3895,0,2594,2484,110,4.240555127216654,0,0.0
stress_min_violation,MG,44130,CRUZEIRO DA FORTALEZA,3446,3446,0,1055,3352,3352,0,3289,3289,0,2840,2294,546,19.225352112676056,449,15.809859154929578
stress_min_violation,MG,44156,CRUZÍLIA,9864,9863,-1,4528,9305,9305,0,8891,8891,0,5544,4764,780,14.069264069264069,208,3.751803751803752
stress_min_violation,MG,44172,CURVELO,46111,46111,0,18959,43610,43610,0,41010,41010,0,27747,24597,3150,11.352578657152124,595,2.144375968573179
stress_min_violation,MG,44199,DATAS,3752,3752,0,2467,3499,3499,0,3350,3350,0,2199,1031,1168,53.115052296498405,914,41.564347430650294
stress_min_violation,MG,44210,DELFIM MOREIRA,5127,5127,0,1816,4830,4830,0,4600,4600,0,3229,3008,221,6.844224218024156,0,0.0
stress_min_violation,MG,44237,DELFINÓPOLIS,4693,4693,0,1737,4509,4509,0,4352,4352,0,2589,2770,0,0.0,0,0.0
stress_min_violation,MG,44253,DESCOBERTO,3606,3606,0,1698,3430,3430,0,3294,3294,0,1962,1732,230,11.722731906218145,54,2.7522935779816513
stress_min_violation,MG,44270,DESTERRO DE ENTRE RIOS,5105,5105,0,1533,4704,4704,0,4440,4440,0,3008,3164,0,0.0,0,0.0
stress_min_violation,MG,44296,DESTERRO DO MELO,3475,3475,0,1424,3252,3252,0,3126,3126,0,2082,1825,257,12.34390009606148,31,1.48895292987512
stress_min_violation,MG,44318,DIAMANTINA,28296,28296,0,16583,26948,26948,0,25565,25565,0,12481,10323,2158,17.290281227465748,768,6.1533530967069945
stress_min_violation,MG,44334,DIOGO DE VASCONCELOS,2894,2894,0,1814,2679,2679,0,2588,2588,0,1659,863,796,47.98071127185051,579,34.90054249547921
stress_min_violation,MG,44350,DIONÍSIO,4772,4772,0,2536,4589,4589,0,4418,4418,0,2356,2050,306,12.98811544991511,120,5.093378607809847
stress_min_violation,MG,44377,DIVINÉSIA,3994,3994,0,2293,3819,3819,0,3708,3708,0,2192,1518,674,30.748175182481752,491,22.39963503649635
stress_min_violation,MG,44393,DIVINO,11652,11651,-1,5863,11174,11174,0,10739,10739,0,6023,5303,720,11.954175659970115,234,3.8851070894902873
stress_min_violation,MG,44415,DIVINO DAS LARANJEIRAS,3492,3492,0,1477,3342,3342,0,3285,3285,0,2129,1860,269,12.635039924847346,114,5.3546265852512915
stress_min_violation,MG,44431,DIVINOLÂNDIA DE MINAS,4562,4562,0,2096,4281,4281,0,4093,4093,0,2592,2181,411,15.856481481481481,126,4.861111111111111
stress_min_violation,MG,44458,DIVINÓPOLIS,139696,139445,-251,49403,132399,132399,0,129456,129456,0,98882,82805,16077,16.258773083068707,8589,8.686110717825287
stress_min_violation,MG,44474,DIVISA NOVA,3900,3899,-1,1712,3708,3708,0,3587,3587,0,2127,1993,134,6.299952985425482,0,0.0
stress_min_violation,MG,44490,DOM CAVATI,3484,3484,0,1380,3313,3313,0,3230,3230,0,2328,1933,395,16.967353951890033,224,9.621993127147766
stress_min_violation,MG,44512,DOM JOAQUIM,3046,3045,-1,1630,2802,2802,0,2693,2693,0,1653,1171,482,29.15910465819722,237,14.337568058076226
stress_min_violation,MG,44539,DOM SILVÉRIO,3384,3384,0,1836,3196,3196,0,2956,2956,0,1384,1355,29,2.0953757225433525,0,0.0
stress_min_violation,MG,44555,DOM VIÇOSO,2547,2545,-2,1010,2441,2441,0,2350,2350,0,1570,1430,140,8.9171974522293,33,2.1019108280254777
stress_min_violation,MG,44571,DONA EUSÉBIA,4810,4810,0,2184,4632,4632,0,4511,4511,0,2848,2446,402,14.115168539325843,222,7.794943820224719
stress_min_violation,MG,44598,DORES DE CAMPOS,6917,6917,0,2540,6339,6339,0,5722,5722,0,3926,3793,133,3.3876719307182883,0,0.0
stress_min_violation,MG,44610,DORES DE GUANHÃES,3730,3730,0,1962,3480,3480,0,3402,3402,0,1929,1516,413,21.410057024364956,161,8.346293416277865
stress_min_violation,MG,44636,DORES DO INDAIÁ,7567,7567,0,2446,7222,7222,0,7032,7032,0,5158,4770,388,7.5222954633578905,37,0.7173322993408298
stress_min_violation,MG,44652,DORES DO TURVO,4092,4092,0,2123,3868,3868,0,3743,3743,0,2258,1741,517,22.896368467670506,289,12.798937112488929
stress_min_violation,MG,44679,DORESÓPOLIS,1539,1539,0,514,1474,1474,0,1440,1440,0,1204,958,246,20.431893687707642,179,14.867109634551495
stress_min_violation,MG,44695,DOURADOQUARA,1671,1671,0,721,1621,1621,0,1545,1545,0,1172,899,273,23.293515358361773,222,18.9419795221843
stress_min_violation,MG,44717,ELÓI MENDES,15638,15638,0,5123,14691,14691,0,13970,13970,0,10168,9540,628,6.176239181746656,0,0.0
stress_min_violation,MG,44733,ENGENHEIRO CALDAS,5977,5977,0,2560,5675,5675,0,5527,5527,0,3880,3111,769,19.81958762886598,463,11.93298969072165
stress_min_violation,MG,44750,ENGENHEIRO NAVARRO,4708,4708,0,2920,4473,4473,0,4389,4389,0,2252,1549,703,31.216696269982236,464,20.603907637655418
stress_min_violation,MG,44776,ENTRE RIOS DE MINAS,9963,9963,0,4203,9397,9397,0,8895,8895,0,5510,5180,330,5.9891107078039925,0,0.0
stress_min_violation,MG,44792,ERVÁLIA,13217,13215,-2,6779,12007,12007,0,11101,11101,0,5513,5212,301,5.459822238345728,0,0.0
stress_min_violation,MG,44814,ESMERALDAS,43358,43358,0,18840,40645,40645,0,38275,38275,0,23428,21718,1710,7.2989585111832,0,0.0
stress_min_violation,MG,44830,ESPERA FELIZ,14087,14084,-3,6041,13289,13289,0,12623,12623,0,8580,7236,1344,15.664335664335665,534,6.223776223776224
stress_min_violation,MG,44857,ESPINOSA,18704,18703,-1,10628,18018,18018,0,17272,17272,0,10125,7382,2743,27.09135802469136,2049,20.237037037037037
stress_min_violation,MG,44873,ESPÍRITO SANTO DO DOURADO,4304,4303,-1,1645,4084,4084,0,3941,3941,0,2812,2438,374,13.300142247510669,153,5.440967283072546
stress_min_violation,MG,44890,ESTIVA,7813,7813,0,2556,7377,7377,0,7008,7008,0,4912,4815,97,1.974755700325733,0,0.0
stress_min_violation,MG,44911,ESTRELA DALVA,2173,2173,0,1179,2064,2064,0,2050,2050,0,1534,885,649,42.30769230769231,540,35.202086049543674
stress_min_violation,MG,44938,ESTRELA DO INDAIÁ,2037,2037,0,830,1932,1932,0,1938,1938,0,1599,1099,500,31.269543464665414,392,24.515322076297686
stress_min_violation,MG,44954,ESTRELA DO SUL,4646,4645,-1,2209,4443,4443,0,4223,4223,0,3017,2232,785,26.019224395094465,580,19.2243950944647
stress_min_violation,MG,44970,EUGENÓPOLIS,7011,7008,-3,2877,6716,6716,0,6486,6486,0,4250,3836,414,9.741176470588234,116,2.7294117647058824
stress_min_violation,MG,44997,EWBANK DA CÂMARA,3506,3506,0,1967,3370,3370,0,3214,3214,0,1798,1400,398,22.1357063403782,259,14.404894327030034
stress_min_violation,MG,45012,EXTREMA,32395,32393,-2,10793,30512,30512,0,27511,27511,0,19542,19677,0,0.0,0,0.0
stress_min_violation,MG,45039,FAMA,2458,2458,0,864,2348,2348,0,2276,2276,0,1629,1479,150,9.208103130755065,35,2.1485573971761815
stress_min_violation,MG,45055,FARIA LEMOS,2653,2653,0,1385,2529,2529,0,2470,2470,0,1454,1143,311,21.38927097661623,186,12.792297111416781
stress_min_violation,MG,45071,FELÍCIO DOS SANTOS,3318,3318,0,1818,3101,3101,0,3040,3040,0,1819,1281,538,29.576690489279823,319,17.537108301264432
stress_min_violation,MG,45098,SÃO GONÇALO DO RIO PRETO,2190,2190,0,1416,2036,2036,0,1973,1973,0,1014,617,397,39.15187376725838,240,23.668639053254438
stress_min_violation,MG,45110,FELISBURGO,4088,4088,0,2471,3867,3867,0,3745,3745,0,1951,1391,560,28.703229113275242,334,17.119425935417734
stress_min_violation,MG,45136,FELIXLÂNDIA,9282,9282,0,4475,8769,8769,0,8323,8323,0,5679,4290,1389,24.458531431590067,872,15.35481598873041
stress_min_violation,MG,45152,FERNANDES TOURINHO,1993,1993,0,819,1891,1891,0,1818,1818,0,1210,1072,138,11.40495867768595,36,2.975206611570248
stress_min_violation,MG,45179,FERROS,5994,5992,-2,3407,5608,5608,0,5488,5488,0,2319,2200,119,5.13152220784821,0,0.0
stress_min_violation,MG,45195,FLORESTAL,5450,5450,0,2127,5179,5179,0,5012,5012,0,2955,3042,0,0.0,0,0.0
stress_min_violation,MG,45217,FORMIGA,42299,42298,-1,12491,39787,39787,0,37585,37585,0,27945,27236,709,2.5371264984791555,0,0.0
stress_min_violation,MG,45233,FORMOSO,4844,4843,-1,2304,4674,4674,0,4646,4646,0,3440,2368,1072,31.162790697674417,900,26.162790697674417
stress_min_violation,MG,45250,FORTALEZA DE MINAS,2375,2375,0,835,2227,2227,0,2132,2132,0,1522,1389,133,8.73850197109067,0,0.0
stress_min_violation,MG,45276,FORTUNA DE MINAS,2482,2482,0,1188,2386,2386,0,2288,2288,0,1445,1198,247,17.093425605536332,151,10.449826989619377
stress_min_violation,MG,45292,FRANCISCO BADARÓ,4624,4624,0,2670,4337,4337,0,4266,4266,0,2203,1662,541,24.557421697684976,249,11.302768951429869
stress_min_violation,MG,45314,FRANCISCO DUMONT,3320,3320,0,1763,3177,3177,0,3122,3122,0,1899,1413,486,25.592417061611375,342,18.009478672985782
stress_min_violation,MG,45330,FRANCISCO SÁ,14611,14610,-1,9160,13957,13957,0,13481,13481,0,6858,4787,2071,30.198308544765236,1407,20.516185476815398
stress_min_violation,MG,45357,FREI GASPAR,4421,4420,-1,2408,4117,4117,0,4182,4182,0,3288,1705,1583,48.14476885644769,1275,38.777372262773724
stress_min_violation,MG,45373,FREI INOCÊNCIO,5315,5315,0,2670,5113,5113,0,5009,5009,0,3547,2432,1115,31.43501550606146,902,25.42994079503806
stress_min_violation,MG,45390,FRONTEIRA,8098,8098,0,3656,7800,7800,0,7262,7262,0,5185,4140,1045,20.154291224686595,743,14.329797492767598
stress_min_violation,MG,45411,FRUTAL,31389,31388,-1,10858,30172,30172,0,28250,28250,0,21524,19291,2233,10.374465712692809,993,4.613454748188069
stress_min_violation,MG,45438,FUNILÂNDIA,4191,4191,0,1513,3985,3985,0,3891,3891,0,2771,2465,306,11.042944785276074,93,3.356189101407434
stress_min_violation,MG,45454,GALILÉIA,3883,3883,0,1734,3748,3748,0,3660,3660,0,2283,2013,270,11.826544021024967,134,5.869469995619799
stress_min_violation,MG,45470,GONÇALVES,3096,3096,0,895,2925,2925,0,2816,2816,0,1679,2024,0,0.0,0,0.0
stress_min_violation,MG,45497,GONZAGA,3242,3242,0,1557,2996,2996,0,2911,2911,0,1530,1437,93,6.078431372549019,0,0.0
stress_min_violation,MG,45519,GOUVEIA,7788,7788,0,4310,7272,7272,0,6979,6979,0,4660,2947,1713,36.75965665236051,1182,25.36480686695279
stress_min_violation,MG,45535,GOVERNADOR VALADARES,148641,148355,-286,48763,142283,142283,0,134247,134247,0,91059,93353,0,0.0,0,0.0
stress_min_violation,MG,45551,GRÃO MOGOL,8242,8240,-2,5198,7805,7805,0,7646,7646,0,3969,2598,1371,34.5427059712774,925,23.30561854371378
stress_min_violation,MG,45578,GRUPIARA,1421,1421,0,542,1375,1375,0,1319,1319,0,993,832,161,16.2134944612286,114,11.48036253776435
stress_min_violation,MG,45594,GUANHÃES,17032,17032,0,7571,15904,15904,0,14991,14991,0,9495,8303,1192,12.553975776724592,34,0.35808320168509744
stress_min_violation,MG,45616,GUAPÉ,8200,8200,0,2327,7679,7679,0,7417,7417,0,5784,5348,436,7.538035961272476,0,0.0
stress_min_violation,MG,45632,GUARACIABA,6106,6106,0,3539,5707,5707,0,5611,5611,0,2476,2159,317,12.802907915993538,0,0.0
stress_min_violation,MG,45659,GUARANÉSIA,11400,11399,-1,5442,10761,10761,0,9947,9947,0,5793,5307,486,8.389435525634386,0,0.0
stress_min_violation,MG,45675,GUARANI,5204,5204,0,2893,4943,4943,0,4634,4634,0,2344,2042,302,12.8839590443686,33,1.4078498293515358
stress_min_violation,MG,45691,GUARARÁ,2910,2910,0,1305,2768,2768,0,2611,2611,0,1555,1460,95,6.109324758842444,0,0.0
stress_min_violation,MG,45713,GUARDA-MOR,4668,4666,-2,1580,4525,4525,0,4394,4394,0,3517,2940,577,16.40602786465738,429,12.197895934034689
stress_min_violation,MG,45730,GUAXUPÉ,29509,29506,-3,11785,27848,27848,0,25830,25830,0,16411,16034,377,2.2972396563280726,0,0.0
stress_min_violation,MG,45756,GUIDOVAL,5498,5498,0,2751,5238,5238,0,5030,5030,0,3425,2484,941,27.474452554744527,678,19.795620437956206
stress_min_violation,MG,45772,GUIMARÂNIA,5354,5354,0,1691,5095,5095,0,4927,4927,0,4175,3402,773,18.51497005988024,512,12.263473053892216
stress_min_violation,MG,45799,GUIRICEMA,6016,6015,-1,3005,5645,5645,0,5438,5438,0,3061,2630,431,14.080365893498856,50,1.633453119895459
stress_min_violation,MG,45810,GURINHATÃ,3744,3744,0,1402,3641,3641,0,3532,3532,0,2769,2234,535,19.321054532322137,427,15.420729505236547
stress_min_violation,MG,45837,HELIODORA,4335,4335,0,1758,4084,4084,0,4047,4047,0,3218,2319,899,27.936606587942823,641,19.919204474829087
stress_min_violation,MG,45853,IAPU,6273,6273,0,2541,5969,5969,0,5750,5750,0,3729,3423,306,8.205953338696702,0,0.0
stress_min_violation,MG,45870,IBERTIOGA,3841,3841,0,2191,3664,3664,0,3432,3432,0,1867,1473,394,21.10337439742903,217,11.622924477771827
stress_min_violation,MG,45896,IBIÁ,12582,12580,-2,4647,12030,12030,0,11509,11509,0,8138,7372,766,9.412632096338166,203,2.494470385844188
stress_min_violation,MG,45918,IBIAÍ,4750,4750,0,3120,4535,4535,0,4467,4467,0,2095,1412,683,32.60143198090692,465,22.195704057279237
stress_min_violation,MG,45934,IBIRACI,7228,7228,0,2573,6937,6937,0,6673,6673,0,4841,4362,479,9.894649865730221,186,3.8421813674860568
stress_min_violation,MG,45950,IBIRITÉ,98887,98858,-29,39349,92524,92524,0,87032,87032,0,51017,52964,0,0.0,0,0.0
stress_min_violation,MG,45977,IBITIÚRA DE MINAS,2850,2850,0,620,2723,2723,0,2624,2624,0,2245,2099,146,6.503340757238307,15,0.6681514476614699
stress_min_violation,MG,45993,IBITURUNA,2024,2024,0,828,1927,1927,0,1875,1875,0,1383,1098,285,20.607375271149674,187,13.521330441070138
stress_min_violation,MG,46019,IGARAPÉ,26961,26961,0,9974,25495,25495,0,24088,24088,0,15511,15481,30,0.19341112758687384,0,0.0
stress_min_violation,MG,46035,IGARATINGA,6710,6710,0,2111,6329,6329,0,6161,6161,0,5220,4214,1006,19.272030651340994,621,11.89655172413793
stress_min_violation,MG,46051,IGUATAMA,4724,4724,0,2058,4438,4438,0,4260,4260,0,3221,2376,845,26.23408879230053,555,17.230673703818688
stress_min_violation,MG,46078,IJACI,4453,4726,273,1781,4111,4111,0,4169,4169,0,3025,2321,704,23.272727272727273,353,11.669421487603305
stress_min_violation,MG,46094,ILICÍNEA,7645,7645,0,3237,7302,7302,0,6959,6959,0,4853,4064,789,16.25798475169998,445,9.169585823202143
stress_min_violation,MG,46116,INCONFIDENTES,5079,5079,0,1802,4853,4853,0,4592,4592,0,3310,3047,263,7.945619335347432,33,0.9969788519637462
stress_min_violation,MG,46132,INDIANÓPOLIS,4097,4097,0,1785,3930,3930,0,3762,3762,0,2579,2143,436,16.90577743311361,267,10.352849941837922
stress_min_violation,MG,46159,INGAÍ,2328,2328,0,1043,2183,2183,0,2086,2086,0,1460,1136,324,22.19178082191781,175,11.986301369863014
stress_min_violation,MG,46175,INHAPIM,14830,14830,0,5930,14266,14266,0,13852,13852,0,9508,8330,1178,12.389566680689946,608,6.394615061001262
stress_min_violation,MG,46191,INHAÚMA,4510,4510,0,1771,4256,4256,0,4168,4168,0,2907,2482,425,14.619883040935672,168,5.779153766769866
stress_min_violation,MG,46213,INIMUTABA,4812,4812,0,2195,4551,4551,0,4334,4334,0,3085,2353,732,23.72771474878444,468,15.170178282009724
stress_min_violation,MG,46230,IPANEMA,11560,11557,-3,4884,11034,11034,0,10802,10802,0,7630,6137,1493,19.567496723460025,954,12.503276539973788
stress_min_violation,MG,46256,IPATINGA,133577,133385,-192,40448,128537,128537,0,123429,123429,0,87809,87897,0,0.0,0,0.0
stress_min_violation,MG,46272,IPIAÇU,2773,2772,-1,1331,2686,2686,0,2592,2592,0,1829,1353,476,26.025150355385456,387,21.159103335155823
stress_min_violation,MG,46299,IPUIÚNA,6152,6152,0,1994,5876,5876,0,5692,5692,0,3416,3878,0,0.0,0,0.0
stress_min_violation,MG,46310,IRAÍ DE MINAS,5472,5472,0,1801,5241,5241,0,5123,5123,0,4091,3437,654,15.986311415301882,420,10.266438523588365
stress_min_violation,MG,46337,ITABIRA,72453,72451,-2,30883,67463,67463,0,62991,62991,0,37267,36432,835,2.240588187941074,0,0.0
stress_min_violation,MG,46353,ITABIRINHA,7083,7082,-1,3105,6786,6786,0,6599,6599,0,3465,3676,0,0.0,0,0.0
stress_min_violation,MG,46370,ITABIRITO,35175,35174,-1,13370,32578,32578,0,30274,30274,0,18464,19106,0,0.0,0,0.0
stress_min_violation,MG,46396,ITACAMBIRA,3661,3661,0,2521,3494,3494,0,3477,3477,0,1989,972,1017,51.13122171945702,849,42.68476621417798
stress_min_violation,MG,46418,ITACARAMBI,9878,9878,0,6033,9392,9392,0,8947,8947,0,4460,3352,1108,24.84304932735426,615,13.789237668161435
stress_min_violation,MG,46434,ITAGUARA,8851,8851,0,3019,8142,8142,0,7577,7577,0,5289,5114,175,3.3087540177727357,0,0.0
stress_min_violation,MG,46450,ITAIPÉ,6619,6619,0,3520,6177,6177,0,6051,6051,0,4165,2650,1515,36.37454981992797,1066,25.594237695078032
stress_min_violation,MG,46477,ITAJUBÁ,54696,54693,-3,15948,51946,51946,0,49150,49150,0,34808,35890,0,0.0,0,0.0
stress_min_violation,MG,46493,ITAMARANDIBA,20009,20009,0,8824,18758,18758,0,17937,17937,0,12860,9919,2941,22.86936236391913,1675,13.024883359253499
stress_min_violation,MG,46515,ITAMARATI DE MINAS,3079,3079,0,1568,2920,2920,0,2841,2841,0,1622,1349,273,16.83107274969174,111,6.843403205918619
stress_min_violation,MG,46531,ITAMBACURI,12520,12520,0,7168,11790,11790,0,11480,11480,0,7066,4610,2456,34.75799603736201,1714,24.257005377865838
stress_min_violation,MG,46558,ITAMBÉ DO MATO DENTRO,2065,2065,0,1165,1954,1954,0,1879,1879,0,840,785,55,6.5476190476190474,0,0.0
stress_min_violation,MG,46574,ITAMOGI,6853,6853,0,2530,6452,6452,0,6005,6005,0,4154,3918,236,5.681271064034665,0,0.0
stress_min_violation,MG,46590,ITAMONTE,9588,9588,0,2935,9079,9079,0,8609,8609,0,5946,6134,0,0.0,0,0.0
stress_min_violation,MG,46612,ITANHANDU,9955,9955,0,3542,9491,9491,0,8966,8966,0,5992,5932,60,1.0013351134846462,0,0.0
stress_min_violation,MG,46639,ITANHOMI,6987,6987,0,3242,6634,6634,0,6592,6592,0,4466,3388,1078,24.137931034482758,721,16.144200626959247
stress_min_violation,MG,46655,ITAOBIM,11918,11915,-3,6035,11217,11217,0,10723,10723,0,6576,5173,1403,21.33515815085158,693,10.538321167883211
stress_min_violation,MG,46671,ITAPAGIPE,7905,7903,-2,2767,7660,7660,0,7457,7457,0,5295,4890,405,7.648725212464589,157,2.9650613786591125
stress_min_violation,MG,46698,ITAPECERICA,14346,14345,-1,5723,13414,13414,0,12980,12980,0,9784,7669,2115,21.616925592804577,1161,11.86631234668847
stress_min_violation,MG,46710,ITAPEVA,7026,7026,0,1977,6610,6610,0,6220,6220,0,4883,4611,272,5.57034609870981,0,0.0
stress_min_violation,MG,46736,ITATIAIUÇU,9608,9608,0,2773,9062,9062,0,8699,8699,0,6684,6276,408,6.1041292639138245,0,0.0
stress_min_violation,MG,46752,ITAÚNA,56012,56010,-2,14521,52844,52844,0,50412,50412,0,38449,38212,237,0.616400946708627,0,0.0
stress_min_violation,MG,46779,ITAVERAVA,4731,4731,0,2277,4423,4423,0,4173,4173,0,2783,2144,639,22.96083363277039,329,11.821775062881782
stress_min_violation,MG,46795,ITINGA,8208,8208,0,5602,7829,7829,0,7616,7616,0,3658,2222,1436,39.25642427556041,1052,28.75888463641334
stress_min_violation,MG,46817,ITUETA,3969,3969,0,1301,3824,3824,0,3745,3745,0,2302,2518,0,0.0,0,0.0
stress_min_violation,MG,46833,ITUIUTABA,57105,57103,-2,25289,55268,55268,0,52171,52171,0,34833,29925,4908,14.09008698647834,3017,8.661326902649787
stress_min_violation,MG,46850,ITUMIRIM,4706,4706,0,1967,4375,4375,0,4084,4084,0,2802,2402,400,14.275517487508923,63,2.2483940042826553
stress_min_violation,MG,46876,ITURAMA,22049,22037,-12,9402,21294,21294,0,20398,20398,0,15312,11882,3430,22.40073145245559,2665,17.404649947753395
stress_min_violation,MG,46892,ITUTINGA,2877,2877,0,1254,2647,2647,0,2524,2524,0,1817,1387,430,23.665382498624105,194,10.676940011007154
stress_min_violation,MG,46914,JABOTICATUBAS,12450,12450,0,5241,11792,11792,0,11522,11522,0,7736,6537,1199,15.498965873836609,527,6.812306101344364
stress_min_violation,MG,46930,JACINTO,6350,6348,-2,3705,5940,5940,0,5827,5827,0,3728,2234,1494,40.07510729613734,1083,29.050429184549355
stress_min_violation,MG,46957,JACUÍ,4881,4881,0,1091,4596,4596,0,4407,4407,0,3639,3501,138,3.7922506183017313,0,0.0
stress_min_violation,MG,46973,JACUTINGA,14814,14814,0,3173,14164,14164,0,13541,13541,0,10922,10980,0,0.0,0,0.0
stress_min_violation,MG,46990,JAGUARAÇU,2592,2592,0,1053,2474,2474,0,2386,2386,0,1793,1416,377,21.02621305075293,254,14.166201896263246
stress_min_violation,MG,47015,JANAÚBA,42923,42923,0,20155,40873,40873,0,38642,38642,0,22748,20676,2072,9.108493054334447,0,0.0
stress_min_violation,MG,47031,JANUÁRIA,36555,36554,-1,24776,35071,35071,0,33563,33563,0,15112,10267,4845,32.06061408152462,3333,22.055320275277925
stress_min_violation,MG,47058,JAPARAÍBA,3062,3062,0,1018,2937,2937,0,2841,2841,0,2150,1917,233,10.837209302325581,106,4.930232558139535
stress_min_violation,MG,47074,JECEABA,4786,4786,0,2061,4491,4491,0,4168,4168,0,2445,2428,17,0.6952965235173824,0,0.0
stress_min_violation,MG,47090,JEQUERI,7535,7535,0,4313,7003,7003,0,6763,6763,0,3655,2684,971,26.566347469220247,433,11.846785225718195
stress_min_violation,MG,47112,JEQUITAÍ,4448,4448,0,2667,4190,4190,0,4049,4049,0,2330,1520,810,34.76394849785408,549,23.56223175965665
stress_min_violation,MG,47139,JEQUITIBÁ,4749,4749,0,1916,4502,4502,0,4375,4375,0,3052,2579,473,15.498034076015728,219,7.175622542595019
stress_min_violation,MG,47155,JEQUITINHONHA,12319,12319,0,8358,11700,11700,0,11409,11409,0,4726,3334,1392,29.454083791790097,765,16.18705035971223
stress_min_violation,MG,47171,JESUÂNIA,3447,3447,0,1242,3259,3259,0,3144,3144,0,2511,2014,497,19.792911190760652,306,12.186379928315413
stress_min_violation,MG,47198,JOAÍMA,6092,7649,1557,3939,5684,5684,0,6904,6904,0,3597,1742,1855,51.57075340561579,1444,40.14456491520712
stress_min_violation,MG,47210,JOANÉSIA,3613,3613,0,1694,3429,3429,0,3254,3254,0,2192,1733,459,20.93978102189781,273,12.454379562043796
stress_min_violation,MG,47236,JOÃO MONLEVADE,46909,46908,-1,19003,44190,44190,0,41437,41437,0,24934,25096,0,0.0,0,0.0
stress_min_violation,MG,47252,JOÃO PINHEIRO,28601,28594,-7,10009,27501,27501,0,26487,26487,0,21383,17468,3915,18.30893700603283,2791,13.052424823457887
stress_min_violation,MG,47279,JOAQUIM FELÍCIO,2584,2584,0,1225,2439,2439,0,2402,2402,0,1326,1212,114,8.597285067873303,0,0.0
stress_min_violation,MG,47295,JORDÂNIA,5468,5468,0,2913,5125,5125,0,5011,5011,0,3020,2206,814,26.95364238410596,465,15.397350993377483
stress_min_violation,MG,47317,NOVA UNIÃO,4308,4308,0,1914,4091,4091,0,3825,3825,0,2339,2174,165,7.05429670799487,0,0.0
stress_min_violation,MG,47333,JUIZ DE FORA,322505,321715,-790,151552,305690,305690,0,282221,282221,0,146308,153326,0,0.0,0,0.0
stress_min_violation,MG,47350,JURAMENTO,3697,3697,0,2177,3533,3533,0,3423,3423,0,1795,1354,441,24.568245125348188,275,15.32033426183844
stress_min_violation,MG,47376,JURUAIA,7506,7505,-1,2072,7213,7213,0,6967,6967,0,5281,5131,150,2.840371141829199,0,0.0
stress_min_violation,MG,47392,LADAINHA,8124,8124,0,4853,7403,7403,0,7380,7380,0,5153,2538,2615,50.74713758975354,1882,36.522414127692606
stress_min_violation,MG,47414,LAGAMAR,4964,4964,0,1766,4806,4806,0,4740,4740,0,3816,3039,777,20.361635220125788,618,16.19496855345912
stress_min_violation,MG,47430,LAGOA DA PRATA,28487,28487,0,8554,27120,27120,0,26011,26011,0,19988,18532,1456,7.284370622373424,55,0.27516509905943565
stress_min_violation,MG,47457,LAGOA DOS PATOS,2740,2740,0,1412,2601,2601,0,2577,2577,0,1552,1187,365,23.5180412371134,224,14.43298969072165
stress_min_violation,MG,47473,LAGOA DOURADA,8768,8768,0,3223,8067,8067,0,7416,7416,0,4996,4832,164,3.2826261008807047,0,0.0
stress_min_violation,MG,47490,LAGOA FORMOSA,13002,13002,0,4301,12404,12404,0,11837,11837,0,9469,8086,1383,14.605554968845707,768,8.110676945823213
stress_min_violation,MG,47511,LAGOA SANTA,43627,43619,-8,13679,41528,41528,0,39800,39800,0,26156,27789,0,0.0,0,0.0
stress_min_violation,MG,47538,LAJINHA,13110,13107,-3,5181,12482,12482,0,12069,12069,0,7774,7292,482,6.200154360689478,0,0.0
stress_min_violation,MG,47554,LAMBARI,13195,13195,0,4210,12518,12518,0,12094,12094,0,8604,8292,312,3.6262203626220364,0,0.0
stress_min_violation,MG,47570,LAMIM,2757,2757,0,1569,2577,2577,0,2402,2402,0,1057,1007,50,4.7303689687795645,0,0.0
stress_min_violation,MG,47597,LARANJAL,4668,4668,0,1997,4494,4494,0,4326,4326,0,2680,2496,184,6.865671641791045,9,0.3358208955223881
stress_min_violation,MG,47619,LASSANCE,4389,4389,0,2284,4167,4167,0,4063,4063,0,2813,1881,932,33.13188766441522,708,25.168858869534304
stress_min_violation,MG,47635,LAVRAS,57260,57260,0,21474,53276,53276,0,49366,49366,0,32540,31689,851,2.6152427781192378,0,0.0
stress_min_violation,MG,47651,LEANDRO FERREIRA,2575,2575,0,845,2472,2472,0,2420,2420,0,1949,1626,323,16.572601334017445,219,11.236531554643406
stress_min_violation,MG,47678,LEOPOLDINA,30447,30447,0,15286,29048,29048,0,27172,27172,0,14577,13721,856,5.872264526308569,0,0.0
stress_min_violation,MG,47694,LIBERDADE,3446,3446,0,1726,3265,3265,0,3129,3129,0,1730,1529,201,11.61849710982659,10,0.5780346820809249
stress_min_violation,MG,47716,LIMA DUARTE,10928,10927,-1,6206,10306,10306,0,9600,9600,0,4788,4087,701,14.640768588137009,66,1.3784461152882206
stress_min_violation,MG,47732,LUMINÁRIAS,3665,3665,0,1621,3366,3366,0,3254,3254,0,2084,1740,344,16.50671785028791,40,1.9193857965451055
stress_min_violation,MG,47759,LUZ,10679,10679,0,3641,10115,10115,0,9710,9710,0,7142,6467,675,9.451134136096332,104,1.4561747409689163
stress_min_violation,MG,47775,MACHACALIS,4472,4472,0,2419,4292,4292,0,4198,4198,0,2555,1869,686,26.84931506849315,502,19.64774951076321
stress_min_violation,MG,47791,MACHADO,23169,23168,-1,7234,21763,21763,0,20718,20718,0,16391,14511,1880,11.46970898663901,456,2.7820145201635045
stress_min_violation,MG,47813,MADRE DE DEUS DE MINAS,3653,3653,0,1676,3397,3397,0,3180,3180,0,1965,1718,247,12.569974554707379,0,0.0
stress_min_violation,MG,47830,MALACACHETA,10636,10635,-1,5763,10032,10032,0,9811,9811,0,6423,4264,2159,33.61357621049354,1550,24.13202553323992
stress_min_violation,MG,47856,MANGA,11533,11533,0,6711,10999,10999,0,10703,10703,0,5758,4279,1479,25.686002084056963,936,16.25564432094477
stress_min_violation,MG,47872,MANHUAÇU,47704,47703,-1,17692,45688,45688,0,43723,43723,0,30725,27950,2775,9.03173311635476,713,2.320585842148088
stress_min_violation,MG,47899,MANHUMIRIM,12673,12673,0,5574,12067,12067,0,11497,11497,0,7113,6477,636,8.941374947279629,14,0.19682271896527484
stress_min_violation,MG,47910,MANTENA,14836,14832,-4,5172,14316,14316,0,13892,13892,0,9759,9133,626,6.414591658981453,95,0.9734603955323291
stress_min_violation,MG,47937,MARAVILHAS,5196,5196,0,1616,4980,4980,0,4879,4879,0,4088,3360,728,17.80821917808219,508,12.426614481409002
stress_min_violation,MG,47953,MAR DE ESPANHA,8419,8419,0,3419,7992,7992,0,7660,7660,0,4584,4563,21,0.4581151832460733,0,0.0
stress_min_violation,MG,47970,MARIA DA FÉ,9712,9711,-1,3222,9245,9245,0,8871,8871,0,6283,6017,266,4.233646347286328,0,0.0
stress_min_violation,MG,47996,MARIANA,40170,40170,0,21541,37006,37006,0,33282,33282,0,17015,15373,1642,9.650308551278284,0,0.0
stress_min_violation,MG,48011,MARILAC,3492,3492,0,1798,3304,3304,0,3205,3205,0,2218,1503,715,32.23624887285843,524,23.6248872858431
stress_min_violation,MG,48038,MARIPÁ DE MINAS,2486,2486,0,1026,2365,2365,0,2246,2246,0,1390,1337,53,3.8129496402877696,0,0.0
stress_min_violation,MG,48054,MARLIÉRIA,3488,3488,0,1556,3351,3351,0,3244,3244,0,2209,1792,417,18.877320054323224,277,12.539610683567226
stress_min_violation,MG,48070,MARMELÓPOLIS,2416,2416,0,989,2276,2276,0,2179,2179,0,1230,1287,0,0.0,0,0.0
stress_min_violation,MG,48097,MARTINHO CAMPOS,8481,8481,0,2379,8082,8082,0,7815,7815,0,6250,5696,554,8.864,148,2.368
stress_min_violation,MG,48119,MATERLÂNDIA,2871,2871,0,1867,2660,2660,0,2501,2501,0,1258,792,466,37.04292527821939,254,20.190779014308426
stress_min_violation,MG,48135,MATEUS LEME,21698,21698,0,7717,20143,20143,0,19049,19049,0,12894,12391,503,3.9010392430587872,0,0.0
stress_min_violation,MG,48151,MATIAS BARBOSA,9444,9444,0,4471,8960,8960,0,8399,8399,0,4893,4477,416,8.50194154915185,0,0.0
stress_min_violation,MG,48178,MATIPÓ,11954,11953,-1,5578,11301,11301,0,11023,11023,0,7218,5715,1503,20.82294264339152,842,11.665281241341091
stress_min_violation,MG,48194,MATO VERDE,8910,8910,0,5025,8497,8497,0,8152,8152,0,5255,3469,1786,33.98667935299714,1370,26.070409134157945
stress_min_violation,MG,48216,MATOZINHOS,23432,23432,0,9068,21866,21866,0,20650,20650,0,13133,12758,375,2.855402421381253,0,0.0
stress_min_violation,MG,48232,MATUTINA,2608,2608,0,848,2464,2464,0,2416,2416,0,1965,1613,352,17.91348600508906,205,10.432569974554708
stress_min_violation,MG,48259,MEDEIROS,2557,2557,0,852,2459,2459,0,2386,2386,0,1910,1603,307,16.073298429319372,205,10.732984293193716
stress_min_violation,MG,48275,MEDINA,11940,11935,-5,7026,11206,11206,0,11033,11033,0,7144,4172,2972,41.6013437849944,2230,31.215005599104142
stress_min_violation,MG,48291,MENDES PIMENTEL,3685,3685,0,1727,3514,3514,0,3370,3370,0,1799,1783,16,0.8893829905503057,0,0.0
stress_min_violation,MG,48313,MERCÊS,6443,6443,0,3396,6057,6057,0,5753,5753,0,3478,2658,820,23.57676825761932,431,12.39217941345601
stress_min_violation,MG,48330,MESQUITA,3692,3692,0,1678,3520,3520,0,3361,3361,0,2232,1839,393,17.607526881720432,218,9.767025089605735
stress_min_violation,MG,48356,MINAS NOVAS,14773,14771,-2,9519,13681,13681,0,13671,13671,0,10114,4155,5959,58.91833102630018,4860,48.052204864544194
stress_min_violation,MG,48372,MINDURI,2503,2503,0,1115,2358,2358,0,2264,2264,0,1595,1243,352,22.06896551724138,207,12.978056426332289
stress_min_violation,MG,48399,MIRABELA,8709,8709,0,5330,8385,8385,0,8205,8205,0,5074,3048,2026,39.929050059124954,1695,33.405597162002366
stress_min_violation,MG,48410,MIRADOURO,6418,6416,-2,3113,6073,6073,0,5811,5811,0,3233,2955,278,8.598824621094959,0,0.0
stress_min_violation,MG,48437,MIRAÍ,8329,8329,0,3298,7900,7900,0,7648,7648,0,5131,4595,536,10.446306762814267,100,1.9489378288832586
stress_min_violation,MG,48453,MOEDA,4304,4304,0,1734,4078,4078,0,3900,3900,0,2439,2342,97,3.977039770397704,0,0.0
stress_min_violation,MG,48470,MOEMA,5420,5420,0,1844,5196,5196,0,5122,5122,0,3964,3346,618,15.590312815338043,388,9.788092835519677
stress_min_violation,MG,48496,MONJOLOS,1695,1695,0,908,1606,1606,0,1599,1599,0,1236,698,538,43.52750809061489,449,36.32686084142395
stress_min_violation,MG,48518,MONSENHOR PAULO,5355,5355,0,2146,5036,5036,0,4806,4806,0,3119,2887,232,7.438281500480923,0,0.0
stress_min_violation,MG,48534,MONTALVÂNIA,9373,9372,-1,5627,8893,8893,0,8593,8593,0,5389,3263,2126,39.450732974577846,1643,30.488031174614957
stress_min_violation,MG,48550,MONTE ALEGRE DE MINAS,11176,11175,-1,4677,10678,10678,0,10004,10004,0,6621,5994,627,9.469868599909379,122,1.8426219604289382
stress_min_violation,MG,48577,MONTE AZUL,14307,14307,0,7858,13595,13595,0,13228,13228,0,7863,5732,2131,27.101615159608293,1414,17.982958158463692
stress_min_violation,MG,48593,MONTE BELO,8452,8452,0,3272,8040,8040,0,7608,7608,0,5465,4756,709,12.973467520585544,285,5.215004574565416
stress_min_violation,MG,48615,MONTE CARMELO,27556,27554,-2,11046,26310,26310,0,24624,24624,0,17290,15235,2055,11.885482938114517,780,4.511278195488722
stress_min_violation,MG,48631,MONTE SANTO DE MINAS,12243,12242,-1,4199,11371,11371,0,10611,10611,0,7389,7159,230,3.112735146839897,0,0.0
stress_min_violation,MG,48658,MONTES CLAROS,233349,232971,-378,94112,221074,221074,0,208006,208006,0,128765,126643,2122,1.6479633440764183,0,0.0
stress_min_violation,MG,48674,MONTE SIÃO,14693,14692,-1,2794,14135,14135,0,13516,13516,0,10255,11329,0,0.0,0,0.0
stress_min_violation,MG,48690,MORADA NOVA DE MINAS,5644,5644,0,2002,5377,5377,0,5187,5187,0,4006,3372,634,15.82626060908637,364,9.0863704443335
stress_min_violation,MG,48712,MORRO DA GARÇA,2202,2202,0,1302,2116,2116,0,2061,2061,0,1191,814,377,31.654072208228378,291,24.43324937027708
stress_min_violation,MG,48739,MORRO DO PILAR,2802,2802,0,1435,2583,2583,0,2491,2491,0,1550,1144,406,26.193548387096776,183,11.806451612903226
stress_min_violation,MG,48755,MUNHOZ,4715,4715,0,1587,4494,4494,0,4255,4255,0,3125,2904,221,7.072,0,0.0
stress_min_violation,MG,48771,MURIAÉ,62984,62983,-1,25203,59812,59812,0,56216,56216,0,37288,34539,2749,7.372344990345419,0,0.0
stress_min_violation,MG,48798,MUTUM,16489,16485,-4,6442,15886,15886,0,15401,15401,0,8762,9437,0,0.0,0,0.0
stress_min_violation,MG,48810,MUZAMBINHO,13777,13774,-3,5075,13154,13154,0,12555,12555,0,8660,8065,595,6.87066974595843,0,0.0
stress_min_violation,MG,48836,NACIP RAYDAN,1903,1903,0,1046,1783,1783,0,1741,1741,0,1027,735,292,28.432327166504383,170,16.553067185978577
stress_min_violation,MG,48852,NANUQUE,20546,20542,-4,9175,19575,19575,0,18541,18541,0,12108,10386,1722,14.222001982160554,737,6.086884704327717
stress_min_violation,MG,48879,NATÉRCIA,3254,3254,0,990,3025,3025,0,2926,2926,0,1983,2028,0,0.0,0,0.0
stress_min_violation,MG,48895,NAZARENO,5258,5258,0,2558,4919,4919,0,4701,4701,0,3297,2355,942,28.571428571428573,597,18.1073703366697
stress_min_violation,MG,48917,NEPOMUCENO,15482,15482,0,5909,14506,14506,0,13753,13753,0,9717,8579,1138,11.711433570031902,144,1.4819388700216116
stress_min_violation,MG,48933,NOVA ERA,11184,11184,0,5702,10513,10513,0,9931,9931,0,5275,4795,480,9.09952606635071,0,0.0
stress_min_violation,MG,48950,NOVA LIMA,63499,63498,-1,25643,60227,60227,0,57489,57489,0,31190,34439,0,0.0,0,0.0
stress_min_violation,MG,48976,NOVA MÓDICA,2721,2721,0,1411,2594,2594,0,2540,2540,0,1727,1181,546,31.61551823972206,417,24.145917776491025
stress_min_violation,MG,48992,NOVA PONTE,10051,10050,-1,3684,9642,9642,0,9171,9171,0,7210,5953,1257,17.434119278779473,843,11.692094313453536
stress_min_violation,MG,49018,NOVA RESENDE,10781,10781,0,3293,10188,10188,0,9830,9830,0,7928,6890,1038,13.092835519677093,440,5.549949545913219
stress_min_violation,MG,49034,NOVA SERRANA,55835,55835,0,11437,53816,53816,0,52546,52546,0,46093,42328,3765,8.16826850064001,1695,3.677347970407654
stress_min_violation,MG,49050,NOVO CRUZEIRO,15861,15860,-1,9854,14730,14730,0,14489,14489,0,10152,4871,5281,52.01930654058314,4145,40.82939322301024
stress_min_violation,MG,49077,OLARIA,1800,1800,0,929,1713,1713,0,1642,1642,0,924,784,140,15.151515151515152,53,5.735930735930736
stress_min_violation,MG,49093,OLÍMPIO NORONHA,2165,2165,0,964,2029,2029,0,1972,1972,0,1505,1060,445,29.568106312292358,304,20.19933554817276
stress_min_violation,MG,49115,OLIVEIRA,26140,26140,0,10180,24378,24378,0,23120,23120,0,16252,14157,2095,12.890721142013291,292,1.7967019443760768
stress_min_violation,MG,49131,OLIVEIRA FORTES,2154,2154,0,1239,2035,2035,0,1922,1922,0,819,795,24,2.93040293040293,0,0.0
stress_min_violation,MG,49158,ONÇA DE PITANGUI,2694,2694,0,828,2601,2601,0,2565,2565,0,2059,1771,288,13.987372510927635,193,9.373482272948033
stress_min_violation,MG,49174,OURO BRANCO,24831,24831,0,10187,23484,23484,0,22191,22191,0,13552,13265,287,2.1177685950413223,0,0.0
stress_min_violation,MG,49190,OURO FINO,18942,18942,0,4826,17906,17906,0,17056,17056,0,13558,13055,503,3.7099867237055615,0,0.0
stress_min_violation,MG,49212,OURO PRETO,50483,50480,-3,28812,47290,47290,0,43679,43679,0,20199,18374,1825,9.03510074756176,0,0.0
stress_min_violation,MG,49239,OURO VERDE DE MINAS,5264,5264,0,2709,5029,5029,0,4980,4980,0,3121,2315,806,25.82505607177187,566,18.135213072733098
stress_min_violation,MG,49255,PADRE PARAÍSO,9774,9774,0,4904,9185,9185,0,8887,8887,0,5659,4273,1386,24.49195971019615,789,13.942392648877894
stress_min_violation,MG,49271,PAINEIRAS,3170,3170,0,1474,2995,2995,0,2885,2885,0,1859,1519,340,18.28940290478752,163,8.768154922001075
stress_min_violation,MG,49298,PAINS,5397,5397,0,1761,5183,5183,0,4989,4989,0,3682,3421,261,7.088538837588267,46,1.249321021184139
stress_min_violation,MG,49310,PAIVA,1495,1495,0,778,1419,1419,0,1340,1340,0,795,641,154,19.371069182389938,78,9.81132075471698
stress_min_violation,MG,49336,PALMA,4012,4009,-3,2176,3858,3858,0,3789,3789,0,2450,1680,770,31.428571428571427,614,25.06122448979592
stress_min_violation,MG,49352,FRONTEIRA DOS VALES,3172,3172,0,2145,3039,3039,0,2977,2977,0,1270,890,380,29.921259842519685,243,19.133858267716537
stress_min_violation,MG,49379,PAPAGAIOS,9691,9690,-1,3626,9243,9243,0,8909,8909,0,7109,5612,1497,21.05781403854269,1044,14.685609790406527
stress_min_violation,MG,49395,PARACATU,52502,52500,-2,16165,50136,50136,0,48030,48030,0,39127,33923,5204,13.30027858000869,2790,7.130625910496588
stress_min_violation,MG,49417,PARÁ DE MINAS,53206,53206,0,13618,49933,49933,0,47571,47571,0,35873,36250,0,0.0,0,0.0
stress_min_violation,MG,49433,PARAGUAÇU,13027,13027,0,4694,12328,12328,0,11757,11757,0,8297,7623,674,8.123418102928769,0,0.0
stress_min_violation,MG,49450,PARAISÓPOLIS,12685,12684,-1,4167,11920,11920,0,11045,11045,0,7731,7725,6,0.07760962359332557,0,0.0
stress_min_violation,MG,49476,PARAOPEBA,16076,16076,0,5915,15151,15151,0,14415,14415,0,9588,9217,371,3.8694201084689195,0,0.0
stress_min_violation,MG,49492,PASSABÉM,1461,1461,0,734,1386,1386,0,1373,1373,0,718,652,66,9.192200557103064,0,0.0
stress_min_violation,MG,49514,PASSA QUATRO,10482,10482,0,4297,9892,9892,0,9329,9329,0,6178,5575,603,9.760440271932664,0,0.0
stress_min_violation,MG,49530,PASSA TEMPO,5927,5927,0,2470,5382,5382,0,5060,5060,0,3327,2905,422,12.684099789600241,0,0.0
stress_min_violation,MG,49557,PASSA VINTE,2021,2021,0,849,1945,1945,0,1905,1905,0,1301,1093,208,15.987701767870869,129,9.915449654112221
stress_min_violation,MG,49573,PASSOS,62818,62817,-1,23112,59479,59479,0,56579,56579,0,38513,36291,2222,5.769480435177732,0,0.0
stress_min_violation,MG,49590,PATOS DE MINAS,90467,90331,-136,24655,86616,86616,0,84745,84745,0,71701,61840,9861,13.752946262953097,5889,8.213274570787018
stress_min_violation,MG,49611,PATROCÍNIO,53327,53324,-3,15427,50686,50686,0,47768,47768,0,37665,35212,2453,6.512677552104075,0,0.0
stress_min_violation,MG,49638,PATROCÍNIO DO MURIAÉ,4207,4206,-1,1985,4023,4023,0,3873,3873,0,2564,2037,527,20.553822152886116,342,13.338533541341654
stress_min_violation,MG,49654,PAULA CÂNDIDO,6052,6052,0,3669,5723,5723,0,5471,5471,0,2518,2049,469,18.62589356632248,135,5.361397934868943
stress_min_violation,MG,49670,PAULISTAS,2854,2854,0,1891,2668,2668,0,2553,2553,0,1165,776,389,33.39055793991416,202,17.339055793991417
stress_min_violation,MG,49697,PAVÃO,4430,4430,0,2570,4148,4148,0,4097,4097,0,1943,1576,367,18.888317035512095,83,4.271744724652599
stress_min_violation,MG,49719,PEÇANHA,8706,8702,-4,4466,8146,8146,0,7922,7922,0,4985,3675,1310,26.278836509528585,745,14.944834503510531
stress_min_violation,MG,49735,PEDRA AZUL,12472,12469,-3,6480,11710,11710,0,11422,11422,0,6834,5217,1617,23.66110623353819,842,12.320749195200468
stress_min_violation,MG,49751,PEDRA DO ANTA,2808,2808,0,1669,2628,2628,0,2548,2548,0,1177,957,220,18.69158878504673,38,3.2285471537807986
stress_min_violation,MG,49778,PEDRA DO INDAIÁ,3143,3142,-1,965,2954,2954,0,2933,2933,0,2482,1987,495,19.943593875906526,304,12.24818694601128
stress_min_violation,MG,49794,PEDRA DOURADA,2215,2215,0,1097,2100,2100,0,2021,2021,0,1110,1001,109,9.81981981981982,0,0.0
stress_min_violation,MG,49816,PEDRALVA,7240,7240,0,2509,6799,6799,0,6508,6508,0,4674,4286,388,8.301240907145914,0,0.0
stress_min_violation,MG,49832,PEDRINÓPOLIS,2673,2671,-2,964,2580,2580,0,2509,2509,0,1832,1613,219,11.95414847161572,123,6.713973799126638
stress_min_violation,MG,49859,PEDRO LEOPOLDO,39110,39107,-3,13992,36766,36766,0,34985,34985,0,21637,22698,0,0.0,0,0.0
stress_min_violation,MG,49875,PEDRO TEIXEIRA,2090,2090,0,1251,1996,1996,0,1887,1887,0,873,743,130,14.891179839633448,34,3.8946162657502863
stress_min_violation,MG,49891,PEQUERI,2673,2673,0,1292,2552,2552,0,2447,2447,0,1286,1256,30,2.332814930015552,0,0.0
stress_min_violation,MG,49913,PEQUI,3348,3348,0,1253,3214,3214,0,3132,3132,0,2284,1957,327,14.316987740805605,189,8.274956217162872
stress_min_violation,MG,49930,PERDIGÃO,6952,6952,0,1398,6660,6660,0,6493,6493,0,5650,5259,391,6.920353982300885,96,1.6991150442477876
stress_min_violation,MG,49956,PERDIZES,10558,10550,-8,3221,10161,10161,0,9722,9722,0,7918,6928,990,12.503157362970446,581,7.33771154331902
stress_min_violation,MG,49972,PERDÕES,13566,13566,0,4660,12727,12727,0,11979,11979,0,8060,8055,5,0.062034739454094295,0,0.0
stress_min_violation,MG,49999,PESCADOR,2477,2476,-1,1415,2338,2338,0,2295,2295,0,1376,919,457,33.21220930232558,314,22.819767441860463
stress_min_violation,MG,50016,PIAU,2639,2639,0,1399,2531,2531,0,2371,2371,0,1417,1131,286,20.18348623853211,177,12.491178546224418
stress_min_violation,MG,50032,PIEDADE DE PONTE NOVA,2903,2903,0,1749,2757,2757,0,2656,2656,0,1359,1006,353,25.97498160412068,205,15.084621044885946
stress_min_violation,MG,50059,PIEDADE DO RIO GRANDE,3119,3119,0,1409,2904,2904,0,2813,2813,0,1152,1493,0,0.0,0,0.0
stress_min_violation,MG,50075,PIEDADE DOS GERAIS,3917,3917,0,1448,3651,3651,0,3428,3428,0,2181,2198,0,0.0,0,0.0
stress_min_violation,MG,50091,PIMENTA,5750,5750,0,1778,5389,5389,0,5159,5159,0,3843,3606,237,6.167056986729118,0,0.0
stress_min_violation,MG,50113,PIRACEMA,5130,5129,-1,2155,4736,4736,0,4433,4433,0,2782,2572,210,7.5485262401150255,0,0.0
stress_min_violation,MG,50130,PIRAJUBA,3703,3703,0,1522,3563,3563,0,3367,3367,0,2028,2041,0,0.0,0,0.0
stress_min_violation,MG,50156,PIRANGA,9476,9476,0,4932,8749,8749,0,8212,8212,0,4679,3800,879,18.786065398589443,135,2.885231887155375
stress_min_violation,MG,50172,PIRANGUÇU,3809,3808,-1,1254,3633,3633,0,3495,3495,0,2559,2371,188,7.346619773348965,4,0.15631105900742479
stress_min_violation,MG,50199,PIRANGUINHO,5881,5881,0,2130,5608,5608,0,5365,5365,0,3116,3474,0,0.0,0,0.0
stress_min_violation,MG,50210,PIRAPETINGA,7637,7637,0,3539,7238,7238,0,6863,6863,0,4075,3694,381,9.349693251533742,0,0.0
stress_min_violation,MG,50237,PIRAPORA,31291,31291,0,11637,29395,29395,0,27632,27632,0,19246,17714,1532,7.960095604281409,0,0.0
stress_min_violation,MG,50253,PIRAÚBA,7566,7566,0,3680,7230,7230,0,6843,6843,0,4326,3546,780,18.030513176144243,440,10.171058714748035
stress_min_violation,MG,50270,PITANGUI,17160,17160,0,4660,16412,16412,0,15966,15966,0,13048,11742,1306,10.009196811771918,548,4.199877375843041
stress_min_violation,MG,50296,PIUMHI,19578,19577,-1,5561,18664,18664,0,18015,18015,0,13598,13074,524,3.853507868804236,0,0.0
stress_min_violation,MG,50318,PLANURA,6319,6319,0,2628,6071,6071,0,5651,5651,0,3971,3441,530,13.346764039284816,280,7.051120624527827
stress_min_violation,MG,50334,POÇO FUNDO,10223,10223,0,3873,9670,9670,0,9235,9235,0,5957,5789,168,2.8202115158636896,0,0.0
stress_min_violation,MG,50350,POÇOS DE CALDAS,90264,89914,-350,31033,85738,85738,0,80566,80566,0,51312,54512,0,0.0,0,0.0
stress_min_violation,MG,50377,POCRANE,5629,5628,-1,2621,5399,5399,0,5304,5304,0,3385,2776,609,17.991137370753325,377,11.137370753323486
stress_min_violation,MG,50393,POMPÉU,18202,18202,0,7718,17033,17033,0,16108,16108,0,10773,9298,1475,13.691636498654043,289,2.6826325071939108
stress_min_violation,MG,50415,PONTE NOVA,34655,34655,0,19696,32951,32951,0,30276,30276,0,14113,13205,908,6.433784454049458,0,0.0
stress_min_violation,MG,50431,PORTEIRINHA,24520,24520,0,13656,23331,23331,0,22471,22471,0,12566,9662,2904,23.109979309247176,1702,13.54448511857393
stress_min_violation,MG,50458,PORTO FIRME,6628,6628,0,3598,6262,6262,0,6011,6011,0,3425,2655,770,22.48175182481752,395,11.532846715328468
stress_min_violation,MG,50474,POTÉ,8911,8911,0,4420,8322,8322,0,8219,8219,0,5727,3893,1834,32.023747162563296,1236,21.581980094290206
stress_min_violation,MG,50490,POUSO ALEGRE,87556,87289,-267,28345,82880,82880,0,77602,77602,0,54795,54393,402,0.7336435806186696,0,0.0
stress_min_violation,MG,50512,POUSO ALTO,4492,4492,0,1620,4259,4259,0,4066,4066,0,2921,2638,283,9.68846285518658,49,1.6775077028414926
stress_min_violation,MG,50539,PRADOS,6199,6199,0,2913,5648,5648,0,5264,5264,0,2944,2729,215,7.302989130434782,0,0.0
stress_min_violation,MG,50555,PRATA,16315,16313,-2,6185,15759,15759,0,14777,14777,0,7898,9563,0,0.0,0,0.0
stress_min_violation,MG,50571,PRATÁPOLIS,5733,5733,0,2133,5373,5373,0,5120,5120,0,3591,3237,354,9.857978279030911,0,0.0
stress_min_violation,MG,50598,PRATINHA,2568,2568,0,690,2476,2476,0,2433,2433,0,2115,1786,329,15.555555555555555,237,11.205673758865249
stress_min_violation,MG,50610,PRESIDENTE BERNARDES,4029,4029,0,2318,3818,3818,0,3748,3748,0,2102,1493,609,28.972407231208372,391,18.601332064700287
stress_min_violation,MG,50636,PRESIDENTE JUSCELINO,2754,2754,0,1485,2610,2610,0,2565,2565,0,1820,1117,703,38.62637362637363,551,30.274725274725274
stress_min_violation,MG,50652,PRESIDENTE KUBITSCHEK,2388,2388,0,1671,2261,2261,0,2211,2211,0,1179,590,589,49.957591178965224,462,39.18575063613232
stress_min_violation,MG,50679,PRESIDENTE OLEGÁRIO,12133,12133,0,4356,11578,11578,0,11272,11272,0,8915,7209,1706,19.136287156477845,1138,12.76500280426248
stress_min_violation,MG,50695,ALTO JEQUITIBÁ,5776,5776,0,1767,5521,5521,0,5344,5344,0,4236,3748,488,11.520302171860246,227,5.358829084041549
stress_min_violation,MG,50717,PRUDENTE DE MORAIS,6964,6964,0,2611,6394,6394,0,6046,6046,0,4139,3770,369,8.915196907465571,0,0.0
stress_min_violation,MG,50733,QUARTEL GERAL,2930,2930,0,1286,2751,2751,0,2751,2751,0,2121,1464,657,30.975954738330977,477,22.48939179632249
stress_min_violation,MG,50750,QUELUZITO,2252,2252,0,985,2153,2153,0,2095,2095,0,1087,1166,0,0.0,0,0.0
stress_min_violation,MG,50776,RAPOSOS,10860,10860,0,5196,10164,10164,0,9591,9591,0,5159,4938,221,4.28377592556697,0,0.0
stress_min_violation,MG,50792,RAUL SOARES,13799,13798,-1,6994,13034,13034,0,12431,12431,0,7265,6033,1232,16.95801789401239,460,6.331727460426704
stress_min_violation,MG,50814,RECREIO,5878,5876,-2,3204,5609,5609,0,5418,5418,0,2828,2400,428,15.134370579915135,154,5.445544554455446
stress_min_violation,MG,50830,RESENDE COSTA,7807,7807,0,3132,7309,7309,0,6972,6972,0,4266,4170,96,2.250351617440225,0,0.0
stress_min_violation,MG,50857,RESPLENDOR,9093,9093,0,2968,8793,8793,0,8485,8485,0,5360,5822,0,0.0,0,0.0
stress_min_violation,MG,50873,RESSAQUINHA,3766,3766,0,1893,3547,3547,0,3366,3366,0,2056,1648,408,19.844357976653697,183,8.900778210116732
stress_min_violation,MG,50890,RIACHO DOS MACHADOS,5857,5857,0,3358,5538,5538,0,5458,5458,0,3836,2174,1662,43.32638164754953,1337,34.85401459854015
stress_min_violation,MG,50911,RIBEIRÃO DAS NEVES,173134,173075,-59,71008,161650,161650,0,150854,150854,0,91135,90313,822,0.9019586327974982,0,0.0
stress_min_violation,MG,50938,RIBEIRÃO VERMELHO,2807,2807,0,1330,2619,2619,0,2483,2483,0,1691,1283,408,24.127735068007098,214,12.655233589591957
stress_min_violation,MG,50954,RIO ACIMA,6923,6923,0,2964,6501,6501,0,6171,6171,0,3621,3525,96,2.651201325600663,0,0.0
stress_min_violation,MG,50970,RIO CASCA,7690,7689,-1,4258,7212,7212,0,6740,6740,0,3485,2946,539,15.466284074605452,53,1.5208034433285509
stress_min_violation,MG,50997,RIO DOCE,2103,2103,0,1224,1956,1956,0,1882,1882,0,815,732,83,10.184049079754601,0,0.0
stress_min_violation,MG,51012,RIO DO PRADO,3149,3149,0,2098,2986,2986,0,2891,2891,0,1345,884,461,34.27509293680298,294,21.858736059479554
stress_min_violation,MG,51039,RIO ESPERA,4186,4186,0,2022,3883,3883,0,3684,3684,0,2217,1856,361,16.283265674334686,53,2.390617952187641
stress_min_violation,MG,51055,RIO MANSO,3961,3961,0,1672,3764,3764,0,3596,3596,0,2378,2089,289,12.153069806560135,89,3.742640874684609
stress_min_violation,MG,51071,RIO NOVO,5412,5412,0,2595,5120,5120,0,4867,4867,0,3127,2516,611,19.53949472337704,310,9.913655260633195
stress_min_violation,MG,51098,RIO PARANAÍBA,8467,8467,0,3107,8052,8052,0,7559,7559,0,5544,4941,603,10.876623376623376,184,3.318903318903319
stress_min_violation,MG,51110,RIO PARDO DE MINAS,17182,17180,-2,9138,16287,16287,0,16052,16052,0,8799,7143,1656,18.820320490964882,755,8.580520513694738
stress_min_violation,MG,51136,RIO PIRACICABA,9329,9329,0,4544,8708,8708,0,8101,8101,0,4436,4157,279,6.289449954914337,0,0.0
stress_min_violation,MG,51152,RIO POMBA,10726,10726,0,5195,10153,10153,0,9445,9445,0,5347,4950,397,7.4247241443800265,0,0.0
stress_min_violation,MG,51179,RIO PRETO,4196,4196,0,2242,4052,4052,0,3948,3948,0,2407,1807,600,24.927295388450354,453,18.820108018280017
stress_min_violation,MG,51195,RIO VERMELHO,6096,6096,0,3386,5637,5637,0,5332,5332,0,2820,2246,574,20.354609929078013,110,3.900709219858156
stress_min_violation,MG,51217,RITÁPOLIS,3792,3792,0,1859,3520,3520,0,3307,3307,0,1946,1655,291,14.953751284686536,13,0.6680369989722508
stress_min_violation,MG,51233,ROCHEDO DE MINAS,2207,2207,0,926,2099,2099,0,2016,2016,0,1208,1172,36,2.980132450331126,0,0.0
stress_min_violation,MG,51250,RODEIRO,5497,5497,0,2283,5247,5247,0,4999,4999,0,3462,2960,502,14.500288850375506,248,7.1634893125361065
stress_min_violation,MG,51276,ROMARIA,2790,2790,0,1402,2688,2688,0,2601,2601,0,1801,1286,515,28.595224875069405,413,22.931704608550806
stress_min_violation,MG,51292,RUBELITA,5007,5007,0,3363,4620,4620,0,4627,4627,0,2911,1257,1654,56.81896255582274,1267,43.524562006183444
stress_min_violation,MG,51314,RUBIM,5130,5130,0,3179,4814,4814,0,4747,4747,0,2900,1633,1267,43.689655172413794,949,32.724137931034484
stress_min_violation,MG,51330,SABARÁ,76541,76541,0,31450,71131,71131,0,66707,66707,0,37842,39505,0,0.0,0,0.0
stress_min_violation,MG,51357,SABINÓPOLIS,8119,8119,0,4853,7596,7596,0,7126,7126,0,3259,2737,522,16.01718318502608,0,0.0
stress_min_violation,MG,51373,SACRAMENTO,15963,15963,0,5315,15413,15413,0,14738,14738,0,10034,10081,0,0.0,0,0.0
stress_min_violation,MG,51390,SALINAS,24619,24618,-1,12741,23272,23272,0,22706,22706,0,14955,10515,4440,29.689067201604814,3077,20.575058508859914
stress_min_violation,MG,51411,SALTO DA DIVISA,3564,3563,-1,2008,3349,3349,0,3244,3244,0,1812,1334,478,26.379690949227374,256,14.1280353200883
stress_min_violation,MG,51438,SANTA BÁRBARA,18611,18611,0,9234,17433,17433,0,16204,16204,0,8860,8162,698,7.878103837471783,0,0.0
stress_min_violation,MG,51454,SANTA BÁRBARA DO TUGÚRIO,3453,3453,0,2017,3202,3202,0,2992,2992,0,1735,1181,554,31.930835734870318,299,17.23342939481268
stress_min_violation,MG,51470,SANTA CRUZ DO ESCALVADO,3864,3864,0,2393,3666,3666,0,3530,3530,0,1807,1273,534,29.551743220807968,336,18.594355285002766
stress_min_violation,MG,51497,SANTA EFIGÊNIA DE MINAS,2875,2875,0,1437,2631,2631,0,2529,2529,0,1661,1192,469,28.23600240818784,223,13.425647200481638
stress_min_violation,MG,51519,SANTA FÉ DE MINAS,2457,2456,-1,1626,2376,2376,0,2333,2333,0,1693,749,944,55.7590076786769,862,50.91553455404607
stress_min_violation,MG,51535,SANTA JULIANA,9175,9175,0,3259,8834,8834,0,8285,8285,0,6331,5571,760,12.004422682040753,415,6.555046596114358
stress_min_violation,MG,51551,SANTA LUZIA,132961,132833,-128,51624,124532,124532,0,117327,117327,0,70628,72616,0,0.0,0,0.0
stress_min_violation,MG,51578,SANTA MARGARIDA,10833,10833,0,4888,10333,10333,0,10092,10092,0,4801,5441,0,0.0,0,0.0
stress_min_violation,MG,51594,SANTA MARIA DE ITABIRA,6719,6718,-1,3692,6297,6297,0,5972,5972,0,2983,2599,384,12.87294669795508,0,0.0
stress_min_violation,MG,51616,SANTA MARIA DO SALTO,3126,3126,0,1625,2885,2885,0,2794,2794,0,1955,1253,702,35.907928388746804,454,23.22250639386189
stress_min_violation,MG,51632,SANTA MARIA DO SUAÇUÍ,7557,7557,0,4151,7200,7200,0,7052,7052,0,4244,3044,1200,28.275212064090482,838,19.745523091423184
stress_min_violation,MG,51659,SANTANA DA VARGEM,4928,4928,0,1941,4624,4624,0,4368,4368,0,2897,2677,220,7.594062823610631,0,0.0
stress_min_violation,MG,51675,SANTANA DE CATAGUASES,2780,2780,0,1178,2669,2669,0,2605,2605,0,1608,1491,117,7.276119402985074,6,0.373134328358209
stress_min_violation,MG,51691,SANTANA DE PIRAPAMA,5609,5609,0,2431,5329,5329,0,5172,5172,0,3625,2892,733,20.220689655172414,447,12.331034482758621
stress_min_violation,MG,51713,SANTANA DO DESERTO,2877,2876,-1,1550,2769,2769,0,2553,2553,0,1652,1217,435,26.331719128329297,325,19.673123486682808
stress_min_violation,MG,51730,SANTANA DO GARAMBÉU,1860,1860,0,1034,1714,1714,0,1626,1626,0,1083,677,406,37.48845798707295,257,23.73037857802401
stress_min_violation,MG,51756,SANTANA DO JACARÉ,3176,3176,0,1359,2925,2925,0,2741,2741,0,1985,1564,421,21.209068010075566,168,8.463476070528968
stress_min_violation,MG,51772,SANTANA DO MANHUAÇU,5981,5981,0,2934,5760,5760,0,5648,5648,0,4004,2823,1181,29.495504495504495,957,23.9010989010989
stress_min_violation,MG,51799,SANTANA DO RIACHO,4449,4449,0,2289,4280,4280,0,4136,4136,0,2387,1988,399,16.715542521994134,227,9.509844993715962
stress_min_violation,MG,51810,SANTANA DOS MONTES,3077,3077,0,1457,2846,2846,0,2648,2648,0,1762,1389,373,21.169125993189557,142,8.059023836549375
stress_min_violation,MG,51837,SANTA RITA DE CALDAS,5550,5550,0,1532,5333,5333,0,5193,5193,0,3638,3797,0,0.0,0,0.0
stress_min_violation,MG,51853,SANTA RITA DE JACUTINGA,3543,3543,0,1734,3384,3384,0,3239,3239,0,2096,1647,449,21.421755725190838,287,13.692748091603054
stress_min_violation,MG,51870,SANTA RITA DE IBITIPOCA,2548,2548,0,1404,2383,2383,0,2311,2311,0,1505,974,531,35.28239202657807,361,23.98671096345515
stress_min_violation,MG,51896,SANTA RITA DO ITUETO,3924,3924,0,1341,3781,3781,0,3698,3698,0,2800,2439,361,12.892857142857142,217,7.75
stress_min_violation,MG,51918,SANTA RITA DO SAPUCAÍ,24619,24618,-1,6239,23280,23280,0,22083,22083,0,17008,16995,13,0.0764346190028222,0,0.0
stress_min_violation,MG,51934,SANTA ROSA DA SERRA,2538,2537,-1,1002,2408,2408,0,2357,2357,0,1922,1406,516,26.847034339229968,386,20.083246618106138
stress_min_violation,MG,51950,SANTA VITÓRIA,13055,13055,0,6187,12626,12626,0,12002,12002,0,7928,6433,1495,18.857214934409686,1060,13.370332996972754
stress_min_violation,MG,51977,SANTO ANTÔNIO DO AMPARO,10817,11062,245,5718,10007,10007,0,9444,9444,0,6507,4282,2225,34.19394498232673,1408,21.638235746119562
stress_min_violation,MG,51993,SANTO ANTÔNIO DO AVENTUREIRO,3075,3074,-1,1382,2910,2910,0,2758,2758,0,1485,1524,0,0.0,0,0.0
stress_min_violation,MG,52019,SANTO ANTÔNIO DO GRAMA,2985,2985,0,1756,2812,2812,0,2669,2669,0,1359,1056,303,22.29580573951435,130,9.565857247976453
stress_min_violation,MG,52035,SANTO ANTÔNIO DO ITAMBÉ,2335,2335,0,1452,2142,2142,0,2074,2074,0,973,688,285,29.290853031860227,90,9.249743062692703
stress_min_violation,MG,52051,SANTO ANTÔNIO DO JACINTO,6462,6462,0,3158,5932,5932,0,5840,5840,0,4028,2772,1256,31.18172790466733,724,17.97418073485601
stress_min_violation,MG,52078,SANTO ANTÔNIO DO MONTE,16679,16679,0,3696,16065,16065,0,15490,15490,0,12901,12355,546,4.232230059685295,0,0.0
stress_min_violation,MG,52094,SANTO ANTÔNIO DO RIO ABAIXO,1614,1614,0,837,1527,1527,0,1479,1479,0,767,690,77,10.039113428943937,0,0.0
stress_min_violation,MG,52116,SANTO HIPÓLITO,2216,2216,0,1282,2092,2092,0,2025,2025,0,1406,806,600,42.67425320056899,472,33.57041251778094
stress_min_violation,MG,52132,SANTOS DUMONT,28793,28793,0,15053,27175,27175,0,24947,24947,0,14129,12059,2070,14.650718380635572,389,2.7532026328827235
stress_min_violation,MG,52159,SÃO BENTO ABADE,3202,3202,0,1276,3002,3002,0,2919,2919,0,1903,1722,181,9.511297950604309,0,0.0
stress_min_violation,MG,52175,SÃO BRÁS DO SUAÇUÍ,2875,2875,0,1383,2687,2687,0,2475,2475,0,1469,1302,167,11.368277739959156,0,0.0
stress_min_violation,MG,52191,SÃO DOMINGOS DO PRATA,10568,10564,-4,5369,10025,10025,0,9521,9521,0,5412,4641,771,14.246119733924612,213,3.9356984478935697
stress_min_violation,MG,52213,SÃO FRANCISCO,29479,29478,-1,17831,28587,28587,0,27834,27834,0,15149,10741,4408,29.097630206614298,3501,23.110436332431185
stress_min_violation,MG,52230,SÃO FRANCISCO DE PAULA,4841,4841,0,2468,4588,4588,0,4449,4449,0,3054,2120,934,30.582842174197772,681,22.298624754420434
stress_min_violation,MG,52256,SÃO FRANCISCO DE SALES,3717,3716,-1,1865,3575,3575,0,3478,3478,0,2433,1708,725,29.798602548294287,581,23.879983559391697
stress_min_violation,MG,52272,SÃO FRANCISCO DO GLÓRIA,3387,3387,0,1808,3229,3229,0,3172,3172,0,1866,1418,448,24.008574490889604,287,15.380493033226152
stress_min_violation,MG,52299,SÃO GERALDO,5693,5692,-1,3199,5404,5404,0,5088,5088,0,2510,2199,311,12.390438247011952,16,0.6374501992031872
stress_min_violation,MG,52310,SÃO GERALDO DA PIEDADE,2577,2577,0,1394,2428,2428,0,2378,2378,0,1328,1027,301,22.66566265060241,145,10.918674698795181
stress_min_violation,MG,52337,SÃO GONÇALO DO ABAETÉ,4277,4277,0,1728,4097,4097,0,3993,3993,0,2623,2364,259,9.874189858940145,74,2.821197102554327
stress_min_violation,MG,52353,SÃO GONÇALO DO PARÁ,7304,7304,0,2351,6841,6841,0,6677,6677,0,5309,4477,832,15.671501224336033,356,6.705594273874553
stress_min_violation,MG,52370,SÃO GONÇALO DO RIO ABAIXO,9683,9683,0,4108,9015,9015,0,8493,8493,0,5425,4890,535,9.861751152073733,0,0.0
stress_min_violation,MG,52396,SÃO GONÇALO DO SAPUCAÍ,14017,14017,0,5411,13207,13207,0,12361,12361,0,8820,7790,1030,11.678004535147393,214,2.4263038548752833
stress_min_violation,MG,52418,SÃO GOTARDO,22371,22370,-1,5818,21321,21321,0,20167,20167,0,16767,15483,1284,7.6578994453390585,214,1.2763165742231766
stress_min_violation,MG,52434,SÃO JOÃO BATISTA DO GLÓRIA,5114,5113,-1,1620,4871,4871,0,4660,4660,0,3561,3246,315,8.845829823083404,67,1.8814939623701208
stress_min_violation,MG,52450,SÃO JOÃO DA MATA,2499,2499,0,731,2367,2367,0,2323,2323,0,1853,1632,221,11.926605504587156,85,4.587155963302752
stress_min_violation,MG,52477,SÃO JOÃO DA PONTE,15955,15953,-2,11436,15309,15309,0,14935,14935,0,8789,3868,4921,55.99044259870293,4270,48.58345659346911
stress_min_violation,MG,52493,SÃO JOÃO DEL REI,55472,55472,0,21946,52330,52330,0,48999,48999,0,29613,30237,0,0.0,0,0.0
stress_min_violation,MG,52515,SÃO JOÃO DO ORIENTE,5420,5420,0,2506,5186,5186,0,5030,5030,0,3013,2674,339,11.251244606704281,99,3.2857616993030203
stress_min_violation,MG,52531,SÃO JOÃO DO PARAÍSO,13840,13840,0,5914,12740,12740,0,12751,12751,0,10148,6812,3336,32.873472605439495,2222,21.895940086716596
stress_min_violation,MG,52558,SÃO JOÃO EVANGELISTA,9136,9136,0,5385,8687,8687,0,8393,8393,0,4151,3294,857,20.645627559624188,400,9.63623223319682
stress_min_violation,MG,52574,SÃO JOÃO NEPOMUCENO,15601,15601,0,6580,14884,14884,0,14171,14171,0,9251,8280,971,10.496162577018701,230,2.486217706193925
stress_min_violation,MG,52590,SÃO JOSÉ DA SAFIRA,2987,2987,0,1639,2859,2859,0,2796,2796,0,1672,1218,454,27.15311004784689,324,19.37799043062201
stress_min_violation,MG,52612,SÃO JOSÉ DA VARGINHA,3154,3154,0,1171,2996,2996,0,2863,2863,0,2165,1818,347,16.02771362586605,182,8.406466512702078
stress_min_violation,MG,52639,SÃO JOSÉ DO ALEGRE,2948,2948,0,854,2760,2760,0,2598,2598,0,1815,1904,0,0.0,0,0.0
stress_min_violation,MG,52655,SÃO JOSÉ DO DIVINO,2479,2478,-1,1002,2363,2363,0,2337,2337,0,1769,1359,410,23.176936122102884,292,16.50650084793669
stress_min_violation,MG,52671,SÃO JOSÉ DO GOIABAL,3634,3634,0,2082,3456,3456,0,3338,3338,0,1868,1370,498,26.659528907922912,316,16.916488222698074
stress_min_violation,MG,52698,SÃO JOSÉ DO JACURI,3952,3952,0,2200,3646,3646,0,3502,3502,0,2311,1439,872,37.732583297273905,559,24.18866291648637
stress_min_violation,MG,52710,SÃO JOSÉ DO MANTIMENTO,2389,2389,0,1221,2272,2272,0,2208,2208,0,1394,1050,344,24.67718794835007,226,16.212338593974174
stress_min_violation,MG,52736,SÃO LOURENÇO,26571,26570,-1,8155,25221,25221,0,24037,24037,0,16173,17036,0,0.0,0,0.0
stress_min_violation,MG,52752,SÃO MIGUEL DO ANTA,5019,5019,0,2867,4704,4704,0,4459,4459,0,1798,1835,0,0.0,0,0.0
stress_min_violation,MG,52779,SÃO PEDRO DA UNIÃO,3346,3346,0,1127,3163,3163,0,3004,3004,0,2251,2035,216,9.595735228787206,32,1.4215904042647711
stress_min_violation,MG,52795,SÃO PEDRO DOS FERROS,4632,4632,0,2860,4377,4377,0,4197,4197,0,1701,1513,188,11.052322163433274,0,0.0
stress_min_violation,MG,52817,SÃO PEDRO DO SUAÇUÍ,3371,3371,0,1806,3192,3192,0,3108,3108,0,1714,1383,331,19.311551925320888,149,8.693115519253208
stress_min_violation,MG,52833,SÃO ROMÃO,4826,4825,-1,2763,4602,4602,0,4503,4503,0,3032,1835,1197,39.47889182058047,969,31.95910290237467
stress_min_violation,MG,52850,SÃO ROQUE DE MINAS,4505,4505,0,979,4348,4348,0,4217,4217,0,3424,3365,59,1.7231308411214954,0,0.0
stress_min_violation,MG,52876,SÃO SEBASTIÃO DA BELA VISTA,4940,4940,0,1754,4731,4731,0,4591,4591,0,2543,2975,0,0.0,0,0.0
stress_min_violation,MG,52892,SÃO SEBASTIÃO DO MARANHÃO,5734,5734,0,3061,5399,5399,0,5345,5345,0,3307,2336,971,29.36195947989114,634,19.17145449047475
stress_min_violation,MG,52914,SÃO SEBASTIÃO DO OESTE,6212,6212,0,2501,5908,5908,0,5811,5811,0,4823,3401,1422,29.483723823346466,1112,23.056189093924942
stress_min_violation,MG,52930,SÃO SEBASTIÃO DO PARAÍSO,37885,37885,0,12696,35867,35867,0,33929,33929,0,21230,23113,0,0.0,0,0.0
stress_min_violation,MG,52957,SÃO SEBASTIÃO DO RIO PRETO,1394,1394,0,607,1328,1328,0,1305,1305,0,606,716,0,0.0,0,0.0
stress_min_violation,MG,52973,SÃO SEBASTIÃO DO RIO VERDE,1777,1777,0,572,1686,1686,0,1629,1629,0,1196,1112,84,7.023411371237458,0,0.0
stress_min_violation,MG,52990,SÃO TIAGO,7599,7599,0,2913,7055,7055,0,6678,6678,0,4782,4126,656,13.718109577582602,96,2.0075282308657467
stress_min_violation,MG,53015,SÃO TOMÁS DE AQUINO,4495,4494,-1,1654,4281,4281,0,4094,4094,0,2398,2619,0,0.0,0,0.0
stress_min_violation,MG,53031,SÃO THOMÉ DAS LETRAS,4045,4045,0,2318,3854,3854,0,3667,3667,0,1873,1529,344,18.36625734116391,146,7.794981313400961
stress_min_violation,MG,53058,SÃO VICENTE DE MINAS,4258,4258,0,1940,4002,4002,0,3762,3762,0,2138,2057,81,3.7885874649204863,0,0.0
stress_min_violation,MG,53074,SAPUCAÍ-MIRIM,4629,4629,0,1604,4370,4370,0,4282,4282,0,3457,2762,695,20.104136534567544,432,12.496384148105294
stress_min_violation,MG,53090,SARDOÁ,3659,3659,0,1629,3348,3348,0,3203,3203,0,2338,1713,625,26.732249786142003,308,13.173652694610778
stress_min_violation,MG,53112,SENADOR CORTES,2012,2011,-1,1020,1918,1918,0,1860,1860,0,859,896,0,0.0,0,0.0
stress_min_violation,MG,53139,SENADOR FIRMINO,5485,5485,0,3028,5181,5181,0,4954,4954,0,2907,2145,762,26.212590299277604,450,15.479876160990711
stress_min_violation,MG,53155,SENADOR JOSÉ BENTO,1977,1977,0,646,1878,1878,0,1864,1864,0,1494,1232,262,17.536813922356092,163,10.910307898259706
stress_min_violation,MG,53171,SENADOR MODESTINO GONÇALVES,2260,3148,888,1277,2136,2136,0,2917,2917,0,2029,859,1170,57.66387382947265,1046,51.55248891079349
stress_min_violation,MG,53198,SENHORA DE OLIVEIRA,4342,4342,0,2466,4107,4107,0,3833,3833,0,1921,1632,289,15.044247787610619,45,2.342529932326913
stress_min_violation,MG,53210,SENHORA DO PORTO,2269,2269,0,1159,2108,2108,0,2013,2013,0,1311,945,366,27.91762013729977,201,15.331807780320366
stress_min_violation,MG,53236,SENHORA DOS REMÉDIOS,6735,6735,0,3325,6246,6246,0,6083,6083,0,3528,2912,616,17.46031746031746,118,3.3446712018140587
stress_min_violation,MG,53252,SERICITA,5686,5686,0,2427,5431,5431,0,5292,5292,0,1965,3002,0,0.0,0,0.0
stress_min_violation,MG,53279,SERITINGA,1593,1593,0,722,1509,1509,0,1437,1437,0,993,786,207,20.845921450151057,122,12.28600201409869
stress_min_violation,MG,53295,SERRA AZUL DE MINAS,2283,2283,0,1258,2076,2076,0,2031,2031,0,930,815,115,12.365591397849462,0,0.0
stress_min_violation,MG,53317,SERRA DA SAUDADE,989,989,0,360,963,963,0,967,967,0,727,603,124,17.05639614855571,98,13.480055020632737
stress_min_violation,MG,53333,SERRA DOS AIMORÉS,4590,4590,0,2562,4410,4410,0,4207,4207,0,2587,1839,748,28.913799768071126,559,21.608040201005025
stress_min_violation,MG,53350,SERRA DO SALITRE,7551,7551,0,2516,7279,7279,0,6982,6982,0,5491,4758,733,13.349116736477873,456,8.304498269896193
stress_min_violation,MG,53376,SERRANIA,4837,4837,0,2041,4562,4562,0,4385,4385,0,3017,2520,497,16.473317865429234,221,7.325157441166722
stress_min_violation,MG,53392,SERRANOS,1662,1662,0,803,1565,1565,0,1534,1534,0,860,761,99,11.511627906976743,1,0.11627906976744186
stress_min_violation,MG,53414,SERRO,11396,11396,0,6898,10550,10550,0,10027,10027,0,4846,3634,1212,25.01031778786628,348,7.181180354931903
stress_min_violation,MG,53430,SETE LAGOAS,137452,137330,-122,44239,128074,128074,0,120014,120014,0,81200,83602,0,0.0,0,0.0
stress_min_violation,MG,53457,SILVEIRÂNIA,2485,2485,0,1333,2393,2393,0,2312,2312,0,1079,1059,20,1.8535681186283597,0,0.0
stress_min_violation,MG,53473,SILVIANÓPOLIS,3753,3752,-1,1247,3581,3581,0,3445,3445,0,2191,2332,0,0.0,0,0.0
stress_min_violation,MG,53490,SIMÃO PEREIRA,2596,2596,0,1220,2499,2499,0,2449,2449,0,1779,1278,501,28.161888701517707,403,22.65317594154019
stress_min_violation,MG,53511,SIMONÉSIA,12769,12767,-2,5363,11977,11977,0,11658,11658,0,7179,6607,572,7.967683521381808,0,0.0
stress_min_violation,MG,53538,SOBRÁLIA,3223,3223,0,1472,3033,3033,0,2939,2939,0,1934,1559,375,19.389865563598757,183,9.462254395036194
stress_min_violation,MG,53554,SOLEDADE DE MINAS,3921,3921,0,1533,3715,3715,0,3559,3559,0,2496,2177,319,12.780448717948717,108,4.326923076923077
stress_min_violation,MG,53570,TABULEIRO,3165,3164,-1,1579,2983,2983,0,2817,2817,0,1812,1400,412,22.73730684326711,226,12.472406181015453
stress_min_violation,MG,53597,TAIOBEIRAS,21029,21029,0,7283,19957,19957,0,19708,19708,0,14016,12656,1360,9.703196347031964,270,1.9263698630136987
stress_min_violation,MG,53619,TAPIRA,3984,3984,0,871,3899,3899,0,3815,3815,0,2967,3025,0,0.0,0,0.0
stress_min_violation,MG,53635,TAPIRAÍ,1559,1559,0,676,1515,1515,0,1475,1475,0,1190,838,352,29.57983193277311,307,25.798319327731093
stress_min_violation,MG,53651,TAQUARAÇU DE MINAS,4281,4281,0,1557,4025,4025,0,3923,3923,0,2782,2462,320,11.502516175413371,58,2.0848310567936736
stress_min_violation,MG,53678,TARUMIRIM,7876,7876,0,3462,7537,7537,0,7363,7363,0,3568,4072,0,0.0,0,0.0
stress_min_violation,MG,53694,TEIXEIRAS,8123,8123,0,4307,7596,7596,0,7164,7164,0,3776,3278,498,13.188559322033898,0,0.0
stress_min_violation,MG,53716,TEÓFILO OTONI,77223,77123,-100,34828,73389,73389,0,70362,70362,0,43406,38505,4901,11.291065751278625,1011,2.329171082338847
stress_min_violation,MG,53732,TIMÓTEO,45764,45764,0,15867,43865,43865,0,42457,42457,0,29266,27926,1340,4.578691997539807,0,0.0
stress_min_violation,MG,53759,TIRADENTES,5608,5608,0,2399,5336,5336,0,5131,5131,0,3133,2932,201,6.415576125119694,0,0.0
stress_min_violation,MG,53775,TIROS,4727,4727,0,1080,4523,4523,0,4489,4489,0,3727,3441,286,7.673732224309096,80,2.1464985242822645
stress_min_violation,MG,53791,TOCANTINS,10533,10533,0,4550,9945,9945,0,9418,9418,0,5693,5382,311,5.462849112945722,0,0.0
stress_min_violation,MG,53813,TOLEDO,5720,5720,0,1673,5476,5476,0,5246,5246,0,3068,3800,0,0.0,0,0.0
stress_min_violation,MG,53830,TOMBOS,5435,5435,0,2516,5233,5233,0,5032,5032,0,2159,2715,0,0.0,0,0.0
stress_min_violation,MG,53856,TRÊS CORAÇÕES,42028,42028,0,13698,39187,39187,0,36782,36782,0,26991,25428,1563,5.79081916194287,0,0.0
stress_min_violation,MG,53872,TRÊS PONTAS,35448,35448,0,14545,33388,33388,0,31189,31189,0,20446,18785,1661,8.123838403599725,0,0.0
stress_min_violation,MG,53899,TUMIRITINGA,3947,3947,0,1898,3790,3790,0,3702,3702,0,2472,1892,580,23.462783171521036,423,17.111650485436893
stress_min_violation,MG,53910,TUPACIGUARA,15919,15914,-5,7105,15260,15260,0,14552,14552,0,10830,8147,2683,24.773776546629733,2016,18.614958448753463
stress_min_violation,MG,53937,TURMALINA,12926,12926,0,7373,12336,12336,0,11899,11899,0,6524,4956,1568,24.034334763948497,971,14.883507050889024
stress_min_violation,MG,53953,TURVOLÂNDIA,3891,3891,0,1444,3664,3664,0,3555,3555,0,2808,2216,592,21.08262108262108,361,12.856125356125355
stress_min_violation,MG,53970,UBÁ,55425,55425,0,23492,52666,52666,0,49335,49335,0,30625,29117,1508,4.924081632653062,0,0.0
stress_min_violation,MG,53996,UBAÍ,7106,7106,0,4902,6840,6840,0,6680,6680,0,3414,1935,1479,43.32161687170475,1210,35.4422964264792
stress_min_violation,MG,54011,UBERABA,186055,185597,-458,68891,178245,178245,0,166545,166545,0,113252,109053,4199,3.7076607918623954,0,0.0
stress_min_violation,MG,54038,UBERLÂNDIA,429516,427845,-1671,163879,409921,409921,0,380932,380932,0,237746,245363,0,0.0,0,0.0
stress_min_violation,MG,54054,UMBURATIBA,1965,1963,-2,1120,1863,1863,0,1799,1799,0,997,742,255,25.576730190571716,152,15.245737211634905
stress_min_violation,MG,54070,UNAÍ,49422,49412,-10,13714,47812,47812,0,46313,46313,0,36748,34069,2679,7.290192663546315,1040,2.8300859910743443
stress_min_violation,MG,54097,URUCÂNIA,6603,6603,0,3550,6098,6098,0,5661,5661,0,3035,2534,501,16.507413509060957,0,0.0
stress_min_violation,MG,54119,VARGEM BONITA,1853,1852,-1,611,1798,1798,0,1769,1769,0,1420,1186,234,16.47887323943662,178,12.535211267605634
stress_min_violation,MG,54135,VARGINHA,80512,80299,-213,25551,76210,76210,0,71314,71314,0,49209,50503,0,0.0,0,0.0
stress_min_violation,MG,54151,VÁRZEA DA PALMA,20137,20134,-3,8491,19008,19008,0,18322,18322,0,13934,10504,3430,24.616047079087124,2288,16.42026697287211
stress_min_violation,MG,54178,VARZELÂNDIA,12040,12040,0,8365,11610,11610,0,11238,11238,0,5174,3242,1932,37.34054889833784,1499,28.971781986857362
stress_min_violation,MG,54194,VAZANTE,12750,12748,-2,4982,12262,12262,0,11923,11923,0,9278,7270,2008,21.64259538693684,1510,16.275059280017246
stress_min_violation,MG,54216,WENCESLAU BRAZ,2158,2158,0,778,2037,2037,0,1968,1968,0,1339,1258,81,6.049290515309933,0,0.0
stress_min_violation,MG,54232,VERÍSSIMO,2393,2393,0,1104,2307,2307,0,2209,2209,0,1192,1203,0,0.0,0,0.0
stress_min_violation,MG,54259,VESPASIANO,70909,70893,-16,27581,66427,66427,0,62562,62562,0,38309,38706,0,0.0,0,0.0
stress_min_violation,MG,54275,VIÇOSA,47857,47857,0,27070,45338,45338,0,42553,42553,0,18289,18169,120,0.6561321012630543,0,0.0
stress_min_violation,MG,54291,VIEIRAS,3254,3253,-1,1602,3125,3125,0,3055,3055,0,1936,1519,417,21.539256198347108,284,14.669421487603305
stress_min_violation,MG,54313,MATHIAS LOBATO,2475,2475,0,1314,2374,2374,0,2321,2321,0,1673,1060,613,36.64076509264794,512,30.603705917513448
stress_min_violation,MG,54330,VIRGEM DA LAPA,6883,6883,0,4174,6451,6451,0,6294,6294,0,3128,2272,856,27.365728900255753,419,13.395140664961637
stress_min_violation,MG,54356,VIRGÍNIA,5997,5997,0,2687,5761,5761,0,5536,5536,0,3675,3072,603,16.408163265306122,365,9.931972789115646
stress_min_violation,MG,54372,VIRGINÓPOLIS,5953,5953,0,2913,5534,5534,0,5229,5229,0,3228,2607,621,19.237918215613384,188,5.8240396530359355
stress_min_violation,MG,54399,VIRGOLÂNDIA,3277,3277,0,2006,3094,3094,0,2993,2993,0,1869,1084,785,42.00107009095773,598,31.995719636169074
stress_min_violation,MG,54410,VISCONDE DO RIO BRANCO,24362,24361,-1,11462,22990,22990,0,22063,22063,0,14271,11496,2775,19.445028379230607,1371,9.606895101955013
stress_min_violation,MG,54437,VOLTA GRANDE,3143,3143,0,1691,2995,2995,0,2821,2821,0,1820,1302,518,28.46153846153846,368,20.21978021978022
stress_min_violation,MG,54453,ITAÚ DE MINAS,9407,9407,0,2966,8859,8859,0,8396,8396,0,5836,5876,0,0.0,0,0.0
stress_min_violation,MT,73709,BOA ESPERANÇA DO NORTE,3245,3243,-2,764,3189,3189,0,3018,3018,0,2794,2424,370,13.24266284896206,313,11.202576950608446
stress_min_violation,MT,89788,COLNIZA,14190,14190,0,2679,13832,13832,0,13104,13104,0,12010,11145,865,7.2023313905079105,499,4.1548709408825975
stress_min_violation,MT,89796,COLÍDER,18390,18390,0,2786,17912,17912,0,16879,16879,0,15614,15112,502,3.2150634046368642,10,0.0640450877417702
stress_min_violation,MT,89800,CURVELÂNDIA,3581,3581,0,1113,3473,3473,0,3291,3291,0,2923,2356,567,19.397878891549777,455,15.566199110502907
stress_min_violation,MT,89818,NOVA BRASILÂNDIA,2986,2986,0,1210,2891,2891,0,2709,2709,0,2192,1679,513,23.403284671532848,416,18.978102189781023
stress_min_violation,MT,89826,NOVA SANTA HELENA,2589,2589,0,587,2515,2515,0,2371,2371,0,2194,1926,268,12.215132178669098,192,8.751139471285324
stress_min_violation,MT,89834,PARANATINGA,12620,12620,0,3087,12327,12327,0,11552,11552,0,10630,9231,1399,13.160865475070555,1097,10.319849482596425
stress_min_violation,MT,89843,SANTO ANTÔNIO DO LESTE,2028,2028,0,660,1967,1967,0,1809,1809,0,1560,1306,254,16.28205128205128,192,12.307692307692308
stress_min_violation,MT,89850,SINOP,98342,97633,-709,17568,96146,96146,0,89424,89424,0,80133,78458,1675,2.0902749179489097,0,0.0
stress_min_violation,MT,89877,ALTA FLORESTA,33253,33250,-3,7677,32395,32395,0,30277,30277,0,26883,24696,2187,8.13525276196853,1307,4.861808577911692
stress_min_violation,MT,89893,ARAPUTANGA,9018,9018,0,2005,8722,8722,0,8179,8179,0,7249,6710,539,7.435508345978755,236,3.2556214650296593
stress_min_violation,MT,89915,JAURU,5284,5283,-1,1155,5125,5125,0,4888,4888,0,4423,3969,454,10.264526339588514,294,6.6470721229934435
stress_min_violation,MT,89931,SÃO JOSÉ DOS QUATRO MARCOS,10253,10253,0,2640,9870,9870,0,9100,9100,0,7971,7224,747,9.37147158449379,358,4.491280893237987
stress_min_violation,MT,89958,RIO BRANCO,3051,3051,0,1035,2936,2936,0,2805,2805,0,2382,1897,485,20.361041141897566,366,15.365239294710328
stress_min_violation,MT,89960,RONDOLÂNDIA,2298,2298,0,861,2233,2233,0,2133,2133,0,1940,1372,568,29.278350515463917,503,25.927835051546392
stress_min_violation,MT,89974,SALTO DO CÉU,2408,2408,0,680,2326,2326,0,2253,2253,0,2067,1645,422,20.41606192549589,339,16.400580551523948
stress_min_violation,MT,89990,PONTES E LACERDA,25860,25847,-13,4594,25111,25111,0,23468,23468,0,21514,20501,1013,4.708561866691457,248,1.1527377521613833
stress_min_violation,MT,90018,ACORIZAL,6085,6085,0,2776,5923,5923,0,5601,5601,0,4502,3146,1356,30.11994669035984,1193,26.499333629498
stress_min_violation,MT,90026,SÃO JOSÉ DO POVO,2376,2375,-1,852,2292,2292,0,2121,2121,0,1747,1437,310,17.744705208929595,223,12.76473955352032
stress_min_violation,MT,90042,ALTO BOA VISTA,3236,3236,0,681,3165,3165,0,3043,3043,0,2792,2484,308,11.031518624641834,237,8.488538681948423
stress_min_violation,MT,90050,ALTO ARAGUAIA,8821,8819,-2,2478,8503,8503,0,7747,7747,0,6691,6014,677,10.118069047974892,348,5.20101629053953
stress_min_violation,MT,90069,QUERÊNCIA,14247,14246,-1,2992,13985,13985,0,13067,13067,0,11829,10989,840,7.101191985797616,574,4.8524811902950375
stress_min_violation,MT,90077,ALTO GARÇAS,6836,6836,0,2012,6593,6593,0,5910,5910,0,5266,4579,687,13.045955184200531,442,8.393467527535131
stress_min_violation,MT,90085,CANABRAVA DO NORTE,3016,3016,0,749,2956,2956,0,2841,2841,0,2558,2207,351,13.721657544956997,291,11.376075058639563
stress_min_violation,MT,90093,ALTO PARAGUAI,4763,4763,0,2427,4574,4574,0,4222,4222,0,3749,2146,1603,42.75806881835156,1413,37.69005068018138
stress_min_violation,MT,90107,SANTA CARMEM,3457,3457,0,612,3376,3376,0,3182,3182,0,2943,2762,181,6.150186884131839,98,3.329935440027183
stress_min_violation,MT,90123,NOVA MARINGÁ,3347,3347,0,741,3257,3257,0,3152,3152,0,3015,2516,499,16.550580431177448,409,13.565505804311774
stress_min_violation,MT,90140,NOVA GUARITA,3183,3182,-1,900,3091,3091,0,2910,2910,0,2437,2189,248,10.176446450553959,154,6.319244973327862
stress_min_violation,MT,90166,NOVA MARILÂNDIA,2313,2313,0,758,2243,2243,0,2091,2091,0,1930,1482,448,23.212435233160623,375,19.430051813471504
stress_min_violation,MT,90182,PORTO ESTRELA,2665,2665,0,1443,2578,2578,0,2433,2433,0,1905,1133,772,40.5249343832021,683,35.85301837270341
stress_min_violation,MT,90204,GLÓRIA D'OESTE,2133,2133,0,556,2078,2078,0,1939,1939,0,1778,1519,259,14.566929133858268,201,11.304836895388076
stress_min_violation,MT,90220,TABAPORÃ,5923,5923,0,1093,5796,5796,0,5503,5503,0,4972,4699,273,5.490748189863234,142,2.8559935639581657
stress_min_violation,MT,90239,ARAGUAINHA,963,963,0,400,936,936,0,859,859,0,775,536,239,30.838709677419356,212,27.35483870967742
stress_min_violation,MT,90247,SÃO JOSÉ DO XINGU,3691,3691,0,1153,3586,3586,0,3373,3373,0,2934,2433,501,17.075664621676893,396,13.496932515337424
stress_min_violation,MT,90255,ARENÁPOLIS,6273,6272,-1,2101,6052,6052,0,5629,5629,0,5006,3947,1059,21.154614462644826,834,16.660007990411508
stress_min_violation,MT,90263,APIACÁS,4798,4798,0,1266,4671,4671,0,4471,4471,0,4081,3397,684,16.760597892673363,549,13.452585150698358
stress_min_violation,MT,90271,ARIPUANÃ,11768,11768,0,2192,11483,11483,0,10797,10797,0,9962,9289,673,6.755671551897209,386,3.8747239510138525
stress_min_violation,MT,90280,CONFRESA,19945,19943,-2,4262,19460,19460,0,18319,18319,0,16515,15190,1325,8.023009385407205,832,5.037844383893431
stress_min_violation,MT,90301,LAMBARI D'OESTE,3329,3329,0,1294,3205,3205,0,3031,3031,0,2752,1911,841,30.559593023255815,717,26.05377906976744
stress_min_violation,MT,90310,BARÃO DE MELGAÇO,5630,5630,0,3158,5484,5484,0,5167,5167,0,4229,2322,1907,45.09340269567274,1757,41.54646488531568
stress_min_violation,MT,90328,SANTO AFONSO,2073,2073,0,652,2011,2011,0,1920,1920,0,1782,1359,423,23.737373737373737,361,20.25813692480359
stress_min_violation,MT,90336,BARRA DO BUGRES,17501,17501,0,7085,16898,16898,0,15294,15294,0,12180,9797,2383,19.564860426929393,1764,14.482758620689655
stress_min_violation,MT,90344,PLANALTO DA SERRA,2356,2356,0,953,2280,2280,0,2139,2139,0,1709,1324,385,22.527794031597427,306,17.905207723815096
stress_min_violation,MT,90352,BARRA DO GARÇAS,36137,36131,-6,11720,35119,35119,0,32408,32408,0,27658,23351,4307,15.57234796442259,3241,11.718128570395546
stress_min_violation,MT,90360,NOVA MONTE VERDE,4720,4719,-1,1041,4588,4588,0,4313,4313,0,3905,3545,360,9.218950064020486,226,5.787451984635084
stress_min_violation,MT,90387,NOVA BANDEIRANTES,7569,7569,0,1120,7382,7382,0,7055,7055,0,6585,6259,326,4.950645406226272,136,2.0652999240698557
stress_min_violation,MT,90409,SÃO PEDRO DA CIPA,3119,3119,0,1213,3049,3049,0,2823,2823,0,2417,1833,584,24.162184526272238,511,21.14191146048821
stress_min_violation,MT,90425,COTRIGUAÇU,5971,5970,-1,1419,5798,5798,0,5501,5501,0,4966,4373,593,11.941200161095448,414,8.33668948852195
stress_min_violation,MT,90441,RIBEIRÃOZINHO,1979,1979,0,706,1926,1926,0,1839,1839,0,1642,1219,423,25.761266747868454,369,22.472594397076737
stress_min_violation,MT,90468,BRASNORTE,9205,9204,-1,2108,8966,8966,0,8411,8411,0,7738,6854,884,11.424140604807445,641,8.283794262083225
stress_min_violation,MT,90476,CÁCERES,47292,47291,-1,19130,45853,45853,0,42477,42477,0,32607,26659,5948,18.241481890391633,4445,13.632042199527708
stress_min_violation,MT,90484,CAMPO NOVO DO PARECIS,23767,23763,-4,5529,23154,23154,0,20884,20884,0,18870,17607,1263,6.6931637519872815,632,3.349231584525702
stress_min_violation,MT,90506,CAMPO VERDE,26361,26360,-1,6202,25697,25697,0,23774,23774,0,20741,19474,1267,6.108673641579481,582,2.8060363531170145
stress_min_violation,MT,90522,CLÁUDIA,6858,6853,-5,1351,6683,6683,0,6288,6288,0,5697,5328,369,6.477093206951027,190,3.3350886431455153
stress_min_violation,MT,90549,CASTANHEIRA,4570,4569,-1,1174,4407,4407,0,4097,4097,0,3516,3231,285,8.10580204778157,120,3.4129692832764507
stress_min_violation,MT,90565,JANGADA,6087,6087,0,2967,5914,5914,0,5605,5605,0,4579,2947,1632,35.64096964402708,1459,31.8628521511247
stress_min_violation,MT,90581,JURUENA,5618,5618,0,1295,5457,5457,0,5154,5154,0,4676,4159,517,11.056458511548332,353,7.549187339606501
stress_min_violation,MT,90590,CHAPADA DOS GUIMARÃES,13878,13878,0,5968,13475,13475,0,12629,12629,0,9470,7494,1976,20.865892291446674,1560,16.473072861668427
stress_min_violation,MT,90603,LUCAS DO RIO VERDE,42434,42433,-1,8636,41398,41398,0,39285,39285,0,36297,32721,3576,9.852053888751136,2499,6.884866517894041
stress_min_violation,MT,90620,MATUPÁ,11624,11624,0,2114,11376,11376,0,10626,10626,0,9738,9257,481,4.939412610392278,228,2.341343191620456
stress_min_violation,MT,90646,NOVA MUTUM,29958,29958,0,5669,29224,29224,0,27364,27364,0,25561,23531,2030,7.941786315089394,1272,4.976331129455029
stress_min_violation,MT,90662,RIBEIRÃO CASCALHEIRA,5818,5818,0,1483,5651,5651,0,5382,5382,0,4819,4166,653,13.550529155426437,484,10.043577505706578
stress_min_violation,MT,90670,CUIABÁ,373302,372298,-1004,123207,361616,361616,0,337160,337160,0,254950,237627,17323,6.794665620709943,4855,1.9042949597960384
stress_min_violation,MT,90689,TAPURAH,7642,7641,-1,1351,7485,7485,0,7095,7095,0,6731,6128,603,8.958549992571683,440,6.536918734214827
stress_min_violation,MT,90697,DIAMANTINO,12629,12628,-1,3667,12285,12285,0,11510,11510,0,10143,8608,1535,15.133589667751158,1181,11.643497978901706
stress_min_violation,MT,90700,PONTAL DO ARAGUAIA,4339,4338,-1,1408,4227,4227,0,3996,3996,0,3502,2812,690,19.703026841804682,571,16.3049685893775
stress_min_violation,MT,90719,DOM AQUINO,4997,4997,0,1582,4840,4840,0,4573,4573,0,4032,3255,777,19.270833333333332,617,15.302579365079366
stress_min_violation,MT,90727,SAPEZAL,15044,15044,0,3520,14652,14652,0,13308,13308,0,12085,11123,962,7.960281340504758,561,4.642118328506413
stress_min_violation,MT,90743,CAMPOS DE JÚLIO,4982,4982,0,1115,4857,4857,0,4453,4453,0,4036,3737,299,7.408325074331021,169,4.1873141724479686
stress_min_violation,MT,90760,CARLINDA,6271,6271,0,2064,6062,6062,0,5610,5610,0,4685,3994,691,14.749199573105656,478,10.202774813233725
stress_min_violation,MT,90778,GENERAL CARNEIRO,3427,3426,-1,1440,3343,3343,0,3121,3121,0,2599,1898,701,26.97191227395152,612,23.5475182762601
stress_min_violation,MT,90786,FELIZ NATAL,5403,5403,0,1449,5303,5303,0,4979,4979,0,4486,3850,636,14.177440927329469,532,11.859117253678109
stress_min_violation,MT,90808,NOVO MUNDO,4559,4559,0,1043,4465,4465,0,4232,4232,0,3644,3420,224,6.147091108671789,128,3.512623490669594
stress_min_violation,MT,90824,GAÚCHA DO NORTE,5045,5045,0,1509,4942,4942,0,4646,4646,0,4227,3431,796,18.83132245091081,691,16.347291223089663
stress_min_violation,MT,90832,GUIRATINGA,6391,6391,0,2322,6170,6170,0,5753,5753,0,4792,3844,948,19.78297161936561,723,15.087646076794657
stress_min_violation,MT,90840,UNIÃO DO SUL,2681,2681,0,663,2640,2640,0,2522,2522,0,2228,1977,251,11.265709156193896,210,9.425493716337522
stress_min_violation,MT,90867,NOVA LACERDA,3458,3457,-1,978,3355,3355,0,3168,3168,0,2862,2374,488,17.05101327742837,382,13.347309573724669
stress_min_violation,MT,90883,NOVA UBIRATÃ,5648,5648,0,1186,5537,5537,0,5253,5253,0,4781,4348,433,9.056682702363522,319,6.672244300355574
stress_min_violation,MT,90905,BOM JESUS DO ARAGUAIA,4160,4160,0,1161,4053,4053,0,3882,3882,0,3574,2891,683,19.11024062674874,575,16.08841634023503
stress_min_violation,MT,90913,ITIQUIRA,6976,6975,-1,2111,6739,6739,0,6096,6096,0,5399,4622,777,14.391553991479904,534,9.890720503796999
stress_min_violation,MT,90921,SERRA NOVA DOURADA,1183,1183,0,271,1156,1156,0,1125,1125,0,1054,885,169,16.03415559772296,142,13.472485768500949
stress_min_violation,MT,90948,NOVO SANTO ANTÔNIO,1440,1438,-2,376,1402,1402,0,1357,1357,0,1297,1025,272,20.97147262914418,233,17.964533538936006
stress_min_violation,MT,90956,JACIARA,15986,15986,0,4059,15510,15510,0,14182,14182,0,12188,11438,750,6.153593698720052,261,2.1414506071545785
stress_min_violation,MT,90964,NOVA NAZARÉ,2405,2404,-1,1011,2316,2316,0,2129,2129,0,1713,1304,409,23.87624051371862,319,18.622300058377117
stress_min_violation,MT,90980,SANTA CRUZ DO XINGU,1651,1651,0,370,1610,1610,0,1548,1548,0,1488,1237,251,16.868279569892472,207,13.911290322580646
stress_min_violation,MT,91006,CONQUISTA D'OESTE,2438,2437,-1,539,2378,2378,0,2260,2260,0,2092,1837,255,12.189292543021033,193,9.225621414913958
stress_min_violation,MT,91022,VALE DE SÃO DOMINGOS,2146,2146,0,415,2088,2088,0,2010,2010,0,1892,1670,222,11.733615221987314,161,8.509513742071881
stress_min_violation,MT,91049,SANTA RITA DO TRIVELATO,2027,2027,0,478,1981,1981,0,1888,1888,0,1793,1499,294,16.397099832682656,244,13.608477412158393
stress_min_violation,MT,91057,LUCIARA,1888,1887,-1,748,1845,1845,0,1746,1746,0,1459,1097,362,24.811514736120632,319,21.864290610006854
stress_min_violation,MT,91081,IPIRANGA DO NORTE,4774,4774,0,1043,4703,4703,0,4406,4406,0,4150,3657,493,11.879518072289157,419,10.096385542168674
stress_min_violation,MT,91090,VILA BELA DA SANTÍSSIMA TRINDADE,8318,8317,-1,2791,8081,8081,0,7725,7725,0,7052,5284,1768,25.070901871809415,1525,21.62507090187181
stress_min_violation,MT,91103,ITANHANGÁ,4147,4147,0,618,4083,4083,0,3938,3938,0,3767,3465,302,8.016989646933899,238,6.318024953543934
stress_min_violation,MT,91170,NOBRES,9933,9932,-1,2637,9639,9639,0,9166,9166,0,8394,6997,1397,16.642840123898022,1098,13.080771979985704
stress_min_violation,MT,91197,NORTELÂNDIA,3886,3886,0,1663,3704,3704,0,3428,3428,0,2842,2039,803,28.254750175932443,619,21.78043631245602
stress_min_violation,MT,91219,NOSSA SENHORA DO LIVRAMENTO,11129,11128,-1,6530,10779,10779,0,9976,9976,0,6882,4236,2646,38.44812554489974,2283,33.17349607672188
stress_min_violation,MT,91294,POCONÉ,19450,19450,0,10514,18827,18827,0,17070,17070,0,10812,8301,2511,23.224195338512764,1876,17.351091379948205
stress_min_violation,MT,91332,PONTE BRANCA,1548,1548,0,704,1484,1484,0,1405,1405,0,1277,779,498,38.99765074393109,433,33.907595927956145
stress_min_violation,MT,91359,PORTO DOS GAÚCHOS,3431,3431,0,640,3344,3344,0,3173,3173,0,2926,2702,224,7.655502392344498,135,4.613807245386193
stress_min_violation,MT,91391,POXORÉU,10801,10801,0,4058,10426,10426,0,9508,9508,0,7630,6361,1269,16.631716906946266,887,11.625163826998689
stress_min_violation,MT,91510,RONDONÓPOLIS,136921,136521,-400,38046,132616,132616,0,122930,122930,0,101763,94384,7379,7.251162013698496,2888,2.8379666479958336
stress_min_violation,MT,91537,ROSÁRIO OESTE,10185,10185,0,4253,9857,9857,0,9297,9297,0,8031,5598,2433,30.295106462457976,2099,26.13622213921056
stress_min_violation,MT,91553,SANTO ANTÔNIO DO LEVERGER,13710,13710,0,6337,13325,13325,0,12465,12465,0,9577,6971,2606,27.211026417458495,2204,23.013469771327138
stress_min_violation,MT,91618,TESOURO,2101,2101,0,879,2035,2035,0,1910,1910,0,1641,1153,488,29.737964655697745,419,25.533211456429008
stress_min_violation,MT,91634,TORIXORÉU,2992,2992,0,1057,2909,2909,0,2748,2748,0,2424,1851,573,23.638613861386137,489,20.173267326732674
stress_min_violation,MT,91677,VÁRZEA GRANDE,156729,156545,-184,55331,151684,151684,0,139169,139169,0,106807,96110,10697,10.01526117202056,5409,5.064274813448557
stress_min_violation,MT,91774,MIRASSOL D'OESTE,15377,15377,0,3781,14777,14777,0,13620,13620,0,11888,10989,899,7.562247644683715,292,2.4562584118438764
stress_min_violation,MT,91812,PEDRA PRETA,11036,11034,-2,3751,10632,10632,0,9494,9494,0,7806,6870,936,11.990776325903152,521,6.674353061747373
stress_min_violation,MT,91839,SÃO FÉLIX DO ARAGUAIA,5928,5923,-5,1921,5769,5769,0,5513,5513,0,4865,3843,1022,21.007194244604317,858,17.63617677286742
stress_min_violation,MT,91855,TANGARÁ DA SERRA,54250,54249,-1,11800,52755,52755,0,49274,49274,0,43244,40892,2352,5.438904819165665,794,1.8360928683748035
stress_min_violation,MT,91898,JUSCIMEIRA,7184,7184,0,2434,6976,6976,0,6437,6437,0,5252,4539,713,13.575780654988575,502,9.558263518659558
stress_min_violation,MT,91910,ÁGUA BOA,16113,16093,-20,2549,15741,15741,0,14863,14863,0,13923,13187,736,5.286217050922933,359,2.5784672843496375
stress_min_violation,MT,91936,CANARANA,13624,13623,-1,2339,13356,13356,0,12547,12547,0,11621,11005,616,5.3007486446949486,336,2.891317442560881
stress_min_violation,MT,91952,NOVA XAVANTINA,12039,12039,0,2868,11696,11696,0,10850,10850,0,9712,8811,901,9.277182866556837,541,5.570428336079077
stress_min_violation,MT,91979,SANTA TEREZINHA,3919,3919,0,1693,3788,3788,0,3562,3562,0,2891,2093,798,27.602905569007262,665,23.002421307506054
stress_min_violation,MT,91995,SÃO JOSÉ DO RIO CLARO,8842,8842,0,1741,8596,8596,0,8062,8062,0,7526,6846,680,9.03534414031358,425,5.647090087695987
stress_min_violation,MT,98191,JUARA,19298,19296,-2,3717,18722,18722,0,17520,17520,0,16099,14994,1105,6.863780359028511,518,3.2175911547301075
stress_min_violation,MT,98310,JUÍNA,25061,25049,-12,5871,24270,24270,0,22681,22681,0,19776,18386,1390,7.0287216828478964,586,2.963187702265372
stress_min_violation,MT,98337,DENISE,4645,4645,0,1757,4466,4466,0,4087,4087,0,3647,2707,940,25.774609267891417,759,20.811625993967645
stress_min_violation,MT,98612,ALTO TAQUARI,6010,6010,0,1552,5825,5825,0,5242,5242,0,4779,4268,511,10.692613517472275,321,6.716886377903327
stress_min_violation,MT,98639,ARAGUAIANA,2444,2443,-1,849,2364,2364,0,2206,2206,0,1901,1511,390,20.515518148342977,306,16.09679116254603
stress_min_violation,MT,98655,CAMPINÁPOLIS,8377,8377,0,4457,8185,8185,0,7534,7534,0,5469,3725,1744,31.888827939294202,1549,28.323276650210275
stress_min_violation,MT,98671,COCALINHO,3797,3797,0,1171,3690,3690,0,3413,3413,0,3118,2518,600,19.243104554201413,492,15.779345734445156
stress_min_violation,MT,98698,ITAÚBA,3288,3288,0,696,3198,3198,0,3034,3034,0,2855,2500,355,12.43432574430823,263,9.211908931698774
stress_min_violation,MT,98710,MARCELÂNDIA,6934,6931,-3,1265,6711,6711,0,6291,6291,0,5801,5444,357,6.154111360110326,132,2.2754697465954146
stress_min_violation,MT,98736,NOVA OLÍMPIA,10181,10181,0,4303,9754,9754,0,8452,8452,0,6375,5444,931,14.60392156862745,497,7.796078431372549
stress_min_violation,MT,98752,NOVA CANAÃ DO NORTE,7787,7786,-1,1499,7533,7533,0,7099,7099,0,6622,6028,594,8.970099667774086,334,5.043793415886439
stress_min_violation,MT,98779,NOVO SÃO JOAQUIM,4151,4151,0,1035,4030,4030,0,3812,3812,0,3576,2994,582,16.2751677852349,460,12.863534675615213
stress_min_violation,MT,98795,NOVO HORIZONTE DO NORTE,2604,2604,0,648,2546,2546,0,2433,2433,0,2203,1895,308,13.980935088515661,247,11.211983658647299
stress_min_violation,MT,98817,PEIXOTO DE AZEVEDO,17679,17678,-1,5506,17193,17193,0,15696,15696,0,12826,11669,1157,9.020739123655076,653,5.09122095743022
stress_min_violation,MT,98833,PARANAÍTA,7248,7248,0,1630,7047,7047,0,6650,6650,0,5986,5415,571,9.538924156364851,368,6.147677915135316
stress_min_violation,MT,98850,PORTO ALEGRE DO NORTE,6045,6045,0,1779,5877,5877,0,5541,5541,0,4843,4093,750,15.48626884162709,577,11.914102828825108
stress_min_violation,MT,98876,PORTO ESPERIDIÃO,5944,5942,-2,2055,5739,5739,0,5435,5435,0,4745,3682,1063,22.402528977871444,856,18.04004214963119
stress_min_violation,MT,98892,PRIMAVERA DO LESTE,44309,44309,0,8209,43218,43218,0,40192,40192,0,36737,34961,1776,4.834363176089501,637,1.733946702234804
stress_min_violation,MT,98914,RESERVA DO CABAÇAL,1465,1465,0,524,1415,1415,0,1335,1335,0,1077,891,186,17.270194986072422,136,12.627669452181987
stress_min_violation,MT,98930,SORRISO,59713,59713,0,11829,58458,58458,0,54652,54652,0,50169,46584,3585,7.14584703701489,2285,4.554605433634316
stress_min_violation,MT,98957,TERRA NOVA DO NORTE,6971,6970,-1,1873,6773,6773,0,6399,6399,0,5579,4899,680,12.188564258827746,481,8.621616777200215
stress_min_violation,MT,98973,VERA,6174,6174,0,1337,5997,5997,0,5613,5613,0,5137,4653,484,9.421841541755889,300,5.839984426708195
stress_min_violation,MT,98990,VILA RICA,10315,10313,-2,2213,10024,10024,0,9395,9395,0,8538,7809,729,8.53829936753338,436,5.106582337784024
stress_min_violation,MT,99015,COMODORO,10499,10499,0,2733,10155,10155,0,9493,9493,0,8343,7415,928,11.123097207239603,577,6.915977466139278
stress_min_violation,MT,99031,FIGUEIRÓPOLIS D'OESTE,2325,2325,0,416,2249,2249,0,2121,2121,0,1946,1832,114,5.858170606372045,37,1.9013360739979446
stress_min_violation,MT,99058,GUARANTÃ DO NORTE,17632,17631,-1,2696,17235,17235,0,16364,16364,0,14942,14533,409,2.737250702717173,6,0.04015526703252577
stress_min_violation,MT,99074,INDIAVAÍ,1663,1663,0,508,1612,1612,0,1529,1529,0,1317,1104,213,16.173120728929383,162,12.300683371298405
stress_min_violation,RR,03000,CAROEBE,6612,6612,0,1201,6473,6473,0,6351,6351,0,6318,5264,1054,16.68249446027224,907,14.355808800253245
stress_min_violation,RR,03018,BOA VISTA,199571,198762,-809,37547,195194,195194,0,191424,191424,0,187810,157323,30487,16.232894947020924,25786,13.72983334220755
stress_min_violation,RR,03026,IRACEMA,6153,6153,0,1295,5983,5983,0,5897,5897,0,5866,4681,1185,20.201159222638935,1008,17.183770883054894
stress_min_violation,RR,03034,CARACARAÍ,12452,12452,0,2987,12170,12170,0,11962,11962,0,11899,9176,2723,22.884275989578956,2434,20.455500462223718
stress_min_violation,RR,03042,AMAJARI,6520,6520,0,1426,6343,6343,0,6278,6278,0,6258,4914,1344,21.476510067114095,1164,18.60019175455417
stress_min_violation,RR,03050,ALTO ALEGRE,11347,11347,0,2657,11106,11106,0,10923,10923,0,10857,8443,2414,22.234503085566914,2167,19.959473150962513
stress_min_violation,RR,03069,CANTÁ,14635,14635,0,3667,14361,14361,0,14111,14111,0,13995,10691,3304,23.60843158270811,3027,21.629153269024652
stress_min_violation,RR,03077,BONFIM,10091,10091,0,3037,9892,9892,0,9684,9684,0,9601,6845,2756,28.705343193417352,2547,26.528486615977503
stress_min_violation,RR,03085,RORAINÓPOLIS,19054,19054,0,4189,18594,18594,0,18127,18127,0,17983,14385,3598,20.007785130400933,3118,17.338597564366346
stress_min_violation,RR,03093,MUCAJAÍ,12003,12003,0,2022,11734,11734,0,11599,11599,0,11553,9705,1848,15.995845235003895,1572,13.606855362243573
stress_min_violation,RR,03107,UIRAMUTÃ,7926,7926,0,5375,7795,7795,0,7587,7587,0,7056,2420,4636,65.70294784580499,4505,63.84637188208617
stress_min_violation,RR,03115,NORMANDIA,8367,8366,-1,3558,8247,8247,0,8108,8108,0,8002,4685,3317,41.45213696575856,3193,39.90252436890777
stress_min_violation,RR,03123,PACARAIMA,8084,8082,-2,3065,7941,7941,0,7801,7801,0,7621,4870,2751,36.09762498359795,2602,34.14250098412282
stress_min_violation,RR,03131,SÃO JOÃO DA BALIZA,4843,4842,-1,1154,4729,4729,0,4628,4628,0,4599,3569,1030,22.39617308110459,910,19.7869101978691
stress_min_violation,RR,03158,SÃO LUIZ,5114,5114,0,1240,4983,4983,0,4856,4856,0,4825,3738,1087,22.528497409326423,951,19.70984455958549
strict_symmetric,MG,40002,ALFREDO VASCONCELOS,5037,5037,0,2215,4701,4701,0,4389,4389,0,2902,2115,787,27.11922811853894,80,2.7567195037904892
strict_symmetric,MG,40010,ABADIA DOS DOURADOS,4597,4596,-1,1742,4374,4374,0,4215,4215,0,2985,2366,619,20.737018425460636,130,4.355108877721943
strict_symmetric,MG,40029,ARAPORÃ,5494,5490,-4,2044,5303,5303,0,5023,5023,0,3946,2924,1022,25.899645210339585,496,12.569690826153066
strict_symmetric,MG,40037,ABAETÉ,13969,13969,0,4853,13365,13365,0,12914,12914,0,9906,7846,2060,20.795477488390873,790,7.974964667878054
strict_symmetric,MG,40045,BRASILÂNDIA DE MINAS,9458,9456,-2,4395,9176,9176,0,8940,8940,0,6598,4228,2370,35.919975750227344,1535,23.264625644134586
strict_symmetric,MG,40053,ABRE CAMPO,9483,9483,0,4657,8920,8920,0,8567,8567,0,5954,3910,2044,34.32986227746053,1128,18.945246892845145
strict_symmetric,MG,40061,CAPITÃO ANDRADE,3006,3006,0,1190,2877,2877,0,2878,2878,0,1744,1553,191,10.95183486238532,0,0.0
strict_symmetric,MG,40070,ACAIACA,2683,2683,0,1577,2515,2515,0,2411,2411,0,1276,818,458,35.893416927899686,170,13.322884012539184
strict_symmetric,MG,40088,CARNEIRINHO,6153,6151,-2,2543,5943,5943,0,5751,5751,0,4401,3156,1245,28.28902522154056,791,17.97318791183822
strict_symmetric,MG,40096,AÇUCENA,5412,5410,-2,2771,5073,5073,0,4811,4811,0,2955,2129,826,27.952622673434856,314,10.62605752961083
strict_symmetric,MG,40100,CATUJI,6132,6132,0,3945,5824,5824,0,5692,5692,0,3064,1732,1332,43.472584856396864,877,28.62271540469974
strict_symmetric,MG,40118,ÁGUA BOA,8050,8049,-1,4211,7631,7631,0,7535,7535,0,5004,3165,1839,36.750599520383695,1165,23.281374900079935
strict_symmetric,MG,40126,DIVISA ALEGRE,3872,3872,0,2047,3648,3648,0,3556,3556,0,2147,1429,718,33.44201210992082,322,14.997671169073126
strict_symmetric,MG,40134,ÁGUA COMPRIDA,2102,2102,0,753,2023,2023,0,1928,1928,0,1463,1218,245,16.74641148325359,114,7.792207792207792
strict_symmetric,MG,40142,DIVISÓPOLIS,5252,5252,0,2889,4976,4976,0,4863,4863,0,1950,1922,28,1.435897435897436,0,0.0
strict_symmetric,MG,40150,AGUANIL,3305,3305,0,1367,3096,3096,0,2942,2942,0,2254,1504,750,33.274179236912154,316,14.019520851818989
strict_symmetric,MG,40169,DURANDÉ,5067,5066,-1,2470,4812,4812,0,4737,4737,0,3185,2180,1005,31.554160125588698,588,18.46153846153846
strict_symmetric,MG,40177,ÁGUAS FORMOSAS,11041,11040,-1,5334,10529,10529,0,10326,10326,0,6344,4798,1546,24.369482976040352,637,10.040983606557377
strict_symmetric,MG,40185,ENTRE FOLHAS,4557,4557,0,2073,4383,4383,0,4186,4186,0,2611,2242,369,14.132516277288396,127,4.864036767522022
strict_symmetric,MG,40193,ÁGUAS VERMELHAS,7559,7558,-1,4486,7149,7149,0,7053,7053,0,3791,2358,1433,37.80005275652862,718,18.939593774729623
strict_symmetric,MG,40207,FERVEDOURO,6934,6933,-1,3311,6555,6555,0,6420,6420,0,3984,3024,960,24.096385542168676,361,9.061244979919678
strict_symmetric,MG,40215,AIMORÉS,14096,14089,-7,5379,13582,13582,0,13012,13012,0,7984,7843,141,1.7660320641282565,0,0.0
strict_symmetric,MG,40223,FRANCISCÓPOLIS,3414,3414,0,1982,3243,3243,0,3213,3213,0,2043,1149,894,43.75917767988253,611,29.90699951052374
strict_symmetric,MG,40231,AIURUOCA,3792,3792,0,1603,3525,3525,0,3244,3244,0,2018,1726,292,14.469772051536175,0,0.0
strict_symmetric,MG,40240,ICARAÍ DE MINAS,6683,6683,0,4311,6514,6514,0,6416,6416,0,3599,2062,1537,42.70630730758544,1227,34.09280355654349
strict_symmetric,MG,40258,ALAGOA,2046,2046,0,573,1965,1965,0,1915,1915,0,1030,1293,0,0.0,0,0.0
strict_symmetric,MG,40266,IPABA,10437,10436,-1,4196,9965,9965,0,9720,9720,0,7225,5280,1945,26.920415224913494,984,13.619377162629759
strict_symmetric,MG,40274,ALBERTINA,2790,2790,0,748,2674,2674,0,2603,2603,0,1741,1820,0,0.0,0,0.0
strict_symmetric,MG,40282,JAÍBA,20441,20438,-3,10039,19531,19531,0,19039,19039,0,11698,8858,2840,24.27765429988032,1296,11.078816891776372
strict_symmetric,MG,40290,ALÉM PARAÍBA,20323,20322,-1,9703,19450,19450,0,18373,18373,0,11491,8831,2660,23.148551039944305,871,7.579845096162214
strict_symmetric,MG,40304,JAMPRUCA,3107,3107,0,1844,2961,2961,0,2877,2877,0,1397,1056,341,24.409448818897637,134,9.591982820329276
strict_symmetric,MG,40312,ALFENAS,45855,45854,-1,15031,43642,43642,0,41638,41638,0,29714,26606,3108,10.459715958807296,0,0.0
strict_symmetric,MG,40320,JUATUBA,19315,19315,0,7798,18102,18102,0,17265,17265,0,11188,9138,2050,18.32320343224884,0,0.0
strict_symmetric,MG,40339,ALMENARA,22411,22410,-1,14005,21351,21351,0,20714,20714,0,10780,6707,4073,37.782931354359924,2374,22.02226345083488
strict_symmetric,MG,40347,LAGOA GRANDE,5868,5867,-1,2480,5688,5688,0,5596,5596,0,4231,2877,1354,32.00189080595604,843,19.92436776175845
strict_symmetric,MG,40355,ALPERCATA,4701,4701,0,2182,4500,4500,0,4271,4271,0,2691,2200,491,18.24600520252694,172,6.391675956893348
strict_symmetric,MG,40363,LIMEIRA DO OESTE,5254,5254,0,2371,5082,5082,0,4904,4904,0,3470,2518,952,27.435158501440924,587,16.9164265129683
strict_symmetric,MG,40371,ALPINÓPOLIS,12536,12535,-1,4443,12001,12001,0,11652,11652,0,8826,6834,1992,22.56968048946295,733,8.305007931112621
strict_symmetric,MG,40380,LONTRA,6276,6276,0,3842,6041,6041,0,5895,5895,0,4228,1973,2255,53.33491012298959,1794,42.4314096499527
strict_symmetric,MG,40398,ALTEROSA,9725,9725,0,3615,9286,9286,0,8863,8863,0,6581,5244,1337,20.31606138884668,471,7.1569670262877985
strict_symmetric,MG,40401,MAMONAS,5028,5028,0,2990,4890,4890,0,4759,4759,0,2786,1637,1149,41.24192390524049,748,26.848528356066044
strict_symmetric,MG,40410,ALTO RIO DOCE,7171,7171,0,4069,6727,6727,0,6405,6405,0,3597,2342,1255,34.89018626633305,495,13.761467889908257
strict_symmetric,MG,40428,MATA VERDE,5810,5810,0,2922,5554,5554,0,5514,5514,0,2708,2440,268,9.896602658788774,0,0.0
strict_symmetric,MG,40436,ALVARENGA,3572,3572,0,1710,3462,3462,0,3410,3410,0,1920,1651,269,14.010416666666666,58,3.0208333333333335
strict_symmetric,MG,40444,MATIAS CARDOSO,5520,5520,0,3616,5326,5326,0,5230,5230,0,2648,1578,1070,40.40785498489426,744,28.09667673716012
strict_symmetric,MG,40452,ALVINÓPOLIS,9877,9877,0,5519,9202,9202,0,8543,8543,0,4627,3252,1375,29.71687918737843,269,5.813702182839853
strict_symmetric,MG,40460,MONTEZUMA,4492,4492,0,2608,4245,4245,0,4160,4160,0,1900,1495,405,21.31578947368421,16,0.8421052631578947
strict_symmetric,MG,40479,ALVORADA DE MINAS,3336,3336,0,1913,3109,3109,0,3009,3009,0,1915,1020,895,46.73629242819843,492,25.69190600522193
strict_symmetric,MG,40487,NAQUE,4014,4014,0,2004,3809,3809,0,3675,3675,0,2406,1683,723,30.049875311720697,396,16.458852867830423
strict_symmetric,MG,40495,AMPARO DO SERRA,3508,3508,0,2298,3360,3360,0,3193,3193,0,1586,904,682,43.00126103404792,376,23.707440100882724
strict_symmetric,MG,40509,NOVO ORIENTE DE MINAS,6032,6032,0,3540,5578,5578,0,5513,5513,0,3496,1853,1643,46.996567505720826,1004,28.71853546910755
strict_symmetric,MG,40517,ANDRADAS,22852,22848,-4,6054,21463,21463,0,20066,20066,0,13273,14294,0,0.0,0,0.0
strict_symmetric,MG,40525,PALMÓPOLIS,4357,4357,0,2651,4055,4055,0,3992,3992,0,2389,1237,1152,48.22101297614064,683,28.58936793637505
strict_symmetric,MG,40533,CACHOEIRA DE PAJEÚ,4954,4951,-3,2984,4694,4694,0,4594,4594,0,2011,1544,467,23.222277473893584,41,2.038786673296867
strict_symmetric,MG,40541,PEDRAS DE MARIA DA CRUZ,5735,5735,0,4055,5541,5541,0,5414,5414,0,2717,1359,1358,49.981597350018404,1037,38.1670960618329
strict_symmetric,MG,40550,ANDRELÂNDIA,7216,7215,-1,3190,6748,6748,0,6296,6296,0,3699,3204,495,13.38199513381995,0,0.0
strict_symmetric,MG,40568,PERIQUITO,4670,4670,0,2097,4478,4478,0,4353,4353,0,2725,2236,489,17.94495412844037,152,5.577981651376147
strict_symmetric,MG,40576,ANTÔNIO CARLOS,7776,7776,0,4036,7248,7248,0,6645,6645,0,3863,2753,1110,28.734144447320734,123,3.184053844162568
strict_symmetric,MG,40584,PONTO DOS VOLANTES,6545,6543,-2,3707,6083,6083,0,5968,5968,0,4218,2129,2089,49.52584163110479,1380,32.71692745376956
strict_symmetric,MG,40592,ANTÔNIO DIAS,6790,6790,0,3172,6406,6406,0,6238,6238,0,4250,2980,1270,29.88235294117647,632,14.870588235294118
strict_symmetric,MG,40606,RIACHINHO,4532,4528,-4,2241,4370,4370,0,4330,4330,0,2836,1770,1066,37.58815232722144,545,19.217207334273624
strict_symmetric,MG,40614,ANTÔNIO PRADO DE MINAS,1551,1551,0,711,1493,1493,0,1453,1453,0,705,704,1,0.14184397163120568,0,0.0
strict_symmetric,MG,40622,ROSÁRIO DA LIMEIRA,3128,4191,1063,1538,2947,2947,0,3752,3752,0,2575,1247,1328,51.57281553398058,985,38.25242718446602
strict_symmetric,MG,40630,ARAÇAÍ,2208,2208,0,998,2103,2103,0,2017,2017,0,1265,989,276,21.818181818181817,55,4.3478260869565215
strict_symmetric,MG,40649,SANTA BÁRBARA DO LESTE,5555,5555,0,2273,5206,5206,0,4994,4994,0,3515,2718,797,22.67425320056899,233,6.62873399715505
strict_symmetric,MG,40657,ARACITABA,2130,2130,0,1061,1987,1987,0,1940,1940,0,1391,832,559,40.18691588785047,322,23.14881380301941
strict_symmetric,MG,40665,SANTA RITA DE MINAS,4733,4733,0,1949,4445,4445,0,4317,4317,0,3263,2355,908,27.827152926754522,479,14.679742568188784
strict_symmetric,MG,40673,ARAÇUAÍ,19735,19732,-3,11299,18847,18847,0,18098,18098,0,9701,7010,2691,27.73940830842181,1265,13.039892794557263
strict_symmetric,MG,40681,SANTANA DO PARAÍSO,19903,19903,0,6686,19209,19209,0,18648,18648,0,13271,11647,1624,12.237208951849897,54,0.4069022681033833
strict_symmetric,MG,40690,ARAGUARI,69735,69735,0,20925,66984,66984,0,63815,63815,0,49065,42005,7060,14.389075715887088,255,0.5197187404463467
strict_symmetric,MG,40703,SÃO JOÃO DA LAGOA,3925,3925,0,2405,3772,3772,0,3658,3658,0,2259,1132,1127,49.88933156263833,739,32.71359008410801
strict_symmetric,MG,40711,ARANTINA,2240,2240,0,1167,2095,2095,0,2009,2009,0,1093,789,304,27.813357731015554,20,1.829826166514181
strict_symmetric,MG,40720,SÃO JOÃO DO MANHUAÇU,7770,7770,0,3126,7487,7487,0,7362,7362,0,4838,4178,660,13.642000826787928,194,4.009921455146755
strict_symmetric,MG,40738,ARAPONGA,5353,5353,0,3282,4914,4914,0,4703,4703,0,2166,1424,742,34.256694367497694,95,4.385964912280702
strict_symmetric,MG,40746,SÃO JOÃO DO MANTENINHA,4216,4215,-1,1875,4097,4097,0,3994,3994,0,2199,2072,127,5.775352432924056,0,0.0
strict_symmetric,MG,40754,ARAPUÁ,2711,2711,0,703,2548,2548,0,2548,2548,0,2210,1741,469,21.221719457013574,202,9.14027149321267
strict_symmetric,MG,40762,SÃO JOÃO DO PACUÍ,2923,2923,0,1986,2828,2828,0,2762,2762,0,1266,699,567,44.78672985781991,329,25.98736176935229
strict_symmetric,MG,40770,ARAÚJOS,5551,5551,0,1557,5313,5313,0,5176,5176,0,4248,3427,821,19.326741996233523,254,5.979284369114877
strict_symmetric,MG,40789,SÃO JOSÉ DA LAPA,16356,16356,0,5944,15503,15503,0,14886,14886,0,9826,8584,1242,12.639934866680235,0,0.0
strict_symmetric,MG,40797,ARAXÁ,63006,63006,0,21347,59879,59879,0,56729,56729,0,39668,35614,4054,10.219824543712816,0,0.0
strict_symmetric,MG,40800,SARZEDO,21426,21426,0,7093,20154,20154,0,19121,19121,0,12539,11631,908,7.241406810750458,0,0.0
strict_symmetric,MG,40819,ARCEBURGO,6043,6039,-4,1988,5668,5668,0,5238,5238,0,3754,3415,339,9.030367607884923,0,0.0
strict_symmetric,MG,40827,SEM PEIXE,2653,2653,0,1534,2527,2527,0,2424,2424,0,1161,842,319,27.47631352282515,42,3.6175710594315245
strict_symmetric,MG,40835,ARCOS,26302,26302,0,8408,24832,24832,0,23435,23435,0,17542,14866,2676,15.254817010603125,0,0.0
strict_symmetric,MG,40843,SENADOR AMARAL,4778,4778,0,1372,4589,4589,0,4418,4418,0,3300,3050,250,7.575757575757576,0,0.0
strict_symmetric,MG,40851,AREADO,9048,9047,-1,2900,8584,8584,0,8163,8163,0,6244,5161,1083,17.344650864830236,96,1.5374759769378603
strict_symmetric,MG,40860,UBAPORANGA,8231,8231,0,3185,7902,7902,0,7606,7606,0,5002,4479,523,10.455817672930827,0,0.0
strict_symmetric,MG,40878,ARGIRITA,2438,2438,0,1434,2360,2360,0,2252,2252,0,1027,845,182,17.72151898734177,23,2.239532619279455
strict_symmetric,MG,40886,URUCUIA,5768,5765,-3,3034,5554,5554,0,5495,5495,0,3875,2238,1637,42.24516129032258,1141,29.44516129032258
strict_symmetric,MG,40894,ARINOS,10322,10307,-15,5115,9895,9895,0,9706,9706,0,6347,4349,1998,31.479439105089018,1140,17.961241531432172
strict_symmetric,MG,40908,VARGEM ALEGRE,4195,4195,0,1956,3990,3990,0,3851,3851,0,2371,1938,433,18.26233656684943,132,5.567271193589203
strict_symmetric,MG,40916,ASTOLFO DUTRA,8655,8655,0,3703,8265,8265,0,7870,7870,0,5274,4230,1044,19.795221843003414,322,6.105422828972317
strict_symmetric,MG,40924,JOSENÓPOLIS,2383,2383,0,1424,2212,2212,0,2248,2248,0,1765,718,1047,59.32011331444759,806,45.6657223796034
strict_symmetric,MG,40932,ATALÉIA,7658,7658,0,4475,7317,7317,0,7243,7243,0,4511,2601,1910,42.340944358235426,1328,29.439148747506096
strict_symmetric,MG,40940,JUVENÍLIA,3927,3927,0,2241,3761,3761,0,3711,3711,0,2335,1368,967,41.41327623126338,649,27.79443254817987
strict_symmetric,MG,40959,AUGUSTO DE LIMA,3101,3101,0,1501,2947,2947,0,2878,2878,0,1917,1278,639,33.333333333333336,317,16.53625456442358
strict_symmetric,MG,40967,LEME DO PRADO,3065,3065,0,1899,2926,2926,0,2837,2837,0,1222,882,340,27.823240589198036,56,4.582651391162029
strict_symmetric,MG,40975,BAEPENDI,12336,12336,0,3846,11735,11735,0,11288,11288,0,8172,7209,963,11.784140969162996,0,0.0
strict_symmetric,MG,40983,LUISBURGO,4645,4644,-1,1632,4450,4450,0,4341,4341,0,2889,2592,297,10.280373831775702,0,0.0
strict_symmetric,MG,40991,BALDIM,5685,5685,0,2375,5405,5405,0,5300,5300,0,3586,2610,976,27.216954824316787,276,7.69659788064696
strict_symmetric,MG,41009,LUISLÂNDIA,4856,4856,0,3584,4708,4708,0,4640,4640,0,2441,974,1467,60.09832036050799,1169,47.89020893076608
strict_symmetric,MG,41017,BAMBUÍ,14059,14059,0,5851,13270,13270,0,12707,12707,0,9013,6561,2452,27.205148119383114,805,8.931543326306446
strict_symmetric,MG,41025,MÁRIO CAMPOS,9817,9817,0,3583,9155,9155,0,8679,8679,0,5838,4907,931,15.947242206235012,0,0.0
strict_symmetric,MG,41033,BANDEIRA,3218,3218,0,2237,2982,2982,0,2996,2996,0,2164,651,1513,69.91682070240296,1183,54.66728280961183
strict_symmetric,MG,41041,MARTINS SOARES,6323,6322,-1,2912,6033,6033,0,5805,5805,0,3827,2911,916,23.935197282466685,416,10.870133263652992
strict_symmetric,MG,41050,BANDEIRA DO SUL,4136,4136,0,1359,3944,3944,0,3772,3772,0,2711,2352,359,13.242345997786794,0,0.0
strict_symmetric,MG,41068,MIRAVÂNIA,2728,2728,0,1747,2588,2588,0,2529,2529,0,1457,710,747,51.269732326698694,476,32.66986959505834
strict_symmetric,MG,41076,BARÃO DE COCAIS,19178,19176,-2,7920,17714,17714,0,16504,16504,0,10597,8399,2198,20.741719354534304,0,0.0
strict_symmetric,MG,41084,MONTE FORMOSO,3069,3069,0,1968,2857,2857,0,2839,2839,0,1902,749,1153,60.62039957939012,801,42.11356466876972
strict_symmetric,MG,41092,BARÃO DE MONTE ALTO,4270,4270,0,2394,4116,4116,0,4007,4007,0,2403,1574,829,34.49854348730753,527,21.93091968372867
strict_symmetric,MG,41106,NATALÂNDIA,2743,2743,0,1319,2660,2660,0,2619,2619,0,1871,1203,668,35.702832709780864,447,23.890967397113844
strict_symmetric,MG,41114,BARBACENA,78398,78398,0,35266,73323,73323,0,66394,66394,0,38348,33670,4678,12.198810889746532,0,0.0
strict_symmetric,MG,41122,NINHEIRA,6286,6284,-2,3440,5809,5809,0,5781,5781,0,3617,2015,1602,44.29084876969865,771,21.316007741222005
strict_symmetric,MG,41130,BARRA LONGA,4133,4133,0,2513,3865,3865,0,3664,3664,0,1968,1190,778,39.53252032520325,348,17.682926829268293
strict_symmetric,MG,41149,NOVA BELÉM,2678,2678,0,1258,2559,2559,0,2475,2475,0,1432,1209,223,15.572625698324023,12,0.8379888268156425
strict_symmetric,MG,41157,TRÊS MARIAS,18101,18101,0,7107,17115,17115,0,16445,16445,0,11490,9042,2448,21.305483028720626,496,4.316797214969538
strict_symmetric,MG,41165,NOVA PORTEIRINHA,5030,5030,0,2737,4820,4820,0,4641,4641,0,2692,1899,793,29.457652303120355,399,14.821693907875186
strict_symmetric,MG,41173,BARROSO,13791,13791,0,6454,12656,12656,0,11266,11266,0,6894,5419,1475,21.39541630403249,0,0.0
strict_symmetric,MG,41181,NOVORIZONTE,3721,3721,0,1877,3475,3475,0,3480,3480,0,2550,1475,1075,42.15686274509804,706,27.686274509803923
strict_symmetric,MG,41190,BELA VISTA DE MINAS,6598,6598,0,3508,6240,6240,0,5890,5890,0,3289,2432,857,26.056552143508664,199,6.050471267862572
strict_symmetric,MG,41203,OLHOS D'ÁGUA,4034,4034,0,2554,3876,3876,0,3814,3814,0,1553,1129,424,27.30199613650998,73,4.700579523502897
strict_symmetric,MG,41211,BELMIRO BRAGA,2593,2593,0,1470,2497,2497,0,2421,2421,0,1488,933,555,37.29838709677419,365,24.52956989247312
strict_symmetric,MG,41220,ORATÓRIOS,3455,3455,0,2241,3253,3253,0,3042,3042,0,1382,889,493,35.67293777134588,168,12.15629522431259
strict_symmetric,MG,41238,BELO HORIZONTE,1502632,1498876,-3756,592037,1430488,1430488,0,1382936,1382936,0,699432,748332,0,0.0,0,0.0
strict_symmetric,MG,41246,ORIZÂNIA,5181,5180,-1,2489,5000,5000,0,4872,4872,0,3177,2316,861,27.101038715769594,485,15.265974189486938
strict_symmetric,MG,41254,BELO ORIENTE,15361,15360,-1,6621,14627,14627,0,14054,14054,0,10061,7501,2560,25.444786800516848,1321,13.129907563860451
strict_symmetric,MG,41262,PADRE CARVALHO,3276,3276,0,1940,3112,3112,0,3094,3094,0,1712,1009,703,41.06308411214953,376,21.962616822429908
strict_symmetric,MG,41270,BELO VALE,6828,6828,0,3205,6455,6455,0,6107,6107,0,3453,2855,598,17.318273964668403,0,0.0
strict_symmetric,MG,41289,PAI PEDRO,4178,4178,0,2736,3972,3972,0,3879,3879,0,1756,1123,633,36.04783599088838,314,17.88154897494305
strict_symmetric,MG,41297,BERILO,6020,6020,0,3957,5630,5630,0,5475,5475,0,2471,1469,1002,40.5503844597329,408,16.51153379198705
strict_symmetric,MG,41300,PATIS,3921,3921,0,2727,3769,3769,0,3760,3760,0,2030,887,1143,56.30541871921182,836,41.18226600985221
strict_symmetric,MG,41319,BERTÓPOLIS,3094,3094,0,1961,2975,2975,0,2901,2901,0,1264,942,322,25.474683544303797,131,10.363924050632912
strict_symmetric,MG,41327,PEDRA BONITA,5120,5120,0,2172,4849,4849,0,4835,4835,0,3237,2516,721,22.273710225517455,289,8.928019771393265
strict_symmetric,MG,41335,BETIM,247276,247033,-243,95603,231975,231975,0,217840,217840,0,135488,121938,13550,10.000885687293339,0,0.0
strict_symmetric,MG,41343,PIEDADE DE CARATINGA,5984,5984,0,2231,5686,5686,0,5531,5531,0,4315,3280,1035,23.986095017381228,562,13.02433371958285
strict_symmetric,MG,41351,BIAS FORTES,2828,2828,0,1690,2660,2660,0,2521,2521,0,1301,845,456,35.0499615680246,163,12.528823981552652
strict_symmetric,MG,41360,PINGO D'ÁGUA,3129,3129,0,1670,2955,2955,0,2765,2765,0,1687,1187,500,29.63841138114997,228,13.515115589804386
strict_symmetric,MG,41378,BICAS,8861,8861,0,3949,8451,8451,0,7942,7942,0,4676,4085,591,12.639007698887939,0,0.0
strict_symmetric,MG,41386,PINTÓPOLIS,4537,4537,0,2798,4353,4353,0,4270,4270,0,2466,1319,1147,46.51257096512571,727,29.480940794809406
strict_symmetric,MG,41394,BIQUINHAS,2023,2023,0,836,1917,1917,0,1895,1895,0,1235,1006,229,18.54251012145749,48,3.88663967611336
strict_symmetric,MG,41408,PONTO CHIQUE,2700,2700,0,1871,2583,2583,0,2588,2588,0,1538,655,883,57.41222366710013,709,46.09882964889467
strict_symmetric,MG,41416,BOA ESPERANÇA,24278,24277,-1,9021,23115,23115,0,21728,21728,0,15609,12879,2730,17.489909667499518,352,2.255109231853418
strict_symmetric,MG,41424,REDUTO,4484,4484,0,1916,4316,4316,0,4141,4141,0,2873,2201,672,23.390184476157327,305,10.616080751827358
strict_symmetric,MG,41432,BOCAINA DE MINAS,3389,3389,0,1360,3196,3196,0,3032,3032,0,2108,1626,482,22.865275142314992,79,3.747628083491461
strict_symmetric,MG,41440,SANTA BÁRBARA DO MONTE VERDE,2790,2790,0,1422,2669,2669,0,2597,2597,0,1535,1116,419,27.29641693811075,167,10.879478827361563
strict_symmetric,MG,41459,BOCAIÚVA,27974,27974,0,16819,26680,26680,0,25650,25650,0,11601,8609,2992,25.7908800965434,446,3.8444961641237825
strict_symmetric,MG,41467,SANTA CRUZ DE MINAS,5278,5278,0,1881,4967,4967,0,4653,4653,0,3183,2750,433,13.603518693056865,0,0.0
strict_symmetric,MG,41475,BOM DESPACHO,29939,29939,0,7553,28389,28389,0,27358,27358,0,21540,19010,2530,11.745589600742804,0,0.0
strict_symmetric,MG,41483,SANTA CRUZ DE SALINAS,3155,3155,0,2175,2955,2955,0,2929,2929,0,1081,608,473,43.755781683626275,101,9.343200740055504
strict_symmetric,MG,41491,BOM JARDIM DE MINAS,4986,4986,0,2288,4727,4727,0,4464,4464,0,2932,2125,807,27.52387448840382,234,7.980900409276944
strict_symmetric,MG,41505,SANTA HELENA DE MINAS,4022,4022,0,2539,3818,3818,0,3767,3767,0,1907,1163,744,39.01415836392239,424,22.233875196643943
strict_symmetric,MG,41513,BOM JESUS DA PENHA,2935,2935,0,882,2807,2807,0,2718,2718,0,2117,1719,398,18.80018894662258,64,3.0231459612659424
strict_symmetric,MG,41521,SANTO ANTÔNIO DO RETIRO,4979,4979,0,3076,4739,4739,0,4718,4718,0,2512,1481,1031,41.04299363057325,609,24.243630573248407
strict_symmetric,MG,41530,BOM JESUS DO AMPARO,3935,3935,0,1900,3673,3673,0,3512,3512,0,2134,1473,661,30.974695407685097,99,4.639175257731959
strict_symmetric,MG,41548,SÃO DOMINGOS DAS DORES,4751,4751,0,1929,4559,4559,0,4478,4478,0,2943,2479,464,15.766224940536867,121,4.111450900441726
strict_symmetric,MG,41556,BOM JESUS DO GALHO,8636,9453,817,3925,8129,8129,0,8653,8653,0,5604,3953,1651,29.461099214846538,893,15.935046395431835
strict_symmetric,MG,41564,SÃO FÉLIX DE MINAS,2762,2761,-1,1177,2662,2662,0,2604,2604,0,1562,1398,164,10.499359795134444,0,0.0
strict_symmetric,MG,41572,BOM REPOUSO,8264,8264,0,3018,7824,7824,0,7519,7519,0,5890,4440,1450,24.617996604414262,644,10.933786078098471
strict_symmetric,MG,41580,SÃO GERALDO DO BAIXIO,2428,2428,0,1024,2294,2294,0,2304,2304,0,1605,1182,423,26.35514018691589,201,12.523364485981308
strict_symmetric,MG,41599,BOM SUCESSO,11063,11063,0,4823,10298,10298,0,9825,9825,0,6873,4950,1923,27.979048450458315,633,9.2099519860323
strict_symmetric,MG,41602,SÃO JOÃO DAS MISSÕES,7496,7496,0,4897,7120,7120,0,6999,6999,0,3084,2084,1000,32.425421530479895,485,15.726329442282749
strict_symmetric,MG,41610,BONFIM,5596,5596,0,2302,5211,5211,0,4883,4883,0,3085,2436,649,21.037277147487845,0,0.0
strict_symmetric,MG,41629,SÃO JOAQUIM DE BICAS,19114,19114,0,8138,17953,17953,0,16944,16944,0,10725,8735,1990,18.554778554778554,0,0.0
strict_symmetric,MG,41637,BONFINÓPOLIS DE MINAS,3663,3661,-2,1722,3538,3538,0,3450,3450,0,2425,1534,891,36.74226804123711,484,19.95876288659794
strict_symmetric,MG,41645,SÃO JOSÉ DA BARRA,5247,5247,0,1951,5028,5028,0,4885,4885,0,3752,2740,1012,26.97228144989339,456,12.153518123667377
strict_symmetric,MG,41653,BORDA DA MATA,10648,10648,0,3275,10089,10089,0,9582,9582,0,7097,6191,906,12.76595744680851,0,0.0
strict_symmetric,MG,41661,ALTO CAPARAÓ,3796,3795,-1,1010,3698,3698,0,3647,3647,0,2626,2573,53,2.0182787509520184,0,0.0
strict_symmetric,MG,41670,BOTELHOS,9614,9614,0,4353,9179,9179,0,8757,8757,0,5558,4346,1212,21.80640518172004,297,5.343648794530407
strict_symmetric,MG,41688,ANGELÂNDIA,4967,4967,0,2069,4692,4692,0,4647,4647,0,3742,2383,1359,36.3174772848744,844,22.55478353821486
strict_symmetric,MG,41696,BOTUMIRIM,2260,4038,1778,1486,2104,2104,0,3734,3734,0,2496,544,1952,78.2051282051282,1722,68.99038461538461
strict_symmetric,MG,41700,ARICANDUVA,3782,3782,0,2016,3564,3564,0,3421,3421,0,2002,1310,692,34.565434565434565,236,11.788211788211788
strict_symmetric,MG,41718,BRASÍLIA DE MINAS,19651,19651,0,12141,18798,18798,0,18229,18229,0,10668,5953,4715,44.1976002999625,3158,29.60254968128984
strict_symmetric,MG,41726,BERIZAL,3356,3356,0,1952,3199,3199,0,3179,3179,0,1876,1064,812,43.28358208955224,472,25.15991471215352
strict_symmetric,MG,41734,BRÁS PIRES,3291,3291,0,1651,3108,3108,0,2988,2988,0,1665,1293,372,22.34234234234234,25,1.5015015015015014
strict_symmetric,MG,41742,BONITO DE MINAS,6063,6063,0,4263,5729,5729,0,5648,5648,0,4010,1188,2822,70.37406483790524,2210,55.11221945137157
strict_symmetric,MG,41750,BRAÚNAS,3009,3009,0,1494,2809,2809,0,2693,2693,0,1623,1214,409,25.200246457178064,108,6.654343807763401
strict_symmetric,MG,41769,BUGRE,3276,3275,-1,1297,3136,3136,0,3105,3105,0,2133,1724,409,19.17487107360525,154,7.219878105954055
strict_symmetric,MG,41777,BRAZÓPOLIS,9376,9376,0,3305,8814,8814,0,8327,8327,0,5502,4934,568,10.323518720465286,0,0.0
strict_symmetric,MG,41785,CABECEIRA GRANDE,4408,4408,0,1680,4256,4256,0,4143,4143,0,2988,2291,697,23.326639892904954,260,8.701472556894243
strict_symmetric,MG,41793,BRUMADINHO,27822,27821,-1,10586,26295,26295,0,25282,25282,0,16564,13718,2846,17.181840135233035,0,0.0
strict_symmetric,MG,41807,CAMPO AZUL,3090,3090,0,2083,2991,2991,0,2961,2961,0,1470,788,682,46.394557823129254,463,31.496598639455783
strict_symmetric,MG,41815,BUENO BRANDÃO,6580,6580,0,1663,6270,6270,0,5929,5929,0,3971,4288,0,0.0,0,0.0
strict_symmetric,MG,41823,CANTAGALO,2699,2699,0,1534,2530,2530,0,2437,2437,0,1416,875,541,38.206214689265536,251,17.725988700564972
strict_symmetric,MG,41831,BUENÓPOLIS,5459,5459,0,2762,5168,5168,0,4979,4979,0,3352,2072,1280,38.18615751789976,655,19.54057279236277
strict_symmetric,MG,41840,CATAS ALTAS,4007,4007,0,1710,3737,3737,0,3533,3533,0,2126,1614,512,24.082784571966133,0,0.0
strict_symmetric,MG,41858,BURITIS,15278,15273,-5,5572,14829,14829,0,14489,14489,0,11216,8613,2603,23.207917261055634,1510,13.462910128388017
strict_symmetric,MG,41866,CATUTI,3563,3563,0,2294,3399,3399,0,3329,3329,0,1862,976,886,47.58324382384533,593,31.84747583243824
strict_symmetric,MG,41874,BURITIZEIRO,15147,15147,0,6943,14130,14130,0,13738,13738,0,10669,6513,4156,38.95397881713375,2465,23.104320929796607
strict_symmetric,MG,41882,CHAPADA GAÚCHA,7119,7112,-7,3762,6865,6865,0,6768,6768,0,4393,2850,1543,35.12406100614614,1036,23.582972911450035
strict_symmetric,MG,41890,CABO VERDE,7449,7448,-1,3220,7113,7113,0,6783,6783,0,4401,3548,853,19.381958645762328,172,3.908202681208816
strict_symmetric,MG,41904,CÔNEGO MARINHO,4748,4748,0,3425,4522,4522,0,4317,4317,0,2348,869,1479,62.98977853492334,1025,43.654173764906304
strict_symmetric,MG,41912,CACHOEIRA DA PRATA,2846,2846,0,1154,2707,2707,0,2630,2630,0,1748,1350,398,22.76887871853547,56,3.203661327231121
strict_symmetric,MG,41920,CONFINS,5797,5797,0,2015,5546,5546,0,5397,5397,0,3681,3179,502,13.637598478674274,0,0.0
strict_symmetric,MG,41939,CACHOEIRA DE MINAS,8049,8049,0,2419,7611,7611,0,7306,7306,0,5388,4708,680,12.620638455827766,0,0.0
strict_symmetric,MG,41947,CÓRREGO FUNDO,4457,4457,0,1182,4186,4186,0,3986,3986,0,3115,2524,591,18.97271268057785,0,0.0
strict_symmetric,MG,41955,CACHOEIRA DOURADA,2016,2016,0,989,1968,1968,0,1902,1902,0,1183,831,352,29.754860524091292,156,13.186813186813186
strict_symmetric,MG,41963,CRISÓLITA,3282,3282,0,1927,3114,3114,0,3084,3084,0,1715,1070,645,37.60932944606414,360,20.99125364431487
strict_symmetric,MG,41971,CAETANÓPOLIS,7177,7177,0,2479,6728,6728,0,6430,6430,0,4441,3801,640,14.411168655708174,0,0.0
strict_symmetric,MG,41980,CUPARAQUE,3087,3087,0,1028,2993,2993,0,2967,2967,0,1973,1887,86,4.358844399391789,0,0.0
strict_symmetric,MG,41998,CAETÉ,26117,26117,0,11032,24433,24433,0,22847,22847,0,13429,11021,2408,17.931342616724997,0,0.0
strict_symmetric,MG,42005,CURRAL DE DENTRO,3234,5024,1790,1757,3063,3063,0,4709,4709,0,2212,1206,1006,45.479204339963836,735,33.22784810126582
strict_symmetric,MG,42013,CAIANA,3532,3532,0,1635,3343,3343,0,3216,3216,0,1652,1574,78,4.721549636803874,0,0.0
strict_symmetric,MG,42021,DELTA,5798,5798,0,2717,5480,5480,0,4931,4931,0,3762,2528,1234,32.801701222753856,681,18.10207336523126
strict_symmetric,MG,42030,CAJURI,3867,3867,0,2310,3636,3636,0,3383,3383,0,1433,1162,271,18.911374738311235,0,0.0
strict_symmetric,MG,42048,DOM BOSCO,2917,2915,-2,1008,2835,2835,0,2800,2800,0,2130,1696,434,20.375586854460092,221,10.375586854460094
strict_symmetric,MG,42056,CALDAS,8369,8369,0,2671,7944,7944,0,7537,7537,0,5457,4841,616,11.288253619204692,0,0.0
strict_symmetric,MG,42064,FREI LAGONEGRO,2716,2716,0,1482,2560,2560,0,2510,2510,0,1687,889,798,47.302904564315355,453,26.852400711321874
strict_symmetric,MG,42072,CAMACHO,2563,2563,0,1181,2393,2393,0,2344,2344,0,1817,1138,679,37.369290038525044,435,23.940561364887177
strict_symmetric,MG,42080,FRUTA DE LEITE,3286,3286,0,2115,2983,2983,0,2932,2932,0,1279,673,606,47.3807662236122,108,8.444096950742768
strict_symmetric,MG,42099,CAMANDUCAIA,13918,13918,0,4556,13118,13118,0,12101,12101,0,8927,8074,853,9.555281729584406,0,0.0
strict_symmetric,MG,42102,GAMELEIRAS,3774,3774,0,2319,3649,3649,0,3622,3622,0,1388,1193,195,14.048991354466859,0,0.0
strict_symmetric,MG,42110,CAMBUÍ,16922,16922,0,5482,15989,15989,0,14886,14886,0,9847,9438,409,4.153549304356657,0,0.0
strict_symmetric,MG,42129,GLAUCILÂNDIA,3222,3222,0,2014,3128,3128,0,2993,2993,0,1595,1002,593,37.17868338557994,387,24.26332288401254
strict_symmetric,MG,42137,CAMBUQUIRA,7452,7451,-1,3008,6996,6996,0,6644,6644,0,4785,3597,1188,24.82758620689655,341,7.126436781609195
strict_symmetric,MG,42145,GOIABEIRA,2354,2354,0,825,2252,2252,0,2220,2220,0,1224,1372,0,0.0,0,0.0
strict_symmetric,MG,42153,CAMPANÁRIO,2388,2388,0,1392,2270,2270,0,2214,2214,0,1360,823,537,39.48529411764706,364,26.764705882352942
strict_symmetric,MG,42161,GOIANÁ,3442,3442,0,1536,3295,3295,0,3158,3158,0,1788,1552,236,13.19910514541387,0,0.0
strict_symmetric,MG,42170,CAMPANHA,9480,9479,-1,2706,8971,8971,0,8457,8457,0,6259,5799,460,7.349416839750759,0,0.0
strict_symmetric,MG,42188,GUARACIAMA,4164,4164,0,3123,4019,4019,0,3904,3904,0,1547,769,778,50.29088558500323,506,32.70846800258565
strict_symmetric,MG,42196,CAMPESTRE,12997,12996,-1,3891,12228,12228,0,11555,11555,0,8353,7612,741,8.87106428827966,0,0.0
strict_symmetric,MG,42200,IBIRACATU,4108,4107,-1,2971,3956,3956,0,3870,3870,0,1559,894,665,42.6555484284798,422,27.06863373957665
strict_symmetric,MG,42218,CAMPINA VERDE,11012,11010,-2,4202,10603,10603,0,10171,10171,0,7431,5876,1555,20.925851164042523,621,8.356883326604764
strict_symmetric,MG,42226,IMBÉ DE MINAS,4487,4486,-1,2254,4327,4327,0,4244,4244,0,2679,1930,749,27.95819335572975,446,16.648002986188878
strict_symmetric,MG,42234,CAMPO BELO,29228,29228,0,9729,27488,27488,0,25980,25980,0,19480,16289,3191,16.380903490759753,0,0.0
strict_symmetric,MG,42242,INDAIABIRA,4574,4574,0,2280,4361,4361,0,4339,4339,0,2871,1962,909,31.661442006269592,577,20.097526994078716
strict_symmetric,MG,42250,CAMPO DO MEIO,7950,7950,0,3889,7564,7564,0,7222,7222,0,4471,3414,1057,23.641243569671214,410,9.170208007157235
strict_symmetric,MG,42269,JAPONVAR,6336,6336,0,4222,5981,5981,0,5884,5884,0,3218,1556,1662,51.64698570540708,1104,34.30702299564947
strict_symmetric,MG,42277,CAMPO FLORIDO,5085,5085,0,2096,4910,4910,0,4737,4737,0,3459,2630,829,23.96646429603932,470,13.587742122000579
strict_symmetric,MG,42285,JENIPAPO DE MINAS,3823,3823,0,2286,3568,3568,0,3542,3542,0,2256,1095,1161,51.462765957446805,719,31.870567375886523
strict_symmetric,MG,42293,CAMPOS ALTOS,7016,7016,0,2237,6672,6672,0,6417,6417,0,5049,4104,945,18.71657754010695,270,5.347593582887701
strict_symmetric,MG,42307,JOSÉ GONÇALVES DE MINAS,2711,2711,0,1579,2540,2540,0,2532,2532,0,1521,821,700,46.022353714661406,389,25.57527942143327
strict_symmetric,MG,42315,CAMPOS GERAIS,15354,15353,-1,5690,14491,14491,0,13761,13761,0,10205,8107,2098,20.558549730524252,541,5.301322880940715
strict_symmetric,MG,42323,JOSÉ RAYDAN,2919,2919,0,1575,2755,2755,0,2710,2710,0,1573,1078,495,31.46853146853147,229,14.55816910362365
strict_symmetric,MG,42331,CANAÃ,3690,3690,0,2262,3476,3476,0,3326,3326,0,1296,1048,248,19.135802469135804,0,0.0
strict_symmetric,MG,42340,SÃO SEBASTIÃO DA VARGEM ALEGRE,2447,2446,-1,1104,2314,2314,0,2216,2216,0,1323,1075,248,18.74527588813303,0,0.0
strict_symmetric,MG,42358,CANÁPOLIS,6477,6474,-3,3266,6262,6262,0,5941,5941,0,3220,2696,524,16.273291925465838,9,0.2795031055900621
strict_symmetric,MG,42366,SÃO SEBASTIÃO DO ANTA,4238,4238,0,1644,4031,4031,0,4008,4008,0,2996,2273,723,24.132176234979973,402,13.41789052069426
strict_symmetric,MG,42374,CANA VERDE,3989,3989,0,1695,3795,3795,0,3649,3649,0,2515,1901,614,24.41351888667992,221,8.78727634194831
strict_symmetric,MG,42382,SERRANÓPOLIS DE MINAS,3227,3227,0,1967,3080,3080,0,3027,3027,0,1554,1004,550,35.39253539253539,294,18.91891891891892
strict_symmetric,MG,42390,CANDEIAS,9101,9101,0,3411,8329,8329,0,7714,7714,0,5912,4407,1505,25.456698240866036,222,3.7550744248985115
strict_symmetric,MG,42404,SETUBINHA,6219,6219,0,3959,5782,5782,0,5728,5728,0,4103,1632,2471,60.2242261759688,1843,44.918352425054834
strict_symmetric,MG,42412,CAPARAÓ,3609,3607,-2,1219,3461,3461,0,3377,3377,0,1667,2091,0,0.0,0,0.0
strict_symmetric,MG,42420,TAPARUBA,3026,3026,0,1544,2907,2907,0,2877,2877,0,1905,1277,628,32.965879265091864,423,22.20472440944882
strict_symmetric,MG,42439,CAPELA NOVA,3797,3797,0,1935,3467,3467,0,3240,3240,0,1492,1336,156,10.455764075067025,0,0.0
strict_symmetric,MG,42447,UNIÃO DE MINAS,2431,2431,0,1185,2375,2375,0,2304,2304,0,1505,1113,392,26.046511627906977,259,17.209302325581394
strict_symmetric,MG,42455,CAPELINHA,23167,23166,-1,9706,21867,21867,0,21137,21137,0,15494,10988,4506,29.08222537756551,2033,13.121208209629534
strict_symmetric,MG,42463,URUANA DE MINAS,2721,2721,0,1099,2619,2619,0,2622,2622,0,2105,1361,744,35.34441805225653,483,22.94536817102138
strict_symmetric,MG,42471,CAPETINGA,4135,4135,0,1597,3907,3907,0,3730,3730,0,2736,2082,654,23.903508771929825,198,7.2368421052631575
strict_symmetric,MG,42480,VARGEM GRANDE DO RIO PARDO,3265,3265,0,1399,3137,3137,0,3115,3115,0,2147,1589,558,25.98975314392175,281,13.088029809035865
strict_symmetric,MG,42498,CAPIM BRANCO,6827,6827,0,2411,6433,6433,0,6170,6170,0,4146,3592,554,13.36227689339122,0,0.0
strict_symmetric,MG,42501,VARJÃO DE MINAS,5202,5202,0,1998,4993,4993,0,4886,4886,0,4098,2709,1389,33.89458272327965,894,21.815519765739385
strict_symmetric,MG,42510,CAPINÓPOLIS,8920,8920,0,3898,8641,8641,0,8353,8353,0,5994,4262,1732,28.895562228895564,972,16.216216216216218
strict_symmetric,MG,42528,VERDELÂNDIA,5108,5108,0,3283,4883,4883,0,4745,4745,0,2421,1456,965,39.85956216439488,596,24.617926476662536
strict_symmetric,MG,42536,CAPITÃO ENÉAS,9795,9795,0,5945,9286,9286,0,8867,8867,0,5344,2926,2418,45.24700598802395,1494,27.956586826347305
strict_symmetric,MG,42544,VEREDINHA,3963,3963,0,2210,3765,3765,0,3705,3705,0,1827,1313,514,28.133552271483307,74,4.050355774493705
strict_symmetric,MG,42552,CAPITÓLIO,6184,6184,0,1824,5934,5934,0,5792,5792,0,4361,3805,556,12.749369410685622,1,0.022930520522815866
strict_symmetric,MG,42560,VERMELHO NOVO,3894,3894,0,1851,3657,3657,0,3486,3486,0,2120,1640,480,22.641509433962263,77,3.6320754716981134
strict_symmetric,MG,42579,CAPUTIRA,6539,6539,0,3284,6131,6131,0,5788,5788,0,3754,2641,1113,29.64837506659563,499,13.292488012786361
strict_symmetric,MG,42587,TOCOS DO MOJI,3482,3482,0,1430,3292,3292,0,3152,3152,0,2075,1619,456,21.97590361445783,23,1.108433734939759
strict_symmetric,MG,42595,CARAÍ,10639,10639,0,6827,9890,9890,0,9609,9609,0,5384,2717,2667,49.53566121842496,1572,29.197622585438335
strict_symmetric,MG,42617,CARANAÍBA,2753,2753,0,1276,2535,2535,0,2426,2426,0,1210,1088,122,10.082644628099173,0,0.0
strict_symmetric,MG,42633,CARANDAÍ,16996,16996,0,7083,15661,15661,0,14118,14118,0,9144,7813,1331,14.55599300087489,0,0.0
strict_symmetric,MG,42650,CARANGOLA,18200,18197,-3,8137,17355,17355,0,16574,16574,0,10235,8384,1851,18.085002442598924,172,1.6805080605764533
strict_symmetric,MG,42676,CARATINGA,47222,47221,-1,18714,45035,45035,0,42671,42671,0,28431,24577,3854,13.555625901304914,0,0.0
strict_symmetric,MG,42692,CARBONITA,5955,5954,-1,2789,5558,5558,0,5459,5459,0,3722,2374,1348,36.217087587318645,556,14.93820526598603
strict_symmetric,MG,42714,CAREAÇU,4200,4200,0,1509,4035,4035,0,3871,3871,0,2609,2368,241,9.237255653507091,0,0.0
strict_symmetric,MG,42730,CARLOS CHAGAS,11190,11187,-3,5856,10604,10604,0,10348,10348,0,6733,4366,2367,35.15520570325263,1399,20.778256349324224
strict_symmetric,MG,42757,CARMÉSIA,1946,1945,-1,1007,1844,1844,0,1814,1814,0,558,705,0,0.0,0,0.0
strict_symmetric,MG,42773,CARMO DA CACHOEIRA,6991,6991,0,3310,6492,6492,0,6132,6132,0,4123,2855,1268,30.754305117632793,442,10.720349260247392
strict_symmetric,MG,42790,CARMO DA MATA,7648,7648,0,3618,7159,7159,0,6678,6678,0,4358,3100,1258,28.866452501147315,328,7.52638825149151
strict_symmetric,MG,42811,CARMO DE MINAS,7695,7695,0,2866,7203,7203,0,6928,6928,0,5119,4019,1100,21.488571986716156,290,5.6651689783160775
strict_symmetric,MG,42838,CARMO DO CAJURU,15442,15442,0,5213,14645,14645,0,14072,14072,0,10776,8390,2386,22.14179658500371,547,5.076095025983667
strict_symmetric,MG,42854,CARMO DO PARANAÍBA,17026,17024,-2,4509,16171,16171,0,15541,15541,0,12818,10964,1854,14.464034950850367,301,2.348260259010766
strict_symmetric,MG,42870,CARMO DO RIO CLARO,12322,12322,0,3987,11773,11773,0,11336,11336,0,8351,6980,1371,16.417195545443658,16,0.19159382109926956
strict_symmetric,MG,42897,CARMÓPOLIS DE MINAS,11785,11785,0,4392,11207,11207,0,10668,10668,0,7524,6160,1364,18.128654970760234,131,1.7410951621477937
strict_symmetric,MG,42919,CARRANCAS,2657,2657,0,1085,2514,2514,0,2423,2423,0,1615,1282,333,20.61919504643963,43,2.6625386996904026
strict_symmetric,MG,42935,CARVALHÓPOLIS,2675,2675,0,948,2542,2542,0,2429,2429,0,1737,1487,250,14.392630972941854,10,0.5757052389176741
strict_symmetric,MG,42951,CARVALHOS,3264,3264,0,1343,2980,2980,0,2772,2772,0,2079,1497,582,27.994227994227995,158,7.5998075998076
strict_symmetric,MG,42978,CASA GRANDE,2462,2462,0,822,2355,2355,0,2266,2266,0,1412,1352,60,4.2492917847025495,0,0.0
strict_symmetric,MG,42994,CASCALHO RICO,2919,2919,0,1035,2823,2823,0,2698,2698,0,2109,1640,469,22.238027501185396,225,10.668563300142248
strict_symmetric,MG,43010,CÁSSIA,9792,9792,0,3791,9279,9279,0,8773,8773,0,6183,4893,1290,20.86365841824357,182,2.9435549086204107
strict_symmetric,MG,43036,CONCEIÇÃO DA BARRA DE MINAS,2992,2992,0,1299,2809,2809,0,2672,2672,0,1977,1306,671,33.940313606474454,284,14.365199797673242
strict_symmetric,MG,43052,CATAGUASES,39504,39503,-1,20582,37632,37632,0,35101,35101,0,18795,15316,3479,18.51024208566108,0,0.0
strict_symmetric,MG,43079,CATAS ALTAS DA NORUEGA,3189,3189,0,1675,2990,2990,0,2861,2861,0,1637,1133,504,30.788026878436163,123,7.513744654856445
strict_symmetric,MG,43095,CAXAMBU,12585,12585,0,5437,11949,11949,0,11344,11344,0,6803,5781,1022,15.0227840658533,0,0.0
strict_symmetric,MG,43117,CEDRO DO ABAETÉ,1026,1026,0,393,990,990,0,972,972,0,849,550,299,35.217903415783276,216,25.441696113074205
strict_symmetric,MG,43133,CENTRAL DE MINAS,4437,4437,0,1874,4246,4246,0,4080,4080,0,2179,2268,0,0.0,0,0.0
strict_symmetric,MG,43150,CENTRALINA,5946,5946,0,3107,5728,5728,0,5299,5299,0,3428,2313,1115,32.52625437572929,589,17.182030338389733
strict_symmetric,MG,43176,CHÁCARA,3452,3452,0,1532,3326,3326,0,3220,3220,0,1733,1570,163,9.405654933641085,0,0.0
strict_symmetric,MG,43192,CHALÉ,4353,4349,-4,1942,4161,4161,0,4095,4095,0,2850,2111,739,25.92982456140351,439,15.403508771929825
strict_symmetric,MG,43214,CHAPADA DO NORTE,5807,5807,0,4207,5459,5459,0,5378,5378,0,2800,1038,1762,62.92857142857143,1200,42.857142857142854
strict_symmetric,MG,43230,CHIADOR,2611,2611,0,1046,2465,2465,0,2383,2383,0,1917,1264,653,34.063641105894625,352,18.362023995826814
strict_symmetric,MG,43257,CIPOTÂNEA,3932,3932,0,1985,3649,3649,0,3454,3454,0,2069,1451,618,29.86950217496375,122,5.8965683905268245
strict_symmetric,MG,43273,CLARAVAL,4011,4009,-2,1004,3901,3901,0,3748,3748,0,2718,2731,0,0.0,0,0.0
strict_symmetric,MG,43290,CLARO DOS POÇÕES,5807,5807,0,2890,5515,5515,0,5356,5356,0,3130,2323,807,25.782747603833865,213,6.805111821086262
strict_symmetric,MG,43311,CLÁUDIO,18369,18369,0,4597,17346,17346,0,16803,16803,0,13629,11761,1868,13.706067943356079,0,0.0
strict_symmetric,MG,43338,COIMBRA,5394,5394,0,2754,4982,4982,0,4633,4633,0,2349,1898,451,19.199659429544486,0,0.0
strict_symmetric,MG,43354,COLUNA,4834,4834,0,2468,4480,4480,0,4318,4318,0,2607,1762,845,32.41273494438052,241,9.24434215573456
strict_symmetric,MG,43370,COMENDADOR GOMES,2229,2229,0,848,2182,2182,0,2105,2105,0,1275,1246,29,2.2745098039215685,0,0.0
strict_symmetric,MG,43397,COMERCINHO,4681,4679,-2,3327,4449,4449,0,4339,4339,0,2244,1005,1239,55.213903743315505,890,39.66131907308378
strict_symmetric,MG,43419,CONCEIÇÃO DA APARECIDA,6439,6438,-1,2425,6160,6160,0,5910,5910,0,4354,3329,1025,23.541570969223702,340,7.808911345888838
strict_symmetric,MG,43435,CONCEIÇÃO DAS PEDRAS,2219,2219,0,778,2070,2070,0,2000,2000,0,1563,1157,406,25.97568777991043,122,7.805502239283429
strict_symmetric,MG,43451,CONCEIÇÃO DAS ALAGOAS,15441,15441,0,6964,14881,14881,0,13959,13959,0,9111,7421,1690,18.5490066952036,634,6.958621446603007
strict_symmetric,MG,43478,CONCEIÇÃO DE IPANEMA,3459,3459,0,1669,3356,3356,0,3304,3304,0,1882,1573,309,16.418703506907544,92,4.888416578108395
strict_symmetric,MG,43494,CONCEIÇÃO DO MATO DENTRO,14000,14000,0,7457,13041,13041,0,12321,12321,0,7606,4794,2812,36.97081251643439,1063,13.975808572179858
strict_symmetric,MG,43516,CONCEIÇÃO DO PARÁ,4298,4298,0,1147,4079,4079,0,4022,4022,0,3332,2698,634,19.027611044417768,181,5.432172869147659
strict_symmetric,MG,43532,CONCEIÇÃO DO RIO VERDE,7814,7814,0,3796,7308,7308,0,6905,6905,0,4843,3173,1670,34.48275862068966,825,17.0348957257898
strict_symmetric,MG,43559,CONCEIÇÃO DOS OUROS,7576,7576,0,2290,7186,7186,0,6837,6837,0,5261,4539,722,13.723626686941646,0,0.0
strict_symmetric,MG,43575,CONGONHAL,7897,7897,0,2285,7521,7521,0,7267,7267,0,5496,4864,632,11.499272197962155,0,0.0
strict_symmetric,MG,43591,CONGONHAS,34664,34664,0,14236,32436,32436,0,29806,29806,0,18731,15702,3029,16.171053334045165,0,0.0
strict_symmetric,MG,43613,CONGONHAS DO NORTE,3102,3102,0,1792,2799,2799,0,2681,2681,0,1452,864,588,40.49586776859504,142,9.77961432506887
strict_symmetric,MG,43630,CONQUISTA,4422,4422,0,1914,4237,4237,0,3965,3965,0,2845,2145,700,24.604569420035148,337,11.845342706502636
strict_symmetric,MG,43656,CONSELHEIRO LAFAIETE,78620,78619,-1,34018,73456,73456,0,67259,67259,0,38466,33638,4828,12.551344044090886,0,0.0
strict_symmetric,MG,43672,CONSELHEIRO PENA,12020,12020,0,4427,11546,11546,0,11246,11246,0,7315,6695,620,8.475734791524266,0,0.0
strict_symmetric,MG,43699,CONSOLAÇÃO,1522,1522,0,516,1448,1448,0,1383,1383,0,1115,877,238,21.345291479820627,109,9.77578475336323
strict_symmetric,MG,43710,CONTAGEM,375467,375184,-283,139596,355282,355282,0,339745,339745,0,199620,192498,7122,3.5677787796813947,0,0.0
strict_symmetric,MG,43737,COQUEIRAL,5963,5963,0,2276,5653,5653,0,5470,5470,0,4179,3061,1118,26.752811677434792,492,11.773151471643933
strict_symmetric,MG,43753,CORAÇÃO DE JESUS,15860,15858,-2,10327,15191,15191,0,14740,14740,0,8427,4224,4203,49.87540049839801,2894,34.34199596534947
strict_symmetric,MG,43770,CORDISBURGO,5451,5451,0,2520,5185,5185,0,4995,4995,0,2931,2385,546,18.62845445240532,0,0.0
strict_symmetric,MG,43796,CORDISLÂNDIA,2289,2289,0,1099,2186,2186,0,2126,2126,0,1576,1009,567,35.97715736040609,386,24.492385786802032
strict_symmetric,MG,43818,CORINTO,13842,13842,0,6787,13132,13132,0,12594,12594,0,8805,5636,3169,35.99091425326519,1750,19.875070982396366
strict_symmetric,MG,43834,COROACI,6125,6125,0,3029,5668,5668,0,5403,5403,0,3392,2472,920,27.12264150943396,296,8.726415094339623
strict_symmetric,MG,43850,COROMANDEL,18942,18942,0,5748,18159,18159,0,17615,17615,0,14643,11445,3198,21.839786928908012,1449,9.895513214505224
strict_symmetric,MG,43877,CORONEL FABRICIANO,59892,59892,0,21203,57433,57433,0,55139,55139,0,38784,33756,5028,12.964108910891088,95,0.2449463696369637
strict_symmetric,MG,43893,CORONEL MURTA,5450,5450,0,3450,5184,5184,0,4948,4948,0,2362,1580,782,33.107535986452156,362,15.325994919559696
strict_symmetric,MG,43915,CORONEL PACHECO,2490,2490,0,1194,2355,2355,0,2251,2251,0,1443,1044,399,27.65072765072765,147,10.187110187110187
strict_symmetric,MG,43931,CORONEL XAVIER CHAVES,2574,2574,0,1237,2383,2383,0,2276,2276,0,1299,1015,284,21.862971516551195,0,0.0
strict_symmetric,MG,43958,CÓRREGO DANTA,2407,2407,0,965,2293,2293,0,2265,2265,0,1722,1225,497,28.86178861788618,280,16.260162601626018
strict_symmetric,MG,43974,CÓRREGO DO BOM JESUS,3386,3386,0,1166,3195,3195,0,3004,3004,0,2048,1855,193,9.423828125,0,0.0
strict_symmetric,MG,43990,CÓRREGO NOVO,2910,2910,0,1602,2772,2772,0,2698,2698,0,1713,1093,620,36.19381202568593,405,23.642732049036777
strict_symmetric,MG,44016,COUTO DE MAGALHÃES DE MINAS,2779,2779,0,1825,2606,2606,0,2456,2456,0,1117,652,465,41.629364368845124,163,14.592658907788719
strict_symmetric,MG,44032,CRISTAIS,6737,6737,0,2463,6277,6277,0,5911,5911,0,4315,3513,802,18.586326767091542,41,0.9501738122827347
strict_symmetric,MG,44059,CRISTÁLIA,3722,3722,0,2363,3500,3500,0,3488,3488,0,2389,1010,1379,57.72289660946002,1030,43.11427375470908
strict_symmetric,MG,44075,CRISTIANO OTONI,3676,3676,0,1415,3390,3390,0,3031,3031,0,1911,1767,144,7.535321821036106,0,0.0
strict_symmetric,MG,44091,CRISTINA,6239,6239,0,2076,5808,5808,0,5535,5535,0,4067,3378,689,16.941234325055323,0,0.0
strict_symmetric,MG,44113,CRUCILÂNDIA,4324,4324,0,1535,4026,4026,0,3895,3895,0,2594,2217,377,14.533538936006169,0,0.0
strict_symmetric,MG,44130,CRUZEIRO DA FORTALEZA,3446,3446,0,1055,3352,3352,0,3289,3289,0,2840,2101,739,26.02112676056338,449,15.809859154929578
strict_symmetric,MG,44156,CRUZÍLIA,9864,9863,-1,4528,9305,9305,0,8891,8891,0,5544,4217,1327,23.935786435786436,208,3.751803751803752
strict_symmetric,MG,44172,CURVELO,46111,46111,0,18959,43610,43610,0,41010,41010,0,27747,22006,5741,20.69052510181281,595,2.144375968573179
strict_symmetric,MG,44199,DATAS,3752,3752,0,2467,3499,3499,0,3350,3350,0,2199,879,1320,60.027285129604365,914,41.564347430650294
strict_symmetric,MG,44210,DELFIM MOREIRA,5127,5127,0,1816,4830,4830,0,4600,4600,0,3229,2765,464,14.369773923815423,0,0.0
strict_symmetric,MG,44237,DELFINÓPOLIS,4693,4693,0,1737,4509,4509,0,4352,4352,0,2589,2552,37,1.429123213595983,0,0.0
strict_symmetric,MG,44253,DESCOBERTO,3606,3606,0,1698,3430,3430,0,3294,3294,0,1962,1469,493,25.127420998980632,54,2.7522935779816513
strict_symmetric,MG,44270,DESTERRO DE ENTRE RIOS,5105,5105,0,1533,4704,4704,0,4440,4440,0,3008,2865,143,4.753989361702128,0,0.0
strict_symmetric,MG,44296,DESTERRO DO MELO,3475,3475,0,1424,3252,3252,0,3126,3126,0,2082,1624,458,21.998078770413063,31,1.48895292987512
strict_symmetric,MG,44318,DIAMANTINA,28296,28296,0,16583,26948,26948,0,25565,25565,0,12481,8823,3658,29.308548994471597,768,6.1533530967069945
strict_symmetric,MG,44334,DIOGO DE VASCONCELOS,2894,2894,0,1814,2679,2679,0,2588,2588,0,1659,751,908,54.73176612417119,579,34.90054249547921
strict_symmetric,MG,44350,DIONÍSIO,4772,4772,0,2536,4589,4589,0,4418,4418,0,2356,1892,464,19.69439728353141,120,5.093378607809847
strict_symmetric,MG,44377,DIVINÉSIA,3994,3994,0,2293,3819,3819,0,3708,3708,0,2192,1375,817,37.27189781021898,491,22.39963503649635
strict_symmetric,MG,44393,DIVINO,11652,11651,-1,5863,11174,11174,0,10739,10739,0,6023,4940,1083,17.981072555205046,234,3.8851070894902873
strict_symmetric,MG,44415,DIVINO DAS LARANJEIRAS,3492,3492,0,1477,3342,3342,0,3285,3285,0,2129,1752,377,17.707844058243307,114,5.3546265852512915
strict_symmetric,MG,44431,DIVINOLÂNDIA DE MINAS,4562,4562,0,2096,4281,4281,0,4093,4093,0,2592,1946,646,24.92283950617284,126,4.861111111111111
strict_symmetric,MG,44458,DIVINÓPOLIS,139696,139445,-251,49403,132399,132399,0,129456,129456,0,98882,76023,22859,23.1174531259481,8589,8.686110717825287
strict_symmetric,MG,44474,DIVISA NOVA,3900,3899,-1,1712,3708,3708,0,3587,3587,0,2127,1842,285,13.399153737658674,0,0.0
strict_symmetric,MG,44490,DOM CAVATI,3484,3484,0,1380,3313,3313,0,3230,3230,0,2328,1831,497,21.348797250859107,224,9.621993127147766
strict_symmetric,MG,44512,DOM JOAQUIM,3046,3045,-1,1630,2802,2802,0,2693,2693,0,1653,1005,648,39.201451905626136,237,14.337568058076226
strict_symmetric,MG,44539,DOM SILVÉRIO,3384,3384,0,1836,3196,3196,0,2956,2956,0,1384,1169,215,15.534682080924856,0,0.0
strict_symmetric,MG,44555,DOM VIÇOSO,2547,2545,-2,1010,2441,2441,0,2350,2350,0,1570,1323,247,15.73248407643312,33,2.1019108280254777
strict_symmetric,MG,44571,DONA EUSÉBIA,4810,4810,0,2184,4632,4632,0,4511,4511,0,2848,2259,589,20.6811797752809,222,7.794943820224719
strict_symmetric,MG,44598,DORES DE CAMPOS,6917,6917,0,2540,6339,6339,0,5722,5722,0,3926,3370,556,14.161996943453897,0,0.0
strict_symmetric,MG,44610,DORES DE GUANHÃES,3730,3730,0,1962,3480,3480,0,3402,3402,0,1929,1389,540,27.993779160186627,161,8.346293416277865
strict_symmetric,MG,44636,DORES DO INDAIÁ,7567,7567,0,2446,7222,7222,0,7032,7032,0,5158,4403,755,14.637456378441255,37,0.7173322993408298
strict_symmetric,MG,44652,DORES DO TURVO,4092,4092,0,2123,3868,3868,0,3743,3743,0,2258,1594,664,29.406554472984944,289,12.798937112488929
strict_symmetric,MG,44679,DORESÓPOLIS,1539,1539,0,514,1474,1474,0,1440,1440,0,1204,886,318,26.411960132890364,179,14.867109634551495
strict_symmetric,MG,44695,DOURADOQUARA,1671,1671,0,721,1621,1621,0,1545,1545,0,1172,782,390,33.27645051194539,222,18.9419795221843
strict_symmetric,MG,44717,ELÓI MENDES,15638,15638,0,5123,14691,14691,0,13970,13970,0,10168,8702,1466,14.41778127458694,0,0.0
strict_symmetric,MG,44733,ENGENHEIRO CALDAS,5977,5977,0,2560,5675,5675,0,5527,5527,0,3880,2959,921,23.737113402061855,463,11.93298969072165
strict_symmetric,MG,44750,ENGENHEIRO NAVARRO,4708,4708,0,2920,4473,4473,0,4389,4389,0,2252,1320,932,41.3854351687389,464,20.603907637655418
strict_symmetric,MG,44776,ENTRE RIOS DE MINAS,9963,9963,0,4203,9397,9397,0,8895,8895,0,5510,4355,1155,20.961887477313976,0,0.0
strict_symmetric,MG,44792,ERVÁLIA,13217,13215,-2,6779,12007,12007,0,11101,11101,0,5513,4576,937,16.996190821694178,0,0.0
strict_symmetric,MG,44814,ESMERALDAS,43358,43358,0,18840,40645,40645,0,38275,38275,0,23428,19231,4197,17.914461328325082,0,0.0
strict_symmetric,MG,44830,ESPERA FELIZ,14087,14084,-3,6041,13289,13289,0,12623,12623,0,8580,6656,1924,22.424242424242426,534,6.223776223776224
strict_symmetric,MG,44857,ESPINOSA,18704,18703,-1,10628,18018,18018,0,17272,17272,0,10125,6647,3478,34.35061728395062,2049,20.237037037037037
strict_symmetric,MG,44873,ESPÍRITO SANTO DO DOURADO,4304,4303,-1,1645,4084,4084,0,3941,3941,0,2812,2245,567,20.163584637268848,153,5.440967283072546
strict_symmetric,MG,44890,ESTIVA,7813,7813,0,2556,7377,7377,0,7008,7008,0,4912,4375,537,10.932410423452769,0,0.0
strict_symmetric,MG,44911,ESTRELA DALVA,2173,2173,0,1179,2064,2064,0,2050,2050,0,1534,787,747,48.696219035202084,540,35.202086049543674
strict_symmetric,MG,44938,ESTRELA DO INDAIÁ,2037,2037,0,830,1932,1932,0,1938,1938,0,1599,1021,578,36.14759224515322,392,24.515322076297686
strict_symmetric,MG,44954,ESTRELA DO SUL,4646,4645,-1,2209,4443,4443,0,4223,4223,0,3017,2063,954,31.620815379516074,580,19.2243950944647
strict_symmetric,MG,44970,EUGENÓPOLIS,7011,7008,-3,2877,6716,6716,0,6486,6486,0,4250,3618,632,14.870588235294118,116,2.7294117647058824
strict_symmetric,MG,44997,EWBANK DA CÂMARA,3506,3506,0,1967,3370,3370,0,3214,3214,0,1798,1290,508,28.25361512791991,259,14.404894327030034
strict_symmetric,MG,45012,EXTREMA,32395,32393,-2,10793,30512,30512,0,27511,27511,0,19542,17936,1606,8.218196704533824,0,0.0
strict_symmetric,MG,45039,FAMA,2458,2458,0,864,2348,2348,0,2276,2276,0,1629,1391,238,14.610190300798036,35,2.1485573971761815
strict_symmetric,MG,45055,FARIA LEMOS,2653,2653,0,1385,2529,2529,0,2470,2470,0,1454,1052,402,27.64786795048143,186,12.792297111416781
strict_symmetric,MG,45071,FELÍCIO DOS SANTOS,3318,3318,0,1818,3101,3101,0,3040,3040,0,1819,1098,721,39.63716327652556,319,17.537108301264432
strict_symmetric,MG,45098,SÃO GONÇALO DO RIO PRETO,2190,2190,0,1416,2036,2036,0,1973,1973,0,1014,529,485,47.83037475345168,240,23.668639053254438
strict_symmetric,MG,45110,FELISBURGO,4088,4088,0,2471,3867,3867,0,3745,3745,0,1951,1234,717,36.75038441824705,334,17.119425935417734
strict_symmetric,MG,45136,FELIXLÂNDIA,9282,9282,0,4475,8769,8769,0,8323,8323,0,5679,3758,1921,33.82637788343018,872,15.35481598873041
strict_symmetric,MG,45152,FERNANDES TOURINHO,1993,1993,0,819,1891,1891,0,1818,1818,0,1210,1018,192,15.867768595041323,36,2.975206611570248
strict_symmetric,MG,45179,FERROS,5994,5992,-2,3407,5608,5608,0,5488,5488,0,2319,1980,339,14.618369987063389,0,0.0
strict_symmetric,MG,45195,FLORESTAL,5450,5450,0,2127,5179,5179,0,5012,5012,0,2955,2619,336,11.370558375634518,0,0.0
strict_symmetric,MG,45217,FORMIGA,42299,42298,-1,12491,39787,39787,0,37585,37585,0,27945,24405,3540,12.667740203972087,0,0.0
strict_symmetric,MG,45233,FORMOSO,4844,4843,-1,2304,4674,4674,0,4646,4646,0,3440,2102,1338,38.895348837209305,900,26.162790697674417
strict_symmetric,MG,45250,FORTALEZA DE MINAS,2375,2375,0,835,2227,2227,0,2132,2132,0,1522,1215,307,20.170827858081473,0,0.0
strict_symmetric,MG,45276,FORTUNA DE MINAS,2482,2482,0,1188,2386,2386,0,2288,2288,0,1445,1036,409,28.304498269896193,151,10.449826989619377
strict_symmetric,MG,45292,FRANCISCO BADARÓ,4624,4624,0,2670,4337,4337,0,4266,4266,0,2203,1468,735,33.36359509759419,249,11.302768951429869
strict_symmetric,MG,45314,FRANCISCO DUMONT,3320,3320,0,1763,3177,3177,0,3122,3122,0,1899,1252,647,34.07056345444971,342,18.009478672985782
strict_symmetric,MG,45330,FRANCISCO SÁ,14611,14610,-1,9160,13957,13957,0,13481,13481,0,6858,4235,2623,38.247302420530765,1407,20.516185476815398
strict_symmetric,MG,45357,FREI GASPAR,4421,4420,-1,2408,4117,4117,0,4182,4182,0,3288,1587,1701,51.73357664233577,1275,38.777372262773724
strict_symmetric,MG,45373,FREI INOCÊNCIO,5315,5315,0,2670,5113,5113,0,5009,5009,0,3547,2281,1266,35.69213419791373,902,25.42994079503806
strict_symmetric,MG,45390,FRONTEIRA,8098,8098,0,3656,7800,7800,0,7262,7262,0,5185,3883,1302,25.11089681774349,743,14.329797492767598
strict_symmetric,MG,45411,FRUTAL,31389,31388,-1,10858,30172,30172,0,28250,28250,0,21524,17995,3529,16.395651365917114,993,4.613454748188069
strict_symmetric,MG,45438,FUNILÂNDIA,4191,4191,0,1513,3985,3985,0,3891,3891,0,2771,2195,576,20.786719595813786,93,3.356189101407434
strict_symmetric,MG,45454,GALILÉIA,3883,3883,0,1734,3748,3748,0,3660,3660,0,2283,1898,385,16.86377573368375,134,5.869469995619799
strict_symmetric,MG,45470,GONÇALVES,3096,3096,0,895,2925,2925,0,2816,2816,0,1679,1822,0,0.0,0,0.0
strict_symmetric,MG,45497,GONZAGA,3242,3242,0,1557,2996,2996,0,2911,2911,0,1530,1298,232,15.163398692810457,0,0.0
strict_symmetric,MG,45519,GOUVEIA,7788,7788,0,4310,7272,7272,0,6979,6979,0,4660,2594,2066,44.33476394849785,1182,25.36480686695279
strict_symmetric,MG,45535,GOVERNADOR VALADARES,148641,148355,-286,48763,142283,142283,0,134247,134247,0,91059,88787,2272,2.4950856038392693,0,0.0
strict_symmetric,MG,45551,GRÃO MOGOL,8242,8240,-2,5198,7805,7805,0,7646,7646,0,3969,2349,1620,40.816326530612244,925,23.30561854371378
strict_symmetric,MG,45578,GRUPIARA,1421,1421,0,542,1375,1375,0,1319,1319,0,993,754,239,24.068479355488417,114,11.48036253776435
strict_symmetric,MG,45594,GUANHÃES,17032,17032,0,7571,15904,15904,0,14991,14991,0,9495,7392,2103,22.148499210110586,34,0.35808320168509744
strict_symmetric,MG,45616,GUAPÉ,8200,8200,0,2327,7679,7679,0,7417,7417,0,5784,4834,950,16.424619640387274,0,0.0
strict_symmetric,MG,45632,GUARACIABA,6106,6106,0,3539,5707,5707,0,5611,5611,0,2476,1785,691,27.907915993537966,0,0.0
strict_symmetric,MG,45659,GUARANÉSIA,11400,11399,-1,5442,10761,10761,0,9947,9947,0,5793,4680,1113,19.212843086483687,0,0.0
strict_symmetric,MG,45675,GUARANI,5204,5204,0,2893,4943,4943,0,4634,4634,0,2344,1819,525,22.397610921501705,33,1.4078498293515358
strict_symmetric,MG,45691,GUARARÁ,2910,2910,0,1305,2768,2768,0,2611,2611,0,1555,1313,242,15.562700964630226,0,0.0
strict_symmetric,MG,45713,GUARDA-MOR,4668,4666,-2,1580,4525,4525,0,4394,4394,0,3517,2722,795,22.604492465169177,429,12.197895934034689
strict_symmetric,MG,45730,GUAXUPÉ,29509,29506,-3,11785,27848,27848,0,25830,25830,0,16411,14593,1818,11.077935531046249,0,0.0
strict_symmetric,MG,45756,GUIDOVAL,5498,5498,0,2751,5238,5238,0,5030,5030,0,3425,2281,1144,33.4014598540146,678,19.795620437956206
strict_symmetric,MG,45772,GUIMARÂNIA,5354,5354,0,1691,5095,5095,0,4927,4927,0,4175,3042,1133,27.137724550898202,512,12.263473053892216
strict_symmetric,MG,45799,GUIRICEMA,6016,6015,-1,3005,5645,5645,0,5438,5438,0,3061,2351,710,23.195034302515516,50,1.633453119895459
strict_symmetric,MG,45810,GURINHATÃ,3744,3744,0,1402,3641,3641,0,3532,3532,0,2769,2039,730,26.363308053448897,427,15.420729505236547
strict_symmetric,MG,45837,HELIODORA,4335,4335,0,1758,4084,4084,0,4047,4047,0,3218,1907,1311,40.73958980733375,641,19.919204474829087
strict_symmetric,MG,45853,IAPU,6273,6273,0,2541,5969,5969,0,5750,5750,0,3729,3239,490,13.140252078305176,0,0.0
strict_symmetric,MG,45870,IBERTIOGA,3841,3841,0,2191,3664,3664,0,3432,3432,0,1867,1282,585,31.333690412426353,217,11.622924477771827
strict_symmetric,MG,45896,IBIÁ,12582,12580,-2,4647,12030,12030,0,11509,11509,0,8138,6824,1314,16.146473334971738,203,2.494470385844188
strict_symmetric,MG,45918,IBIAÍ,4750,4750,0,3120,4535,4535,0,4467,4467,0,2095,1240,855,40.81145584725537,465,22.195704057279237
strict_symmetric,MG,45934,IBIRACI,7228,7228,0,2573,6937,6937,0,6673,6673,0,4841,4099,742,15.327411691799215,186,3.8421813674860568
strict_symmetric,MG,45950,IBIRITÉ,98887,98858,-29,39349,92524,92524,0,87032,87032,0,51017,46667,4350,8.5265695748476,0,0.0
strict_symmetric,MG,45977,IBITIÚRA DE MINAS,2850,2850,0,620,2723,2723,0,2624,2624,0,2245,2000,245,10.913140311804009,15,0.6681514476614699
strict_symmetric,MG,45993,IBITURUNA,2024,2024,0,828,1927,1927,0,1875,1875,0,1383,1007,376,27.187274041937815,187,13.521330441070138
strict_symmetric,MG,46019,IGARAPÉ,26961,26961,0,9974,25495,25495,0,24088,24088,0,15511,13624,1887,12.165559925214364,0,0.0
strict_symmetric,MG,46035,IGARATINGA,6710,6710,0,2111,6329,6329,0,6161,6161,0,5220,3854,1366,26.168582375478927,621,11.89655172413793
strict_symmetric,MG,46051,IGUATAMA,4724,4724,0,2058,4438,4438,0,4260,4260,0,3221,2193,1028,31.915554175721827,555,17.230673703818688
strict_symmetric,MG,46078,IJACI,4453,4726,273,1781,4111,4111,0,4169,4169,0,3025,2103,922,30.479338842975206,353,11.669421487603305
strict_symmetric,MG,46094,ILICÍNEA,7645,7645,0,3237,7302,7302,0,6959,6959,0,4853,3742,1111,22.893055841747373,445,9.169585823202143
strict_symmetric,MG,46116,INCONFIDENTES,5079,5079,0,1802,4853,4853,0,4592,4592,0,3310,2824,486,14.682779456193353,33,0.9969788519637462
strict_symmetric,MG,46132,INDIANÓPOLIS,4097,4097,0,1785,3930,3930,0,3762,3762,0,2579,1942,637,24.699495928654517,267,10.352849941837922
strict_symmetric,MG,46159,INGAÍ,2328,2328,0,1043,2183,2183,0,2086,2086,0,1460,1039,421,28.835616438356166,175,11.986301369863014
strict_symmetric,MG,46175,INHAPIM,14830,14830,0,5930,14266,14266,0,13852,13852,0,9508,7902,1606,16.89103912494741,608,6.394615061001262
strict_symmetric,MG,46191,INHAÚMA,4510,4510,0,1771,4256,4256,0,4168,4168,0,2907,2238,669,23.01341589267286,168,5.779153766769866
strict_symmetric,MG,46213,INIMUTABA,4812,4812,0,2195,4551,4551,0,4334,4334,0,3085,2065,1020,33.06320907617504,468,15.170178282009724
strict_symmetric,MG,46230,IPANEMA,11560,11557,-3,4884,11034,11034,0,10802,10802,0,7630,5733,1897,24.862385321100916,954,12.503276539973788
strict_symmetric,MG,46256,IPATINGA,133577,133385,-192,40448,128537,128537,0,123429,123429,0,87809,82491,5318,6.056326800214101,0,0.0
strict_symmetric,MG,46272,IPIAÇU,2773,2772,-1,1331,2686,2686,0,2592,2592,0,1829,1238,591,32.31273920174959,387,21.159103335155823
strict_symmetric,MG,46299,IPUIÚNA,6152,6152,0,1994,5876,5876,0,5692,5692,0,3416,3604,0,0.0,0,0.0
strict_symmetric,MG,46310,IRAÍ DE MINAS,5472,5472,0,1801,5241,5241,0,5123,5123,0,4091,3198,893,21.828403813248595,420,10.266438523588365
strict_symmetric,MG,46337,ITABIRA,72453,72451,-2,30883,67463,67463,0,62991,62991,0,37267,32005,5262,14.119730592749617,0,0.0
strict_symmetric,MG,46353,ITABIRINHA,7083,7082,-1,3105,6786,6786,0,6599,6599,0,3465,3485,0,0.0,0,0.0
strict_symmetric,MG,46370,ITABIRITO,35175,35174,-1,13370,32578,32578,0,30274,30274,0,18464,16272,2192,11.871750433275563,0,0.0
strict_symmetric,MG,46396,ITACAMBIRA,3661,3661,0,2521,3494,3494,0,3477,3477,0,1989,840,1149,57.76772247360483,849,42.68476621417798
strict_symmetric,MG,46418,ITACARAMBI,9878,9878,0,6033,9392,9392,0,8947,8947,0,4460,3036,1424,31.928251121076233,615,13.789237668161435
strict_symmetric,MG,46434,ITAGUARA,8851,8851,0,3019,8142,8142,0,7577,7577,0,5289,4406,883,16.695027415390435,0,0.0
strict_symmetric,MG,46450,ITAIPÉ,6619,6619,0,3520,6177,6177,0,6051,6051,0,4165,2383,1782,42.78511404561825,1066,25.594237695078032
strict_symmetric,MG,46477,ITAJUBÁ,54696,54693,-3,15948,51946,51946,0,49150,49150,0,34808,33417,1391,3.99620776832912,0,0.0
strict_symmetric,MG,46493,ITAMARANDIBA,20009,20009,0,8824,18758,18758,0,17937,17937,0,12860,8152,4708,36.60964230171073,1675,13.024883359253499
strict_symmetric,MG,46515,ITAMARATI DE MINAS,3079,3079,0,1568,2920,2920,0,2841,2841,0,1622,1186,436,26.88039457459926,111,6.843403205918619
strict_symmetric,MG,46531,ITAMBACURI,12520,12520,0,7168,11790,11790,0,11480,11480,0,7066,4241,2825,39.980186810076425,1714,24.257005377865838
strict_symmetric,MG,46558,ITAMBÉ DO MATO DENTRO,2065,2065,0,1165,1954,1954,0,1879,1879,0,840,674,166,19.761904761904763,0,0.0
strict_symmetric,MG,46574,ITAMOGI,6853,6853,0,2530,6452,6452,0,6005,6005,0,4154,3625,529,12.73471352912855,0,0.0
strict_symmetric,MG,46590,ITAMONTE,9588,9588,0,2935,9079,9079,0,8609,8609,0,5946,5638,308,5.179952909519004,0,0.0
strict_symmetric,MG,46612,ITANHANDU,9955,9955,0,3542,9491,9491,0,8966,8966,0,5992,5263,729,12.166221628838452,0,0.0
strict_symmetric,MG,46639,ITANHOMI,6987,6987,0,3242,6634,6634,0,6592,6592,0,4466,3112,1354,30.3179579041648,721,16.144200626959247
strict_symmetric,MG,46655,ITAOBIM,11918,11915,-3,6035,11217,11217,0,10723,10723,0,6576,4847,1729,26.29257907542579,693,10.538321167883211
strict_symmetric,MG,46671,ITAPAGIPE,7905,7903,-2,2767,7660,7660,0,7457,7457,0,5295,4406,889,16.789423984891407,157,2.9650613786591125
strict_symmetric,MG,46698,ITAPECERICA,14346,14345,-1,5723,13414,13414,0,12980,12980,0,9784,6943,2841,29.037203597710548,1161,11.86631234668847
strict_symmetric,MG,46710,ITAPEVA,7026,7026,0,1977,6610,6610,0,6220,6220,0,4883,4384,499,10.219127585500717,0,0.0
strict_symmetric,MG,46736,ITATIAIUÇU,9608,9608,0,2773,9062,9062,0,8699,8699,0,6684,5781,903,13.509874326750449,0,0.0
strict_symmetric,MG,46752,ITAÚNA,56012,56010,-2,14521,52844,52844,0,50412,50412,0,38449,35210,3239,8.424146271684569,0,0.0
strict_symmetric,MG,46779,ITAVERAVA,4731,4731,0,2277,4423,4423,0,4173,4173,0,2783,1912,871,31.29716133668703,329,11.821775062881782
strict_symmetric,MG,46795,ITINGA,8208,8208,0,5602,7829,7829,0,7616,7616,0,3658,2072,1586,43.357025697102245,1052,28.75888463641334
strict_symmetric,MG,46817,ITUETA,3969,3969,0,1301,3824,3824,0,3745,3745,0,2302,2443,0,0.0,0,0.0
strict_symmetric,MG,46833,ITUIUTABA,57105,57103,-2,25289,55268,55268,0,52171,52171,0,34833,26399,8434,24.212671891597047,3017,8.661326902649787
strict_symmetric,MG,46850,ITUMIRIM,4706,4706,0,1967,4375,4375,0,4084,4084,0,2802,2130,672,23.98286937901499,63,2.2483940042826553
strict_symmetric,MG,46876,ITURAMA,22049,22037,-12,9402,21294,21294,0,20398,20398,0,15312,11040,4272,27.899686520376175,2665,17.404649947753395
strict_symmetric,MG,46892,ITUTINGA,2877,2877,0,1254,2647,2647,0,2524,2524,0,1817,1263,554,30.489818381948265,194,10.676940011007154
strict_symmetric,MG,46914,JABOTICATUBAS,12450,12450,0,5241,11792,11792,0,11522,11522,0,7736,5653,2083,26.926059979317476,527,6.812306101344364
strict_symmetric,MG,46930,JACINTO,6350,6348,-2,3705,5940,5940,0,5827,5827,0,3728,2102,1626,43.61587982832618,1083,29.050429184549355
strict_symmetric,MG,46957,JACUÍ,4881,4881,0,1091,4596,4596,0,4407,4407,0,3639,3214,425,11.679032701291563,0,0.0
strict_symmetric,MG,46973,JACUTINGA,14814,14814,0,3173,14164,14164,0,13541,13541,0,10922,10431,491,4.495513642190075,0,0.0
strict_symmetric,MG,46990,JAGUARAÇU,2592,2592,0,1053,2474,2474,0,2386,2386,0,1793,1346,447,24.930284439486893,254,14.166201896263246
strict_symmetric,MG,47015,JANAÚBA,42923,42923,0,20155,40873,40873,0,38642,38642,0,22748,18927,3821,16.797081062071392,0,0.0
strict_symmetric,MG,47031,JANUÁRIA,36555,36554,-1,24776,35071,35071,0,33563,33563,0,15112,9073,6039,39.96161990471149,3333,22.055320275277925
strict_symmetric,MG,47058,JAPARAÍBA,3062,3062,0,1018,2937,2937,0,2841,2841,0,2150,1679,471,21.906976744186046,106,4.930232558139535
strict_symmetric,MG,47074,JECEABA,4786,4786,0,2061,4491,4491,0,4168,4168,0,2445,2043,402,16.441717791411044,0,0.0
strict_symmetric,MG,47090,JEQUERI,7535,7535,0,4313,7003,7003,0,6763,6763,0,3655,2386,1269,34.719562243502054,433,11.846785225718195
strict_symmetric,MG,47112,JEQUITAÍ,4448,4448,0,2667,4190,4190,0,4049,4049,0,2330,1356,974,41.802575107296136,549,23.56223175965665
strict_symmetric,MG,47139,JEQUITIBÁ,4749,4749,0,1916,4502,4502,0,4375,4375,0,3052,2279,773,25.327653997378768,219,7.175622542595019
strict_symmetric,MG,47155,JEQUITINHONHA,12319,12319,0,8358,11700,11700,0,11409,11409,0,4726,3013,1713,36.24629707998307,765,16.18705035971223
strict_symmetric,MG,47171,JESUÂNIA,3447,3447,0,1242,3259,3259,0,3144,3144,0,2511,1775,736,29.311031461569097,306,12.186379928315413
strict_symmetric,MG,47198,JOAÍMA,6092,7649,1557,3939,5684,5684,0,6904,6904,0,3597,1576,2021,56.18571031415068,1444,40.14456491520712
strict_symmetric,MG,47210,JOANÉSIA,3613,3613,0,1694,3429,3429,0,3254,3254,0,2192,1594,598,27.28102189781022,273,12.454379562043796
strict_symmetric,MG,47236,JOÃO MONLEVADE,46909,46908,-1,19003,44190,44190,0,41437,41437,0,24934,22715,2219,8.899494665918024,0,0.0
strict_symmetric,MG,47252,JOÃO PINHEIRO,28601,28594,-7,10009,27501,27501,0,26487,26487,0,21383,16185,5198,24.309030538278073,2791,13.052424823457887
strict_symmetric,MG,47279,JOAQUIM FELÍCIO,2584,2584,0,1225,2439,2439,0,2402,2402,0,1326,1116,210,15.83710407239819,0,0.0
strict_symmetric,MG,47295,JORDÂNIA,5468,5468,0,2913,5125,5125,0,5011,5011,0,3020,2037,983,32.549668874172184,465,15.397350993377483
strict_symmetric,MG,47317,NOVA UNIÃO,4308,4308,0,1914,4091,4091,0,3825,3825,0,2339,1815,524,22.402736212056436,0,0.0
strict_symmetric,MG,47333,JUIZ DE FORA,322505,321715,-790,151552,305690,305690,0,282221,282221,0,146308,137533,8775,5.997621456106296,0,0.0
strict_symmetric,MG,47350,JURAMENTO,3697,3697,0,2177,3533,3533,0,3423,3423,0,1795,1246,549,30.584958217270195,275,15.32033426183844
strict_symmetric,MG,47376,JURUAIA,7506,7505,-1,2072,7213,7213,0,6967,6967,0,5281,4660,621,11.759136527172885,0,0.0
strict_symmetric,MG,47392,LADAINHA,8124,8124,0,4853,7403,7403,0,7380,7380,0,5153,2327,2826,54.841839705026196,1882,36.522414127692606
strict_symmetric,MG,47414,LAGAMAR,4964,4964,0,1766,4806,4806,0,4740,4740,0,3816,2814,1002,26.257861635220127,618,16.19496855345912
strict_symmetric,MG,47430,LAGOA DA PRATA,28487,28487,0,8554,27120,27120,0,26011,26011,0,19988,17363,2625,13.132879727836702,55,0.27516509905943565
strict_symmetric,MG,47457,LAGOA DOS PATOS,2740,2740,0,1412,2601,2601,0,2577,2577,0,1552,1060,492,31.701030927835053,224,14.43298969072165
strict_symmetric,MG,47473,LAGOA DOURADA,8768,8768,0,3223,8067,8067,0,7416,7416,0,4996,4449,547,10.948759007205764,0,0.0
strict_symmetric,MG,47490,LAGOA FORMOSA,13002,13002,0,4301,12404,12404,0,11837,11837,0,9469,7429,2040,21.54398563734291,768,8.110676945823213
strict_symmetric,MG,47511,LAGOA SANTA,43627,43619,-8,13679,41528,41528,0,39800,39800,0,26156,25356,800,3.0585716470408317,0,0.0
strict_symmetric,MG,47538,LAJINHA,13110,13107,-3,5181,12482,12482,0,12069,12069,0,7774,6941,833,10.715204527913558,0,0.0
strict_symmetric,MG,47554,LAMBARI,13195,13195,0,4210,12518,12518,0,12094,12094,0,8604,7629,975,11.331938633193863,0,0.0
strict_symmetric,MG,47570,LAMIM,2757,2757,0,1569,2577,2577,0,2402,2402,0,1057,864,193,18.25922421948912,0,0.0
strict_symmetric,MG,47597,LARANJAL,4668,4668,0,1997,4494,4494,0,4326,4326,0,2680,2358,322,12.014925373134329,9,0.3358208955223881
strict_symmetric,MG,47619,LASSANCE,4389,4389,0,2284,4167,4167,0,4063,4063,0,2813,1603,1210,43.014575186633486,708,25.168858869534304
strict_symmetric,MG,47635,LAVRAS,57260,57260,0,21474,53276,53276,0,49366,49366,0,32540,28619,3921,12.049784880147511,0,0.0
strict_symmetric,MG,47651,LEANDRO FERREIRA,2575,2575,0,845,2472,2472,0,2420,2420,0,1949,1512,437,22.421754746023602,219,11.236531554643406
strict_symmetric,MG,47678,LEOPOLDINA,30447,30447,0,15286,29048,29048,0,27172,27172,0,14577,12316,2261,15.510736091102421,0,0.0
strict_symmetric,MG,47694,LIBERDADE,3446,3446,0,1726,3265,3265,0,3129,3129,0,1730,1364,366,21.15606936416185,10,0.5780346820809249
strict_symmetric,MG,47716,LIMA DUARTE,10928,10927,-1,6206,10306,10306,0,9600,9600,0,4788,3555,1233,25.75187969924812,66,1.3784461152882206
strict_symmetric,MG,47732,LUMINÁRIAS,3665,3665,0,1621,3366,3366,0,3254,3254,0,2084,1573,511,24.520153550863725,40,1.9193857965451055
strict_symmetric,MG,47759,LUZ,10679,10679,0,3641,10115,10115,0,9710,9710,0,7142,5957,1185,16.59199103892467,104,1.4561747409689163
strict_symmetric,MG,47775,MACHACALIS,4472,4472,0,2419,4292,4292,0,4198,4198,0,2555,1719,836,32.720156555772995,502,19.64774951076321
strict_symmetric,MG,47791,MACHADO,23169,23168,-1,7234,21763,21763,0,20718,20718,0,16391,13558,2833,17.283875297419314,456,2.7820145201635045
strict_symmetric,MG,47813,MADRE DE DEUS DE MINAS,3653,3653,0,1676,3397,3397,0,3180,3180,0,1965,1519,446,22.697201017811704,0,0.0
strict_symmetric,MG,47830,MALACACHETA,10636,10635,-1,5763,10032,10032,0,9811,9811,0,6423,3907,2516,39.17172660750428,1550,24.13202553323992
strict_symmetric,MG,47856,MANGA,11533,11533,0,6711,10999,10999,0,10703,10703,0,5758,4022,1736,30.149357415769366,936,16.25564432094477
strict_symmetric,MG,47872,MANHUAÇU,47704,47703,-1,17692,45688,45688,0,43723,43723,0,30725,26209,4516,14.698128559804719,713,2.320585842148088
strict_symmetric,MG,47899,MANHUMIRIM,12673,12673,0,5574,12067,12067,0,11497,11497,0,7113,6011,1102,15.492759735695206,14,0.19682271896527484
strict_symmetric,MG,47910,MANTENA,14836,14832,-4,5172,14316,14316,0,13892,13892,0,9759,8690,1069,10.953991187621682,95,0.9734603955323291
strict_symmetric,MG,47937,MARAVILHAS,5196,5196,0,1616,4980,4980,0,4879,4879,0,4088,2994,1094,26.761252446183953,508,12.426614481409002
strict_symmetric,MG,47953,MAR DE ESPANHA,8419,8419,0,3419,7992,7992,0,7660,7660,0,4584,4157,427,9.31500872600349,0,0.0
strict_symmetric,MG,47970,MARIA DA FÉ,9712,9711,-1,3222,9245,9245,0,8871,8871,0,6283,5551,732,11.650485436893204,0,0.0
strict_symmetric,MG,47996,MARIANA,40170,40170,0,21541,37006,37006,0,33282,33282,0,17015,12924,4091,24.043491037320013,0,0.0
strict_symmetric,MG,48011,MARILAC,3492,3492,0,1798,3304,3304,0,3205,3205,0,2218,1388,830,37.42110009017132,524,23.6248872858431
strict_symmetric,MG,48038,MARIPÁ DE MINAS,2486,2486,0,1026,2365,2365,0,2246,2246,0,1390,1210,180,12.949640287769784,0,0.0
strict_symmetric,MG,48054,MARLIÉRIA,3488,3488,0,1556,3351,3351,0,3244,3244,0,2209,1649,560,25.350837483023994,277,12.539610683567226
strict_symmetric,MG,48070,MARMELÓPOLIS,2416,2416,0,989,2276,2276,0,2179,2179,0,1230,1141,89,7.235772357723577,0,0.0
strict_symmetric,MG,48097,MARTINHO CAMPOS,8481,8481,0,2379,8082,8082,0,7815,7815,0,6250,5255,995,15.92,148,2.368
strict_symmetric,MG,48119,MATERLÂNDIA,2871,2871,0,1867,2660,2660,0,2501,2501,0,1258,697,561,44.5945945945946,254,20.190779014308426
strict_symmetric,MG,48135,MATEUS LEME,21698,21698,0,7717,20143,20143,0,19049,19049,0,12894,10850,2044,15.852334419109663,0,0.0
strict_symmetric,MG,48151,MATIAS BARBOSA,9444,9444,0,4471,8960,8960,0,8399,8399,0,4893,4077,816,16.676885346413243,0,0.0
strict_symmetric,MG,48178,MATIPÓ,11954,11953,-1,5578,11301,11301,0,11023,11023,0,7218,5419,1799,24.923801607093377,842,11.665281241341091
strict_symmetric,MG,48194,MATO VERDE,8910,8910,0,5025,8497,8497,0,8152,8152,0,5255,3229,2026,38.553758325404374,1370,26.070409134157945
strict_symmetric,MG,48216,MATOZINHOS,23432,23432,0,9068,21866,21866,0,20650,20650,0,13133,11106,2027,15.4344018883728,0,0.0
strict_symmetric,MG,48232,MATUTINA,2608,2608,0,848,2464,2464,0,2416,2416,0,1965,1476,489,24.885496183206108,205,10.432569974554708
strict_symmetric,MG,48259,MEDEIROS,2557,2557,0,852,2459,2459,0,2386,2386,0,1910,1510,400,20.94240837696335,205,10.732984293193716
strict_symmetric,MG,48275,MEDINA,11940,11935,-5,7026,11206,11206,0,11033,11033,0,7144,3873,3271,45.786674132138856,2230,31.215005599104142
strict_symmetric,MG,48291,MENDES PIMENTEL,3685,3685,0,1727,3514,3514,0,3370,3370,0,1799,1654,145,8.060033351862145,0,0.0
strict_symmetric,MG,48313,MERCÊS,6443,6443,0,3396,6057,6057,0,5753,5753,0,3478,2300,1178,33.87004025301898,431,12.39217941345601
strict_symmetric,MG,48330,MESQUITA,3692,3692,0,1678,3520,3520,0,3361,3361,0,2232,1695,537,24.059139784946236,218,9.767025089605735
strict_symmetric,MG,48356,MINAS NOVAS,14773,14771,-2,9519,13681,13681,0,13671,13671,0,10114,3754,6360,62.88313229187265,4860,48.052204864544194
strict_symmetric,MG,48372,MINDURI,2503,2503,0,1115,2358,2358,0,2264,2264,0,1595,1142,453,28.401253918495296,207,12.978056426332289
strict_symmetric,MG,48399,MIRABELA,8709,8709,0,5330,8385,8385,0,8205,8205,0,5074,2635,2439,48.06858494284588,1695,33.405597162002366
strict_symmetric,MG,48410,MIRADOURO,6418,6416,-2,3113,6073,6073,0,5811,5811,0,3233,2742,491,15.187132694092174,0,0.0
strict_symmetric,MG,48437,MIRAÍ,8329,8329,0,3298,7900,7900,0,7648,7648,0,5131,4235,896,17.462482946793997,100,1.9489378288832586
strict_symmetric,MG,48453,MOEDA,4304,4304,0,1734,4078,4078,0,3900,3900,0,2439,2064,375,15.375153751537516,0,0.0
strict_symmetric,MG,48470,MOEMA,5420,5420,0,1844,5196,5196,0,5122,5122,0,3964,3012,952,24.01614530776993,388,9.788092835519677
strict_symmetric,MG,48496,MONJOLOS,1695,1695,0,908,1606,1606,0,1599,1599,0,1236,620,616,49.83818770226537,449,36.32686084142395
strict_symmetric,MG,48518,MONSENHOR PAULO,5355,5355,0,2146,5036,5036,0,4806,4806,0,3119,2700,419,13.433792882334082,0,0.0
strict_symmetric,MG,48534,MONTALVÂNIA,9373,9372,-1,5627,8893,8893,0,8593,8593,0,5389,2934,2455,45.5557617368714,1643,30.488031174614957
strict_symmetric,MG,48550,MONTE ALEGRE DE MINAS,11176,11175,-1,4677,10678,10678,0,10004,10004,0,6621,5461,1160,17.520012082766954,122,1.8426219604289382
strict_symmetric,MG,48577,MONTE AZUL,14307,14307,0,7858,13595,13595,0,13228,13228,0,7863,5328,2535,32.23960320488363,1414,17.982958158463692
strict_symmetric,MG,48593,MONTE BELO,8452,8452,0,3272,8040,8040,0,7608,7608,0,5465,4370,1095,20.036596523330285,285,5.215004574565416
strict_symmetric,MG,48615,MONTE CARMELO,27556,27554,-2,11046,26310,26310,0,24624,24624,0,17290,13759,3531,20.42220936957779,780,4.511278195488722
strict_symmetric,MG,48631,MONTE SANTO DE MINAS,12243,12242,-1,4199,11371,11371,0,10611,10611,0,7389,6533,856,11.584788198673705,0,0.0
strict_symmetric,MG,48658,MONTES CLAROS,233349,232971,-378,94112,221074,221074,0,208006,208006,0,128765,115024,13741,10.671378091872791,0,0.0
strict_symmetric,MG,48674,MONTE SIÃO,14693,14692,-1,2794,14135,14135,0,13516,13516,0,10255,10851,0,0.0,0,0.0
strict_symmetric,MG,48690,MORADA NOVA DE MINAS,5644,5644,0,2002,5377,5377,0,5187,5187,0,4006,3188,818,20.419370943584624,364,9.0863704443335
strict_symmetric,MG,48712,MORRO DA GARÇA,2202,2202,0,1302,2116,2116,0,2061,2061,0,1191,698,493,41.39378673383711,291,24.43324937027708
strict_symmetric,MG,48739,MORRO DO PILAR,2802,2802,0,1435,2583,2583,0,2491,2491,0,1550,927,623,40.193548387096776,183,11.806451612903226
strict_symmetric,MG,48755,MUNHOZ,4715,4715,0,1587,4494,4494,0,4255,4255,0,3125,2730,395,12.64,0,0.0
strict_symmetric,MG,48771,MURIAÉ,62984,62983,-1,25203,59812,59812,0,56216,56216,0,37288,32208,5080,13.62368590431238,0,0.0
strict_symmetric,MG,48798,MUTUM,16489,16485,-4,6442,15886,15886,0,15401,15401,0,8762,8901,0,0.0,0,0.0
strict_symmetric,MG,48810,MUZAMBINHO,13777,13774,-3,5075,13154,13154,0,12555,12555,0,8660,7467,1193,13.775981524249422,0,0.0
strict_symmetric,MG,48836,NACIP RAYDAN,1903,1903,0,1046,1783,1783,0,1741,1741,0,1027,660,367,35.73515092502434,170,16.553067185978577
strict_symmetric,MG,48852,NANUQUE,20546,20542,-4,9175,19575,19575,0,18541,18541,0,12108,9857,2251,18.591014205483976,737,6.086884704327717
strict_symmetric,MG,48879,NATÉRCIA,3254,3254,0,990,3025,3025,0,2926,2926,0,1983,1800,183,9.228441754916792,0,0.0
strict_symmetric,MG,48895,NAZARENO,5258,5258,0,2558,4919,4919,0,4701,4701,0,3297,2052,1245,37.76160145586897,597,18.1073703366697
strict_symmetric,MG,48917,NEPOMUCENO,15482,15482,0,5909,14506,14506,0,13753,13753,0,9717,7627,2090,21.508696099619225,144,1.4819388700216116
strict_symmetric,MG,48933,NOVA ERA,11184,11184,0,5702,10513,10513,0,9931,9931,0,5275,4244,1031,19.545023696682463,0,0.0
strict_symmetric,MG,48950,NOVA LIMA,63499,63498,-1,25643,60227,60227,0,57489,57489,0,31190,30256,934,2.994549535107406,0,0.0
strict_symmetric,MG,48976,NOVA MÓDICA,2721,2721,0,1411,2594,2594,0,2540,2540,0,1727,1091,636,36.82686740011581,417,24.145917776491025
strict_symmetric,MG,48992,NOVA PONTE,10051,10050,-1,3684,9642,9642,0,9171,9171,0,7210,5589,1621,22.482662968099863,843,11.692094313453536
strict_symmetric,MG,49018,NOVA RESENDE,10781,10781,0,3293,10188,10188,0,9830,9830,0,7928,6363,1565,19.7401614530777,440,5.549949545913219
strict_symmetric,MG,49034,NOVA SERRANA,55835,55835,0,11437,53816,53816,0,52546,52546,0,46093,40132,5961,12.932549410973467,1695,3.677347970407654
strict_symmetric,MG,49050,NOVO CRUZEIRO,15861,15860,-1,9854,14730,14730,0,14489,14489,0,10152,4484,5668,55.831363278171786,4145,40.82939322301024
strict_symmetric,MG,49077,OLARIA,1800,1800,0,929,1713,1713,0,1642,1642,0,924,667,257,27.813852813852815,53,5.735930735930736
strict_symmetric,MG,49093,OLÍMPIO NORONHA,2165,2165,0,964,2029,2029,0,1972,1972,0,1505,962,543,36.079734219269106,304,20.19933554817276
strict_symmetric,MG,49115,OLIVEIRA,26140,26140,0,10180,24378,24378,0,23120,23120,0,16252,12752,3500,21.535810977110508,292,1.7967019443760768
strict_symmetric,MG,49131,OLIVEIRA FORTES,2154,2154,0,1239,2035,2035,0,1922,1922,0,819,700,119,14.52991452991453,0,0.0
strict_symmetric,MG,49158,ONÇA DE PITANGUI,2694,2694,0,828,2601,2601,0,2565,2565,0,2059,1586,473,22.972316658572122,193,9.373482272948033
strict_symmetric,MG,49174,OURO BRANCO,24831,24831,0,10187,23484,23484,0,22191,22191,0,13552,11761,1791,13.215761511216057,0,0.0
strict_symmetric,MG,49190,OURO FINO,18942,18942,0,4826,17906,17906,0,17056,17056,0,13558,12063,1495,11.026700103260067,0,0.0
strict_symmetric,MG,49212,OURO PRETO,50483,50480,-3,28812,47290,47290,0,43679,43679,0,20199,15637,4562,22.585276498836578,0,0.0
strict_symmetric,MG,49239,OURO VERDE DE MINAS,5264,5264,0,2709,5029,5029,0,4980,4980,0,3121,2182,939,30.086510733739185,566,18.135213072733098
strict_symmetric,MG,49255,PADRE PARAÍSO,9774,9774,0,4904,9185,9185,0,8887,8887,0,5659,3976,1683,29.740236790952466,789,13.942392648877894
strict_symmetric,MG,49271,PAINEIRAS,3170,3170,0,1474,2995,2995,0,2885,2885,0,1859,1367,492,26.465841850457235,163,8.768154922001075
strict_symmetric,MG,49298,PAINS,5397,5397,0,1761,5183,5183,0,4989,4989,0,3682,3117,565,15.34492123845736,46,1.249321021184139
strict_symmetric,MG,49310,PAIVA,1495,1495,0,778,1419,1419,0,1340,1340,0,795,536,259,32.57861635220126,78,9.81132075471698
strict_symmetric,MG,49336,PALMA,4012,4009,-3,2176,3858,3858,0,3789,3789,0,2450,1546,904,36.89795918367347,614,25.06122448979592
strict_symmetric,MG,49352,FRONTEIRA DOS VALES,3172,3172,0,2145,3039,3039,0,2977,2977,0,1270,768,502,39.52755905511811,243,19.133858267716537
strict_symmetric,MG,49379,PAPAGAIOS,9691,9690,-1,3626,9243,9243,0,8909,8909,0,7109,5111,1998,28.105218736812493,1044,14.685609790406527
strict_symmetric,MG,49395,PARACATU,52502,52500,-2,16165,50136,50136,0,48030,48030,0,39127,31313,7814,19.970864109182916,2790,7.130625910496588
strict_symmetric,MG,49417,PARÁ DE MINAS,53206,53206,0,13618,49933,49933,0,47571,47571,0,35873,32781,3092,8.619295849245951,0,0.0
strict_symmetric,MG,49433,PARAGUAÇU,13027,13027,0,4694,12328,12328,0,11757,11757,0,8297,7031,1266,15.258527178498252,0,0.0
strict_symmetric,MG,49450,PARAISÓPOLIS,12685,12684,-1,4167,11920,11920,0,11045,11045,0,7731,6977,754,9.752942698227914,0,0.0
strict_symmetric,MG,49476,PARAOPEBA,16076,16076,0,5915,15151,15151,0,14415,14415,0,9588,8315,1273,13.277012932832708,0,0.0
strict_symmetric,MG,49492,PASSABÉM,1461,1461,0,734,1386,1386,0,1373,1373,0,718,573,145,20.194986072423397,0,0.0
strict_symmetric,MG,49514,PASSA QUATRO,10482,10482,0,4297,9892,9892,0,9329,9329,0,6178,4979,1199,19.407575267076723,0,0.0
strict_symmetric,MG,49530,PASSA TEMPO,5927,5927,0,2470,5382,5382,0,5060,5060,0,3327,2542,785,23.59483017733694,0,0.0
strict_symmetric,MG,49557,PASSA VINTE,2021,2021,0,849,1945,1945,0,1905,1905,0,1301,1005,296,22.751729438893157,129,9.915449654112221
strict_symmetric,MG,49573,PASSOS,62818,62817,-1,23112,59479,59479,0,56579,56579,0,38513,32448,6065,15.74792927063589,0,0.0
strict_symmetric,MG,49590,PATOS DE MINAS,90467,90331,-136,24655,86616,86616,0,84745,84745,0,71701,57014,14687,20.48367526254864,5889,8.213274570787018
strict_symmetric,MG,49611,PATROCÍNIO,53327,53324,-3,15427,50686,50686,0,47768,47768,0,37665,32224,5441,14.445771936811363,0,0.0
strict_symmetric,MG,49638,PATROCÍNIO DO MURIAÉ,4207,4206,-1,1985,4023,4023,0,3873,3873,0,2564,1881,683,26.638065522620906,342,13.338533541341654
strict_symmetric,MG,49654,PAULA CÂNDIDO,6052,6052,0,3669,5723,5723,0,5471,5471,0,2518,1799,719,28.554408260524227,135,5.361397934868943
strict_symmetric,MG,49670,PAULISTAS,2854,2854,0,1891,2668,2668,0,2553,2553,0,1165,674,491,42.14592274678112,202,17.339055793991417
strict_symmetric,MG,49697,PAVÃO,4430,4430,0,2570,4148,4148,0,4097,4097,0,1943,1519,424,21.82192485846629,83,4.271744724652599
strict_symmetric,MG,49719,PEÇANHA,8706,8702,-4,4466,8146,8146,0,7922,7922,0,4985,3222,1763,35.36609829488465,745,14.944834503510531
strict_symmetric,MG,49735,PEDRA AZUL,12472,12469,-3,6480,11710,11710,0,11422,11422,0,6834,4843,1991,29.13374304945859,842,12.320749195200468
strict_symmetric,MG,49751,PEDRA DO ANTA,2808,2808,0,1669,2628,2628,0,2548,2548,0,1177,842,335,28.46219201359388,38,3.2285471537807986
strict_symmetric,MG,49778,PEDRA DO INDAIÁ,3143,3142,-1,965,2954,2954,0,2933,2933,0,2482,1793,689,27.759871071716358,304,12.24818694601128
strict_symmetric,MG,49794,PEDRA DOURADA,2215,2215,0,1097,2100,2100,0,2021,2021,0,1110,903,207,18.64864864864865,0,0.0
strict_symmetric,MG,49816,PEDRALVA,7240,7240,0,2509,6799,6799,0,6508,6508,0,4674,3949,725,15.511339323919556,0,0.0
strict_symmetric,MG,49832,PEDRINÓPOLIS,2673,2671,-2,964,2580,2580,0,2509,2509,0,1832,1479,353,19.268558951965066,123,6.713973799126638
strict_symmetric,MG,49859,PEDRO LEOPOLDO,39110,39107,-3,13992,36766,36766,0,34985,34985,0,21637,19958,1679,7.759855802560429,0,0.0
strict_symmetric,MG,49875,PEDRO TEIXEIRA,2090,2090,0,1251,1996,1996,0,1887,1887,0,873,631,242,27.720504009163804,34,3.8946162657502863
strict_symmetric,MG,49891,PEQUERI,2673,2673,0,1292,2552,2552,0,2447,2447,0,1286,1122,164,12.752721617418352,0,0.0
strict_symmetric,MG,49913,PEQUI,3348,3348,0,1253,3214,3214,0,3132,3132,0,2284,1665,619,27.101576182136604,189,8.274956217162872
strict_symmetric,MG,49930,PERDIGÃO,6952,6952,0,1398,6660,6660,0,6493,6493,0,5650,4910,740,13.097345132743364,96,1.6991150442477876
strict_symmetric,MG,49956,PERDIZES,10558,10550,-8,3221,10161,10161,0,9722,9722,0,7918,6487,1431,18.072745642839102,581,7.33771154331902
strict_symmetric,MG,49972,PERDÕES,13566,13566,0,4660,12727,12727,0,11979,11979,0,8060,7260,800,9.925558312655086,0,0.0
strict_symmetric,MG,49999,PESCADOR,2477,2476,-1,1415,2338,2338,0,2295,2295,0,1376,844,532,38.66279069767442,314,22.819767441860463
strict_symmetric,MG,50016,PIAU,2639,2639,0,1399,2531,2531,0,2371,2371,0,1417,1010,407,28.722653493295695,177,12.491178546224418
strict_symmetric,MG,50032,PIEDADE DE PONTE NOVA,2903,2903,0,1749,2757,2757,0,2656,2656,0,1359,900,459,33.77483443708609,205,15.084621044885946
strict_symmetric,MG,50059,PIEDADE DO RIO GRANDE,3119,3119,0,1409,2904,2904,0,2813,2813,0,1152,1269,0,0.0,0,0.0
strict_symmetric,MG,50075,PIEDADE DOS GERAIS,3917,3917,0,1448,3651,3651,0,3428,3428,0,2181,1936,245,11.233379183860615,0,0.0
strict_symmetric,MG,50091,PIMENTA,5750,5750,0,1778,5389,5389,0,5159,5159,0,3843,3337,506,13.16679677335415,0,0.0
strict_symmetric,MG,50113,PIRACEMA,5130,5129,-1,2155,4736,4736,0,4433,4433,0,2782,2179,603,21.675053918044572,0,0.0
strict_symmetric,MG,50130,PIRAJUBA,3703,3703,0,1522,3563,3563,0,3367,3367,0,2028,1904,124,6.11439842209073,0,0.0
strict_symmetric,MG,50156,PIRANGA,9476,9476,0,4932,8749,8749,0,8212,8212,0,4679,3276,1403,29.985039538362898,135,2.885231887155375
strict_symmetric,MG,50172,PIRANGUÇU,3809,3808,-1,1254,3633,3633,0,3495,3495,0,2559,2167,392,15.318483782727627,4,0.15631105900742479
strict_symmetric,MG,50199,PIRANGUINHO,5881,5881,0,2130,5608,5608,0,5365,5365,0,3116,3181,0,0.0,0,0.0
strict_symmetric,MG,50210,PIRAPETINGA,7637,7637,0,3539,7238,7238,0,6863,6863,0,4075,3444,631,15.484662576687116,0,0.0
strict_symmetric,MG,50237,PIRAPORA,31291,31291,0,11637,29395,29395,0,27632,27632,0,19246,16152,3094,16.076067754338563,0,0.0
strict_symmetric,MG,50253,PIRAÚBA,7566,7566,0,3680,7230,7230,0,6843,6843,0,4326,3219,1107,25.589459084604716,440,10.171058714748035
strict_symmetric,MG,50270,PITANGUI,17160,17160,0,4660,16412,16412,0,15966,15966,0,13048,10877,2171,16.63856529736358,548,4.199877375843041
strict_symmetric,MG,50296,PIUMHI,19578,19577,-1,5561,18664,18664,0,18015,18015,0,13598,12278,1320,9.707309898514488,0,0.0
strict_symmetric,MG,50318,PLANURA,6319,6319,0,2628,6071,6071,0,5651,5651,0,3971,3237,734,18.484009065726518,280,7.051120624527827
strict_symmetric,MG,50334,POÇO FUNDO,10223,10223,0,3873,9670,9670,0,9235,9235,0,5957,5300,657,11.029041463824072,0,0.0
strict_symmetric,MG,50350,POÇOS DE CALDAS,90264,89914,-350,31033,85738,85738,0,80566,80566,0,51312,49787,1525,2.972014343623324,0,0.0
strict_symmetric,MG,50377,POCRANE,5629,5628,-1,2621,5399,5399,0,5304,5304,0,3385,2665,720,21.270310192023633,377,11.137370753323486
strict_symmetric,MG,50393,POMPÉU,18202,18202,0,7718,17033,17033,0,16108,16108,0,10773,8376,2397,22.25006961849067,289,2.6826325071939108
strict_symmetric,MG,50415,PONTE NOVA,34655,34655,0,19696,32951,32951,0,30276,30276,0,14113,11537,2576,18.252674838801106,0,0.0
strict_symmetric,MG,50431,PORTEIRINHA,24520,24520,0,13656,23331,23331,0,22471,22471,0,12566,8875,3691,29.372911029762854,1702,13.54448511857393
strict_symmetric,MG,50458,PORTO FIRME,6628,6628,0,3598,6262,6262,0,6011,6011,0,3425,2371,1054,30.773722627737225,395,11.532846715328468
strict_symmetric,MG,50474,POTÉ,8911,8911,0,4420,8322,8322,0,8219,8219,0,5727,3652,2075,36.231884057971016,1236,21.581980094290206
strict_symmetric,MG,50490,POUSO ALEGRE,87556,87289,-267,28345,82880,82880,0,77602,77602,0,54795,50024,4771,8.70699881376038,0,0.0
strict_symmetric,MG,50512,POUSO ALTO,4492,4492,0,1620,4259,4259,0,4066,4066,0,2921,2413,508,17.391304347826086,49,1.6775077028414926
strict_symmetric,MG,50539,PRADOS,6199,6199,0,2913,5648,5648,0,5264,5264,0,2944,2395,549,18.648097826086957,0,0.0
strict_symmetric,MG,50555,PRATA,16315,16313,-2,6185,15759,15759,0,14777,14777,0,7898,8207,0,0.0,0,0.0
strict_symmetric,MG,50571,PRATÁPOLIS,5733,5733,0,2133,5373,5373,0,5120,5120,0,3591,2914,677,18.852687273739907,0,0.0
strict_symmetric,MG,50598,PRATINHA,2568,2568,0,690,2476,2476,0,2433,2433,0,2115,1640,475,22.458628841607567,237,11.205673758865249
strict_symmetric,MG,50610,PRESIDENTE BERNARDES,4029,4029,0,2318,3818,3818,0,3748,3748,0,2102,1311,791,37.63082778306375,391,18.601332064700287
strict_symmetric,MG,50636,PRESIDENTE JUSCELINO,2754,2754,0,1485,2610,2610,0,2565,2565,0,1820,985,835,45.879120879120876,551,30.274725274725274
strict_symmetric,MG,50652,PRESIDENTE KUBITSCHEK,2388,2388,0,1671,2261,2261,0,2211,2211,0,1179,446,733,62.17133163698049,462,39.18575063613232
strict_symmetric,MG,50679,PRESIDENTE OLEGÁRIO,12133,12133,0,4356,11578,11578,0,11272,11272,0,8915,6525,2390,26.80874929893438,1138,12.76500280426248
strict_symmetric,MG,50695,ALTO JEQUITIBÁ,5776,5776,0,1767,5521,5521,0,5344,5344,0,4236,3595,641,15.132200188857412,227,5.358829084041549
strict_symmetric,MG,50717,PRUDENTE DE MORAIS,6964,6964,0,2611,6394,6394,0,6046,6046,0,4139,3415,724,17.49214786180237,0,0.0
strict_symmetric,MG,50733,QUARTEL GERAL,2930,2930,0,1286,2751,2751,0,2751,2751,0,2121,1329,792,37.34087694483734,477,22.48939179632249
strict_symmetric,MG,50750,QUELUZITO,2252,2252,0,985,2153,2153,0,2095,2095,0,1087,995,92,8.463661453541858,0,0.0
strict_symmetric,MG,50776,RAPOSOS,10860,10860,0,5196,10164,10164,0,9591,9591,0,5159,4026,1133,21.961620469083154,0,0.0
strict_symmetric,MG,50792,RAUL SOARES,13799,13798,-1,6994,13034,13034,0,12431,12431,0,7265,5505,1760,24.225739848589125,460,6.331727460426704
strict_symmetric,MG,50814,RECREIO,5878,5876,-2,3204,5609,5609,0,5418,5418,0,2828,2217,611,21.605374823196605,154,5.445544554455446
strict_symmetric,MG,50830,RESENDE COSTA,7807,7807,0,3132,7309,7309,0,6972,6972,0,4266,3585,681,15.963431786216596,0,0.0
strict_symmetric,MG,50857,RESPLENDOR,9093,9093,0,2968,8793,8793,0,8485,8485,0,5360,5591,0,0.0,0,0.0
strict_symmetric,MG,50873,RESSAQUINHA,3766,3766,0,1893,3547,3547,0,3366,3366,0,2056,1389,667,32.44163424124513,183,8.900778210116732
strict_symmetric,MG,50890,RIACHO DOS MACHADOS,5857,5857,0,3358,5538,5538,0,5458,5458,0,3836,1926,1910,49.791449426485926,1337,34.85401459854015
strict_symmetric,MG,50911,RIBEIRÃO DAS NEVES,173134,173075,-59,71008,161650,161650,0,150854,150854,0,91135,80601,10534,11.558676688429253,0,0.0
strict_symmetric,MG,50938,RIBEIRÃO VERMELHO,2807,2807,0,1330,2619,2619,0,2483,2483,0,1691,1160,531,31.40153755174453,214,12.655233589591957
strict_symmetric,MG,50954,RIO ACIMA,6923,6923,0,2964,6501,6501,0,6171,6171,0,3621,3000,621,17.149958574979287,0,0.0
strict_symmetric,MG,50970,RIO CASCA,7690,7689,-1,4258,7212,7212,0,6740,6740,0,3485,2603,882,25.308464849354376,53,1.5208034433285509
strict_symmetric,MG,50997,RIO DOCE,2103,2103,0,1224,1956,1956,0,1882,1882,0,815,664,151,18.52760736196319,0,0.0
strict_symmetric,MG,51012,RIO DO PRADO,3149,3149,0,2098,2986,2986,0,2891,2891,0,1345,818,527,39.182156133829,294,21.858736059479554
strict_symmetric,MG,51039,RIO ESPERA,4186,4186,0,2022,3883,3883,0,3684,3684,0,2217,1639,578,26.07126747857465,53,2.390617952187641
strict_symmetric,MG,51055,RIO MANSO,3961,3961,0,1672,3764,3764,0,3596,3596,0,2378,1747,631,26.534903280067283,89,3.742640874684609
strict_symmetric,MG,51071,RIO NOVO,5412,5412,0,2595,5120,5120,0,4867,4867,0,3127,2290,837,26.766869203709625,310,9.913655260633195
strict_symmetric,MG,51098,RIO PARANAÍBA,8467,8467,0,3107,8052,8052,0,7559,7559,0,5544,4585,959,17.2979797979798,184,3.318903318903319
strict_symmetric,MG,51110,RIO PARDO DE MINAS,17182,17180,-2,9138,16287,16287,0,16052,16052,0,8799,6486,2313,26.28707807705421,755,8.580520513694738
strict_symmetric,MG,51136,RIO PIRACICABA,9329,9329,0,4544,8708,8708,0,8101,8101,0,4436,3636,800,18.034265103697024,0,0.0
strict_symmetric,MG,51152,RIO POMBA,10726,10726,0,5195,10153,10153,0,9445,9445,0,5347,4488,859,16.065083224237892,0,0.0
strict_symmetric,MG,51179,RIO PRETO,4196,4196,0,2242,4052,4052,0,3948,3948,0,2407,1625,782,32.488574989613625,453,18.820108018280017
strict_symmetric,MG,51195,RIO VERMELHO,6096,6096,0,3386,5637,5637,0,5332,5332,0,2820,1950,870,30.851063829787233,110,3.900709219858156
strict_symmetric,MG,51217,RITÁPOLIS,3792,3792,0,1859,3520,3520,0,3307,3307,0,1946,1429,517,26.56731757451182,13,0.6680369989722508
strict_symmetric,MG,51233,ROCHEDO DE MINAS,2207,2207,0,926,2099,2099,0,2016,2016,0,1208,1069,139,11.506622516556291,0,0.0
strict_symmetric,MG,51250,RODEIRO,5497,5497,0,2283,5247,5247,0,4999,4999,0,3462,2744,718,20.73945696129405,248,7.1634893125361065
strict_symmetric,MG,51276,ROMARIA,2790,2790,0,1402,2688,2688,0,2601,2601,0,1801,1149,652,36.202109938922824,413,22.931704608550806
strict_symmetric,MG,51292,RUBELITA,5007,5007,0,3363,4620,4620,0,4627,4627,0,2911,1080,1831,62.899347303332185,1267,43.524562006183444
strict_symmetric,MG,51314,RUBIM,5130,5130,0,3179,4814,4814,0,4747,4747,0,2900,1441,1459,50.310344827586206,949,32.724137931034484
strict_symmetric,MG,51330,SABARÁ,76541,76541,0,31450,71131,71131,0,66707,66707,0,37842,35034,2808,7.420326621214524,0,0.0
strict_symmetric,MG,51357,SABINÓPOLIS,8119,8119,0,4853,7596,7596,0,7126,7126,0,3259,2411,848,26.020251610923598,0,0.0
strict_symmetric,MG,51373,SACRAMENTO,15963,15963,0,5315,15413,15413,0,14738,14738,0,10034,9225,809,8.062587203508073,0,0.0
strict_symmetric,MG,51390,SALINAS,24619,24618,-1,12741,23272,23272,0,22706,22706,0,14955,9572,5383,35.994650618522236,3077,20.575058508859914
strict_symmetric,MG,51411,SALTO DA DIVISA,3564,3563,-1,2008,3349,3349,0,3244,3244,0,1812,1255,557,30.73951434878587,256,14.1280353200883
strict_symmetric,MG,51438,SANTA BÁRBARA,18611,18611,0,9234,17433,17433,0,16204,16204,0,8860,6845,2015,22.742663656884876,0,0.0
strict_symmetric,MG,51454,SANTA BÁRBARA DO TUGÚRIO,3453,3453,0,2017,3202,3202,0,2992,2992,0,1735,1038,697,40.17291066282421,299,17.23342939481268
strict_symmetric,MG,51470,SANTA CRUZ DO ESCALVADO,3864,3864,0,2393,3666,3666,0,3530,3530,0,1807,1160,647,35.80520199225235,336,18.594355285002766
strict_symmetric,MG,51497,SANTA EFIGÊNIA DE MINAS,2875,2875,0,1437,2631,2631,0,2529,2529,0,1661,1053,608,36.604455147501504,223,13.425647200481638
strict_symmetric,MG,51519,SANTA FÉ DE MINAS,2457,2456,-1,1626,2376,2376,0,2333,2333,0,1693,649,1044,61.66568222090963,862,50.91553455404607
strict_symmetric,MG,51535,SANTA JULIANA,9175,9175,0,3259,8834,8834,0,8285,8285,0,6331,5271,1060,16.743010582846313,415,6.555046596114358
strict_symmetric,MG,51551,SANTA LUZIA,132961,132833,-128,51624,124532,124532,0,117327,117327,0,70628,63991,6637,9.397122954069207,0,0.0
strict_symmetric,MG,51578,SANTA MARGARIDA,10833,10833,0,4888,10333,10333,0,10092,10092,0,4801,5112,0,0.0,0,0.0
strict_symmetric,MG,51594,SANTA MARIA DE ITABIRA,6719,6718,-1,3692,6297,6297,0,5972,5972,0,2983,2258,725,24.30439155212873,0,0.0
strict_symmetric,MG,51616,SANTA MARIA DO SALTO,3126,3126,0,1625,2885,2885,0,2794,2794,0,1955,1160,795,40.66496163682864,454,23.22250639386189
strict_symmetric,MG,51632,SANTA MARIA DO SUAÇUÍ,7557,7557,0,4151,7200,7200,0,7052,7052,0,4244,2791,1453,34.236569274269556,838,19.745523091423184
strict_symmetric,MG,51659,SANTANA DA VARGEM,4928,4928,0,1941,4624,4624,0,4368,4368,0,2897,2391,506,17.466344494304455,0,0.0
strict_symmetric,MG,51675,SANTANA DE CATAGUASES,2780,2780,0,1178,2669,2669,0,2605,2605,0,1608,1383,225,13.992537313432836,6,0.373134328358209
strict_symmetric,MG,51691,SANTANA DE PIRAPAMA,5609,5609,0,2431,5329,5329,0,5172,5172,0,3625,2500,1125,31.03448275862069,447,12.331034482758621
strict_symmetric,MG,51713,SANTANA DO DESERTO,2877,2876,-1,1550,2769,2769,0,2553,2553,0,1652,1099,553,33.47457627118644,325,19.673123486682808
strict_symmetric,MG,51730,SANTANA DO GARAMBÉU,1860,1860,0,1034,1714,1714,0,1626,1626,0,1083,590,493,45.521698984302866,257,23.73037857802401
strict_symmetric,MG,51756,SANTANA DO JACARÉ,3176,3176,0,1359,2925,2925,0,2741,2741,0,1985,1420,565,28.463476070528966,168,8.463476070528968
strict_symmetric,MG,51772,SANTANA DO MANHUAÇU,5981,5981,0,2934,5760,5760,0,5648,5648,0,4004,2641,1363,34.04095904095904,957,23.9010989010989
strict_symmetric,MG,51799,SANTANA DO RIACHO,4449,4449,0,2289,4280,4280,0,4136,4136,0,2387,1751,636,26.64432341851697,227,9.509844993715962
strict_symmetric,MG,51810,SANTANA DOS MONTES,3077,3077,0,1457,2846,2846,0,2648,2648,0,1762,1224,538,30.533484676503974,142,8.059023836549375
strict_symmetric,MG,51837,SANTA RITA DE CALDAS,5550,5550,0,1532,5333,5333,0,5193,5193,0,3638,3473,165,4.535459043430456,0,0.0
strict_symmetric,MG,51853,SANTA RITA DE JACUTINGA,3543,3543,0,1734,3384,3384,0,3239,3239,0,2096,1495,601,28.673664122137403,287,13.692748091603054
strict_symmetric,MG,51870,SANTA RITA DE IBITIPOCA,2548,2548,0,1404,2383,2383,0,2311,2311,0,1505,761,744,49.435215946843854,361,23.98671096345515
strict_symmetric,MG,51896,SANTA RITA DO ITUETO,3924,3924,0,1341,3781,3781,0,3698,3698,0,2800,2338,462,16.5,217,7.75
strict_symmetric,MG,51918,SANTA RITA DO SAPUCAÍ,24619,24618,-1,6239,23280,23280,0,22083,22083,0,17008,15476,1532,9.007525870178739,0,0.0
strict_symmetric,MG,51934,SANTA ROSA DA SERRA,2538,2537,-1,1002,2408,2408,0,2357,2357,0,1922,1325,597,31.06139438085328,386,20.083246618106138
strict_symmetric,MG,51950,SANTA VITÓRIA,13055,13055,0,6187,12626,12626,0,12002,12002,0,7928,5827,2101,26.50100908173562,1060,13.370332996972754
strict_symmetric,MG,51977,SANTO ANTÔNIO DO AMPARO,10817,11062,245,5718,10007,10007,0,9444,9444,0,6507,3808,2699,41.47840786844936,1408,21.638235746119562
strict_symmetric,MG,51993,SANTO ANTÔNIO DO AVENTUREIRO,3075,3074,-1,1382,2910,2910,0,2758,2758,0,1485,1356,129,8.686868686868687,0,0.0
strict_symmetric,MG,52019,SANTO ANTÔNIO DO GRAMA,2985,2985,0,1756,2812,2812,0,2669,2669,0,1359,935,424,31.19941133186166,130,9.565857247976453
strict_symmetric,MG,52035,SANTO ANTÔNIO DO ITAMBÉ,2335,2335,0,1452,2142,2142,0,2074,2074,0,973,580,393,40.39054470709147,90,9.249743062692703
strict_symmetric,MG,52051,SANTO ANTÔNIO DO JACINTO,6462,6462,0,3158,5932,5932,0,5840,5840,0,4028,2623,1405,34.88083416087388,724,17.97418073485601
strict_symmetric,MG,52078,SANTO ANTÔNIO DO MONTE,16679,16679,0,3696,16065,16065,0,15490,15490,0,12901,11745,1156,8.960545694132238,0,0.0
strict_symmetric,MG,52094,SANTO ANTÔNIO DO RIO ABAIXO,1614,1614,0,837,1527,1527,0,1479,1479,0,767,594,173,22.55541069100391,0,0.0
strict_symmetric,MG,52116,SANTO HIPÓLITO,2216,2216,0,1282,2092,2092,0,2025,2025,0,1406,669,737,52.41820768136557,472,33.57041251778094
strict_symmetric,MG,52132,SANTOS DUMONT,28793,28793,0,15053,27175,27175,0,24947,24947,0,14129,10683,3446,24.38955340080685,389,2.7532026328827235
strict_symmetric,MG,52159,SÃO BENTO ABADE,3202,3202,0,1276,3002,3002,0,2919,2919,0,1903,1504,399,20.966894377299003,0,0.0
strict_symmetric,MG,52175,SÃO BRÁS DO SUAÇUÍ,2875,2875,0,1383,2687,2687,0,2475,2475,0,1469,1104,365,24.846834581347856,0,0.0
strict_symmetric,MG,52191,SÃO DOMINGOS DO PRATA,10568,10564,-4,5369,10025,10025,0,9521,9521,0,5412,4075,1337,24.704360679970435,213,3.9356984478935697
strict_symmetric,MG,52213,SÃO FRANCISCO,29479,29478,-1,17831,28587,28587,0,27834,27834,0,15149,9623,5526,36.477655290778266,3501,23.110436332431185
strict_symmetric,MG,52230,SÃO FRANCISCO DE PAULA,4841,4841,0,2468,4588,4588,0,4449,4449,0,3054,1872,1182,38.70333988212181,681,22.298624754420434
strict_symmetric,MG,52256,SÃO FRANCISCO DE SALES,3717,3716,-1,1865,3575,3575,0,3478,3478,0,2433,1530,903,37.11467324290999,581,23.879983559391697
strict_symmetric,MG,52272,SÃO FRANCISCO DO GLÓRIA,3387,3387,0,1808,3229,3229,0,3172,3172,0,1866,1320,546,29.260450160771704,287,15.380493033226152
strict_symmetric,MG,52299,SÃO GERALDO,5693,5692,-1,3199,5404,5404,0,5088,5088,0,2510,1953,557,22.191235059760956,16,0.6374501992031872
strict_symmetric,MG,52310,SÃO GERALDO DA PIEDADE,2577,2577,0,1394,2428,2428,0,2378,2378,0,1328,922,406,30.572289156626507,145,10.918674698795181
strict_symmetric,MG,52337,SÃO GONÇALO DO ABAETÉ,4277,4277,0,1728,4097,4097,0,3993,3993,0,2623,2181,442,16.850934044986655,74,2.821197102554327
strict_symmetric,MG,52353,SÃO GONÇALO DO PARÁ,7304,7304,0,2351,6841,6841,0,6677,6677,0,5309,4032,1277,24.053494066679225,356,6.705594273874553
strict_symmetric,MG,52370,SÃO GONÇALO DO RIO ABAIXO,9683,9683,0,4108,9015,9015,0,8493,8493,0,5425,4348,1077,19.852534562211982,0,0.0
strict_symmetric,MG,52396,SÃO GONÇALO DO SAPUCAÍ,14017,14017,0,5411,13207,13207,0,12361,12361,0,8820,7098,1722,19.523809523809526,214,2.4263038548752833
strict_symmetric,MG,52418,SÃO GOTARDO,22371,22370,-1,5818,21321,21321,0,20167,20167,0,16767,14638,2129,12.697560684678237,214,1.2763165742231766
strict_symmetric,MG,52434,SÃO JOÃO BATISTA DO GLÓRIA,5114,5113,-1,1620,4871,4871,0,4660,4660,0,3561,3002,559,15.697837686043247,67,1.8814939623701208
strict_symmetric,MG,52450,SÃO JOÃO DA MATA,2499,2499,0,731,2367,2367,0,2323,2323,0,1853,1533,320,17.269293038316246,85,4.587155963302752
strict_symmetric,MG,52477,SÃO JOÃO DA PONTE,15955,15953,-2,11436,15309,15309,0,14935,14935,0,8789,3363,5426,61.73626123563545,4270,48.58345659346911
strict_symmetric,MG,52493,SÃO JOÃO DEL REI,55472,55472,0,21946,52330,52330,0,48999,48999,0,29613,27277,2336,7.88842737986695,0,0.0
strict_symmetric,MG,52515,SÃO JOÃO DO ORIENTE,5420,5420,0,2506,5186,5186,0,5030,5030,0,3013,2538,475,15.765018254231663,99,3.2857616993030203
strict_symmetric,MG,52531,SÃO JOÃO DO PARAÍSO,13840,13840,0,5914,12740,12740,0,12751,12751,0,10148,6268,3880,38.23413480488766,2222,21.895940086716596
strict_symmetric,MG,52558,SÃO JOÃO EVANGELISTA,9136,9136,0,5385,8687,8687,0,8393,8393,0,4151,2890,1261,30.378222115152976,400,9.63623223319682
strict_symmetric,MG,52574,SÃO JOÃO NEPOMUCENO,15601,15601,0,6580,14884,14884,0,14171,14171,0,9251,7316,1935,20.9166576586315,230,2.486217706193925
strict_symmetric,MG,52590,SÃO JOSÉ DA SAFIRA,2987,2987,0,1639,2859,2859,0,2796,2796,0,1672,1124,548,32.77511961722488,324,19.37799043062201
strict_symmetric,MG,52612,SÃO JOSÉ DA VARGINHA,3154,3154,0,1171,2996,2996,0,2863,2863,0,2165,1627,538,24.849884526558892,182,8.406466512702078
strict_symmetric,MG,52639,SÃO JOSÉ DO ALEGRE,2948,2948,0,854,2760,2760,0,2598,2598,0,1815,1784,31,1.7079889807162534,0,0.0
strict_symmetric,MG,52655,SÃO JOSÉ DO DIVINO,2479,2478,-1,1002,2363,2363,0,2337,2337,0,1769,1309,460,26.003391746749575,292,16.50650084793669
strict_symmetric,MG,52671,SÃO JOSÉ DO GOIABAL,3634,3634,0,2082,3456,3456,0,3338,3338,0,1868,1222,646,34.58244111349036,316,16.916488222698074
strict_symmetric,MG,52698,SÃO JOSÉ DO JACURI,3952,3952,0,2200,3646,3646,0,3502,3502,0,2311,1290,1021,44.180008654262224,559,24.18866291648637
strict_symmetric,MG,52710,SÃO JOSÉ DO MANTIMENTO,2389,2389,0,1221,2272,2272,0,2208,2208,0,1394,986,408,29.26829268292683,226,16.212338593974174
strict_symmetric,MG,52736,SÃO LOURENÇO,26571,26570,-1,8155,25221,25221,0,24037,24037,0,16173,15743,430,2.658752241389971,0,0.0
strict_symmetric,MG,52752,SÃO MIGUEL DO ANTA,5019,5019,0,2867,4704,4704,0,4459,4459,0,1798,1621,177,9.844271412680756,0,0.0
strict_symmetric,MG,52779,SÃO PEDRO DA UNIÃO,3346,3346,0,1127,3163,3163,0,3004,3004,0,2251,1875,376,16.703687250111063,32,1.4215904042647711
strict_symmetric,MG,52795,SÃO PEDRO DOS FERROS,4632,4632,0,2860,4377,4377,0,4197,4197,0,1701,1321,380,22.339800117577894,0,0.0
strict_symmetric,MG,52817,SÃO PEDRO DO SUAÇUÍ,3371,3371,0,1806,3192,3192,0,3108,3108,0,1714,1251,463,27.012835472578764,149,8.693115519253208
strict_symmetric,MG,52833,SÃO ROMÃO,4826,4825,-1,2763,4602,4602,0,4503,4503,0,3032,1696,1336,44.06332453825858,969,31.95910290237467
strict_symmetric,MG,52850,SÃO ROQUE DE MINAS,4505,4505,0,979,4348,4348,0,4217,4217,0,3424,3164,260,7.593457943925234,0,0.0
strict_symmetric,MG,52876,SÃO SEBASTIÃO DA BELA VISTA,4940,4940,0,1754,4731,4731,0,4591,4591,0,2543,2757,0,0.0,0,0.0
strict_symmetric,MG,52892,SÃO SEBASTIÃO DO MARANHÃO,5734,5734,0,3061,5399,5399,0,5345,5345,0,3307,2129,1178,35.62140913214394,634,19.17145449047475
strict_symmetric,MG,52914,SÃO SEBASTIÃO DO OESTE,6212,6212,0,2501,5908,5908,0,5811,5811,0,4823,3169,1654,34.29400787891354,1112,23.056189093924942
strict_symmetric,MG,52930,SÃO SEBASTIÃO DO PARAÍSO,37885,37885,0,12696,35867,35867,0,33929,33929,0,21230,20419,811,3.820065944418276,0,0.0
strict_symmetric,MG,52957,SÃO SEBASTIÃO DO RIO PRETO,1394,1394,0,607,1328,1328,0,1305,1305,0,606,636,0,0.0,0,0.0
strict_symmetric,MG,52973,SÃO SEBASTIÃO DO RIO VERDE,1777,1777,0,572,1686,1686,0,1629,1629,0,1196,1012,184,15.384615384615385,0,0.0
strict_symmetric,MG,52990,SÃO TIAGO,7599,7599,0,2913,7055,7055,0,6678,6678,0,4782,3563,1219,25.49142618151401,96,2.0075282308657467
strict_symmetric,MG,53015,SÃO TOMÁS DE AQUINO,4495,4494,-1,1654,4281,4281,0,4094,4094,0,2398,2305,93,3.878231859883236,0,0.0
strict_symmetric,MG,53031,SÃO THOMÉ DAS LETRAS,4045,4045,0,2318,3854,3854,0,3667,3667,0,1873,1335,538,28.723972237052855,146,7.794981313400961
strict_symmetric,MG,53058,SÃO VICENTE DE MINAS,4258,4258,0,1940,4002,4002,0,3762,3762,0,2138,1875,263,12.301216089803555,0,0.0
strict_symmetric,MG,53074,SAPUCAÍ-MIRIM,4629,4629,0,1604,4370,4370,0,4282,4282,0,3457,2546,911,26.35232860862019,432,12.496384148105294
strict_symmetric,MG,53090,SARDOÁ,3659,3659,0,1629,3348,3348,0,3203,3203,0,2338,1542,796,34.046193327630455,308,13.173652694610778
strict_symmetric,MG,53112,SENADOR CORTES,2012,2011,-1,1020,1918,1918,0,1860,1860,0,859,796,63,7.334109429569266,0,0.0
strict_symmetric,MG,53139,SENADOR FIRMINO,5485,5485,0,3028,5181,5181,0,4954,4954,0,2907,1900,1007,34.64052287581699,450,15.479876160990711
strict_symmetric,MG,53155,SENADOR JOSÉ BENTO,1977,1977,0,646,1878,1878,0,1864,1864,0,1494,1153,341,22.82463186077644,163,10.910307898259706
strict_symmetric,MG,53171,SENADOR MODESTINO GONÇALVES,2260,3148,888,1277,2136,2136,0,2917,2917,0,2029,746,1283,63.23311976343026,1046,51.55248891079349
strict_symmetric,MG,53198,SENHORA DE OLIVEIRA,4342,4342,0,2466,4107,4107,0,3833,3833,0,1921,1389,532,27.69390942217595,45,2.342529932326913
strict_symmetric,MG,53210,SENHORA DO PORTO,2269,2269,0,1159,2108,2108,0,2013,2013,0,1311,798,513,39.130434782608695,201,15.331807780320366
strict_symmetric,MG,53236,SENHORA DOS REMÉDIOS,6735,6735,0,3325,6246,6246,0,6083,6083,0,3528,2537,991,28.089569160997733,118,3.3446712018140587
strict_symmetric,MG,53252,SERICITA,5686,5686,0,2427,5431,5431,0,5292,5292,0,1965,2814,0,0.0,0,0.0
strict_symmetric,MG,53279,SERITINGA,1593,1593,0,722,1509,1509,0,1437,1437,0,993,716,277,27.895266868076536,122,12.28600201409869
strict_symmetric,MG,53295,SERRA AZUL DE MINAS,2283,2283,0,1258,2076,2076,0,2031,2031,0,930,666,264,28.387096774193548,0,0.0
strict_symmetric,MG,53317,SERRA DA SAUDADE,989,989,0,360,963,963,0,967,967,0,727,556,171,23.521320495185694,98,13.480055020632737
strict_symmetric,MG,53333,SERRA DOS AIMORÉS,4590,4590,0,2562,4410,4410,0,4207,4207,0,2587,1719,868,33.55237727097023,559,21.608040201005025
strict_symmetric,MG,53350,SERRA DO SALITRE,7551,7551,0,2516,7279,7279,0,6982,6982,0,5491,4474,1017,18.521216536150064,456,8.304498269896193
strict_symmetric,MG,53376,SERRANIA,4837,4837,0,2041,4562,4562,0,4385,4385,0,3017,2295,722,23.931057341730195,221,7.325157441166722
strict_symmetric,MG,53392,SERRANOS,1662,1662,0,803,1565,1565,0,1534,1534,0,860,685,175,20.348837209302324,1,0.11627906976744186
strict_symmetric,MG,53414,SERRO,11396,11396,0,6898,10550,10550,0,10027,10027,0,4846,3165,1681,34.6884028064383,348,7.181180354931903
strict_symmetric,MG,53430,SETE LAGOAS,137452,137330,-122,44239,128074,128074,0,120014,120014,0,81200,75266,5934,7.307881773399015,0,0.0
strict_symmetric,MG,53457,SILVEIRÂNIA,2485,2485,0,1333,2393,2393,0,2312,2312,0,1079,922,157,14.550509731232623,0,0.0
strict_symmetric,MG,53473,SILVIANÓPOLIS,3753,3752,-1,1247,3581,3581,0,3445,3445,0,2191,2125,66,3.012323140118667,0,0.0
strict_symmetric,MG,53490,SIMÃO PEREIRA,2596,2596,0,1220,2499,2499,0,2449,2449,0,1779,1162,617,34.68240584598089,403,22.65317594154019
strict_symmetric,MG,53511,SIMONÉSIA,12769,12767,-2,5363,11977,11977,0,11658,11658,0,7179,6069,1110,15.461763476807354,0,0.0
strict_symmetric,MG,53538,SOBRÁLIA,3223,3223,0,1472,3033,3033,0,2939,2939,0,1934,1451,483,24.9741468459152,183,9.462254395036194
strict_symmetric,MG,53554,SOLEDADE DE MINAS,3921,3921,0,1533,3715,3715,0,3559,3559,0,2496,2002,494,19.791666666666668,108,4.326923076923077
strict_symmetric,MG,53570,TABULEIRO,3165,3164,-1,1579,2983,2983,0,2817,2817,0,1812,1263,549,30.29801324503311,226,12.472406181015453
strict_symmetric,MG,53597,TAIOBEIRAS,21029,21029,0,7283,19957,19957,0,19708,19708,0,14016,11971,2045,14.59046803652968,270,1.9263698630136987
strict_symmetric,MG,53619,TAPIRA,3984,3984,0,871,3899,3899,0,3815,3815,0,2967,2897,70,2.3592854735422986,0,0.0
strict_symmetric,MG,53635,TAPIRAÍ,1559,1559,0,676,1515,1515,0,1475,1475,0,1190,748,442,37.142857142857146,307,25.798319327731093
strict_symmetric,MG,53651,TAQUARAÇU DE MINAS,4281,4281,0,1557,4025,4025,0,3923,3923,0,2782,2213,569,20.4529115744069,58,2.0848310567936736
strict_symmetric,MG,53678,TARUMIRIM,7876,7876,0,3462,7537,7537,0,7363,7363,0,3568,3875,0,0.0,0,0.0
strict_symmetric,MG,53694,TEIXEIRAS,8123,8123,0,4307,7596,7596,0,7164,7164,0,3776,2878,898,23.781779661016948,0,0.0
strict_symmetric,MG,53716,TEÓFILO OTONI,77223,77123,-100,34828,73389,73389,0,70362,70362,0,43406,36301,7105,16.368704787356588,1011,2.329171082338847
strict_symmetric,MG,53732,TIMÓTEO,45764,45764,0,15867,43865,43865,0,42457,42457,0,29266,26156,3110,10.62666575548418,0,0.0
strict_symmetric,MG,53759,TIRADENTES,5608,5608,0,2399,5336,5336,0,5131,5131,0,3133,2670,463,14.778167890201086,0,0.0
strict_symmetric,MG,53775,TIROS,4727,4727,0,1080,4523,4523,0,4489,4489,0,3727,3256,471,12.637510061711833,80,2.1464985242822645
strict_symmetric,MG,53791,TOCANTINS,10533,10533,0,4550,9945,9945,0,9418,9418,0,5693,4913,780,13.701036360442648,0,0.0
strict_symmetric,MG,53813,TOLEDO,5720,5720,0,1673,5476,5476,0,5246,5246,0,3068,3573,0,0.0,0,0.0
strict_symmetric,MG,53830,TOMBOS,5435,5435,0,2516,5233,5233,0,5032,5032,0,2159,2554,0,0.0,0,0.0
strict_symmetric,MG,53856,TRÊS CORAÇÕES,42028,42028,0,13698,39187,39187,0,36782,36782,0,26991,22907,4084,15.13096958245341,0,0.0
strict_symmetric,MG,53872,TRÊS PONTAS,35448,35448,0,14545,33388,33388,0,31189,31189,0,20446,16479,3967,19.40232808373276,0,0.0
strict_symmetric,MG,53899,TUMIRITINGA,3947,3947,0,1898,3790,3790,0,3702,3702,0,2472,1795,677,27.386731391585762,423,17.111650485436893
strict_symmetric,MG,53910,TUPACIGUARA,15919,15914,-5,7105,15260,15260,0,14552,14552,0,10830,7504,3326,30.710987996306557,2016,18.614958448753463
strict_symmetric,MG,53937,TURMALINA,12926,12926,0,7373,12336,12336,0,11899,11899,0,6524,4487,2037,31.223175965665234,971,14.883507050889024
strict_symmetric,MG,53953,TURVOLÂNDIA,3891,3891,0,1444,3664,3664,0,3555,3555,0,2808,2045,763,27.172364672364672,361,12.856125356125355
strict_symmetric,MG,53970,UBÁ,55425,55425,0,23492,52666,52666,0,49335,49335,0,30625,26679,3946,12.884897959183673,0,0.0
strict_symmetric,MG,53996,UBAÍ,7106,7106,0,4902,6840,6840,0,6680,6680,0,3414,1753,1661,48.65260691271236,1210,35.4422964264792
strict_symmetric,MG,54011,UBERABA,186055,185597,-458,68891,178245,178245,0,166545,166545,0,113252,97985,15267,13.480556634761417,0,0.0
strict_symmetric,MG,54038,UBERLÂNDIA,429516,427845,-1671,163879,409921,409921,0,380932,380932,0,237746,221464,16282,6.848485358323589,0,0.0
strict_symmetric,MG,54054,UMBURATIBA,1965,1963,-2,1120,1863,1863,0,1799,1799,0,997,672,325,32.59779338014042,152,15.245737211634905
strict_symmetric,MG,54070,UNAÍ,49422,49412,-10,13714,47812,47812,0,46313,46313,0,36748,31375,5373,14.621203875040818,1040,2.8300859910743443
strict_symmetric,MG,54097,URUCÂNIA,6603,6603,0,3550,6098,6098,0,5661,5661,0,3035,2335,700,23.064250411861615,0,0.0
strict_symmetric,MG,54119,VARGEM BONITA,1853,1852,-1,611,1798,1798,0,1769,1769,0,1420,1109,311,21.901408450704224,178,12.535211267605634
strict_symmetric,MG,54135,VARGINHA,80512,80299,-213,25551,76210,76210,0,71314,71314,0,49209,45699,3510,7.132841553374383,0,0.0
strict_symmetric,MG,54151,VÁRZEA DA PALMA,20137,20134,-3,8491,19008,19008,0,18322,18322,0,13934,9560,4374,31.390842543418977,2288,16.42026697287211
strict_symmetric,MG,54178,VARZELÂNDIA,12040,12040,0,8365,11610,11610,0,11238,11238,0,5174,3019,2155,41.6505604947816,1499,28.971781986857362
strict_symmetric,MG,54194,VAZANTE,12750,12748,-2,4982,12262,12262,0,11923,11923,0,9278,6474,2804,30.22203061004527,1510,16.275059280017246
strict_symmetric,MG,54216,WENCESLAU BRAZ,2158,2158,0,778,2037,2037,0,1968,1968,0,1339,1156,183,13.666915608663182,0,0.0
strict_symmetric,MG,54232,VERÍSSIMO,2393,2393,0,1104,2307,2307,0,2209,2209,0,1192,1094,98,8.221476510067115,0,0.0
strict_symmetric,MG,54259,VESPASIANO,70909,70893,-16,27581,66427,66427,0,62562,62562,0,38309,34648,3661,9.556501083296354,0,0.0
strict_symmetric,MG,54275,VIÇOSA,47857,47857,0,27070,45338,45338,0,42553,42553,0,18289,15486,2803,15.326152332002843,0,0.0
strict_symmetric,MG,54291,VIEIRAS,3254,3253,-1,1602,3125,3125,0,3055,3055,0,1936,1411,525,27.117768595041323,284,14.669421487603305
strict_symmetric,MG,54313,MATHIAS LOBATO,2475,2475,0,1314,2374,2374,0,2321,2321,0,1673,1026,647,38.673042438732814,512,30.603705917513448
strict_symmetric,MG,54330,VIRGEM DA LAPA,6883,6883,0,4174,6451,6451,0,6294,6294,0,3128,2089,1039,33.21611253196931,419,13.395140664961637
strict_symmetric,MG,54356,VIRGÍNIA,5997,5997,0,2687,5761,5761,0,5536,5536,0,3675,2763,912,24.816326530612244,365,9.931972789115646
strict_symmetric,MG,54372,VIRGINÓPOLIS,5953,5953,0,2913,5534,5534,0,5229,5229,0,3228,2108,1120,34.696406443618336,188,5.8240396530359355
strict_symmetric,MG,54399,VIRGOLÂNDIA,3277,3277,0,2006,3094,3094,0,2993,2993,0,1869,961,908,48.582129481005886,598,31.995719636169074
strict_symmetric,MG,54410,VISCONDE DO RIO BRANCO,24362,24361,-1,11462,22990,22990,0,22063,22063,0,14271,10454,3817,26.746548945413775,1371,9.606895101955013
strict_symmetric,MG,54437,VOLTA GRANDE,3143,3143,0,1691,2995,2995,0,2821,2821,0,1820,1194,626,34.395604395604394,368,20.21978021978022
strict_symmetric,MG,54453,ITAÚ DE MINAS,9407,9407,0,2966,8859,8859,0,8396,8396,0,5836,5212,624,10.692254969156958,0,0.0
strict_symmetric,MT,73709,BOA ESPERANÇA DO NORTE,3245,3243,-2,764,3189,3189,0,3018,3018,0,2794,2308,486,17.39441660701503,313,11.202576950608446
strict_symmetric,MT,89788,COLNIZA,14190,14190,0,2679,13832,13832,0,13104,13104,0,12010,10784,1226,10.208159866777684,499,4.1548709408825975
strict_symmetric,MT,89796,COLÍDER,18390,18390,0,2786,17912,17912,0,16879,16879,0,15614,14608,1006,6.442935826822083,10,0.0640450877417702
strict_symmetric,MT,89800,CURVELÂNDIA,3581,3581,0,1113,3473,3473,0,3291,3291,0,2923,2255,668,22.853232979815257,455,15.566199110502907
strict_symmetric,MT,89818,NOVA BRASILÂNDIA,2986,2986,0,1210,2891,2891,0,2709,2709,0,2192,1536,656,29.927007299270073,416,18.978102189781023
strict_symmetric,MT,89826,NOVA SANTA HELENA,2589,2589,0,587,2515,2515,0,2371,2371,0,2194,1873,321,14.63081130355515,192,8.751139471285324
strict_symmetric,MT,89834,PARANATINGA,12620,12620,0,3087,12327,12327,0,11552,11552,0,10630,8908,1722,16.199435559736596,1097,10.319849482596425
strict_symmetric,MT,89843,SANTO ANTÔNIO DO LESTE,2028,2028,0,660,1967,1967,0,1809,1809,0,1560,1241,319,20.44871794871795,192,12.307692307692308
strict_symmetric,MT,89850,SINOP,98342,97633,-709,17568,96146,96146,0,89424,89424,0,80133,75827,4306,5.373566445783884,0,0.0
strict_symmetric,MT,89877,ALTA FLORESTA,33253,33250,-3,7677,32395,32395,0,30277,30277,0,26883,23770,3113,11.579808801101068,1307,4.861808577911692
strict_symmetric,MT,89893,ARAPUTANGA,9018,9018,0,2005,8722,8722,0,8179,8179,0,7249,6439,810,11.173955028279762,236,3.2556214650296593
strict_symmetric,MT,89915,JAURU,5284,5283,-1,1155,5125,5125,0,4888,4888,0,4423,3821,602,13.610671489938955,294,6.6470721229934435
strict_symmetric,MT,89931,SÃO JOSÉ DOS QUATRO MARCOS,10253,10253,0,2640,9870,9870,0,9100,9100,0,7971,7002,969,12.156567557395558,358,4.491280893237987
strict_symmetric,MT,89958,RIO BRANCO,3051,3051,0,1035,2936,2936,0,2805,2805,0,2382,1783,599,25.146935348446682,366,15.365239294710328
strict_symmetric,MT,89960,RONDOLÂNDIA,2298,2298,0,861,2233,2233,0,2133,2133,0,1940,1321,619,31.90721649484536,503,25.927835051546392
strict_symmetric,MT,89974,SALTO DO CÉU,2408,2408,0,680,2326,2326,0,2253,2253,0,2067,1583,484,23.415578132559265,339,16.400580551523948
strict_symmetric,MT,89990,PONTES E LACERDA,25860,25847,-13,4594,25111,25111,0,23468,23468,0,21514,19766,1748,8.124941898298783,248,1.1527377521613833
strict_symmetric,MT,90018,ACORIZAL,6085,6085,0,2776,5923,5923,0,5601,5601,0,4502,2933,1569,34.851177254553534,1193,26.499333629498
strict_symmetric,MT,90026,SÃO JOSÉ DO POVO,2376,2375,-1,852,2292,2292,0,2121,2121,0,1747,1327,420,24.041213508872353,223,12.76473955352032
strict_symmetric,MT,90042,ALTO BOA VISTA,3236,3236,0,681,3165,3165,0,3043,3043,0,2792,2381,411,14.720630372492836,237,8.488538681948423
strict_symmetric,MT,90050,ALTO ARAGUAIA,8821,8819,-2,2478,8503,8503,0,7747,7747,0,6691,5514,1177,17.59079360334778,348,5.20101629053953
strict_symmetric,MT,90069,QUERÊNCIA,14247,14246,-1,2992,13985,13985,0,13067,13067,0,11829,10561,1268,10.719418378561164,574,4.8524811902950375
strict_symmetric,MT,90077,ALTO GARÇAS,6836,6836,0,2012,6593,6593,0,5910,5910,0,5266,4361,905,17.18571971135587,442,8.393467527535131
strict_symmetric,MT,90085,CANABRAVA DO NORTE,3016,3016,0,749,2956,2956,0,2841,2841,0,2558,2115,443,17.3182173573104,291,11.376075058639563
strict_symmetric,MT,90093,ALTO PARAGUAI,4763,4763,0,2427,4574,4574,0,4222,4222,0,3749,2005,1744,46.519071752467326,1413,37.69005068018138
strict_symmetric,MT,90107,SANTA CARMEM,3457,3457,0,612,3376,3376,0,3182,3182,0,2943,2678,265,9.004417261297995,98,3.329935440027183
strict_symmetric,MT,90123,NOVA MARINGÁ,3347,3347,0,741,3257,3257,0,3152,3152,0,3015,2469,546,18.109452736318406,409,13.565505804311774
strict_symmetric,MT,90140,NOVA GUARITA,3183,3182,-1,900,3091,3091,0,2910,2910,0,2437,2120,317,13.00779647107099,154,6.319244973327862
strict_symmetric,MT,90166,NOVA MARILÂNDIA,2313,2313,0,758,2243,2243,0,2091,2091,0,1930,1414,516,26.735751295336787,375,19.430051813471504
strict_symmetric,MT,90182,PORTO ESTRELA,2665,2665,0,1443,2578,2578,0,2433,2433,0,1905,1064,841,44.14698162729659,683,35.85301837270341
strict_symmetric,MT,90204,GLÓRIA D'OESTE,2133,2133,0,556,2078,2078,0,1939,1939,0,1778,1468,310,17.435320584926885,201,11.304836895388076
strict_symmetric,MT,90220,TABAPORÃ,5923,5923,0,1093,5796,5796,0,5503,5503,0,4972,4571,401,8.065164923572004,142,2.8559935639581657
strict_symmetric,MT,90239,ARAGUAINHA,963,963,0,400,936,936,0,859,859,0,775,504,271,34.96774193548387,212,27.35483870967742
strict_symmetric,MT,90247,SÃO JOSÉ DO XINGU,3691,3691,0,1153,3586,3586,0,3373,3373,0,2934,2331,603,20.552147239263803,396,13.496932515337424
strict_symmetric,MT,90255,ARENÁPOLIS,6273,6272,-1,2101,6052,6052,0,5629,5629,0,5006,3721,1285,25.66919696364363,834,16.660007990411508
strict_symmetric,MT,90263,APIACÁS,4798,4798,0,1266,4671,4671,0,4471,4471,0,4081,3298,783,19.186473903455035,549,13.452585150698358
strict_symmetric,MT,90271,ARIPUANÃ,11768,11768,0,2192,11483,11483,0,10797,10797,0,9962,9010,952,9.556313993174061,386,3.8747239510138525
strict_symmetric,MT,90280,CONFRESA,19945,19943,-2,4262,19460,19460,0,18319,18319,0,16515,14591,1924,11.650015137753558,832,5.037844383893431
strict_symmetric,MT,90301,LAMBARI D'OESTE,3329,3329,0,1294,3205,3205,0,3031,3031,0,2752,1799,953,34.62936046511628,717,26.05377906976744
strict_symmetric,MT,90310,BARÃO DE MELGAÇO,5630,5630,0,3158,5484,5484,0,5167,5167,0,4229,2149,2080,49.184204303617875,1757,41.54646488531568
strict_symmetric,MT,90328,SANTO AFONSO,2073,2073,0,652,2011,2011,0,1920,1920,0,1782,1276,506,28.395061728395063,361,20.25813692480359
strict_symmetric,MT,90336,BARRA DO BUGRES,17501,17501,0,7085,16898,16898,0,15294,15294,0,12180,9190,2990,24.548440065681444,1764,14.482758620689655
strict_symmetric,MT,90344,PLANALTO DA SERRA,2356,2356,0,953,2280,2280,0,2139,2139,0,1709,1230,479,28.02808660035108,306,17.905207723815096
strict_symmetric,MT,90352,BARRA DO GARÇAS,36137,36131,-6,11720,35119,35119,0,32408,32408,0,27658,21683,5975,21.6031527948514,3241,11.718128570395546
strict_symmetric,MT,90360,NOVA MONTE VERDE,4720,4719,-1,1041,4588,4588,0,4313,4313,0,3905,3411,494,12.65044814340589,226,5.787451984635084
strict_symmetric,MT,90387,NOVA BANDEIRANTES,7569,7569,0,1120,7382,7382,0,7055,7055,0,6585,6121,464,7.046317388003037,136,2.0652999240698557
strict_symmetric,MT,90409,SÃO PEDRO DA CIPA,3119,3119,0,1213,3049,3049,0,2823,2823,0,2417,1762,655,27.099710384774514,511,21.14191146048821
strict_symmetric,MT,90425,COTRIGUAÇU,5971,5970,-1,1419,5798,5798,0,5501,5501,0,4966,4222,744,14.981876761981473,414,8.33668948852195
strict_symmetric,MT,90441,RIBEIRÃOZINHO,1979,1979,0,706,1926,1926,0,1839,1839,0,1642,1105,537,32.70401948842875,369,22.472594397076737
strict_symmetric,MT,90468,BRASNORTE,9205,9204,-1,2108,8966,8966,0,8411,8411,0,7738,6662,1076,13.905401912638926,641,8.283794262083225
strict_symmetric,MT,90476,CÁCERES,47292,47291,-1,19130,45853,45853,0,42477,42477,0,32607,24842,7765,23.813904989726133,4445,13.632042199527708
strict_symmetric,MT,90484,CAMPO NOVO DO PARECIS,23767,23763,-4,5529,23154,23154,0,20884,20884,0,18870,16953,1917,10.15898251192369,632,3.349231584525702
strict_symmetric,MT,90506,CAMPO VERDE,26361,26360,-1,6202,25697,25697,0,23774,23774,0,20741,18604,2137,10.303264066342027,582,2.8060363531170145
strict_symmetric,MT,90522,CLÁUDIA,6858,6853,-5,1351,6683,6683,0,6288,6288,0,5697,5206,491,8.618571177812884,190,3.3350886431455153
strict_symmetric,MT,90549,CASTANHEIRA,4570,4569,-1,1174,4407,4407,0,4097,4097,0,3516,3096,420,11.945392491467576,120,3.4129692832764507
strict_symmetric,MT,90565,JANGADA,6087,6087,0,2967,5914,5914,0,5605,5605,0,4579,2758,1821,39.768508407949334,1459,31.8628521511247
strict_symmetric,MT,90581,JURUENA,5618,5618,0,1295,5457,5457,0,5154,5154,0,4676,4031,645,13.793840889649273,353,7.549187339606501
strict_symmetric,MT,90590,CHAPADA DOS GUIMARÃES,13878,13878,0,5968,13475,13475,0,12629,12629,0,9470,6967,2503,26.430834213305175,1560,16.473072861668427
strict_symmetric,MT,90603,LUCAS DO RIO VERDE,42434,42433,-1,8636,41398,41398,0,39285,39285,0,36297,31654,4643,12.79169077334215,2499,6.884866517894041
strict_symmetric,MT,90620,MATUPÁ,11624,11624,0,2114,11376,11376,0,10626,10626,0,9738,9000,738,7.578558225508318,228,2.341343191620456
strict_symmetric,MT,90646,NOVA MUTUM,29958,29958,0,5669,29224,29224,0,27364,27364,0,25561,22651,2910,11.384531121630609,1272,4.976331129455029
strict_symmetric,MT,90662,RIBEIRÃO CASCALHEIRA,5818,5818,0,1483,5651,5651,0,5382,5382,0,4819,3997,822,17.057480805146295,484,10.043577505706578
strict_symmetric,MT,90670,CUIABÁ,373302,372298,-1004,123207,361616,361616,0,337160,337160,0,254950,218352,36598,14.35497156305158,4855,1.9042949597960384
strict_symmetric,MT,90689,TAPURAH,7642,7641,-1,1351,7485,7485,0,7095,7095,0,6731,5997,734,10.90476897934928,440,6.536918734214827
strict_symmetric,MT,90697,DIAMANTINO,12629,12628,-1,3667,12285,12285,0,11510,11510,0,10143,8306,1837,18.11101252095041,1181,11.643497978901706
strict_symmetric,MT,90700,PONTAL DO ARAGUAIA,4339,4338,-1,1408,4227,4227,0,3996,3996,0,3502,2587,915,26.127926898914907,571,16.3049685893775
strict_symmetric,MT,90719,DOM AQUINO,4997,4997,0,1582,4840,4840,0,4573,4573,0,4032,3057,975,24.18154761904762,617,15.302579365079366
strict_symmetric,MT,90727,SAPEZAL,15044,15044,0,3520,14652,14652,0,13308,13308,0,12085,10762,1323,10.947455523376085,561,4.642118328506413
strict_symmetric,MT,90743,CAMPOS DE JÚLIO,4982,4982,0,1115,4857,4857,0,4453,4453,0,4036,3644,392,9.712586719524282,169,4.1873141724479686
strict_symmetric,MT,90760,CARLINDA,6271,6271,0,2064,6062,6062,0,5610,5610,0,4685,3780,905,19.316969050160086,478,10.202774813233725
strict_symmetric,MT,90778,GENERAL CARNEIRO,3427,3426,-1,1440,3343,3343,0,3121,3121,0,2599,1775,824,31.70450173143517,612,23.5475182762601
strict_symmetric,MT,90786,FELIZ NATAL,5403,5403,0,1449,5303,5303,0,4979,4979,0,4486,3738,748,16.6740971912617,532,11.859117253678109
strict_symmetric,MT,90808,NOVO MUNDO,4559,4559,0,1043,4465,4465,0,4232,4232,0,3644,3325,319,8.754116355653128,128,3.512623490669594
strict_symmetric,MT,90824,GAÚCHA DO NORTE,5045,5045,0,1509,4942,4942,0,4646,4646,0,4227,3320,907,21.45729832032174,691,16.347291223089663
strict_symmetric,MT,90832,GUIRATINGA,6391,6391,0,2322,6170,6170,0,5753,5753,0,4792,3530,1262,26.335559265442406,723,15.087646076794657
strict_symmetric,MT,90840,UNIÃO DO SUL,2681,2681,0,663,2640,2640,0,2522,2522,0,2228,1944,284,12.746858168761221,210,9.425493716337522
strict_symmetric,MT,90867,NOVA LACERDA,3458,3457,-1,978,3355,3355,0,3168,3168,0,2862,2247,615,21.48846960167715,382,13.347309573724669
strict_symmetric,MT,90883,NOVA UBIRATÃ,5648,5648,0,1186,5537,5537,0,5253,5253,0,4781,4206,575,12.026772641706756,319,6.672244300355574
strict_symmetric,MT,90905,BOM JESUS DO ARAGUAIA,4160,4160,0,1161,4053,4053,0,3882,3882,0,3574,2689,885,24.76217123670957,575,16.08841634023503
strict_symmetric,MT,90913,ITIQUIRA,6976,6975,-1,2111,6739,6739,0,6096,6096,0,5399,4356,1043,19.31839229486942,534,9.890720503796999
strict_symmetric,MT,90921,SERRA NOVA DOURADA,1183,1183,0,271,1156,1156,0,1125,1125,0,1054,843,211,20.01897533206831,142,13.472485768500949
strict_symmetric,MT,90948,NOVO SANTO ANTÔNIO,1440,1438,-2,376,1402,1402,0,1357,1357,0,1297,959,338,26.060138781804163,233,17.964533538936006
strict_symmetric,MT,90956,JACIARA,15986,15986,0,4059,15510,15510,0,14182,14182,0,12188,10818,1370,11.240564489661963,261,2.1414506071545785
strict_symmetric,MT,90964,NOVA NAZARÉ,2405,2404,-1,1011,2316,2316,0,2129,2129,0,1713,1207,506,29.538820782253357,319,18.622300058377117
strict_symmetric,MT,90980,SANTA CRUZ DO XINGU,1651,1651,0,370,1610,1610,0,1548,1548,0,1488,1196,292,19.623655913978496,207,13.911290322580646
strict_symmetric,MT,91006,CONQUISTA D'OESTE,2438,2437,-1,539,2378,2378,0,2260,2260,0,2092,1777,315,15.05736137667304,193,9.225621414913958
strict_symmetric,MT,91022,VALE DE SÃO DOMINGOS,2146,2146,0,415,2088,2088,0,2010,2010,0,1892,1632,260,13.742071881606766,161,8.509513742071881
strict_symmetric,MT,91049,SANTA RITA DO TRIVELATO,2027,2027,0,478,1981,1981,0,1888,1888,0,1793,1407,386,21.528165086447295,244,13.608477412158393
strict_symmetric,MT,91057,LUCIARA,1888,1887,-1,748,1845,1845,0,1746,1746,0,1459,1031,428,29.335161069225496,319,21.864290610006854
strict_symmetric,MT,91081,IPIRANGA DO NORTE,4774,4774,0,1043,4703,4703,0,4406,4406,0,4150,3539,611,14.72289156626506,419,10.096385542168674
strict_symmetric,MT,91090,VILA BELA DA SANTÍSSIMA TRINDADE,8318,8317,-1,2791,8081,8081,0,7725,7725,0,7052,5047,2005,28.43165059557572,1525,21.62507090187181
strict_symmetric,MT,91103,ITANHANGÁ,4147,4147,0,618,4083,4083,0,3938,3938,0,3767,3417,350,9.291213166976373,238,6.318024953543934
strict_symmetric,MT,91170,NOBRES,9933,9932,-1,2637,9639,9639,0,9166,9166,0,8394,6747,1647,19.621157969978555,1098,13.080771979985704
strict_symmetric,MT,91197,NORTELÂNDIA,3886,3886,0,1663,3704,3704,0,3428,3428,0,2842,1851,991,34.8698099929627,619,21.78043631245602
strict_symmetric,MT,91219,NOSSA SENHORA DO LIVRAMENTO,11129,11128,-1,6530,10779,10779,0,9976,9976,0,6882,3842,3040,44.17320546352804,2283,33.17349607672188
strict_symmetric,MT,91294,POCONÉ,19450,19450,0,10514,18827,18827,0,17070,17070,0,10812,7644,3168,29.3007769145394,1876,17.351091379948205
strict_symmetric,MT,91332,PONTE BRANCA,1548,1548,0,704,1484,1484,0,1405,1405,0,1277,688,589,46.123727486296005,433,33.907595927956145
strict_symmetric,MT,91359,PORTO DOS GAÚCHOS,3431,3431,0,640,3344,3344,0,3173,3173,0,2926,2633,293,10.013670539986329,135,4.613807245386193
strict_symmetric,MT,91391,POXORÉU,10801,10801,0,4058,10426,10426,0,9508,9508,0,7630,5905,1725,22.608125819134994,887,11.625163826998689
strict_symmetric,MT,91510,RONDONÓPOLIS,136921,136521,-400,38046,132616,132616,0,122930,122930,0,101763,88849,12914,12.690270530546465,2888,2.8379666479958336
strict_symmetric,MT,91537,ROSÁRIO OESTE,10185,10185,0,4253,9857,9857,0,9297,9297,0,8031,5321,2710,33.74424106586976,2099,26.13622213921056
strict_symmetric,MT,91553,SANTO ANTÔNIO DO LEVERGER,13710,13710,0,6337,13325,13325,0,12465,12465,0,9577,6452,3125,32.630259997911665,2204,23.013469771327138
strict_symmetric,MT,91618,TESOURO,2101,2101,0,879,2035,2035,0,1910,1910,0,1641,1049,592,36.075563680682514,419,25.533211456429008
strict_symmetric,MT,91634,TORIXORÉU,2992,2992,0,1057,2909,2909,0,2748,2748,0,2424,1703,721,29.744224422442244,489,20.173267326732674
strict_symmetric,MT,91677,VÁRZEA GRANDE,156729,156545,-184,55331,151684,151684,0,139169,139169,0,106807,89246,17561,16.441806248654114,5409,5.064274813448557
strict_symmetric,MT,91774,MIRASSOL D'OESTE,15377,15377,0,3781,14777,14777,0,13620,13620,0,11888,10563,1325,11.145693135935398,292,2.4562584118438764
strict_symmetric,MT,91812,PEDRA PRETA,11036,11034,-2,3751,10632,10632,0,9494,9494,0,7806,6487,1319,16.89725851908788,521,6.674353061747373
strict_symmetric,MT,91839,SÃO FÉLIX DO ARAGUAIA,5928,5923,-5,1921,5769,5769,0,5513,5513,0,4865,3651,1214,24.953751284686536,858,17.63617677286742
strict_symmetric,MT,91855,TANGARÁ DA SERRA,54250,54249,-1,11800,52755,52755,0,49274,49274,0,43244,39099,4145,9.5851447599667,794,1.8360928683748035
strict_symmetric,MT,91898,JUSCIMEIRA,7184,7184,0,2434,6976,6976,0,6437,6437,0,5252,4318,934,17.783701447067784,502,9.558263518659558
strict_symmetric,MT,91910,ÁGUA BOA,16113,16093,-20,2549,15741,15741,0,14863,14863,0,13923,12705,1218,8.74811463046757,359,2.5784672843496375
strict_symmetric,MT,91936,CANARANA,13624,13623,-1,2339,13356,13356,0,12547,12547,0,11621,10690,931,8.011358747095775,336,2.891317442560881
strict_symmetric,MT,91952,NOVA XAVANTINA,12039,12039,0,2868,11696,11696,0,10850,10850,0,9712,8416,1296,13.344316309719934,541,5.570428336079077
strict_symmetric,MT,91979,SANTA TEREZINHA,3919,3919,0,1693,3788,3788,0,3562,3562,0,2891,1936,955,33.033552404012454,665,23.002421307506054
strict_symmetric,MT,91995,SÃO JOSÉ DO RIO CLARO,8842,8842,0,1741,8596,8596,0,8062,8062,0,7526,6669,857,11.387191070954026,425,5.647090087695987
strict_symmetric,MT,98191,JUARA,19298,19296,-2,3717,18722,18722,0,17520,17520,0,16099,14473,1626,10.100006211565935,518,3.2175911547301075
strict_symmetric,MT,98310,JUÍNA,25061,25049,-12,5871,24270,24270,0,22681,22681,0,19776,17686,2090,10.568365695792881,586,2.963187702265372
strict_symmetric,MT,98337,DENISE,4645,4645,0,1757,4466,4466,0,4087,4087,0,3647,2574,1073,29.421442281327117,759,20.811625993967645
strict_symmetric,MT,98612,ALTO TAQUARI,6010,6010,0,1552,5825,5825,0,5242,5242,0,4779,4053,726,15.191462649089768,321,6.716886377903327
strict_symmetric,MT,98639,ARAGUAIANA,2444,2443,-1,849,2364,2364,0,2206,2206,0,1901,1329,572,30.0894266175697,306,16.09679116254603
strict_symmetric,MT,98655,CAMPINÁPOLIS,8377,8377,0,4457,8185,8185,0,7534,7534,0,5469,3515,1954,35.72865240446151,1549,28.323276650210275
strict_symmetric,MT,98671,COCALINHO,3797,3797,0,1171,3690,3690,0,3413,3413,0,3118,2275,843,27.036561898652984,492,15.779345734445156
strict_symmetric,MT,98698,ITAÚBA,3288,3288,0,696,3198,3198,0,3034,3034,0,2855,2434,421,14.746059544658493,263,9.211908931698774
strict_symmetric,MT,98710,MARCELÂNDIA,6934,6931,-3,1265,6711,6711,0,6291,6291,0,5801,5373,428,7.37803826926392,132,2.2754697465954146
strict_symmetric,MT,98736,NOVA OLÍMPIA,10181,10181,0,4303,9754,9754,0,8452,8452,0,6375,5103,1272,19.95294117647059,497,7.796078431372549
strict_symmetric,MT,98752,NOVA CANAÃ DO NORTE,7787,7786,-1,1499,7533,7533,0,7099,7099,0,6622,5835,787,11.88462700090607,334,5.043793415886439
strict_symmetric,MT,98779,NOVO SÃO JOAQUIM,4151,4151,0,1035,4030,4030,0,3812,3812,0,3576,2833,743,20.777404921700224,460,12.863534675615213
strict_symmetric,MT,98795,NOVO HORIZONTE DO NORTE,2604,2604,0,648,2546,2546,0,2433,2433,0,2203,1803,400,18.157058556513846,247,11.211983658647299
strict_symmetric,MT,98817,PEIXOTO DE AZEVEDO,17679,17678,-1,5506,17193,17193,0,15696,15696,0,12826,11167,1659,12.934663963823484,653,5.09122095743022
strict_symmetric,MT,98833,PARANAÍTA,7248,7248,0,1630,7047,7047,0,6650,6650,0,5986,5230,756,12.629468760441029,368,6.147677915135316
strict_symmetric,MT,98850,PORTO ALEGRE DO NORTE,6045,6045,0,1779,5877,5877,0,5541,5541,0,4843,3910,933,19.2649184389841,577,11.914102828825108
strict_symmetric,MT,98876,PORTO ESPERIDIÃO,5944,5942,-2,2055,5739,5739,0,5435,5435,0,4745,3559,1186,24.994731296101158,856,18.04004214963119
strict_symmetric,MT,98892,PRIMAVERA DO LESTE,44309,44309,0,8209,43218,43218,0,40192,40192,0,36737,33630,3107,8.457413506818739,637,1.733946702234804
strict_symmetric,MT,98914,RESERVA DO CABAÇAL,1465,1465,0,524,1415,1415,0,1335,1335,0,1077,825,252,23.398328690807798,136,12.627669452181987
strict_symmetric,MT,98930,SORRISO,59713,59713,0,11829,58458,58458,0,54652,54652,0,50169,45104,5065,10.095875939325081,2285,4.554605433634316
strict_symmetric,MT,98957,TERRA NOVA DO NORTE,6971,6970,-1,1873,6773,6773,0,6399,6399,0,5579,4686,893,16.006452769313498,481,8.621616777200215
strict_symmetric,MT,98973,VERA,6174,6174,0,1337,5997,5997,0,5613,5613,0,5137,4507,630,12.26396729608721,300,5.839984426708195
strict_symmetric,MT,98990,VILA RICA,10315,10313,-2,2213,10024,10024,0,9395,9395,0,8538,7515,1023,11.981728742094168,436,5.106582337784024
strict_symmetric,MT,99015,COMODORO,10499,10499,0,2733,10155,10155,0,9493,9493,0,8343,7135,1208,14.479204123217068,577,6.915977466139278
strict_symmetric,MT,99031,FIGUEIRÓPOLIS D'OESTE,2325,2325,0,416,2249,2249,0,2121,2121,0,1946,1786,160,8.221993833504625,37,1.9013360739979446
strict_symmetric,MT,99058,GUARANTÃ DO NORTE,17632,17631,-1,2696,17235,17235,0,16364,16364,0,14942,14248,694,4.644625886762147,6,0.04015526703252577
strict_symmetric,MT,99074,INDIAVAÍ,1663,1663,0,508,1612,1612,0,1529,1529,0,1317,1046,271,20.577069096431284,162,12.300683371298405
strict_symmetric,RR,03000,CAROEBE,6612,6612,0,1201,6473,6473,0,6351,6351,0,6318,5084,1234,19.531497309275085,907,14.355808800253245
strict_symmetric,RR,03018,BOA VISTA,199571,198762,-809,37547,195194,195194,0,191424,191424,0,187810,148718,39092,20.814653106863318,25786,13.72983334220755
strict_symmetric,RR,03026,IRACEMA,6153,6153,0,1295,5983,5983,0,5897,5897,0,5866,4454,1412,24.0709171496761,1008,17.183770883054894
strict_symmetric,RR,03034,CARACARAÍ,12452,12452,0,2987,12170,12170,0,11962,11962,0,11899,8785,3114,26.170266408941927,2434,20.455500462223718
strict_symmetric,RR,03042,AMAJARI,6520,6520,0,1426,6343,6343,0,6278,6278,0,6258,4707,1551,24.784276126558005,1164,18.60019175455417
strict_symmetric,RR,03050,ALTO ALEGRE,11347,11347,0,2657,11106,11106,0,10923,10923,0,10857,8100,2757,25.393755180989224,2167,19.959473150962513
strict_symmetric,RR,03069,CANTÁ,14635,14635,0,3667,14361,14361,0,14111,14111,0,13995,10224,3771,26.94533762057878,3027,21.629153269024652
strict_symmetric,RR,03077,BONFIM,10091,10091,0,3037,9892,9892,0,9684,9684,0,9601,6661,2940,30.62181022810124,2547,26.528486615977503
strict_symmetric,RR,03085,RORAINÓPOLIS,19054,19054,0,4189,18594,18594,0,18127,18127,0,17983,13842,4141,23.027303564477563,3118,17.338597564366346
strict_symmetric,RR,03093,MUCAJAÍ,12003,12003,0,2022,11734,11734,0,11599,11599,0,11553,9368,2185,18.912836492685884,1572,13.606855362243573
strict_symmetric,RR,03107,UIRAMUTÃ,7926,7926,0,5375,7795,7795,0,7587,7587,0,7056,2353,4703,66.65249433106575,4505,63.84637188208617
strict_symmetric,RR,03115,NORMANDIA,8367,8366,-1,3558,8247,8247,0,8108,8108,0,8002,4501,3501,43.75156210947263,3193,39.90252436890777
strict_symmetric,RR,03123,PACARAIMA,8084,8082,-2,3065,7941,7941,0,7801,7801,0,7621,4713,2908,38.157722083716045,2602,34.14250098412282
strict_symmetric,RR,03131,SÃO JOÃO DA BALIZA,4843,4842,-1,1154,4729,4729,0,4628,4628,0,4599,3400,1199,26.070884974994563,910,19.7869101978691
strict_symmetric,RR,03158,SÃO LUIZ,5114,5114,0,1240,4983,4983,0,4856,4856,0,4825,3581,1244,25.78238341968912,951,19.70984455958549
