uf,cd_tse,municipio,zona,completa_gerado_brt,margin_lula_minus_flavio_2026_pp,margin_lula_minus_bolsonaro_2022_pp,delta_margin_2026_minus_2022_pp
AC,01120,ACRELÂNDIA,0008,2026-10-04 19:04:33,-56.88615068668977,-52.289969092441694,-4.596181594248073
AC,01570,ASSIS BRASIL,0006,2026-10-04 20:22:14,-22.803839884078972,-14.185998768220077,-8.617841115858894
AC,01058,BRASILÉIA,0006,2026-10-04 19:17:09,-43.82920647299669,-35.16763332861791,-8.661573144378778
AC,01007,BUJARI,0009,2026-10-04 19:20:50,-37.75878671160327,-32.699986231584745,-5.058800480018526
AC,01015,CAPIXABA,0002,2026-10-04 18:56:30,-39.615751032073675,-38.49609050074863,-1.1196605313250458
AC,01074,CRUZEIRO DO SUL,0004,2026-10-04 20:42:45,-44.0027388432415,-44.70476316895644,0.7020243257149374
AC,01112,EPITACIOLÂNDIA,0006,2026-10-04 20:24:14,-48.510902322283286,-40.36830126215601,-8.142601060127276
AC,01139,FEIJÓ,0007,2026-10-04 20:10:45,-9.4472710453284,11.4257555847569,-20.8730266300853
AC,01104,JORDÃO,0005,2026-10-04 19:08:53,4.931379390555943,17.371826779492284,-12.440447388936342
AC,01554,MANOEL URBANO,0003,2026-10-04 19:16:07,-21.890547263681594,-18.90133718829057,-2.989210075391025
AC,01040,MARECHAL THAUMATURGO,0004,2026-10-04 18:17:46,-22.075346992729678,-11.266906564089837,-10.808440428639841
AC,01090,MÂNCIO LIMA,0004,2026-10-04 20:52:46,-36.512960903413465,-31.55993752440453,-4.953023379008936
AC,01511,PLÁCIDO DE CASTRO,0008,2026-10-04 18:49:54,-42.92433110367893,-40.1171458998935,-2.80718520378543
AC,01023,PORTO ACRE,0001,2026-10-04 19:12:39,-47.34004313443566,-44.56574714884491,-2.774295985590747
AC,01066,PORTO WALTER,0004,2026-10-04 19:07:40,6.797966963151207,9.394875522442304,-2.596908559291096
AC,01392,RIO BRANCO,0001,2026-10-04 20:42:26,-36.204071403786095,-37.74480132773601,1.5407299239499181
AC,01392,RIO BRANCO,0009,2026-10-04 20:40:28,-36.76895621981262,-37.71875216158262,0.9497959417699988
AC,01082,RODRIGUES ALVES,0004,2026-10-04 19:14:14,-48.32343167858222,-53.14685314685315,4.823421468270929
AC,01031,SANTA ROSA DO PURUS,0003,2026-10-04 18:48:39,4.595185995623632,13.0659253375695,-8.470739341945867
AC,01457,SENA MADUREIRA,0003,2026-10-04 20:55:40,-45.905591743507316,-39.04342238134582,-6.862169362161495
AC,01538,SENADOR GUIOMARD,0008,2026-10-04 19:02:56,-45.170376477054134,-40.7924391130498,-4.377937364004332
AC,01473,TARAUACÁ,0005,2026-10-04 20:41:25,-20.159940487260553,-5.964988113248325,-14.194952374012228
AC,01490,XAPURI,0002,2026-10-04 20:19:36,-27.427580579355364,-14.615384615384615,-12.81219596397075
AL,27030,ANADIA,0048,2026-10-04 19:07:07,41.56339370829361,51.63505178633772,-10.07165807804411
AL,27057,ARAPIRACA,0022,2026-10-04 21:01:48,5.412375314248641,13.860080976016572,-8.44770566176793
AL,27057,ARAPIRACA,0055,2026-10-04 20:58:12,0.7303027378309687,1.5757091865489385,-0.8454064487179699
AL,27073,ATALAIA,0006,2026-10-04 21:00:40,22.52252252252252,30.03450716687312,-7.511984644350598
AL,27090,BARRA DE SANTO ANTÔNIO,0017,2026-10-04 21:17:00,10.400807117307163,21.092319293331897,-10.691512176024734
AL,27111,BARRA DE SÃO MIGUEL,0026,2026-10-04 20:57:29,-5.771938057250117,-0.5080440304826418,-5.263894026767475
AL,27138,BATALHA,0029,2026-10-04 20:55:22,25.770252977655282,36.646868813170784,-10.876615835515501
AL,27170,BELO MONTE,0029,2026-10-04 20:10:27,39.11439114391144,49.002465814839724,-9.888074670928283
AL,27154,BELÉM,0028,2026-10-04 20:10:27,42.96440489432703,47.362385321100916,-4.397980426773884
AL,27197,BOCA DA MATA,0048,2026-10-04 19:23:20,14.392324093816631,21.556310966597696,-7.163986872781065
AL,27219,BRANQUINHA,0009,2026-10-04 20:12:40,36.133096430302054,45.05961130164952,-8.926514871347464
AL,27235,CACIMBINHAS,0046,2026-10-04 20:47:15,40.158944876564085,48.34592779177162,-8.186982915207537
AL,27251,CAJUEIRO,0005,2026-10-04 20:12:41,34.365781710914455,36.398161103338,-2.032379392423543
AL,27081,CAMPESTRE,0053,2026-10-04 20:05:01,35.87930221593588,39.83679525222552,-3.957493036289641
AL,27278,CAMPO ALEGRE,0047,2026-10-04 20:57:07,27.56393425405661,36.28161842032435,-8.717684166267741
AL,27294,CAMPO GRANDE,0020,2026-10-04 20:33:36,43.87662534018748,60.13410545565377,-16.257480115466286
AL,27316,CANAPI,0027,2026-10-04 19:20:52,57.369942196531795,67.4226139294927,-10.052671732960903
AL,27332,CAPELA,0006,2026-10-04 20:56:11,19.065945496151446,21.99135112329923,-2.925405627147782
AL,27359,CARNEIROS,0019,2026-10-04 20:50:21,55.24802300503235,63.85637770283674,-8.608354697804387
AL,27375,CHÃ PRETA,0028,2026-10-04 19:01:36,40.0196656833825,52.22959067002058,-12.209924986638079
AL,27391,COITÉ DO NÓIA,0045,2026-10-04 20:25:56,46.562277580071175,59.579615908059885,-13.01733832798871
AL,27413,COLÔNIA LEOPOLDINA,0016,2026-10-04 18:49:56,3.1509887266678986,12.896015549076774,-9.745026822408875
AL,27430,COQUEIRO SECO,0008,2026-10-04 20:33:29,11.55085135757018,26.951250315736296,-15.400398958166116
AL,27456,CORURIPE,0007,2026-10-04 21:00:19,-4.243202317466587,-1.5894593746732197,-2.6537429427933676
AL,28894,CRAÍBAS,0031,2026-10-04 21:08:56,45.09241749527237,58.059914407988586,-12.967496912716214
AL,27472,DELMIRO GOUVEIA,0040,2026-10-04 21:42:15,58.388401223000294,63.486347585917564,-5.09794636291727
AL,27499,DOIS RIACHOS,0046,2026-10-04 22:35:09,40.389178927384904,51.64297722757145,-11.253798300186546
AL,27049,ESTRELA DE ALAGOAS,0046,2026-10-04 20:58:12,60.0503663003663,66.09545569941609,-6.045089399049793
AL,27510,FEIRA GRANDE,0049,2026-10-04 20:30:08,46.52260138138549,53.94138265344172,-7.418781272056229
AL,27537,FELIZ DESERTO,0007,2026-10-04 19:22:08,22.5234996384671,37.64320785597381,-15.119708217506712
AL,27553,FLEXEIRAS,0053,2026-10-04 21:24:26,-0.7474813129671758,5.181177242170848,-5.928658555138023
AL,27570,GIRAU DO PONCIANO,0044,2026-10-04 21:40:45,54.57753286929621,62.57697044334975,-7.9994375740535375
AL,27596,IBATEGUARA,0016,2026-10-04 20:16:37,20.38073908174692,27.732895733400657,-7.352156651653736
AL,27618,IGACI,0045,2026-10-04 20:41:27,51.66924919002676,60.43692843663812,-8.767679246611358
AL,27634,IGREJA NOVA,0037,2026-10-04 21:38:27,41.93947836854733,52.05884642328948,-10.119368054742154
AL,27650,INHAPI,0039,2026-10-04 20:56:23,62.89086140810974,67.3999557815609,-4.509094373451163
AL,27677,JACARÉ DOS HOMENS,0029,2026-10-04 20:27:05,56.520650813516895,61.078998073217726,-4.558347259700831
AL,27693,JACUÍPE,0014,2026-10-04 19:22:32,35.655128477383734,42.412084021713476,-6.756955544329742
AL,27715,JAPARATINGA,0014,2026-10-04 20:59:20,-10.35229569737222,-6.012832263978002,-4.339463433394219
AL,27731,JARAMATAIA,0044,2026-10-04 20:29:14,48.425196850393704,56.95663740356478,-8.531440553171073
AL,27065,JEQUIÁ DA PRAIA,0018,2026-10-04 19:13:17,2.210121716848174,6.451086068920464,-4.2409643520722895
AL,27758,JOAQUIM GOMES,0053,2026-10-04 21:34:17,35.56113752579169,42.42541650523053,-6.864278979438836
AL,27774,JUNDIÁ,0014,2026-10-04 19:20:52,17.63549564729009,27.295756808106397,-9.660261160816308
AL,27790,JUNQUEIRO,0034,2026-10-04 20:54:09,18.040043584854264,34.241190509616736,-16.201146924762472
AL,27812,LAGOA DA CANOA,0044,2026-10-04 20:52:29,33.81514494499317,46.56755574989069,-12.752410804897515
AL,27839,LIMOEIRO DE ANADIA,0047,2026-10-04 20:07:45,41.04206564089018,53.36911993219381,-12.327054291303632
AL,27855,MACEIÓ,0001,2026-10-04 20:39:26,-12.70319356549009,-11.322882726879172,-1.3803108386109173
AL,27855,MACEIÓ,0002,2026-10-04 21:54:57,-11.354692777244136,-9.816998843140757,-1.5376939341033786
AL,27855,MACEIÓ,0003,2026-10-04 21:19:36,-8.958961129056735,-7.385303181561699,-1.573657947495036
AL,27855,MACEIÓ,0033,2026-10-04 21:03:56,-12.037061796400781,-8.102319402459027,-3.934742393941754
AL,27855,MACEIÓ,0054,2026-10-04 22:54:06,-11.454338043097486,-8.83386660103372,-2.620471442063767
AL,27871,MAJOR ISIDORO,0031,2026-10-04 21:13:10,26.791523784401654,38.840553164209176,-12.049029379807521
AL,27979,MAR VERMELHO,0005,2026-10-04 20:40:36,39.13498430415068,45.72344975053457,-6.588465446383893
AL,27898,MARAGOGI,0014,2026-10-04 20:58:12,-18.242567745330177,-11.347475351060652,-6.8950923942695255
AL,27910,MARAVILHA,0050,2026-10-04 22:50:26,47.646867900032454,58.03081282096689,-10.383944920934432
AL,27936,MARECHAL DEODORO,0026,2026-10-04 21:00:40,-10.58299191673126,-5.132581144717297,-5.450410772013963
AL,27952,MARIBONDO,0048,2026-10-04 20:59:19,24.322739533247333,33.68068956644796,-9.357950033200627
AL,27995,MATA GRANDE,0027,2026-10-04 20:51:32,60.79849104055329,64.55385136852809,-3.755360327974799
AL,28010,MATRIZ DE CAMARAGIBE,0012,2026-10-04 20:57:07,-13.116197183098592,-9.350529709811147,-3.7656674732874453
AL,28037,MESSIAS,0009,2026-10-04 20:52:18,15.238996687174634,20.999500249875062,-5.760503562700428
AL,28053,MINADOR DO NEGRÃO,0046,2026-10-04 20:07:45,34.55902681780481,47.78436353372848,-13.225336715923667
AL,28070,MONTEIRÓPOLIS,0029,2026-10-04 19:29:34,46.75629534784464,53.395728341732664,-6.639432993888022
AL,28096,MURICI,0009,2026-10-04 19:29:51,22.242768458591996,28.76997915218902,-6.5272106935970235
AL,28118,NOVO LINO,0053,2026-10-04 20:13:00,-2.466429158673609,5.200402241057319,-7.6668313997309285
AL,28134,OLHO D'ÁGUA DAS FLORES,0011,2026-10-04 21:01:48,20.063881650836347,30.652399033482915,-10.588517382646568
AL,28150,OLHO D'ÁGUA DO CASADO,0040,2026-10-04 20:59:20,68.239290432157,75.16917293233082,-6.929882500173818
AL,28177,OLHO D'ÁGUA GRANDE,0037,2026-10-04 20:47:55,48.88650389052857,61.904761904761905,-13.018258014233332
AL,28193,OLIVENÇA,0019,2026-10-04 20:16:37,35.79638752052545,49.159010600706715,-13.362623080181265
AL,28215,OURO BRANCO,0050,2026-10-04 21:36:47,46.55478237140128,57.92498922258945,-11.370206851188172
AL,28231,PALESTINA,0011,2026-10-04 21:24:16,53.979533826037525,55.76748410535876,-1.7879502793212367
AL,28258,PALMEIRA DOS ÍNDIOS,0010,2026-10-04 21:17:00,23.623887424792404,31.15873942964524,-7.534852004852837
AL,27022,PARICONHA,0039,2026-10-04 20:58:29,78.92752408881441,79.38556067588326,-0.45803658706884676
AL,27006,PARIPUEIRA,0017,2026-10-04 20:56:11,-9.349297241020302,0.704390702042733,-10.053687943063036
AL,28290,PASSO DE CAMARAGIBE,0012,2026-10-04 20:59:39,10.236956973602162,21.948775055679288,-11.711818082077126
AL,28312,PAULO JACINTO,0028,2026-10-04 18:50:12,37.38907513310984,44.29117147707979,-6.902096343969951
AL,28339,PENEDO,0013,2026-10-04 21:37:07,21.009357263383954,29.336407047587684,-8.32704978420373
AL,28355,PIAÇABUÇU,0013,2026-10-04 20:42:27,28.154114906832298,37.932759655793475,-9.778644748961177
AL,28371,PILAR,0008,2026-10-04 20:53:20,5.955944774585586,15.01047809347434,-9.054533318888755
AL,28398,PINDOBA,0005,2026-10-04 19:29:33,24.868189806678384,38.044009779951104,-13.17581997327272
AL,28410,PIRANHAS,0040,2026-10-04 21:44:06,61.08725761772853,67.83957059788281,-6.752312980154279
AL,28452,PORTO CALVO,0014,2026-10-04 20:07:45,-10.699894612857232,-3.0491024287222808,-7.650792184134952
AL,28479,PORTO DE PEDRAS,0012,2026-10-04 21:46:16,-4.558755582935469,11.125605665300037,-15.684361248235508
AL,28495,PORTO REAL DO COLÉGIO,0037,2026-10-04 21:41:26,47.55297488877159,58.173941474579046,-10.620966585807459
AL,28436,POÇO DAS TRINCHEIRAS,0050,2026-10-04 21:18:26,59.593983123394885,70.35012364961604,-10.756140526221152
AL,28274,PÃO DE AÇÚCAR,0011,2026-10-04 20:57:29,47.45588988945018,52.6775234741784,-5.221633584728224
AL,28517,QUEBRANGULO,0028,2026-10-04 19:20:51,39.477746333933624,48.88706814147208,-9.409321807538454
AL,28533,RIO LARGO,0015,2026-10-04 20:57:29,2.106007330096184,8.993792406525191,-6.887785076429007
AL,28550,ROTEIRO,0018,2026-10-04 20:16:37,20.09478672985782,24.777227722772277,-4.682440992914458
AL,28576,SANTA LUZIA DO NORTE,0008,2026-10-04 19:20:53,19.37770775896022,30.63155729273812,-11.253849533777899
AL,28592,SANTANA DO IPANEMA,0019,2026-10-04 20:10:27,36.953285317667884,49.1333305754354,-12.180045257767517
AL,28614,SANTANA DO MUNDAÚ,0021,2026-10-04 19:29:33,44.234460357301046,53.207133917396746,-8.9726735600957
AL,28770,SATUBA,0008,2026-10-04 19:29:33,-7.936761418077292,2.124052652572796,-10.060814070650087
AL,28916,SENADOR RUI PALMEIRA,0051,2026-10-04 20:57:28,55.655913978494624,66.15479115479116,-10.498877176296531
AL,28630,SÃO BRÁS,0037,2026-10-04 20:56:10,43.6212504517528,47.686832740213525,-4.065582288460725
AL,28657,SÃO JOSÉ DA LAJE,0016,2026-10-04 20:13:48,18.821473951715376,23.89301149800212,-5.071537546286745
AL,28673,SÃO JOSÉ DA TAPERA,0051,2026-10-04 22:16:17,49.76402083971805,60.28310875187151,-10.51908791215346
AL,28690,SÃO LUÍS DO QUITUNDE,0017,2026-10-04 21:27:26,-1.782107639301414,10.859173918372349,-12.641281557673762
AL,28711,SÃO MIGUEL DOS CAMPOS,0018,2026-10-04 20:51:18,-1.327766965911231,4.90134274727353,-6.22910971318476
AL,28738,SÃO MIGUEL DOS MILAGRES,0012,2026-10-04 21:00:40,-7.932924862947436,5.699102070734836,-13.632026933682273
AL,28754,SÃO SEBASTIÃO,0049,2026-10-04 21:01:48,39.39681904571371,53.108822116667554,-13.712003070953841
AL,28797,TANQUE D'ARCA,0048,2026-10-04 19:13:26,50.16603415559772,63.921052631578945,-13.755018475981224
AL,28819,TAQUARANA,0045,2026-10-04 19:25:17,46.94074333800842,55.26080476900149,-8.320061430993071
AL,28932,TEOTÔNIO VILELA,0034,2026-10-04 20:58:29,20.80584354382658,29.922949380669074,-9.117105836842494
AL,28835,TRAIPU,0020,2026-10-04 19:17:09,51.81423419445058,59.33686391895004,-7.52262972449946
AL,28851,UNIÃO DOS PALMARES,0021,2026-10-04 21:19:35,22.625137785817248,27.18384890126521,-4.558711115447963
AL,28878,VIÇOSA,0005,2026-10-04 21:23:06,25.02578648788035,31.861995612577278,-6.8362091246969285
AL,27014,ÁGUA BRANCA,0039,2026-10-04 20:57:07,75.14856834143706,77.96122808644839,-2.812659745011331
AM,02895,ALVARÃES,0060,2026-10-04 21:01:26,39.649484536082475,47.292206263244644,-7.642721727162169
AM,02917,AMATURÁ,0022,2026-10-04 23:39:28,54.174664107485604,51.2873911397198,2.887272967765803
AM,02933,ANAMÃ,0006,2026-10-04 20:37:06,31.036531036531038,29.6214857860845,1.4150452504465392
AM,02038,ANORI,0033,2026-10-04 22:21:07,13.16464552238806,18.642601063172208,-5.477955540784148
AM,02003,APUÍ,0067,2026-10-04 21:18:57,-46.38815314230676,-21.975909789851357,-24.412243352455405
AM,02054,ATALAIA DO NORTE,0042,2026-10-04 20:33:28,45.810711665443876,60.58057067458354,-14.769859009139665
AM,02070,AUTAZES,0035,2026-10-04 22:41:27,18.15383299841806,31.382409088792663,-13.228576090374602
AM,02097,BARCELOS,0018,2026-10-04 21:49:57,13.202933985330073,32.16025988088793,-18.957325895557855
AM,02119,BARREIRINHA,0026,2026-10-05 00:46:39,78.7959127312897,81.86509622973712,-3.0691834984474156
AM,02135,BENJAMIN CONSTANT,0020,2026-10-04 23:13:22,58.8023161316538,67.79732244701927,-8.995006315365472
AM,02950,BERURI,0054,2026-10-04 21:00:39,24.766519823788546,29.186556259132978,-4.420036435344432
AM,02976,BOA VISTA DO RAMOS,0005,2026-10-04 22:39:32,71.05062082139446,76.14467907171232,-5.0940582503178575
AM,02151,BOCA DO ACRE,0014,2026-10-04 20:54:09,-19.18747801618009,-2.5803991356298464,-16.607078880550244
AM,02178,BORBA,0015,2026-10-04 20:52:18,47.05470977459788,56.507838917921916,-9.453129143324034
AM,02992,CAAPIRANGA,0006,2026-10-04 20:58:11,28.641760787720823,34.849346219442864,-6.207585431722041
AM,02194,CANUTAMA,0013,2026-10-04 22:08:56,-0.025879917184265012,17.252489748096075,-17.27836966528034
AM,02216,CARAUARI,0021,2026-10-04 20:43:35,39.81045932484781,54.43782684485764,-14.627367520009827
AM,02232,CAREIRO,0023,2026-10-04 22:34:08,21.45856806309536,29.19648093841642,-7.7379128753210615
AM,02046,CAREIRO DA VÁRZEA,0031,2026-10-04 20:57:07,21.035009826042653,27.254978524014057,-6.219968697971403
AM,02259,COARI,0008,2026-10-04 23:00:33,21.00714419500709,22.043562549891664,-1.0364183548845745
AM,02275,CODAJÁS,0007,2026-10-04 20:58:29,18.34006838669568,21.94515852613539,-3.60509013943971
AM,02291,EIRUNEPÉ,0011,2026-10-04 20:41:06,22.292865747557222,48.03099232300256,-25.738126575445335
AM,02313,ENVIRA,0046,2026-10-04 19:25:18,25.14308531878078,46.40065816536405,-21.25757284658327
AM,02330,FONTE BOA,0010,2026-10-04 21:21:45,48.757618377871545,52.853641456582636,-4.096023078711092
AM,02020,GUAJARÁ,0045,2026-10-04 21:19:56,-27.434225320440746,-13.131443298969073,-14.302782021471673
AM,02356,HUMAITÁ,0017,2026-10-04 21:52:35,-15.399232460225791,11.559824598037169,-26.95905705826296
AM,02399,IPIXUNA,0045,2026-10-04 21:08:56,14.468346650276583,36.614226166464974,-22.14587951618839
AM,98353,IRANDUBA,0056,2026-10-04 20:58:29,7.588982244337494,15.089336029436138,-7.500353785098644
AM,02410,ITACOATIARA,0003,2026-10-04 21:46:46,23.755533392822773,30.49126253173471,-6.735729138911935
AM,98370,ITAMARATI,0069,2026-10-04 19:24:39,26.251162790697673,50.14124293785311,-23.890080147155434
AM,02437,ITAPIRANGA,0024,2026-10-04 20:27:06,10.891494002181025,19.32389937106918,-8.432405368888157
AM,02453,JAPURÁ,0048,2026-10-04 20:52:18,-2.108276939094222,21.673690547862734,-23.781967486956955
AM,02470,JURUÁ,0050,2026-10-04 20:54:09,13.255684969495286,25.519922254616134,-12.264237285120847
AM,02496,JUTAÍ,0041,2026-10-05 00:11:48,17.979741136747325,47.41463414634146,-29.434893009594138
AM,02518,LÁBREA,0012,2026-10-04 20:54:09,18.062434679874585,33.08882155955988,-15.026386879685298
AM,02534,MANACAPURU,0006,2026-10-04 21:50:06,7.813174341842362,13.448862428237295,-5.635688086394933
AM,98396,MANAQUIRI,0023,2026-10-04 21:58:55,32.8009828009828,38.94942721430567,-6.148444413322871
AM,02550,MANAUS,0001,2026-10-04 18:59:25,-16.626653662440294,-17.66491151089659,1.038257848456297
AM,02550,MANAUS,0002,2026-10-04 19:04:44,-24.504323346068773,-24.918618923101555,0.41429557703278164
AM,02550,MANAUS,0031,2026-10-04 19:32:20,-13.357967805637006,-13.728574853170322,0.37060704753331564
AM,02550,MANAUS,0032,2026-10-04 19:20:51,-16.660571335690193,-16.487254950865466,-0.17331638482472655
AM,02550,MANAUS,0037,2026-10-04 20:51:31,-18.23437281142959,-17.160929205205758,-1.073443606223833
AM,02550,MANAUS,0040,2026-10-04 20:51:31,-21.610307548008095,-21.49924044716239,-0.11106710084570537
AM,02550,MANAUS,0058,2026-10-04 19:17:10,-21.017823933802788,-20.716666838677718,-0.3011570951250704
AM,02550,MANAUS,0059,2026-10-04 21:32:07,-13.139329805996473,-11.657977299990772,-1.4813525060057007
AM,02550,MANAUS,0062,2026-10-04 19:16:08,-16.71639275179098,-16.786367077155994,0.06997432536501336
AM,02550,MANAUS,0063,2026-10-04 20:23:45,-15.04668068932433,-13.116130736714975,-1.9305499526093541
AM,02550,MANAUS,0065,2026-10-04 19:32:20,-15.888206084359126,-14.703858839717517,-1.184347244641609
AM,02550,MANAUS,0068,2026-10-04 20:07:43,-11.840517125767777,-9.251551868634497,-2.58896525713328
AM,02550,MANAUS,0070,2026-10-04 19:22:08,-17.733658069847344,-16.02629200191945,-1.707366067927893
AM,02577,MANICORÉ,0016,2026-10-04 21:57:16,19.657372939299552,33.001651527663086,-13.344278588363533
AM,02593,MARAÃ,0049,2026-10-04 22:24:16,30.369615832363213,44.356999330207636,-13.987383497844423
AM,02615,MAUÉS,0005,2026-10-04 22:03:07,63.567348965908685,69.17749562497673,-5.610146659068043
AM,02631,NHAMUNDÁ,0043,2026-10-04 23:00:34,64.74343032413164,70.86285195277021,-6.119421628638577
AM,02658,NOVA OLINDA DO NORTE,0035,2026-10-04 21:46:54,41.82008095051573,58.89212827988338,-17.07204732936765
AM,02011,NOVO AIRÃO,0034,2026-10-04 19:29:51,1.3688533221017163,9.507406131588013,-8.138552809486297
AM,02674,NOVO ARIPUANÃ,0029,2026-10-04 20:59:39,35.714285714285715,51.88761119548709,-16.173325481201374
AM,02690,PARINTINS,0004,2026-10-04 20:59:19,61.62696774425159,64.94773262661955,-3.3207648823679676
AM,02712,PAUINI,0044,2026-10-04 19:20:51,16.294616211054077,41.72386483632524,-25.429248625271164
AM,98418,PRESIDENTE FIGUEIREDO,0051,2026-10-04 22:54:07,0.26208356433647495,10.135881573133009,-9.873798008796534
AM,98434,RIO PRETO DA EVA,0068,2026-10-04 20:59:40,3.190926720338485,10.40556857731373,-7.214641856975245
AM,02372,SANTA ISABEL DO RIO NEGRO,0030,2026-10-04 20:53:21,41.423386460470255,47.71714922048998,-6.293762760019725
AM,02739,SANTO ANTÔNIO DO IÇÁ,0047,2026-10-04 21:01:27,42.14504596527068,47.17874628782406,-5.033700322553379
AM,02771,SILVES,0024,2026-10-04 22:18:55,55.72488199595415,63.70967741935484,-7.984795423400691
AM,02836,SÃO GABRIEL DA CACHOEIRA,0019,2026-10-04 21:36:46,58.077262600361514,61.60018770530267,-3.5229251049411587
AM,02755,SÃO PAULO DE OLIVENÇA,0022,2026-10-04 22:16:16,61.588689529866,67.53531751474421,-5.946627984878205
AM,98450,SÃO SEBASTIÃO DO UATUMÃ,0027,2026-10-04 21:00:39,6.227042154976386,9.270682148040638,-3.043639993064252
AM,98477,TABATINGA,0036,2026-10-05 02:59:41,30.482029323991178,35.906602614233044,-5.424573290241867
AM,02798,TAPAUÁ,0038,2026-10-04 20:54:59,-4.066279401961718,5.723621798250237,-9.789901200211954
AM,02810,TEFÉ,0009,2026-10-04 22:25:47,21.823061835449572,29.775636199367565,-7.952574363917993
AM,98515,TONANTINS,0047,2026-10-04 20:42:27,57.294143073265616,64.62430660615229,-7.330163532886672
AM,98493,UARINI,0060,2026-10-04 20:48:06,28.689600840336134,37.560679611650485,-8.871078771314352
AM,02852,URUCARÁ,0027,2026-10-04 21:19:05,46.51340161255175,55.78601382749632,-9.272612214944566
AM,02879,URUCURITUBA,0003,2026-10-04 20:21:54,49.645992636646845,59.83606557377049,-10.190072937123645
AP,06017,AMAPÁ,0001,2026-10-04 20:14:16,18.024206738632646,26.028421839940165,-8.00421510130752
AP,06033,CALÇOENE,0001,2026-10-04 19:20:51,9.375454942495269,23.482375979112273,-14.106921036617004
AP,06068,CUTIAS,0010,2026-10-04 19:29:32,10.21209740769835,20.592556317335944,-10.380458909637595
AP,06114,FERREIRA GOMES,0012,2026-10-04 19:07:36,-1.6511361778649665,9.790777980905952,-11.441914158770919
AP,06041,ITAUBAL,0010,2026-10-04 19:07:36,7.457111234089651,11.11867869913162,-3.6615674650419683
AP,06130,LARANJAL DO JARI,0007,2026-10-04 20:14:16,11.490562366219109,24.13010955069736,-12.63954718447825
AP,06050,MACAPÁ,0002,2026-10-04 21:00:10,-5.677043288572603,-5.046668266990497,-0.6303750215821067
AP,06050,MACAPÁ,0010,2026-10-04 21:02:55,-3.9444378550059964,-5.160460431110312,1.216022576104316
AP,06076,MAZAGÃO,0005,2026-10-04 20:40:27,25.143408566986544,30.31092906348911,-5.167520496502565
AP,06092,OIAPOQUE,0004,2026-10-04 19:11:04,21.740157015524467,32.19664677465189,-10.456489759127422
AP,06084,PEDRA BRANCA DO AMAPARI,0011,2026-10-04 19:30:43,6.704071356639332,14.57016009686533,-7.866088740225997
AP,06025,PORTO GRANDE,0012,2026-10-04 20:58:10,3.912428202780321,14.073858679848794,-10.161430477068473
AP,06009,PRACUÚBA,0001,2026-10-04 19:16:07,4.3797856049004595,14.116485686080948,-9.736700081180487
AP,06157,SANTANA,0006,2026-10-04 20:59:48,-9.11687293498348,-5.53835771188803,-3.57851522309545
AP,06106,SERRA DO NAVIO,0011,2026-10-04 19:13:43,-21.507909794681925,-15.026954177897574,-6.480955616784351
AP,06173,TARTARUGALZINHO,0008,2026-10-04 20:54:57,9.9679168049563,19.069651119169688,-9.101734314213388
AP,06122,VITÓRIA DO JARI,0007,2026-10-04 20:14:16,27.280779450841454,37.74130006565988,-10.460520614818424
BA,33030,ABARÉ,0158,2026-10-04 22:32:58,47.702167130449446,56.10792989762277,-8.405762767173321
BA,33014,ABAÍRA,0105,2026-10-04 20:59:14,28.05668016194332,36.404983191615585,-8.348303029672266
BA,33057,ACAJUTIBA,0021,2026-10-04 20:59:12,48.573008849557525,59.674667273347744,-11.10165842379022
BA,33065,ADUSTINA,0052,2026-10-04 21:06:57,54.724205733209146,65.61312045183013,-10.888914718620981
BA,33111,AIQUARA,0147,2026-10-04 19:15:03,49.508716323296355,52.50926237790502,-3.0005460546086624
BA,33138,ALAGOINHAS,0163,2026-10-04 21:13:51,37.9056935927882,40.437849269266664,-2.5321556764784674
BA,33154,ALCOBAÇA,0112,2026-10-04 21:45:34,37.22386379625721,42.792202789120886,-5.568338992863673
BA,33170,ALMADINA,0135,2026-10-04 19:00:45,59.57674792392178,60.86083213773314,-1.2840842138113615
BA,33197,AMARGOSA,0036,2026-10-04 21:57:14,25.211894169983612,37.876977488887825,-12.665083318904212
BA,33219,AMÉLIA RODRIGUES,0192,2026-10-04 21:18:12,56.14093959731544,60.990338164251206,-4.849398566935768
BA,30716,AMÉRICA DOURADA,0199,2026-10-04 19:21:04,58.2895268904165,68.81785895484525,-10.528332064428753
BA,33235,ANAGÉ,0161,2026-10-04 21:53:13,54.244364041191204,56.580819578827544,-2.33645553763634
BA,33251,ANDARAÍ,0119,2026-10-04 21:08:51,63.40559824368825,72.58771929824562,-9.182121054557363
BA,33260,ANDORINHA,0045,2026-10-04 22:13:54,73.12884562402425,80.43233275279172,-7.303487128767472
BA,33278,ANGICAL,0126,2026-10-04 19:21:06,43.83033419023136,56.961766509916174,-13.131432319684812
BA,33294,ANGUERA,0157,2026-10-04 21:26:54,57.76536312849162,67.78325123152709,-10.017888103035467
BA,33316,ANTAS,0082,2026-10-04 20:55:45,32.5952062294683,46.01846153846154,-13.423255308993234
BA,33332,ANTÔNIO CARDOSO,0143,2026-10-04 21:45:01,67.3520509341405,79.6613872200983,-12.309336285957812
BA,33359,ANTÔNIO GONÇALVES,0053,2026-10-04 20:13:39,50.507726269315675,54.38299183484825,-3.8752655655325725
BA,33375,APORÁ,0044,2026-10-04 21:09:52,45.00609584544687,59.50105623176743,-14.494960386320557
BA,33405,APUAREMA,0023,2026-10-04 21:41:01,34.03174603174603,44.97747747747748,-10.945731445731447
BA,33391,ARACATU,0090,2026-10-04 21:03:05,50.7602106727616,59.9815157116451,-9.2213050388835
BA,33413,ARACI,0123,2026-10-04 22:06:30,64.29158583500477,69.20375118541673,-4.912165350411968
BA,33430,ARAMARI,0163,2026-10-04 19:29:45,68.62934362934362,70.95353133437544,-2.324187705031818
BA,30732,ARATACA,0166,2026-10-04 19:13:36,38.07106598984772,43.435473048535,-5.364407058687284
BA,33456,ARATUÍPE,0030,2026-10-04 19:29:48,53.771637287597265,63.92585551330799,-10.154218225710721
BA,33383,ARAÇÁS,0200,2026-10-04 19:21:05,65.15595162316995,63.66962885520125,1.4863227679687014
BA,33472,AURELINO LEAL,0073,2026-10-04 19:08:44,39.088659193477945,49.12901855261295,-10.040359359135003
BA,33499,BAIANÓPOLIS,0126,2026-10-04 21:38:44,27.488593944421403,51.01645692158761,-23.52786297716621
BA,33510,BAIXA GRANDE,0086,2026-10-04 21:10:18,44.283710327897595,43.74825174825175,0.535458579645848
BA,33529,BANZAÊ,0110,2026-10-04 20:47:10,52.41543026706231,58.88427150232968,-6.468841235267369
BA,33537,BARRA,0077,2026-10-04 22:05:32,59.63227710800526,65.52020636285468,-5.887929254849418
BA,33553,BARRA DA ESTIVA,0169,2026-10-04 21:32:25,29.225945067069276,53.01280837907755,-23.786863312008272
BA,33570,BARRA DO CHOÇA,0139,2026-10-04 19:17:19,46.69852104664391,59.466894327452096,-12.768373280808184
BA,33596,BARRA DO MENDES,0176,2026-10-04 21:00:59,71.97177164524963,78.83808724832215,-6.866315603072522
BA,33618,BARRA DO ROCHA,0134,2026-10-04 18:57:41,32.37271853986552,35.11683034202506,-2.7441118021595443
BA,33634,BARREIRAS,0070,2026-10-04 20:51:48,-2.626181464487345,12.107981116602762,-14.734162581090107
BA,33634,BARREIRAS,0075,2026-10-04 21:11:22,18.93543438125699,32.79703300514955,-13.861598623892561
BA,30759,BARRO ALTO,0174,2026-10-04 20:12:14,50.72879858657244,63.760642762921215,-13.031844176348777
BA,33650,BARRO PRETO,0136,2026-10-04 19:21:03,43.73976129183244,48.96631823461092,-5.22655694277848
BA,30775,BARROCAS,0150,2026-10-04 22:19:22,57.46381689666779,70.82021847805962,-13.356401581391829
BA,33677,BELMONTE,0034,2026-10-04 20:52:15,36.53335773771392,40.71984958366908,-4.18649184595516
BA,33715,BIRITINGA,0150,2026-10-04 21:51:49,69.02654867256638,73.95238608208554,-4.925837409519161
BA,33731,BOA NOVA,0059,2026-10-04 20:53:23,63.5786660728204,71.60248156385344,-8.023815491033048
BA,33758,BOA VISTA DO TUPIM,0042,2026-10-04 21:48:00,35.32744382561936,48.83270367141335,-13.505259845793987
BA,33774,BOM JESUS DA LAPA,0071,2026-10-04 23:10:26,50.65510145607043,56.53667518619287,-5.88157373012244
BA,33782,BOM JESUS DA SERRA,0059,2026-10-04 20:32:40,67.94589031024849,74.72630591179231,-6.780415601543822
BA,33790,BONINAL,0105,2026-10-04 21:57:14,36.995293534803075,46.15384615384615,-9.158552619043078
BA,33804,BONITO,0069,2026-10-04 21:24:40,53.08027380211574,66.73443184249946,-13.65415804038372
BA,33812,BOQUIRA,0065,2026-10-04 21:50:52,74.69751471550033,82.28009161082365,-7.582576895323314
BA,33839,BOTUPORÃ,0168,2026-10-04 21:13:51,52.6293287729799,67.26811810319117,-14.638789330211267
BA,33871,BREJOLÂNDIA,0190,2026-10-04 21:57:14,28.294510506597167,46.37366310160428,-18.079152595007113
BA,33855,BREJÕES,0036,2026-10-04 21:49:51,44.16909620991254,49.27445584188141,-5.105359631968874
BA,33898,BROTAS DE MACAÚBAS,0094,2026-10-04 22:08:20,47.42047580860732,56.24279123414072,-8.822315425533397
BA,33910,BRUMADO,0090,2026-10-04 20:17:49,32.60976813024174,40.35805626598466,-7.748288135742918
BA,33936,BUERAREMA,0166,2026-10-04 19:15:27,-8.15908600991593,-14.42244942353709,6.2633634136211604
BA,30791,BURITIRAMA,0077,2026-10-04 21:41:01,48.25586282256031,59.24684716465297,-10.99098434209266
BA,33952,CAATIBA,0201,2026-10-04 18:44:49,26.250563316809373,38.91514742291245,-12.664584106103074
BA,33960,CABACEIRAS DO PARAGUAÇU,0131,2026-10-04 20:16:48,60.749036166697266,70.90192212912766,-10.152885962430389
BA,33979,CACHOEIRA,0118,2026-10-04 21:08:22,62.65157232704402,67.62928827444956,-4.977715947405542
BA,33995,CACULÉ,0093,2026-10-04 20:31:38,32.81545244593743,45.692610693704864,-12.877158247767433
BA,34010,CAEM,0167,2026-10-04 21:47:33,62.291399229781774,67.58772673334464,-5.296327503562864
BA,34029,CAETANOS,0058,2026-10-04 22:46:22,72.0272206303725,77.66056883429029,-5.633348203917791
BA,34037,CAETITÉ,0063,2026-10-04 22:10:20,48.7717069038543,59.445597753083405,-10.673890849229103
BA,34053,CAFARNAUM,0055,2026-10-04 20:15:45,38.24027072758037,51.20804131316857,-12.967770585588198
BA,34070,CAIRU,0031,2026-10-04 21:08:51,26.26147791867075,34.25367508480965,-7.992197166138901
BA,34096,CALDEIRÃO GRANDE,0115,2026-10-04 20:13:12,39.4912641315519,64.07121977145894,-24.57995563990704
BA,34118,CAMACAN,0133,2026-10-04 20:56:44,14.099498650212109,22.124230213639475,-8.024731563427366
BA,34150,CAMAMU,0078,2026-10-04 22:03:30,24.785297148746135,34.248455730954014,-9.463158582207878
BA,34134,CAMAÇARI,0170,2026-10-04 21:03:30,30.136197177303213,35.622905227126864,-5.486708049823651
BA,34134,CAMAÇARI,0171,2026-10-04 21:11:22,32.45199836180105,38.13975198375153,-5.687753621950478
BA,34177,CAMPO ALEGRE DE LOURDES,0067,2026-10-04 21:58:14,60.354997854997855,68.56100104275286,-8.206003187755009
BA,34193,CAMPO FORMOSO,0053,2026-10-04 22:33:20,34.8715561761642,47.88389252401504,-13.012336347850841
BA,34231,CANARANA,0174,2026-10-04 22:25:24,49.908082408874805,61.47578684539063,-11.567704436515825
BA,34258,CANAVIEIRAS,0116,2026-10-04 21:00:28,24.42972774098602,32.797409056734715,-8.367681315748694
BA,34274,CANDEAL,0114,2026-10-04 21:03:04,52.73343009192066,57.60079312623926,-4.8673630343186005
BA,34290,CANDEIAS,0127,2026-10-04 23:00:20,60.813454893634734,65.21557386838649,-4.402118974751751
BA,34312,CANDIBA,0064,2026-10-04 20:52:46,43.65384615384615,56.73270850634714,-13.078862352500984
BA,34355,CANSANÇÃO,0050,2026-10-04 23:12:34,63.55249989121448,72.44953381008419,-8.89703391886971
BA,30856,CANUDOS,0083,2026-10-04 20:11:17,62.388695315524586,67.23042230422304,-4.841726988698454
BA,34215,CANÁPOLIS,0099,2026-10-04 22:53:55,51.49372203781209,62.889431887599265,-11.395709849787174
BA,30813,CAPELA DO ALTO ALEGRE,0196,2026-10-04 21:32:25,43.83164005805515,50.93643586833144,-7.104795810276293
BA,30830,CAPIM GROSSO,0191,2026-10-04 20:48:07,21.34282596268773,34.49331848552338,-13.150492522835652
BA,34371,CARAVELAS,0112,2026-10-04 21:01:25,32.38549293376469,36.85531325718242,-4.4698203234177285
BA,34363,CARAÍBAS,0161,2026-10-04 21:53:43,44.375284651586455,55.964467005076145,-11.58918235348969
BA,34398,CARDEAL DA SILVA,0144,2026-10-04 20:15:46,70.46413502109705,78.2696919387567,-7.8055569176596435
BA,34410,CARINHANHA,0125,2026-10-04 22:13:53,23.38041054377037,36.782629274642055,-13.402218730871684
BA,34436,CASA NOVA,0066,2026-10-05 00:40:37,49.21953060816662,59.67683615819209,-10.457305550025467
BA,34452,CASTRO ALVES,0043,2026-10-04 21:18:12,52.224965706447186,65.07918159750318,-12.854215891055993
BA,34479,CATOLÂNDIA,0100,2026-10-04 22:13:54,40.1659496004917,60.56428342417441,-20.398333823682712
BA,34495,CATU,0129,2026-10-04 23:24:22,58.226266380442794,58.27721121159643,-0.05094483115363602
BA,34509,CATURAMA,0111,2026-10-04 18:42:09,62.16606498194946,71.7728376611246,-9.606772679175137
BA,34517,CENTRAL,0159,2026-10-04 20:57:16,55.37826168575183,62.07131059943651,-6.693048913684677
BA,34533,CHORROCHÓ,0158,2026-10-04 21:15:40,68.28555524631227,71.06666666666666,-2.7811114203543923
BA,34576,CIPÓ,0079,2026-10-04 21:33:54,33.08402991641003,38.965890101248405,-5.881860184838374
BA,34592,COARACI,0135,2026-10-04 19:21:04,26.924413553431798,35.89519650655022,-8.970782953118423
BA,34614,COCOS,0061,2026-10-04 23:10:26,25.414997137950774,39.11547065909482,-13.700473521144044
BA,34630,CONCEIÇÃO DA FEIRA,0108,2026-10-04 20:57:15,49.778278842540395,60.70428760866362,-10.926008766123225
BA,34657,CONCEIÇÃO DO ALMEIDA,0184,2026-10-04 20:54:37,57.31578947368421,67.35984750021662,-10.044058026532404
BA,34690,CONCEIÇÃO DO JACUÍPE,0192,2026-10-04 21:18:12,34.664263598133,47.885747652182374,-13.221484054049377
BA,34711,CONDE,0021,2026-10-04 20:57:46,53.206820289648284,58.55078873654725,-5.3439684468989626
BA,34738,CONDEÚBA,0060,2026-10-04 20:50:07,37.76536312849162,43.30449501598646,-5.53913188749484
BA,34754,CONTENDAS DO SINCORÁ,0058,2026-10-04 20:54:38,42.643321095735665,55.51169146674765,-12.868370371011984
BA,34770,CORAÇÃO DE MARIA,0130,2026-10-04 20:59:54,56.14167294649585,65.84624553039332,-9.704572583897466
BA,34797,CORDEIROS,0060,2026-10-04 19:16:29,17.73379899107489,35.1141924959217,-17.380393504846808
BA,34819,CORIBE,0061,2026-10-04 21:09:52,37.39918241078334,52.51141552511415,-15.112233114330813
BA,34835,CORONEL JOÃO SÁ,0052,2026-10-04 20:55:46,42.26609442060086,62.35981091852813,-20.093716497927275
BA,34851,CORRENTINA,0124,2026-10-04 22:43:59,31.936725096194955,52.23042686627554,-20.293701770080588
BA,34878,COTEGIPE,0098,2026-10-04 20:20:07,46.34927648293383,62.88648031945237,-16.537203836518536
BA,34894,CRAVOLÂNDIA,0038,2026-10-04 20:14:54,60.063897763578275,66.98663009941721,-6.922732335838937
BA,34932,CRISTÓPOLIS,0126,2026-10-04 20:57:45,33.74090861178455,49.737590203367596,-15.996681591583048
BA,34916,CRISÓPOLIS,0081,2026-10-04 20:52:45,61.379089672826176,71.0600980139283,-9.681008341102121
BA,34959,CRUZ DAS ALMAS,0142,2026-10-04 20:57:15,33.172635445362715,39.79806916651487,-6.625433721152156
BA,34975,CURAÇÁ,0085,2026-10-04 23:01:47,52.523038382392414,61.64247365281368,-9.119435270421263
BA,34339,CÂNDIDO SALES,0040,2026-10-04 21:00:58,41.83712361834583,46.253807106598984,-4.416683488253156
BA,34550,CÍCERO DANTAS,0082,2026-10-04 20:59:14,40.04719112405241,54.89107883817427,-14.843887714121863
BA,30872,DIAS D'ÁVILA,0186,2026-10-04 20:53:24,43.12095789719748,50.710888547774225,-7.589930650576747
BA,35017,DOM BASÍLIO,0101,2026-10-04 20:50:36,58.39192560671354,73.82398475646065,-15.432059149747104
BA,35033,DOM MACEDO COSTA,0202,2026-10-04 19:30:27,24.35108375702435,48.01598629745932,-23.66490254043497
BA,34991,DÁRIO MEIRA,0147,2026-10-04 20:52:14,51.736221726664546,56.26096106629253,-4.524739339627985
BA,35050,ELÍSIO MEDRADO,0107,2026-10-04 21:26:54,36.44421272158498,49.61085972850679,-13.166647006921806
BA,35076,ENCRUZILHADA,0152,2026-10-04 20:51:14,44.72629009762901,49.5114006514658,-4.7851105538367875
BA,35092,ENTRE RIOS,0144,2026-10-04 21:01:59,51.35816928690482,59.20695032301181,-7.848781036106992
BA,35114,ESPLANADA,0021,2026-10-04 21:26:31,49.99257241891557,59.201388888888886,-9.208816469973314
BA,35130,EUCLIDES DA CUNHA,0102,2026-10-04 23:42:03,57.45297078424205,65.52799514885507,-8.075024364613022
BA,30058,EUNÁPOLIS,0188,2026-10-04 19:25:53,19.739197136282282,31.06883103193844,-11.329633895656158
BA,30058,EUNÁPOLIS,0203,2026-10-04 20:59:14,-7.747252747252747,-0.8970545908087882,-6.850198156443959
BA,35149,FEIRA DA MATA,0125,2026-10-04 20:41:33,22.81397077037404,29.231153270094858,-6.417182499720816
BA,35157,FEIRA DE SANTANA,0154,2026-10-04 21:02:04,18.35955867076358,27.33233029860417,-8.97277162784059
BA,35157,FEIRA DE SANTANA,0155,2026-10-04 21:15:40,11.870975015148739,19.381484267446318,-7.510509252297579
BA,35157,FEIRA DE SANTANA,0156,2026-10-04 21:42:31,25.79901950470259,35.69269183545022,-9.89367233074763
BA,35157,FEIRA DE SANTANA,0157,2026-10-04 21:00:58,27.624965178106414,37.01150238061566,-9.386537202509246
BA,30910,FILADÉLFIA,0149,2026-10-04 20:55:46,46.13909272848566,53.779485346676196,-7.640392618190539
BA,35173,FIRMINO ALVES,0137,2026-10-04 18:43:17,27.486910994764397,39.16412953224467,-11.677218537480275
BA,35190,FLORESTA AZUL,0029,2026-10-04 21:43:01,44.638574854402194,53.20735090152566,-8.568776047123464
BA,35211,FORMOSA DO RIO PRETO,0187,2026-10-04 21:34:20,20.340245871103935,44.31023953314786,-23.969993662043922
BA,30899,FÁTIMA,0082,2026-10-04 23:08:43,63.56258709730306,71.63988778372864,-8.07730068642558
BA,35238,GANDU,0151,2026-10-04 21:01:59,17.249901701960344,27.03805910083937,-9.788157398879026
BA,30937,GAVIÃO,0191,2026-10-04 20:14:30,30.83687083080655,45.54424915201974,-14.707378321213188
BA,35254,GENTIO DO OURO,0068,2026-10-04 20:11:17,57.898057027504414,70.6460490106146,-12.74799198311019
BA,35270,GLÓRIA,0084,2026-10-04 21:00:26,73.56735673567357,76.77614957049015,-3.2087928348165775
BA,35297,GONGOGI,0073,2026-10-04 19:29:48,52.09328463051419,55.20948180815876,-3.1161971776445725
BA,35319,GOVERNADOR MANGABEIRA,0131,2026-10-04 20:19:40,50.21000925464512,62.68137400059224,-12.47136474594712
BA,30953,GUAJERU,0093,2026-10-04 21:00:29,64.7549753905414,74.89852595599231,-10.143550565450909
BA,35335,GUANAMBI,0064,2026-10-04 21:02:04,22.539096685818652,33.694934989326605,-11.155838303507952
BA,35351,GUARATINGA,0189,2026-10-04 20:52:45,29.776476849387972,40.88061901252763,-11.10414216313966
BA,30970,HELIÓPOLIS,0110,2026-10-04 21:37:42,64.54797901882135,73.74644186555726,-9.198462846735907
BA,35378,IAÇU,0193,2026-10-04 21:54:13,52.87087728668714,62.638297872340424,-9.767420585653284
BA,35394,IBIASSUCÊ,0093,2026-10-04 21:13:27,32.88789903489236,41.19091467157765,-8.303015636685295
BA,35416,IBICARAÍ,0029,2026-10-04 20:15:14,25.120772946859905,31.662441144512858,-6.541668197652953
BA,35432,IBICOARA,0169,2026-10-04 21:05:31,23.78957544509788,39.4265541587739,-15.636978713676015
BA,35459,IBICUÍ,0146,2026-10-04 22:06:30,30.8576166785122,45.939056887961996,-15.081440209449795
BA,35475,IBIPEBA,0176,2026-10-04 22:03:05,59.70649515354652,71.19043134300244,-11.483936189455925
BA,35513,IBIPITANGA,0065,2026-10-04 21:02:04,33.71130861170702,51.82966673927249,-18.11835812756547
BA,35530,IBIQUERA,0042,2026-10-04 18:37:35,59.63875205254516,70.17726798748697,-10.538515934941813
BA,35556,IBIRAPITANGA,0134,2026-10-04 19:05:03,39.96947438710293,47.83178701089149,-7.862312623788561
BA,35572,IBIRAPUÃ,0153,2026-10-04 20:58:47,2.988622856172525,7.885368458526166,-4.896745602353641
BA,35599,IBIRATAIA,0024,2026-10-04 19:24:45,25.78806767586821,31.17603550295858,-5.387967827090371
BA,35610,IBITIARA,0088,2026-10-04 21:31:56,47.389424675756565,57.88924930491196,-10.499824629155391
BA,35637,IBITITÁ,0104,2026-10-04 21:02:04,52.90783445919714,66.12228149363972,-13.214447034442578
BA,35653,IBOTIRAMA,0173,2026-10-04 21:02:04,30.49798762539797,42.07351555136663,-11.575527925968665
BA,35670,ICHU,0132,2026-10-04 21:34:19,53.18024791709002,58.53503184713376,-5.354783930043737
BA,35696,IGAPORÃ,0168,2026-10-04 21:01:59,60.30070377479207,74.66262161313945,-14.361917838347381
BA,35700,IGRAPIÚNA,0032,2026-10-04 22:19:51,43.899911163754815,53.62544830812412,-9.725537144369305
BA,35718,IGUAÍ,0146,2026-10-04 21:00:28,23.59614756774404,36.97726743734968,-13.38111986960564
BA,35734,ILHÉUS,0025,2026-10-04 21:44:00,17.60207797252027,21.216156236129606,-3.6140782636093363
BA,35734,ILHÉUS,0026,2026-10-04 21:19:14,22.327599783023324,25.6782014778067,-3.350601694783375
BA,35750,INHAMBUPE,0044,2026-10-04 21:33:23,49.79134316770186,59.111845399018726,-9.320502231316866
BA,35777,IPECAETÁ,0143,2026-10-04 20:54:02,55.30628341074402,65.90323767476086,-10.596954264016837
BA,35793,IPIAÚ,0024,2026-10-04 21:19:14,26.12495273307844,34.642523165859046,-8.517570432780605
BA,35815,IPIRÁ,0062,2026-10-04 21:49:51,48.15729756125585,61.119953697004775,-12.962656135748922
BA,35831,IPUPIARA,0094,2026-10-04 20:58:47,31.963087248322147,45.483870967741936,-13.52078371941979
BA,35858,IRAJUBA,0076,2026-10-04 21:00:58,50.3872095928054,58.68785238339313,-8.30064279058773
BA,35874,IRAMAIA,0169,2026-10-04 21:04:01,55.324909747292416,60.309685574340335,-4.984775827047919
BA,35890,IRAQUARA,0089,2026-10-04 21:36:41,69.05138339920948,79.37756736057926,-10.326183961369779
BA,35912,IRARÁ,0074,2026-10-04 20:52:14,53.49498500672112,60.36391123589439,-6.868926229173269
BA,35939,IRECÊ,0095,2026-10-04 22:15:57,31.844440620467562,44.241490044958255,-12.397049424490692
BA,35947,ITABELA,0189,2026-10-04 20:13:12,3.5686678691059006,25.387425979589267,-21.818758110483365
BA,35955,ITABERABA,0042,2026-10-04 22:14:23,41.48212362413639,49.02376796025245,-7.5416443361160574
BA,35971,ITABUNA,0027,2026-10-04 21:01:26,8.542603170311285,9.91820379507898,-1.3756006247676957
BA,35971,ITABUNA,0028,2026-10-04 20:27:18,6.196994201412173,7.064806412583182,-0.8678122111710085
BA,35998,ITACARÉ,0198,2026-10-04 21:11:53,41.6803016290816,48.29329962073325,-6.612997991651653
BA,36030,ITAGI,0147,2026-10-04 20:52:14,37.57869884575026,41.05793450881612,-3.4792356630658574
BA,36056,ITAGIBÁ,0147,2026-10-04 20:07:39,26.97849237836709,38.35100923708519,-11.372516858718097
BA,36072,ITAGIMIRIM,0188,2026-10-04 19:21:06,28.062216461438755,39.08045977011494,-11.018243308676187
BA,36080,ITAGUAÇU DA BAHIA,0068,2026-10-04 22:29:51,72.81441274974016,70.56636510100384,2.2480476487363177
BA,36099,ITAJU DO COLÔNIA,0137,2026-10-04 19:24:48,28.6784140969163,19.852379740391957,8.826034356524342
BA,36110,ITAJUÍPE,0136,2026-10-04 20:49:32,34.997126672686974,38.32335329341317,-3.326226620726196
BA,36137,ITAMARAJU,0172,2026-10-04 22:00:10,-6.832316619550662,2.8660454451923925,-9.698362064743055
BA,36153,ITAMARI,0151,2026-10-04 19:23:43,30.984643179765133,40.691782330909895,-9.707139151144762
BA,36170,ITAMBÉ,0201,2026-10-04 21:45:01,37.933841485976465,42.65865836891237,-4.7248168829359045
BA,36196,ITANAGRA,0185,2026-10-04 19:30:25,56.44815766923736,64.53566621803499,-8.08750854879763
BA,36218,ITANHÉM,0148,2026-10-04 21:01:26,19.849537037037038,29.739742521070667,-9.890205484033629
BA,36234,ITAPARICA,0141,2026-10-04 22:19:51,60.649627263045794,60.90470788428814,-0.25508062124234954
BA,36277,ITAPEBI,0188,2026-10-04 19:21:05,47.99929178470255,50.61530230069556,-2.616010515993011
BA,36293,ITAPETINGA,0140,2026-10-04 20:54:37,10.17511420491625,9.045076301737456,1.1300379031787937
BA,36315,ITAPICURU,0081,2026-10-04 22:10:21,59.17580298606138,68.27072152653548,-9.094918540474104
BA,36331,ITAPITANGA,0135,2026-10-04 19:24:48,42.49723756906077,47.05096817271311,-4.55373060365234
BA,36250,ITAPÉ,0027,2026-10-04 19:23:43,21.84223261816422,33.22185061315496,-11.379617994990742
BA,36358,ITAQUARA,0076,2026-10-04 20:56:21,39.75629904997935,52.58286698235041,-12.826567932371063
BA,36374,ITARANTIM,0138,2026-10-04 19:25:18,16.29142912358682,24.470266575529735,-8.178837451942915
BA,36382,ITATIM,0107,2026-10-04 21:32:25,35.24346793349169,45.642633228840126,-10.399165295348439
BA,36390,ITIRUÇU,0037,2026-10-04 20:49:32,44.551620195930674,48.463810930576074,-3.9121907346453995
BA,36412,ITIÚBA,0149,2026-10-04 21:43:30,43.866617402549416,48.03524992776654,-4.168632525217127
BA,36439,ITORORÓ,0137,2026-10-04 20:48:07,25.758586195398465,31.53363978269954,-5.775053587301077
BA,36455,ITUAÇU,0058,2026-10-04 21:01:26,28.28721892501881,44.31469485168769,-16.02747592666888
BA,36471,ITUBERÁ,0032,2026-10-04 21:26:31,21.53575256469147,26.680180882582256,-5.144428317890785
BA,30660,IUIU,0175,2026-10-04 20:10:43,49.73388527498522,62.22529583525434,-12.491410560269124
BA,30678,JABORANDI,0061,2026-10-04 21:25:04,36.9606512890095,53.88969521044993,-16.92904392144043
BA,36498,JACARACI,0092,2026-10-04 21:01:59,53.863282119795144,63.0011862396204,-9.137904119825258
BA,36510,JACOBINA,0046,2026-10-04 21:26:54,40.677351202543804,47.541850220264315,-6.864499017720512
BA,36536,JAGUAQUARA,0076,2026-10-04 20:57:46,29.563001852995676,39.29902466101023,-9.736022808014553
BA,36552,JAGUARARI,0179,2026-10-04 20:56:17,49.54808681062943,53.136575457043854,-3.588488646414426
BA,36579,JAGUARIPE,0030,2026-10-04 20:58:47,55.40669029302446,63.46205059920106,-8.055360306176603
BA,36595,JANDAÍRA,0049,2026-10-04 20:42:31,62.96188111581715,66.88645866838212,-3.924577552564969
BA,36617,JEQUIÉ,0022,2026-10-04 21:32:25,26.267842067029235,33.027933870836385,-6.76009180380715
BA,36617,JEQUIÉ,0023,2026-10-04 21:03:30,21.54834281231614,28.058023390051698,-6.509680577735558
BA,36633,JEREMOABO,0051,2026-10-04 22:50:44,56.49595220572319,66.07695505566078,-9.581002849937583
BA,36650,JIQUIRIÇÁ,0109,2026-10-04 20:59:15,44.31570494436159,58.021844660194176,-13.706139715832585
BA,36676,JITAÚNA,0024,2026-10-04 21:03:29,47.17079259413355,48.056022408963585,-0.8852298148300335
BA,30996,JOÃO DOURADO,0199,2026-10-04 21:00:58,26.12111920275968,34.92883058889199,-8.807711386132311
BA,36692,JUAZEIRO,0047,2026-10-04 20:57:45,29.66650238212584,32.574876914660834,-2.9083745325349923
BA,36692,JUAZEIRO,0048,2026-10-04 22:22:41,32.776353236214035,38.41719848248684,-5.640845246272804
BA,36706,JUCURUÇU,0172,2026-10-04 20:59:14,30.22449653350941,42.470664928292045,-12.246168394782636
BA,36714,JUSSARA,0159,2026-10-04 20:57:16,70.72906314933599,80.95993653312178,-10.230873383785791
BA,30694,JUSSARI,0028,2026-10-04 20:55:16,36.948370349004904,31.0200418785522,5.928328470452705
BA,36730,JUSSIAPE,0101,2026-10-04 23:03:21,43.4952213770236,55.733120255693166,-12.237898878669569
BA,36757,LAFAIETE COUTINHO,0023,2026-10-04 20:35:19,45.80759046778464,63.13613231552163,-17.328541847736986
BA,36765,LAGOA REAL,0063,2026-10-04 21:57:14,57.28371874633173,70.53255931347805,-13.248840567146317
BA,36773,LAJE,0109,2026-10-04 22:07:54,39.056482670089856,49.219430485762146,-10.16294781567229
BA,36811,LAJEDINHO,0087,2026-10-04 20:58:20,56.811487481590575,64.8473282442748,-8.03584076268423
BA,36820,LAJEDO DO TABOCAL,0037,2026-10-04 19:08:43,55.46093251011284,63.21765209940017,-7.756719589287329
BA,36790,LAJEDÃO,0153,2026-10-04 18:50:02,12.719583604424203,22.316384180790962,-9.596800576366759
BA,36838,LAMARÃO,0160,2026-10-04 21:19:43,73.76602564102564,78.45023613783452,-4.684210496808888
BA,39730,LAPÃO,0104,2026-10-04 21:01:25,49.147570021033985,59.28530913216109,-10.137739111127104
BA,36854,LAURO DE FREITAS,0180,2026-10-04 21:39:13,25.983493233901715,34.47098976109215,-8.487496527190434
BA,36870,LENÇÓIS,0089,2026-10-04 20:56:18,61.56318727795635,69.90453860324904,-8.341351325292685
BA,36897,LICÍNIO DE ALMEIDA,0117,2026-10-04 21:18:12,40.25974025974026,50.12884850128849,-9.869108241548226
BA,36919,LIVRAMENTO DE NOSSA SENHORA,0101,2026-10-04 21:08:51,42.486732913060514,55.46875,-12.982017086939486
BA,30007,LUÍS EDUARDO MAGALHÃES,0205,2026-10-04 20:29:07,-29.524177825043104,-12.590518850317283,-16.933658974725823
BA,36935,MACAJUBA,0087,2026-10-04 20:58:21,51.25642490005711,54.9102582810448,-3.6538333809876846
BA,36951,MACARANI,0091,2026-10-04 19:29:48,17.431396511498722,24.18185811552822,-6.7504616040295
BA,36978,MACAÚBAS,0065,2026-10-04 21:12:58,42.274652147610404,60.3726040978189,-18.097951950208497
BA,36994,MACURURÉ,0158,2026-10-04 23:03:44,68.24258864561132,71.2789088752718,-3.0363202296604754
BA,39748,MADRE DE DEUS,0162,2026-10-04 21:32:25,57.625839559278546,61.43406291676473,-3.8082233574861846
BA,39756,MAETINGA,0161,2026-10-04 20:59:16,47.14497983443006,58.223610801160454,-11.078630966730394
BA,37010,MAIQUINIQUE,0091,2026-10-04 19:22:21,11.455223880597014,25.151905726385564,-13.69668184578855
BA,37036,MAIRI,0086,2026-10-04 21:48:53,52.263293140936945,55.92421812349639,-3.660924982559443
BA,37052,MALHADA,0125,2026-10-04 21:55:10,36.07146324885911,45.29661435198894,-9.225151103129832
BA,37079,MALHADA DE PEDRAS,0090,2026-10-04 21:34:20,38.87542413960252,48.589079979963266,-9.713655840360744
BA,37095,MANOEL VITORINO,0022,2026-10-04 21:04:34,56.54527559055118,66.29225278186017,-9.746977191308993
BA,39772,MANSIDÃO,0097,2026-10-04 22:07:54,64.61996596710154,65.36783948822332,-0.7478735211217895
BA,37117,MARACÁS,0037,2026-10-04 21:01:59,40.03129890453834,57.90763673890609,-17.876337834367753
BA,37133,MARAGOGIPE,0118,2026-10-04 22:19:22,58.48176884129239,63.803887786059406,-5.322118944767013
BA,37150,MARAÚ,0078,2026-10-04 22:16:23,47.27242019929066,56.35364351369279,-9.08122331440213
BA,37176,MARCIONÍLIO SOUZA,0193,2026-10-04 21:06:33,54.21455938697318,61.207056638811515,-6.992497251838337
BA,37192,MASCOTE,0133,2026-10-04 20:59:16,40.158540233323365,48.73570138470801,-8.577161151384644
BA,37214,MATA DE SÃO JOÃO,0185,2026-10-04 20:57:46,48.61370174828491,56.587041884816756,-7.973340136531846
BA,37222,MATINA,0113,2026-10-04 20:57:15,64.97237569060773,78.09231627388091,-13.119940583273177
BA,37230,MEDEIROS NETO,0153,2026-10-04 21:45:34,10.342337137079301,22.036836403033586,-11.694499265954285
BA,37257,MIGUEL CALMON,0103,2026-10-04 21:33:55,34.19706331805196,43.36778355605293,-9.170720238000968
BA,37273,MILAGRES,0193,2026-10-04 21:23:13,42.527537957725514,52.07663059374086,-9.549092636015345
BA,37290,MIRANGABA,0167,2026-10-04 20:53:23,53.9622641509434,59.523552872695916,-5.561288721752518
BA,37303,MIRANTE,0059,2026-10-04 23:10:26,54.00857278933164,61.918654539214,-7.910081749882366
BA,37311,MONTE SANTO,0050,2026-10-04 23:20:52,71.2680431207747,75.57441590293017,-4.306372782155464
BA,37338,MORPARÁ,0173,2026-10-04 20:52:14,39.620319915626645,49.38184387142353,-9.761523955796882
BA,37354,MORRO DO CHAPÉU,0055,2026-10-04 21:01:26,45.08735292619569,57.64929201723784,-12.561939091042149
BA,37370,MORTUGABA,0092,2026-10-04 21:47:02,18.274978650725874,28.29006266786034,-10.015084017134466
BA,37397,MUCUGÊ,0119,2026-10-04 23:50:44,37.07521954944635,41.633924942419725,-4.558705392973373
BA,37419,MUCURI,0035,2026-10-04 20:41:09,6.518592463189418,14.546614954096912,-8.028022490907492
BA,37427,MULUNGU DO MORRO,0055,2026-10-04 21:34:19,63.46780537139004,77.66589833798375,-14.198092966593705
BA,37435,MUNDO NOVO,0054,2026-10-04 20:58:19,50.08178844056707,60.789035006482685,-10.707246565915618
BA,37451,MUNIZ FERREIRA,0202,2026-10-04 20:54:38,47.715965626413386,59.17445985166076,-11.458494225247371
BA,37460,MUQUÉM DO SÃO FRANCISCO,0098,2026-10-04 21:56:15,40.32490501768636,57.708823936833355,-17.383918919146993
BA,37478,MURITIBA,0131,2026-10-04 20:50:06,58.48095266307246,65.64655934901822,-7.165606685945761
BA,37494,MUTUÍPE,0109,2026-10-04 20:26:28,31.9787314849981,49.27591463414634,-17.29718314914824
BA,37516,NAZARÉ,0030,2026-10-04 21:13:27,50.45103092783505,56.52656807154966,-6.075537143714612
BA,37532,NILO PEÇANHA,0032,2026-10-04 23:01:47,46.30988922994795,52.01304224553445,-5.703153015586501
BA,39799,NORDESTINA,0106,2026-10-04 21:24:39,57.402629315640745,64.4221650182902,-7.019535702649456
BA,37559,NOVA CANAÃ,0146,2026-10-04 22:06:53,50.662105495475615,59.46252409570246,-8.800418600226848
BA,37567,NOVA FÁTIMA,0196,2026-10-04 21:00:28,42.219043077412174,53.92291810048176,-11.703875023069585
BA,39969,NOVA IBIÁ,0151,2026-10-04 20:14:30,28.123526638378124,33.66769547325103,-5.544168834872906
BA,37575,NOVA ITARANA,0036,2026-10-04 20:13:39,42.17466080642079,54.72532098505578,-12.550660178634992
BA,37583,NOVA REDENÇÃO,0119,2026-10-04 20:44:18,69.2479674796748,75.11158342189161,-5.863615942216811
BA,37591,NOVA SOURE,0079,2026-10-04 22:21:43,67.83636823469904,73.05836472998877,-5.22199649528973
BA,37613,NOVA VIÇOSA,0035,2026-10-04 21:27:23,2.046860029614145,8.169317875438123,-6.122457845823979
BA,39942,NOVO HORIZONTE,0088,2026-10-04 21:00:57,43.63809007053717,57.929698311652366,-14.291608241115199
BA,37621,NOVO TRIUNFO,0082,2026-10-04 20:58:47,52.519158649926624,64.52804837084314,-12.008889720916514
BA,37630,OLINDINA,0081,2026-10-04 20:55:46,62.76280323450135,69.42943364446627,-6.666630409964924
BA,37656,OLIVEIRA DOS BREJINHOS,0094,2026-10-04 21:00:27,52.90148448043185,65.64431955038137,-12.742835069949521
BA,37672,OURIÇANGAS,0074,2026-10-04 21:22:14,63.34757570128181,72.63671875,-9.289143048718188
BA,37680,OUROLÂNDIA,0167,2026-10-04 21:59:15,17.02364394993046,26.192068800764453,-9.168424850833993
BA,37699,PALMAS DE MONTE ALTO,0175,2026-10-04 22:26:13,58.1104112634309,70.95719607694062,-12.846784813509721
BA,37710,PALMEIRAS,0089,2026-10-04 22:29:50,65.02111075024358,73.01003344481606,-7.98892269457248
BA,37737,PARAMIRIM,0111,2026-10-04 21:33:54,51.49179702403663,61.78848898049786,-10.296691956461231
BA,37753,PARATINGA,0173,2026-10-04 23:16:04,57.23041874593187,69.14180355346966,-11.911384807537786
BA,37770,PARIPIRANGA,0052,2026-10-04 21:15:40,53.02101576182137,62.54364375250415,-9.522627990682786
BA,37796,PAU BRASIL,0133,2026-10-04 21:05:31,27.978216473791694,19.3668860039125,8.611330469879192
BA,37818,PAULO AFONSO,0084,2026-10-04 21:15:39,61.24533552589969,66.511175898931,-5.26584037303131
BA,37818,PAULO AFONSO,0181,2026-10-04 20:59:16,47.11277282459336,51.51868790411607,-4.405915079522714
BA,37850,PEDRO ALEXANDRE,0051,2026-10-04 21:46:03,63.11282114931116,69.93357733496,-6.820756185648847
BA,37834,PEDRÃO,0130,2026-10-04 19:22:19,68.38556128520429,76.96493349455865,-8.57937220935436
BA,37877,PIATÃ,0105,2026-10-04 20:08:08,37.64762593395999,50.498919008814234,-12.85129307485424
BA,37893,PILÃO ARCADO,0195,2026-10-04 21:52:13,59.9928526757795,69.15290356952583,-9.16005089374633
BA,37915,PINDAÍ,0117,2026-10-04 21:00:29,51.30544501601475,61.63084064991422,-10.325395633899468
BA,37931,PINDOBAÇU,0115,2026-10-04 23:50:23,37.420109119251755,42.0772746157042,-4.657165496452443
BA,39837,PINTADAS,0062,2026-10-04 20:11:17,24.967845659163988,31.862426995457493,-6.894581336293506
BA,37940,PIRAÍ DO NORTE,0151,2026-10-04 20:59:54,37.447888345115096,50.16355589763325,-12.715667552518156
BA,37958,PIRIPÁ,0177,2026-10-04 19:26:22,44.30520304568528,57.26080621661001,-12.955603170924725
BA,37974,PIRITIBA,0054,2026-10-04 19:29:48,40.76243607624361,52.33918128654971,-11.5767452103061
BA,37990,PLANALTINO,0037,2026-10-04 21:08:51,47.94094794094794,63.90041493775934,-15.959466996811393
BA,38016,PLANALTO,0139,2026-10-04 20:51:15,37.9365794043867,43.517199267250156,-5.580619862863458
BA,38059,POJUCA,0200,2026-10-04 19:32:25,54.26269963216464,56.13493975903614,-1.8722401268715032
BA,38067,PONTO NOVO,0149,2026-10-04 20:59:14,45.23131076097888,59.18387708270977,-13.952566321730892
BA,38075,PORTO SEGURO,0121,2026-10-04 21:17:13,-0.1512728530060077,7.5843589627140195,-7.735631815720027
BA,38075,PORTO SEGURO,0122,2026-10-04 20:51:50,7.90204904047708,18.08584748941643,-10.18379844893935
BA,38091,POTIRAGUÁ,0138,2026-10-04 19:25:51,22.67156862745098,29.918530074536314,-7.246961447085333
BA,38032,POÇÕES,0059,2026-10-04 20:55:47,42.86220961163327,52.25364560318162,-9.391435991548349
BA,38113,PRADO,0112,2026-10-04 21:27:23,6.502645502645502,15.062148217636022,-8.559502714990519
BA,38130,PRESIDENTE DUTRA,0095,2026-10-04 21:00:57,69.13629957720958,76.46373742721016,-7.327437850000578
BA,38156,PRESIDENTE JÂNIO QUADROS,0060,2026-10-04 20:49:33,56.34558626240945,65.73322510822511,-9.387638845815665
BA,38164,PRESIDENTE TANCREDO NEVES,0197,2026-10-04 22:46:01,24.539693926351028,43.08334891839661,-18.54365499204558
BA,39810,PÉ DE SERRA,0114,2026-10-04 22:19:50,23.63082098181436,39.42869747435756,-15.797876492543203
BA,38172,QUEIMADAS,0106,2026-10-04 22:15:26,41.74714661984196,50.650903294367694,-8.90375667452573
BA,38199,QUIJINGUE,0102,2026-10-04 23:10:26,65.88088593313937,65.51075437386342,0.3701315592759471
BA,39845,QUIXABEIRA,0191,2026-10-04 21:02:05,9.996993385447986,30.062893081761008,-20.06589969631302
BA,39853,RAFAEL JAMBEIRO,0043,2026-10-04 22:36:28,43.084446390774396,54.18916833821941,-11.104721947445015
BA,38210,REMANSO,0067,2026-10-04 21:41:01,55.59485530546624,65.49470932928628,-9.89985402382004
BA,38237,RETIROLÂNDIA,0196,2026-10-04 21:14:40,46.87743950039032,60.69185627509523,-13.814416774704917
BA,38296,RIACHO DE SANTANA,0113,2026-10-04 22:23:03,62.506973111681354,71.28864228286717,-8.781669171185818
BA,38253,RIACHÃO DAS NEVES,0182,2026-10-04 21:27:23,44.06861063464837,56.91594039921282,-12.84732976456445
BA,38270,RIACHÃO DO JACUÍPE,0114,2026-10-04 21:00:59,54.31172291296625,65.86509996811951,-11.553377055153256
BA,38318,RIBEIRA DO AMPARO,0079,2026-10-04 20:54:02,60.57732827644332,66.21575537114926,-5.638427094705939
BA,38334,RIBEIRA DO POMBAL,0110,2026-10-04 22:18:56,43.80424370845549,54.111004843735536,-10.306761135280048
BA,38342,RIBEIRÃO DO LARGO,0152,2026-10-04 20:22:00,43.423964590578564,52.27464907830205,-8.850684487723484
BA,38350,RIO DE CONTAS,0101,2026-10-04 21:01:26,44.537728026534,53.686055427757694,-9.148327401223696
BA,38377,RIO DO ANTÔNIO,0093,2026-10-04 20:59:15,57.15944721867379,62.98998392481761,-5.830536706143818
BA,38393,RIO DO PIRES,0111,2026-10-04 20:43:30,49.48327440848518,60.209756872715715,-10.726482464230536
BA,38415,RIO REAL,0049,2026-10-04 21:07:51,41.107858790136596,46.52698593690612,-5.419127146769526
BA,38431,RODELAS,0158,2026-10-04 20:59:51,59.38646215405135,66.57631712688463,-7.189854972833281
BA,38458,RUY BARBOSA,0087,2026-10-04 21:22:42,39.36323334676723,54.12892291508386,-14.765689568316631
BA,38474,SALINAS DA MARGARIDA,0030,2026-10-04 21:03:30,62.07338978701565,68.3539592444403,-6.2805694574246544
BA,38490,SALVADOR,0001,2026-10-04 19:21:08,27.783219066274892,27.971763312051603,-0.18854424577671125
BA,38490,SALVADOR,0002,2026-10-04 19:23:12,43.52651787856971,45.82856824077432,-2.3020503622046036
BA,38490,SALVADOR,0003,2026-10-04 19:24:45,47.85036221237016,51.43019983614149,-3.5798376237713327
BA,38490,SALVADOR,0004,2026-10-04 21:26:54,43.65099583140343,48.44048099251038,-4.789485161106953
BA,38490,SALVADOR,0005,2026-10-04 20:10:44,42.8997461928934,48.264541737547376,-5.364795544653973
BA,38490,SALVADOR,0006,2026-10-04 19:01:46,36.30991834604916,39.777206512425025,-3.467288166375866
BA,38490,SALVADOR,0007,2026-10-04 19:24:47,38.22047965199474,41.29725632453065,-3.076776672535914
BA,38490,SALVADOR,0008,2026-10-04 19:25:52,40.256864481842335,47.21359536882904,-6.956730886986705
BA,38490,SALVADOR,0009,2026-10-04 20:53:26,36.59489233850776,41.57917582268522,-4.98428348417746
BA,38490,SALVADOR,0010,2026-10-04 20:19:40,27.271874354980955,31.077027822758723,-3.8051534677777674
BA,38490,SALVADOR,0011,2026-10-04 20:56:19,41.427058823529414,47.65090264702625,-6.223843823496836
BA,38490,SALVADOR,0012,2026-10-04 19:29:46,34.864535803283914,39.767243826284414,-4.9027080230005
BA,38490,SALVADOR,0013,2026-10-04 19:26:22,16.505359432843765,18.723467725280525,-2.21810829243676
BA,38490,SALVADOR,0014,2026-10-04 19:29:46,45.085153421928524,51.60799282054777,-6.522839398619247
BA,38490,SALVADOR,0015,2026-10-04 20:59:56,43.404713930931074,48.5997212645786,-5.195007333647524
BA,38490,SALVADOR,0016,2026-10-04 20:54:02,42.93768974989157,48.442758290374215,-5.505068540482647
BA,38490,SALVADOR,0017,2026-10-04 20:14:30,41.05622500884041,46.84597896034835,-5.78975395150794
BA,38490,SALVADOR,0018,2026-10-04 20:25:10,44.296986439882275,48.55722066235919,-4.260234222476917
BA,38490,SALVADOR,0019,2026-10-04 21:48:24,38.47115919100355,45.59894518896981,-7.127785997966257
BA,38539,SANTA BRÍGIDA,0181,2026-10-04 22:50:17,65.71073726995597,71.62428886566818,-5.913551595712207
BA,38512,SANTA BÁRBARA,0160,2026-10-04 21:53:13,53.31962208368147,62.01264488935722,-8.693022805675746
BA,38555,SANTA CRUZ CABRÁLIA,0121,2026-10-04 21:01:26,17.87604575721359,26.778109705714105,-8.902063948500516
BA,38571,SANTA CRUZ DA VITÓRIA,0029,2026-10-04 18:47:50,19.899169632265718,30.735930735930737,-10.836761103665019
BA,38598,SANTA INÊS,0038,2026-10-04 20:15:15,58.613761928679054,69.55161626694473,-10.93785433826568
BA,39870,SANTA LUZIA,0133,2026-10-04 20:41:09,28.5284381582907,38.55124835742444,-10.02281019913374
BA,38636,SANTA MARIA DA VITÓRIA,0072,2026-10-04 22:14:54,38.46705173068005,47.751661815180086,-9.284610084500038
BA,35491,SANTA RITA DE CÁSSIA,0097,2026-10-04 21:01:27,48.712824732573175,58.05025734181048,-9.337432609237304
BA,38695,SANTA TEREZINHA,0107,2026-10-04 20:44:42,53.50816971028422,62.32473993668024,-8.816570226396017
BA,38610,SANTALUZ,0145,2026-10-04 21:51:49,40.9878717527919,51.629357952868766,-10.64148620007687
BA,38652,SANTANA,0099,2026-10-04 22:18:22,33.20492108860445,49.000896631228386,-15.795975542623935
BA,38679,SANTANÓPOLIS,0074,2026-10-04 21:02:05,53.319357092942,67.10584101888449,-13.786483925942491
BA,38717,SANTO AMARO,0178,2026-10-04 21:02:31,66.52024553697133,68.75016853175138,-2.229922994780054
BA,38733,SANTO ANTÔNIO DE JESUS,0056,2026-10-04 20:52:40,23.969098023477475,33.30707043025487,-9.337972406777393
BA,38733,SANTO ANTÔNIO DE JESUS,0202,2026-10-04 20:07:40,32.52091911276398,41.228100487231764,-8.707181374467787
BA,38750,SANTO ESTEVÃO,0143,2026-10-04 21:46:03,57.16824644549763,67.95067249381712,-10.782426048319493
BA,38911,SAPEAÇU,0142,2026-10-04 19:07:46,47.502219352756036,59.35846560846561,-11.856246255709571
BA,38946,SAUBARA,0178,2026-10-04 21:34:42,51.387746710526315,59.46116607030099,-8.073419359774675
BA,38954,SAÚDE,0115,2026-10-04 20:53:24,47.34336609336609,56.580565805658054,-9.237199712291961
BA,38970,SEABRA,0088,2026-10-04 21:57:14,57.45591150996557,71.19490293975186,-13.738991429786289
BA,38997,SEBASTIÃO LARANJEIRAS,0175,2026-10-04 21:23:13,42.14904679376083,52.062535317385574,-9.913488523624743
BA,39012,SENHOR DO BONFIM,0045,2026-10-04 21:30:22,28.676203616295112,33.47737093472822,-4.801167318433109
BA,39039,SENTO SÉ,0096,2026-10-04 20:58:22,33.57197322714564,50.50250123935283,-16.93052801220719
BA,39047,SERRA DO RAMALHO,0071,2026-10-04 22:25:49,48.16622372553757,55.42387358530856,-7.257649859770993
BA,39055,SERRA DOURADA,0190,2026-10-04 21:59:15,24.190695206085266,32.75319385299019,-8.56249864690492
BA,39071,SERRA PRETA,0155,2026-10-04 21:53:13,60.529585339338404,68.74082090129087,-8.21123556195247
BA,39098,SERRINHA,0150,2026-10-04 22:23:02,49.549567911299526,51.419760751686745,-1.8701928403872188
BA,39110,SERROLÂNDIA,0046,2026-10-04 21:27:53,35.69047619047619,45.37664663000384,-9.68617043952765
BA,39136,SIMÕES FILHO,0033,2026-10-04 21:18:42,40.32383110687023,45.98202247191011,-5.658191365039883
BA,39985,SOBRADINHO,0066,2026-10-04 21:02:30,45.468739834753755,54.78578545333776,-9.317045618584004
BA,39152,SOUTO SOARES,0174,2026-10-04 20:58:20,68.65803935472434,80.02936857562408,-11.371329220899739
BA,38938,SÁTIRO DIAS,0044,2026-10-04 20:59:51,49.71022621050664,59.81814466693911,-10.107918456432472
BA,38776,SÃO DESIDÉRIO,0100,2026-10-04 22:07:24,24.36872665076293,41.31390593047035,-16.945179279707418
BA,38806,SÃO DOMINGOS,0120,2026-10-04 20:27:18,39.99383287079864,50.33386327503975,-10.340030404241105
BA,38814,SÃO FELIPE,0184,2026-10-04 20:10:44,41.11485759380157,55.166741438612235,-14.051883844810668
BA,38830,SÃO FRANCISCO DO CONDE,0162,2026-10-04 21:38:13,68.09978768577494,68.64671032117243,-0.5469226353974932
BA,38792,SÃO FÉLIX,0118,2026-10-04 19:29:46,61.82720447894134,67.85979687887045,-6.032592399929115
BA,38822,SÃO FÉLIX DO CORIBE,0072,2026-10-04 22:44:29,18.71356783919598,30.88342157168068,-12.1698537324847
BA,39896,SÃO GABRIEL,0095,2026-10-04 22:15:57,65.2955152955153,75.25554332442208,-9.960028028906777
BA,38857,SÃO GONÇALO DOS CAMPOS,0108,2026-10-04 21:42:03,55.19649167624643,63.30271272695907,-8.10622105071264
BA,39926,SÃO JOSÉ DA VITÓRIA,0166,2026-10-04 19:01:45,28.269024651661308,24.049586776859503,4.219437874801805
BA,38865,SÃO JOSÉ DO JACUÍPE,0191,2026-10-04 21:05:31,42.17687074829932,56.20306888671237,-14.02619813841305
BA,38873,SÃO MIGUEL DAS MATAS,0036,2026-10-04 21:45:01,50.87958543570162,56.96288268761853,-6.08329725191691
BA,38890,SÃO SEBASTIÃO DO PASSÉ,0128,2026-10-04 21:41:32,69.03791671517833,72.16231448431336,-3.1243977691350295
BA,39144,SÍTIO DO MATO,0071,2026-10-04 22:39:51,43.20573091560331,55.0278293135436,-11.822098397940287
BA,39900,SÍTIO DO QUINTO,0051,2026-10-04 20:59:55,49.2061475930395,65.85432639649507,-16.648178803455565
BA,39179,TABOCAS DO BREJO VELHO,0190,2026-10-04 21:59:14,44.2719614921781,62.822830578512395,-18.550869086334295
BA,39195,TANHAÇU,0058,2026-10-04 21:52:41,47.49444752915047,54.48680777036822,-6.992360241217753
BA,39918,TANQUE NOVO,0168,2026-10-04 22:33:45,57.10328110120336,68.62673149252362,-11.52345039132026
BA,39217,TANQUINHO,0160,2026-10-04 21:01:27,50.209272376046364,59.695945945945944,-9.48667356989958
BA,39233,TAPEROÁ,0032,2026-10-04 21:21:13,42.27336777829967,54.93541546173125,-12.662047683431581
BA,39250,TAPIRAMUTÁ,0054,2026-10-04 20:13:39,44.257738471257106,65.9519168291098,-21.6941783578527
BA,39934,TEIXEIRA DE FREITAS,0183,2026-10-04 22:08:56,-4.129427130016134,3.0450064949950333,-7.174433625011167
BA,39276,TEODORO SAMPAIO,0130,2026-10-04 19:21:06,72.91356184798808,77.89971617786188,-4.9861543298737985
BA,39292,TEOFILÂNDIA,0123,2026-10-04 22:07:54,68.79894605869868,72.61749096223367,-3.818544903534999
BA,39314,TEOLÂNDIA,0197,2026-10-04 21:52:13,43.627852545348155,56.58605306409955,-12.958200518751397
BA,39330,TERRA NOVA,0128,2026-10-04 20:08:08,61.261146496815286,66.32797427652733,-5.0668277797120425
BA,39357,TREMEDAL,0177,2026-10-04 21:11:53,37.42594111749157,58.61291232027065,-21.186971202779084
BA,39373,TUCANO,0080,2026-10-04 22:28:25,53.19162316835419,60.163438859914294,-6.971815691560103
BA,39390,UAUÁ,0083,2026-10-04 20:36:19,66.51005557783762,70.97383986828466,-4.4637842904470375
BA,39438,UBAITABA,0073,2026-10-04 20:13:39,22.567064813001764,29.06100068540096,-6.493935872399195
BA,39454,UBATÃ,0134,2026-10-04 19:26:23,24.116161616161616,33.359773371104815,-9.243611754943199
BA,39411,UBAÍRA,0038,2026-10-04 21:54:44,33.70729649936735,44.77395094436373,-11.06665444499638
BA,39470,UIBAÍ,0159,2026-10-04 20:58:21,55.29596647459403,60.915605947160124,-5.619639472566092
BA,39489,UMBURANAS,0167,2026-10-04 23:23:57,41.23212073431693,44.232130219391365,-3.000009485074436
BA,39497,UNA,0116,2026-10-04 20:12:14,14.95475871313673,22.93095768374165,-7.976198970604919
BA,39519,URANDI,0117,2026-10-04 20:51:13,52.956465237166995,61.157873126668036,-8.201407889501041
BA,39535,URUÇUCA,0198,2026-10-04 20:49:33,26.57077971233914,25.039848197343453,1.530931514995686
BA,39551,UTINGA,0069,2026-10-04 21:00:29,46.57295300636159,59.09431538379189,-12.5213623774303
BA,39594,VALENTE,0120,2026-10-04 20:29:28,26.181090423918977,35.81107239643825,-9.629981972519271
BA,39578,VALENÇA,0031,2026-10-04 22:23:03,31.481556876475857,36.992415035829524,-5.510858159353667
BA,39624,VARZEDO,0056,2026-10-04 21:00:26,37.219850586979724,50.215765247410815,-12.99591466043109
BA,39632,VERA CRUZ,0141,2026-10-04 21:09:21,52.95847378612924,56.388759509392955,-3.430285723263715
BA,39640,VEREDA,0148,2026-10-04 22:16:56,29.266802443991853,38.630653266331656,-9.363850822339803
BA,39659,VITÓRIA DA CONQUISTA,0039,2026-10-04 21:00:59,8.45376883800858,16.528443373972635,-8.074674535964055
BA,39659,VITÓRIA DA CONQUISTA,0040,2026-10-04 22:29:21,43.188902743142144,45.56050010595465,-2.3715973628125084
BA,39977,VÁRZEA DA ROÇA,0086,2026-10-04 22:14:54,47.281265447355416,56.517787587639575,-9.236522140284158
BA,39616,VÁRZEA DO POÇO,0103,2026-10-04 19:15:05,44.7992863514719,49.75751697381183,-4.958230622339933
BA,39950,VÁRZEA NOVA,0055,2026-10-04 19:23:43,41.34199134199134,51.962714979650784,-10.620723637659445
BA,39675,WAGNER,0069,2026-10-04 21:01:26,47.713178294573645,57.58593441327538,-9.872756118701737
BA,39993,WANDERLEY,0098,2026-10-04 20:50:35,26.41990291262136,43.88969873663751,-17.469795824016153
BA,39691,WENCESLAU GUIMARÃES,0197,2026-10-04 21:52:41,32.34015139313899,44.88429752066116,-12.544146127522168
BA,39713,XIQUE-XIQUE,0068,2026-10-04 23:15:05,43.13748079877112,58.85940717143856,-15.72192637266744
BA,33073,ÁGUA FRIA,0074,2026-10-04 20:59:16,55.29267795227412,62.509656770775855,-7.216978818501737
BA,33090,ÉRICO CARDOSO,0111,2026-10-04 20:34:07,54.124814753828424,60.41736788959946,-6.292553135771037
CE,13013,ABAIARA,0026,2026-10-04 20:56:54,61.19047619047619,75.10978394519586,-13.919307754719668
CE,13145,ACARAPE,0052,2026-10-04 21:53:40,21.536086453106908,29.76980506014102,-8.233718607034113
CE,13030,ACARAÚ,0030,2026-10-04 22:41:52,30.710734132787366,46.00826072196447,-15.297526589177103
CE,13056,ACOPIARA,0060,2026-10-04 22:07:20,56.50243249420446,66.15601693207014,-9.653584437865682
CE,13072,AIUABA,0101,2026-10-04 20:55:02,68.82741057992823,74.10158121705798,-5.274170637129757
CE,13099,ALCÂNTARAS,0024,2026-10-04 21:00:42,58.3009583009583,67.35582154515778,-9.054863244199481
CE,13110,ALTANEIRA,0053,2026-10-04 19:23:44,70.77406244226862,78.80184331797236,-8.02778087570374
CE,13137,ALTO SANTO,0086,2026-10-04 20:47:19,51.44816293112271,64.5327295183203,-13.084566587197585
CE,15873,AMONTADA,0089,2026-10-04 21:17:59,43.99350075942213,55.92891392038968,-11.93541316096755
CE,13153,ANTONINA DO NORTE,0018,2026-10-04 19:07:23,64.98653328203154,71.69998020977637,-6.713446927744826
CE,13170,APUIARÉS,0050,2026-10-04 20:45:30,47.70331689391742,58.584141585841415,-10.880824691923998
CE,13196,AQUIRAZ,0066,2026-10-04 20:58:31,22.48917174931495,32.59849629964076,-10.109324550325809
CE,13218,ARACATI,0008,2026-10-04 20:58:12,31.932845644245916,41.67277411330979,-9.739928469063877
CE,13234,ARACOIABA,0067,2026-10-04 21:02:21,41.896592804384085,53.27783040031906,-11.381237595934977
CE,13420,ARARENDÁ,0048,2026-10-04 22:28:59,46.627981947130884,56.999582114500626,-10.371600167369742
CE,13250,ARARIPE,0068,2026-10-04 21:21:10,69.3491124260355,81.10032868993582,-11.751216263900318
CE,13277,ARATUBA,0105,2026-10-04 21:03:41,43.15919121420507,57.464758650149506,-14.305567435944432
CE,13293,ARNEIROZ,0101,2026-10-04 20:15:29,51.82370820668693,62.73315569090217,-10.909447484215242
CE,13315,ASSARÉ,0018,2026-10-04 21:37:59,59.93969567351518,72.36563690224291,-12.42594122872773
CE,13331,AURORA,0069,2026-10-04 20:58:32,51.70420962763512,67.51617853092267,-15.81196890328755
CE,13358,BAIXIO,0092,2026-10-04 20:25:39,66.22906292440018,71.04708362614195,-4.818020701741773
CE,13382,BANABUIÚ,0006,2026-10-04 20:02:00,53.07613734580027,65.52294336502688,-12.446806019226607
CE,13374,BARBALHA,0031,2026-10-04 22:42:52,39.99104238366885,52.73571520701664,-12.744672823347791
CE,13129,BARREIRA,0052,2026-10-04 22:04:11,17.188665175242356,26.13745047137587,-8.948785296133515
CE,13390,BARRO,0092,2026-10-04 21:22:09,65.09592999919724,74.1160288049195,-9.020098805722256
CE,13404,BARROQUINHA,0108,2026-10-04 22:34:12,38.954765041721565,61.144799705990444,-22.19003466426888
CE,13412,BATURITÉ,0005,2026-10-04 22:42:42,43.37719298245614,53.962682431184184,-10.585489448728048
CE,13439,BEBERIBE,0084,2026-10-04 21:05:59,34.92741470572821,42.44192602616148,-7.514511320433272
CE,13455,BELA CRUZ,0096,2026-10-04 21:49:01,31.148132555482047,41.71017445562205,-10.562041900140006
CE,13471,BOA VIAGEM,0063,2026-10-04 21:21:11,53.976977802204516,72.31966982459431,-18.342692022389798
CE,13498,BREJO SANTO,0070,2026-10-04 21:09:31,54.75750102753802,63.59468133883539,-8.837180311297374
CE,13510,CAMOCIM,0032,2026-10-04 22:05:20,32.42960886737164,42.02277294038848,-9.593164073016837
CE,13536,CAMPOS SALES,0038,2026-10-04 20:46:18,62.55945208954277,72.39989427778512,-9.84044218824235
CE,13552,CANINDÉ,0033,2026-10-04 22:37:51,48.610820098059754,59.41035083463803,-10.799530736578276
CE,13579,CAPISTRANO,0105,2026-10-04 21:49:09,49.34484586836325,61.20425029515938,-11.859404426796132
CE,13595,CARIDADE,0111,2026-10-04 20:07:47,47.25400457665904,63.01399985340468,-15.759995276745634
CE,13633,CARIRIAÇU,0071,2026-10-04 20:36:10,52.39253852392539,64.76959014652793,-12.377051622602544
CE,13617,CARIRÉ,0065,2026-10-04 22:47:50,40.94178082191781,50.45759609517999,-9.515815273262177
CE,13650,CARIÚS,0043,2026-10-04 20:16:40,58.715302775777936,67.37177872911946,-8.65647595334152
CE,13676,CARNAUBAL,0022,2026-10-04 22:11:33,31.672597864768683,44.88227760811743,-13.209679743348744
CE,13692,CASCAVEL,0007,2026-10-04 20:58:31,27.002562618831114,36.85194443840619,-9.849381819575079
CE,13714,CATARINA,0060,2026-10-04 20:11:51,53.76009063871973,66.82882335056249,-13.068732711842756
CE,13447,CATUNDA,0054,2026-10-04 20:49:56,60.321317672471984,70.7474038320901,-10.426086159618116
CE,13730,CAUCAIA,0037,2026-10-04 20:35:01,18.79504475621329,25.675511279923224,-6.880466523709934
CE,13730,CAUCAIA,0120,2026-10-04 20:56:15,25.753901772330483,34.41506318372589,-8.661161411395408
CE,13730,CAUCAIA,0123,2026-10-04 20:17:39,14.28926287027262,21.782768043306525,-7.493505173033906
CE,13757,CEDRO,0013,2026-10-04 20:55:25,56.99897356941237,63.838513297020185,-6.839539727607814
CE,13773,CHAVAL,0108,2026-10-04 20:59:23,57.97332027903561,65.6918161710494,-7.7184958920137845
CE,13161,CHOROZINHO,0049,2026-10-04 21:33:54,39.95838367566116,49.16320984122443,-9.204826165563269
CE,13463,CHORÓ,0006,2026-10-04 20:51:21,56.221954689723106,65.97322120172623,-9.751266512003127
CE,13811,COREAÚ,0064,2026-10-04 20:15:29,42.479953060825345,55.587392550143264,-13.107439489317919
CE,13838,CRATEÚS,0020,2026-10-04 21:49:58,45.31868961036239,55.70203908051123,-10.383349470148836
CE,13854,CRATO,0027,2026-10-04 21:01:14,58.352552711507684,67.827771576665,-9.475218865157316
CE,15881,CROATÁ,0074,2026-10-04 21:20:00,47.25607044383172,64.43717888836991,-17.181108444538197
CE,15890,CRUZ,0030,2026-10-04 21:00:23,19.400716534578223,34.46653965229817,-15.065823117719944
CE,15989,DEPUTADO IRAPUAN PINHEIRO,0055,2026-10-04 20:49:56,58.135221716405326,73.93103448275862,-15.795812766353293
CE,13200,ERERÉ,0010,2026-10-04 20:57:50,62.20095693779904,70.19321394910462,-7.9922570113055755
CE,13226,EUSÉBIO,0088,2026-10-04 20:15:37,2.0644919852803594,14.762322228716151,-12.697830243435792
CE,13870,FARIAS BRITO,0062,2026-10-04 22:13:51,65.0562117546606,74.71056983912193,-9.654358084461336
CE,15911,FORQUILHA,0121,2026-10-04 21:41:09,25.842413554197897,36.442745072186696,-10.6003315179888
CE,13897,FORTALEZA,0001,2026-10-04 19:30:19,10.03646432540998,12.98314004482994,-2.946675719419959
CE,13897,FORTALEZA,0002,2026-10-04 20:16:28,12.863023994077198,18.98703501756937,-6.124011023492171
CE,13897,FORTALEZA,0003,2026-10-04 19:12:58,2.911735669386786,2.483507487841287,0.42822818154549935
CE,13897,FORTALEZA,0080,2026-10-04 19:29:36,17.812451538250485,19.11166682247359,-1.2992152842231057
CE,13897,FORTALEZA,0082,2026-10-04 20:49:57,21.252129979385373,23.776353889270055,-2.5242239098846824
CE,13897,FORTALEZA,0083,2026-10-04 20:15:29,15.85948045961874,19.613340405494636,-3.753859945875895
CE,13897,FORTALEZA,0085,2026-10-04 20:31:29,11.987893338782182,16.47022022022022,-4.482326881438038
CE,13897,FORTALEZA,0093,2026-10-04 20:55:25,13.97228637413395,19.967286524461368,-5.995000150327419
CE,13897,FORTALEZA,0094,2026-10-04 21:02:02,13.328665353302794,17.201880113735275,-3.8732147604324805
CE,13897,FORTALEZA,0095,2026-10-04 20:56:12,15.176433850317476,22.25936922825147,-7.0829353779339925
CE,13897,FORTALEZA,0112,2026-10-04 20:20:48,6.744695963682406,9.198735940456142,-2.4540399767737364
CE,13897,FORTALEZA,0113,2026-10-04 19:16:10,21.780127781449657,22.174676913459155,-0.39454913200949804
CE,13897,FORTALEZA,0114,2026-10-04 20:56:53,19.862519333218767,23.155799912301415,-3.293280579082648
CE,13897,FORTALEZA,0115,2026-10-04 20:50:23,13.088110450828829,17.19422887747295,-4.1061184266441195
CE,13897,FORTALEZA,0116,2026-10-04 21:02:01,13.400878153538661,19.843574471692914,-6.442696318154253
CE,13897,FORTALEZA,0117,2026-10-04 20:53:15,14.378377158843502,21.854556859933687,-7.476179701090185
CE,13897,FORTALEZA,0118,2026-10-04 20:27:09,16.42337426102774,20.918680519244322,-4.4953062582165835
CE,13501,FORTIM,0008,2026-10-04 21:31:49,27.273375142531357,38.697878566203364,-11.424503423672007
CE,13919,FRECHEIRINHA,0081,2026-10-04 21:05:40,26.94983522519224,49.182439797839656,-22.232604572647418
CE,13935,GENERAL SAMPAIO,0050,2026-10-04 20:58:12,50.369571912534646,62.23646483386743,-11.866892921332784
CE,13951,GRANJA,0025,2026-10-04 21:49:58,62.59719826934132,71.25691747943866,-8.659719210097336
CE,13978,GRANJEIRO,0062,2026-10-04 22:41:52,64.53943407585791,74.5300320953691,-9.990598019511182
CE,13064,GRAÇA,0079,2026-10-04 22:53:43,56.53486266223966,74.28696317342367,-17.75210051118401
CE,13994,GROAÍRAS,0065,2026-10-04 22:47:50,20.693844492440604,38.286762630539094,-17.59291813809849
CE,13242,GUAIÚBA,0057,2026-10-04 21:02:01,42.4524484014569,52.17177310200566,-9.71932470054876
CE,14010,GUARACIABA DO NORTE,0074,2026-10-04 22:13:40,34.08609194959343,51.583507008295534,-17.497415058702103
CE,14036,GUARAMIRANGA,0005,2026-10-04 19:24:36,41.973633191159365,56.61641541038526,-14.642782219225893
CE,14052,HIDROLÂNDIA,0054,2026-10-04 21:14:49,44.07874260815437,55.66188197767145,-11.583139369517077
CE,13188,HORIZONTE,0078,2026-10-04 20:37:28,22.61579301874084,30.77005370477352,-8.154260686032682
CE,14060,IBARETAMA,0006,2026-10-04 21:02:38,55.79980016350259,61.50332638268295,-5.703526219180361
CE,14079,IBIAPINA,0073,2026-10-04 20:54:13,26.09678277053975,48.5444366689993,-22.447653898459553
CE,15920,IBICUITINGA,0047,2026-10-04 20:58:12,38.12487842832134,53.154169658426504,-15.029291230105166
CE,15938,ICAPUÍ,0008,2026-10-04 21:31:41,28.33437478303131,42.210144927536234,-13.875770144504923
CE,14095,ICÓ,0015,2026-10-04 21:17:01,51.52058160966619,59.77917981072555,-8.258598201059364
CE,14117,IGUATU,0013,2026-10-04 21:02:01,56.81156925195834,63.241106719367586,-6.429537467409247
CE,14133,INDEPENDÊNCIA,0039,2026-10-04 21:11:59,43.48340531266639,51.68803815895435,-8.204632846287957
CE,13340,IPAPORANGA,0020,2026-10-04 20:56:53,49.288798577597156,63.30506228465412,-14.016263707056964
CE,14150,IPAUMIRIM,0092,2026-10-04 20:53:50,60.71239406779661,67.78773259820814,-7.075338530411528
CE,14176,IPU,0021,2026-10-04 22:22:41,46.4778149303077,60.50106395792348,-14.023249027615776
CE,14192,IPUEIRAS,0040,2026-10-04 21:17:01,42.1947789399666,57.271637284071225,-15.076858344104629
CE,14214,IRACEMA,0086,2026-10-04 20:16:39,51.59304460524895,65.85881045025013,-14.265765845001184
CE,14230,IRAUÇUBA,0041,2026-10-04 20:46:18,52.78165883398958,62.97343503419253,-10.191776200202952
CE,13480,ITAITINGA,0078,2026-10-04 20:28:09,18.856942942560906,32.76269895361424,-13.905756011053334
CE,14257,ITAIÇABA,0075,2026-10-04 20:58:12,31.10362257792755,43.27679664276972,-12.173174064842168
CE,14273,ITAPAJÉ,0041,2026-10-04 21:18:09,22.521144783246466,32.26198860362379,-9.740843820377325
CE,14290,ITAPIPOCA,0017,2026-10-04 22:48:00,46.226382024047396,55.31342861185793,-9.087046587810534
CE,14311,ITAPIÚNA,0105,2026-10-04 20:57:50,39.70165488307047,52.964237138971114,-13.262582255900647
CE,15954,ITAREMA,0098,2026-10-04 21:19:09,22.044464473486556,32.17637175757079,-10.131907284084235
CE,14338,ITATIRA,0033,2026-10-04 20:56:53,52.19115191986644,66.20569182618823,-14.014539906321787
CE,14354,JAGUARETAMA,0072,2026-10-04 22:00:52,52.93689320388349,66.86454849498328,-13.92765529109979
CE,14370,JAGUARIBARA,0072,2026-10-04 21:10:40,53.591973244147155,61.176298034614256,-7.5843247904671
CE,14397,JAGUARIBE,0010,2026-10-04 21:02:21,52.1828792067044,61.49581970192657,-9.312940495222172
CE,14419,JAGUARUANA,0075,2026-10-04 20:52:02,31.390845070422536,40.39357136334581,-9.002726292923278
CE,14435,JARDIM,0119,2026-10-04 20:51:22,56.051337411538924,70.08013123856395,-14.028793827025027
CE,14451,JATI,0070,2026-10-04 21:01:14,62.82507015902713,68.95885648058722,-6.133786321560088
CE,13005,JIJOCA DE JERICOACOARA,0030,2026-10-04 20:49:56,17.850735557947615,36.81280445372303,-18.962068895775417
CE,14478,JUAZEIRO DO NORTE,0028,2026-10-04 20:49:32,44.859911841072396,54.87791711011368,-10.018005269041282
CE,14478,JUAZEIRO DO NORTE,0119,2026-10-04 19:29:37,38.07192106887641,50.90349820469936,-12.831577135822954
CE,14494,JUCÁS,0043,2026-10-04 20:55:26,47.55659121171771,58.921076171471825,-11.364484959754115
CE,14516,LAVRAS DA MANGABEIRA,0014,2026-10-04 21:31:41,58.13362185555856,66.30601030986234,-8.172388454303785
CE,14532,LIMOEIRO DO NORTE,0029,2026-10-04 21:51:00,44.68124148054944,52.40019265760463,-7.718951177055189
CE,13021,MADALENA,0063,2026-10-04 22:05:20,52.662721893491124,65.87822645921396,-13.215504565722838
CE,15857,MARACANAÚ,0104,2026-10-04 20:10:29,14.488793964273826,23.418907789736746,-8.93011382546292
CE,15857,MARACANAÚ,0122,2026-10-04 20:49:32,15.85438144329897,23.9060023430501,-8.051620899751132
CE,14559,MARANGUAPE,0004,2026-10-04 21:00:24,25.163817561242567,33.721247799963585,-8.557430238721018
CE,14575,MARCO,0096,2026-10-04 19:29:59,6.75040085515767,9.91669060614766,-3.166289750989989
CE,14591,MARTINÓPOLE,0025,2026-10-04 20:56:53,55.070795441464256,68.33171677982541,-13.260921338361157
CE,14613,MASSAPÊ,0045,2026-10-04 21:00:23,35.33214617528647,48.139945039169845,-12.807798863883377
CE,14630,MAURITI,0076,2026-10-04 21:21:20,48.04077401520387,57.949618777096724,-9.908844761892851
CE,14656,MERUOCA,0024,2026-10-04 20:53:14,41.433998100664766,57.81905332534452,-16.385055224679753
CE,14672,MILAGRES,0026,2026-10-04 20:55:25,68.27837576171764,75.35023940414968,-7.071863642432035
CE,15970,MILHÃ,0055,2026-10-04 20:53:15,56.20750164509761,69.45421536366732,-13.246713718569708
CE,14680,MIRAÍMA,0089,2026-10-04 21:21:20,59.6240755957272,69.5047598673655,-9.880684271638295
CE,14699,MISSÃO VELHA,0016,2026-10-04 21:07:00,59.57176171295315,67.1199064651626,-7.548144752209453
CE,14710,MOMBAÇA,0046,2026-10-04 21:01:14,54.830977766757584,63.133833829635535,-8.30285606287795
CE,14737,MONSENHOR TABOSA,0061,2026-10-04 20:14:29,47.02612072008471,64.02366863905326,-16.997547918968543
CE,14753,MORADA NOVA,0047,2026-10-04 22:22:41,30.03439649781113,48.148823221161514,-18.114426723350384
CE,14770,MORAÚJO,0064,2026-10-04 20:17:39,43.060776942355886,56.94398409015579,-13.8832071477999
CE,14796,MORRINHOS,0044,2026-10-04 20:55:02,-0.7345225603357818,8.971014492753623,-9.705537053089405
CE,14818,MUCAMBO,0079,2026-10-04 20:59:42,45.30262453133369,58.46086576300831,-13.158241231674616
CE,14834,MULUNGU,0005,2026-10-04 21:07:00,42.20955834736433,53.77898654451761,-11.569428197153279
CE,14850,NOVA OLINDA,0053,2026-10-04 20:17:39,53.627019089574155,65.11219108675421,-11.485171997180053
CE,14877,NOVA RUSSAS,0048,2026-10-04 21:01:14,37.59489031987854,44.765144863915715,-7.170254544037178
CE,14893,NOVO ORIENTE,0099,2026-10-04 20:48:40,52.19708634371669,66.281060024789,-14.083973681072308
CE,13307,OCARA,0067,2026-10-04 21:03:41,41.39702105803801,50.22037720377204,-8.823356145734031
CE,14915,ORÓS,0015,2026-10-04 22:14:40,51.334021226415096,59.48847960629334,-8.154458379878243
CE,14931,PACAJUS,0049,2026-10-04 22:03:20,19.495805798455823,29.107239680331926,-9.611433881876103
CE,14958,PACATUBA,0057,2026-10-04 20:53:15,17.196008220861497,28.618474454416848,-11.422466233555351
CE,14974,PACOTI,0005,2026-10-04 19:20:55,48.223111320310664,57.60989347373577,-9.386782153425102
CE,14990,PACUJÁ,0079,2026-10-04 21:01:14,54.115105087409155,71.19761752818549,-17.082512440776334
CE,15016,PALHANO,0009,2026-10-04 20:56:14,22.061211742660838,37.70514037705141,-15.64392863439057
CE,15032,PALMÁCIA,0004,2026-10-04 20:07:47,38.73542828180436,53.397142086815855,-14.661713805011495
CE,15059,PARACURU,0109,2026-10-04 19:32:15,29.813361372939276,40.71607990112037,-10.90271852818109
CE,15997,PARAIPABA,0109,2026-10-04 22:50:02,18.60950688582852,28.05813292936944,-9.44862604354092
CE,15075,PARAMBU,0019,2026-10-04 21:02:01,31.45753594703631,46.270259215706325,-14.812723268670016
CE,15091,PARAMOTI,0111,2026-10-04 20:17:38,49.58657587548638,59.22281728733341,-9.636241411847031
CE,15113,PEDRA BRANCA,0059,2026-10-04 20:56:34,62.89621126043177,74.92348662506458,-12.027275364632814
CE,15130,PENAFORTE,0070,2026-10-04 20:50:23,57.36826867400116,65.72049015045758,-8.352221476456421
CE,15156,PENTECOSTE,0050,2026-10-04 22:30:13,42.76894935406425,53.14617618586641,-10.377226831802162
CE,15172,PEREIRO,0010,2026-10-04 20:54:13,59.092142146667875,68.5559434135587,-9.463801266890819
CE,13285,PINDORETAMA,0007,2026-10-04 20:51:22,41.14679962894249,46.226291693917595,-5.079492064975106
CE,15199,PIQUET CARNEIRO,0012,2026-10-04 22:45:52,51.469335604770016,69.34764130896727,-17.878305704197253
CE,13048,PIRES FERREIRA,0021,2026-10-04 22:32:43,47.5208913649025,59.11225571883048,-11.591364353927979
CE,15210,PORANGA,0040,2026-10-04 20:52:01,61.517615176151764,71.87328579264948,-10.355670616497719
CE,15237,PORTEIRAS,0070,2026-10-04 20:33:52,67.70603303595088,72.99105040037682,-5.28501736442594
CE,15253,POTENGI,0068,2026-10-04 21:47:51,71.37363482541147,79.621095750128,-8.247460924716535
CE,13269,POTIRETAMA,0086,2026-10-04 21:34:38,49.284129864892115,71.26436781609195,-21.980237951199832
CE,13102,QUITERIANÓPOLIS,0099,2026-10-04 20:59:43,56.015037593984964,66.50680084912337,-10.491763255138402
CE,15270,QUIXADÁ,0006,2026-10-04 21:51:20,24.446421710379973,32.10516296875991,-7.658741258379941
CE,98531,QUIXELÔ,0013,2026-10-04 23:10:16,62.530532486565704,70.02434315453706,-7.49381066797136
CE,15296,QUIXERAMOBIM,0011,2026-10-04 23:10:16,51.05702134687642,59.577543799085184,-8.520522452208766
CE,15318,QUIXERÉ,0029,2026-10-04 21:57:39,41.86077465726075,53.17777310629949,-11.316998449038742
CE,15334,REDENÇÃO,0052,2026-10-04 21:56:23,37.84534731323722,46.272381985892565,-8.427034672655346
CE,15350,RERIUTABA,0079,2026-10-04 21:15:59,54.7423979832992,62.4516022736634,-7.709204290364198
CE,15377,RUSSAS,0009,2026-10-04 21:05:40,32.955001796546405,43.94602321954601,-10.991021422999601
CE,15393,SABOEIRO,0043,2026-10-04 20:52:01,58.11895451739041,66.50230111768573,-8.383346600295326
CE,15440,SALITRE,0038,2026-10-04 22:03:20,45.81919945725916,65.99496221662469,-20.175762759365526
CE,15458,SANTA QUITÉRIA,0054,2026-10-04 21:16:51,53.43058009699613,62.98018753781004,-9.549607440813908
CE,15415,SANTANA DO ACARAÚ,0044,2026-10-04 21:20:00,50.775713464853474,59.426855088876856,-8.651141624023381
CE,15431,SANTANA DO CARIRI,0053,2026-10-04 21:00:46,69.63783244077335,78.61599546228021,-8.978163021506859
CE,15555,SENADOR POMPEU,0012,2026-10-04 22:34:12,36.540016168148746,47.838705693466714,-11.298689525317968
CE,15571,SENADOR SÁ,0045,2026-10-04 21:00:45,43.65175332527207,52.793400824896885,-9.141647499624817
CE,15598,SOBRAL,0024,2026-10-04 21:25:09,25.37823894266999,30.687520173714017,-5.309281231044025
CE,15598,SOBRAL,0121,2026-10-04 21:59:29,26.65673864482502,30.926885434657457,-4.270146789832438
CE,15610,SOLONÓPOLE,0055,2026-10-04 20:59:23,51.924095322153576,68.5244161358811,-16.60032081372752
CE,15474,SÃO BENEDITO,0022,2026-10-04 20:54:14,31.56011877079383,50.448364571848586,-18.888245801054754
CE,15490,SÃO GONÇALO DO AMARANTE,0036,2026-10-04 21:02:21,19.51081751430466,31.511168109436785,-12.000350595132126
CE,15512,SÃO JOÃO DO JAGUARIBE,0091,2026-10-04 21:01:15,62.77372262773723,65.04731861198738,-2.27359598425015
CE,15539,SÃO LUÍS DO CURU,0023,2026-10-04 20:54:14,38.9208270297529,49.49314915896179,-10.572322129208892
CE,15636,TABULEIRO DO NORTE,0091,2026-10-04 21:33:40,55.93437453810908,60.5440082114447,-4.609633673335615
CE,15652,TAMBORIL,0061,2026-10-04 22:03:10,52.41565121547976,61.058394160583944,-8.642742945104182
CE,13366,TARRAFAS,0018,2026-10-04 20:32:28,66.00108912688329,75.31495344166514,-9.313864314781853
CE,15679,TAUÁ,0019,2026-10-04 21:00:23,34.0644334206566,39.42865345966121,-5.364220039004614
CE,13323,TEJUÇUOCA,0041,2026-10-04 20:52:51,44.8451617885551,59.3231476918022,-14.477985903247095
CE,15695,TIANGUÁ,0081,2026-10-04 21:23:10,13.170875669294658,30.91043737797626,-17.7395617086816
CE,15717,TRAIRI,0097,2026-10-04 22:12:41,37.46157659890927,48.357679180887374,-10.896102581978106
CE,13080,TURURU,0017,2026-10-04 21:54:48,41.1002731174405,52.272921108742004,-11.172647991301503
CE,15733,UBAJARA,0073,2026-10-04 22:10:30,29.584902194875564,38.29067595537382,-8.705773760498257
CE,15750,UMARI,0015,2026-10-04 20:15:37,53.776142525174286,55.23352793994996,-1.457385414775672
CE,98558,UMIRIM,0023,2026-10-04 20:57:50,43.52512284038675,55.209283050145046,-11.684160209758296
CE,15776,URUBURETAMA,0023,2026-10-04 21:01:14,41.79366149696561,48.46402019918642,-6.67035870222081
CE,15792,URUOCA,0025,2026-10-04 20:59:43,46.57762938230384,58.997591466911345,-12.419962084607505
CE,98574,VARJOTA,0065,2026-10-04 22:47:50,25.50763418857233,38.601455133387226,-13.093820944814897
CE,15830,VIÇOSA DO CEARÁ,0035,2026-10-04 21:04:51,42.51682368775236,55.56878419366726,-13.051960505914906
CE,15814,VÁRZEA ALEGRE,0062,2026-10-04 20:49:57,53.71753824261828,65.50008225037013,-11.782544007751845
DF,97012,BRASÍLIA,0001,2026-10-04 18:37:11,2.14251012145749,-5.637473091303433,7.779983212760923
DF,97012,BRASÍLIA,0002,2026-10-04 19:05:17,-8.631673102515435,-9.268770696762857,0.6370975942474217
DF,97012,BRASÍLIA,0003,2026-10-04 19:09:22,-19.323497661029148,-20.665417057169634,1.3419193961404865
DF,97012,BRASÍLIA,0004,2026-10-04 19:08:35,-16.244350264401223,-16.06847875056315,-0.1758715138380751
DF,97012,BRASÍLIA,0005,2026-10-04 18:57:42,-12.63584366062917,-14.095084050603662,1.4592403899744912
DF,97012,BRASÍLIA,0006,2026-10-04 20:11:08,-13.515552077538821,-10.54040144107051,-2.975150636468312
DF,97012,BRASÍLIA,0008,2026-10-04 19:05:17,-14.931202420918247,-15.494034302759134,0.5628318818408875
DF,97012,BRASÍLIA,0009,2026-10-04 19:07:06,-10.526019479422748,-13.552868439158177,3.0268489597354282
DF,97012,BRASÍLIA,0010,2026-10-04 20:10:26,-19.179164187678232,-21.152810571227374,1.9736463835491413
DF,97012,BRASÍLIA,0011,2026-10-04 18:21:50,-5.650052954202638,-11.770966025444636,6.120913071241998
DF,97012,BRASÍLIA,0013,2026-10-04 20:12:07,-22.639063873757102,-23.228177697520223,0.589113823763121
DF,97012,BRASÍLIA,0014,2026-10-04 18:59:43,9.92821272562882,1.5940755616919795,8.33413716393684
DF,97012,BRASÍLIA,0015,2026-10-04 19:01:08,-13.652197994402986,-16.72591391084869,3.0737159164457033
DF,97012,BRASÍLIA,0016,2026-10-04 20:10:26,-19.06590161167834,-18.361577167090182,-0.7043244445881562
DF,97012,BRASÍLIA,0017,2026-10-04 19:23:30,-13.335591464265079,-14.203824787375252,0.8682333231101733
DF,97012,BRASÍLIA,0018,2026-10-04 19:29:31,-9.39594157066486,-9.252519322962527,-0.14342224770233258
DF,97012,BRASÍLIA,0019,2026-10-04 18:47:41,-22.0125786163522,-23.210282468988193,1.1977038526359927
DF,97012,BRASÍLIA,0020,2026-10-04 19:02:56,-16.972868529103938,-17.170658920266046,0.1977903911621084
DF,97012,BRASÍLIA,0021,2026-10-04 19:23:20,-18.938719616569667,-18.81533101045296,-0.12338860611670555
ES,56014,AFONSO CLÁUDIO,0008,2026-10-04 20:45:45,-26.02317020355132,-18.61513324694349,-7.40803695660783
ES,56030,ALEGRE,0004,2026-10-04 18:32:10,-7.319358238669634,-2.483734087694484,-4.83562415097515
ES,56057,ALFREDO CHAVES,0012,2026-10-04 18:56:32,-42.50754972404457,-32.972387655657826,-9.535162068386747
ES,56065,ALTO RIO NOVO,0036,2026-10-04 18:20:28,9.334163036714374,13.987757878032193,-4.653594841317819
ES,56073,ANCHIETA,0017,2026-10-04 19:24:39,-20.650164338537387,-12.720535368618993,-7.929628969918394
ES,56090,APIACÁ,0044,2026-10-04 18:31:50,-4.118651301749893,1.365409622886866,-5.4840609246367595
ES,56111,ARACRUZ,0020,2026-10-04 19:29:52,-16.859569997645313,-11.112358709484242,-5.74721128816107
ES,56138,ATÍLIO VIVÁCQUA,0002,2026-10-04 19:20:54,-17.120196909613018,-4.365192582025678,-12.75500432758734
ES,56154,BAIXO GUANDU,0007,2026-10-04 19:02:26,-19.739272134709395,-8.975511121096384,-10.763761013613012
ES,56170,BARRA DE SÃO FRANCISCO,0023,2026-10-04 20:12:41,-12.746690489726305,-5.910035188875228,-6.836655300851077
ES,56197,BOA ESPERANÇA,0039,2026-10-04 18:21:08,0.8815682635425125,9.410762113464816,-8.529193849922304
ES,56219,BOM JESUS DO NORTE,0044,2026-10-04 17:54:28,-9.126487163431435,-1.3241616509028376,-7.802325512528597
ES,56146,BREJETUBA,0010,2026-10-04 19:13:45,-18.494484101232967,-9.422916085865626,-9.07156801536734
ES,56235,CACHOEIRO DE ITAPEMIRIM,0002,2026-10-04 19:23:31,-40.44962430922588,-35.93442140861638,-4.515202900609502
ES,56235,CACHOEIRO DE ITAPEMIRIM,0048,2026-10-04 19:13:57,-34.84918318226046,-31.38206525797058,-3.46711792428988
ES,56251,CARIACICA,0034,2026-10-04 19:29:33,-16.569263863242657,-12.976613657623947,-3.5926502056187104
ES,56251,CARIACICA,0054,2026-10-04 19:26:11,-7.250518181635241,-2.6048365717876463,-4.645681609847594
ES,56278,CASTELO,0003,2026-10-04 18:38:41,-49.56510336990253,-42.85329502603699,-6.711808343865542
ES,56294,COLATINA,0006,2026-10-04 19:13:46,-30.60277753310432,-22.18038579621155,-8.42239173689277
ES,56316,CONCEIÇÃO DA BARRA,0027,2026-10-04 20:31:47,24.935835282039584,28.397950793751185,-3.462115511711602
ES,56332,CONCEIÇÃO DO CASTELO,0040,2026-10-04 19:04:11,-41.89505577744112,-36.331938633193865,-5.563117144247258
ES,56359,DIVINO DE SÃO LOURENÇO,0013,2026-10-04 18:33:54,-23.56687898089172,-15.052790346907994,-8.514088633983725
ES,56375,DOMINGOS MARTINS,0015,2026-10-04 19:24:39,-44.077635485443345,-35.32436178298386,-8.753273702459488
ES,56391,DORES DO RIO PRETO,0044,2026-10-04 17:33:44,-18.339026473099914,-7.33725234051818,-11.001774132581733
ES,56413,ECOPORANGA,0033,2026-10-04 19:23:21,8.273250309518607,16.344692858693293,-8.071442549174686
ES,56430,FUNDÃO,0014,2026-10-04 18:44:22,-4.344671201814059,1.0947880602601292,-5.4394592620741875
ES,56308,GOVERNADOR LINDENBERG,0051,2026-10-04 18:44:22,-10.082150858849888,6.398649685438085,-16.480800544287973
ES,56472,GUARAPARI,0024,2026-10-04 20:56:39,-29.190497437769576,-26.861980803889516,-2.32851663388006
ES,56456,GUAÇUÍ,0013,2026-10-04 18:47:41,-17.59571018830278,-14.453920570264765,-3.1417896180380165
ES,57096,IBATIBA,0010,2026-10-04 18:49:56,-38.85481935741901,-33.36612789880534,-5.488691458613673
ES,56499,IBIRAÇU,0014,2026-10-04 18:44:21,-18.60080033117152,-13.328719723183392,-5.272080607988128
ES,56502,IBITIRAMA,0018,2026-10-04 18:38:41,-32.50810995390132,-29.6974089508969,-2.810701003004418
ES,56510,ICONHA,0035,2026-10-04 18:15:01,-32.6042143838754,-21.28096814704875,-11.323246236826652
ES,56049,IRUPI,0019,2026-10-04 19:05:18,-43.691446648010704,-36.80882717579965,-6.882619472211054
ES,56537,ITAGUAÇU,0016,2026-10-04 18:25:53,-16.501964519585666,-6.837008517092522,-9.664956002493145
ES,56553,ITAPEMIRIM,0022,2026-10-04 19:22:07,-36.13695044742334,-32.6836416926177,-3.45330875480564
ES,56570,ITARANA,0011,2026-10-04 18:16:11,-35.71632420091324,-21.529345372460497,-14.186978828452744
ES,56596,IÚNA,0018,2026-10-04 18:44:41,-37.94417883447474,-33.86552440290758,-4.078654431567159
ES,57134,JAGUARÉ,0041,2026-10-04 19:23:31,11.95467732223986,22.315615011246596,-10.360937689006736
ES,56618,JERÔNIMO MONTEIRO,0004,2026-10-04 18:00:37,-10.796293809587754,-3.9308388491152235,-6.86545496047253
ES,56626,JOÃO NEIVA,0014,2026-10-04 18:32:11,-21.08119390523899,-16.44614430432086,-4.63504960091813
ES,57916,LARANJA DA TERRA,0007,2026-10-04 19:00:39,-31.482708360938123,-18.276476229620496,-13.206232131317627
ES,56634,LINHARES,0025,2026-10-04 19:17:16,-25.01847199645338,-18.300297094048833,-6.718174902404545
ES,56650,MANTENÓPOLIS,0036,2026-10-04 18:44:22,-14.547908232118758,-9.205426356589147,-5.342481875529611
ES,56120,MARATAÍZES,0043,2026-10-04 19:05:18,-34.963946869070206,-32.68034694309287,-2.2835999259773345
ES,56103,MARECHAL FLORIANO,0012,2026-10-04 18:55:35,-32.47365501941209,-22.920464357670536,-9.553190661741557
ES,57070,MARILÂNDIA,0046,2026-10-04 18:33:53,-31.174805378627035,-21.532669419480204,-9.642135959146831
ES,56677,MIMOSO DO SUL,0005,2026-10-04 19:02:45,-2.595554350772567,7.3735128775003265,-9.969067228272893
ES,56693,MONTANHA,0038,2026-10-04 19:05:09,6.1645068394528435,14.644901022610002,-8.48039418315716
ES,56715,MUCURICI,0038,2026-10-04 20:14:46,20.35169381949832,27.299077733860344,-6.947383914362025
ES,56731,MUNIZ FREIRE,0019,2026-10-04 18:42:04,-16.22096789118164,-6.7085355409648875,-9.512432350216752
ES,56758,MUQUI,0005,2026-10-04 18:20:08,-9.721894885694084,-3.7755455490128162,-5.946349336681267
ES,56774,NOVA VENÉCIA,0030,2026-10-04 18:38:41,-8.487923819565719,-0.8234313112361893,-7.66449250832953
ES,56790,PANCAS,0036,2026-10-04 19:02:45,-12.011148071563428,-2.690133138792632,-9.321014932770796
ES,57150,PEDRO CANÁRIO,0027,2026-10-04 20:01:58,14.313406218500427,20.937401201391083,-6.623994982890656
ES,56812,PINHEIROS,0039,2026-10-04 19:20:53,17.796369824163357,25.62415906712513,-7.827789242961774
ES,56839,PIÚMA,0017,2026-10-04 17:54:29,-21.932173136992414,-17.095501183898975,-4.83667195309344
ES,56200,PONTO BELO,0038,2026-10-04 18:47:42,20.644891122278057,29.82342807924203,-9.178536956963974
ES,56855,PRESIDENTE KENNEDY,0043,2026-10-04 19:08:55,-32.44696743352256,-22.580645161290324,-9.866322272232235
ES,57118,RIO BANANAL,0051,2026-10-04 18:44:41,-18.402656413841314,-3.7554507430808934,-14.647205670760421
ES,56871,RIO NOVO DO SUL,0035,2026-10-04 18:54:38,-45.03948312993539,-38.77667140825036,-6.262811721685033
ES,56898,SANTA LEOPOLDINA,0009,2026-10-04 19:22:07,-9.390227841432898,-2.7499022546591947,-6.640325586773703
ES,57932,SANTA MARIA DE JETIBÁ,0009,2026-10-04 19:26:02,-47.58403790385165,-34.47570546001002,-13.108332443841633
ES,56910,SANTA TERESA,0011,2026-10-04 18:38:41,-33.782213411716455,-25.593703351879494,-8.188510059836961
ES,56995,SERRA,0026,2026-10-04 20:48:25,-6.416481428589169,-0.6904459541100029,-5.726035474479166
ES,56995,SERRA,0053,2026-10-04 19:22:08,-9.300968488298286,-4.785547524136736,-4.51542096416155
ES,56995,SERRA,0059,2026-10-04 19:23:31,-5.228664423236057,-1.091765787507901,-4.136898635728156
ES,56189,SOORETAMA,0041,2026-10-04 19:10:45,-8.15515350877193,5.4735376044568245,-13.628691113228754
ES,56006,SÃO DOMINGOS DO NORTE,0046,2026-10-04 18:30:35,-6.325023084025854,4.4736404457009815,-10.798663529726834
ES,56936,SÃO GABRIEL DA PALHA,0037,2026-10-04 18:41:06,-19.687736086628053,-9.8619957537155,-9.825740332912554
ES,56952,SÃO JOSÉ DO CALÇADO,0044,2026-10-04 18:30:15,3.8211269555586322,9.797348773426787,-5.976221817868154
ES,56979,SÃO MATEUS,0021,2026-10-04 20:16:25,2.5182536134704216,7.904480398257623,-5.386226784787201
ES,56162,SÃO ROQUE DO CANAÃ,0016,2026-10-04 18:27:05,-25.4315617778986,-13.221802482460875,-12.209759295437726
ES,57959,VARGEM ALTA,0035,2026-10-04 18:54:38,-42.074951330305,-38.53172957279137,-3.543221757513628
ES,57975,VENDA NOVA DO IMIGRANTE,0040,2026-10-04 18:32:11,-51.2378756019806,-44.020611178701785,-7.217264423278813
ES,57010,VIANA,0047,2026-10-04 19:16:32,-12.126976578290334,-5.401322469600535,-6.725654108689799
ES,56081,VILA PAVÃO,0030,2026-10-04 18:33:16,0.015772870662460567,8.933378196500673,-8.917605325838212
ES,56227,VILA VALÉRIO,0037,2026-10-04 18:55:35,-1.1935292957190768,12.957427069374292,-14.15095636509337
ES,57037,VILA VELHA,0032,2026-10-04 18:50:12,-23.357557976775695,-22.68227125097995,-0.6752867257957433
ES,57037,VILA VELHA,0055,2026-10-04 19:31:51,-17.025713577025897,-15.291344203170787,-1.7343693738551096
ES,57037,VILA VELHA,0057,2026-10-04 18:30:35,-20.065917561328366,-18.469606016697718,-1.5963115446306482
ES,57053,VITÓRIA,0001,2026-10-04 20:10:46,0.38138747539846835,2.474505394796536,-2.093117919398068
ES,57053,VITÓRIA,0052,2026-10-04 18:44:41,-15.118736118978896,-14.197541923462806,-0.9211941955160903
ES,56022,ÁGUA DOCE DO NORTE,0023,2026-10-04 18:33:52,1.175174439955931,7.880220646178093,-6.705046206222162
ES,57991,ÁGUIA BRANCA,0046,2026-10-04 18:27:05,5.525179856115108,20.252202977818293,-14.727023121703184
GO,93360,ABADIA DE GOIÁS,0056,2026-10-04 19:20:56,-20.01411308106201,-11.774497835978249,-8.239615245083762
GO,92010,ABADIÂNIA,0087,2026-10-04 19:17:20,-35.917805317233345,-31.002386634844868,-4.915418682388477
GO,96458,ACREÚNA,0128,2026-10-04 19:07:01,-29.353724716329552,-5.98760583049664,-23.36611888583291
GO,96911,ADELÂNDIA,0034,2026-10-04 20:32:29,-39.24050632911393,-37.637867647058826,-1.602638682055101
GO,92053,ALEXÂNIA,0087,2026-10-04 19:20:57,-34.900293430744355,-29.61705942622951,-5.283234004514846
GO,92096,ALOÂNDIA,0045,2026-10-04 20:53:14,-15.983112183353438,-5.1692307692307695,-10.813881414122669
GO,92940,ALTO HORIZONTE,0050,2026-10-04 20:34:29,-25.032765399737876,-13.103756708407872,-11.929008691330004
GO,92118,ALTO PARAÍSO DE GOIÁS,0143,2026-10-04 19:29:36,18.679107208196122,25.310077519379846,-6.630970311183724
GO,92150,ALVORADA DO NORTE,0123,2026-10-04 19:14:53,-1.513317191283293,6.558044806517311,-8.071361997800604
GO,93386,AMARALINA,0088,2026-10-04 19:00:40,2.539981185324553,13.72549019607843,-11.185509010753877
GO,96610,AMERICANO DO BRASIL,0034,2026-10-04 19:24:40,-11.32162661737523,4.091693369484841,-15.41331998686007
GO,92177,AMORINÓPOLIS,0053,2026-10-04 19:17:19,-20.75152335815843,-4.670231729055258,-16.08129162910317
GO,92231,ANHANGÜERA,0008,2026-10-04 18:46:31,-4.269449715370019,6.0295790671217295,-10.29902878249175
GO,92258,ANICUNS,0034,2026-10-04 19:25:42,-23.732286153320814,-17.42900867199456,-6.303277481326255
GO,92215,ANÁPOLIS,0003,2026-10-04 19:01:10,-38.29164124466138,-31.7453371159534,-6.546304128707977
GO,92215,ANÁPOLIS,0141,2026-10-04 19:00:40,-39.39455671447197,-33.048804145996726,-6.345752568475241
GO,92215,ANÁPOLIS,0144,2026-10-04 19:14:08,-45.568242897783136,-40.17560196887056,-5.392640928912577
GO,92274,APARECIDA DE GOIÂNIA,0119,2026-10-04 20:50:24,-16.76936276421496,-7.967529588321566,-8.801833175893394
GO,92274,APARECIDA DE GOIÂNIA,0132,2026-10-04 21:13:50,-14.509198507654702,-4.555395035056794,-9.953803472597908
GO,92274,APARECIDA DE GOIÂNIA,0145,2026-10-04 19:24:41,-24.94512403622365,-19.069632408772165,-5.875491627451485
GO,93009,APARECIDA DO RIO DOCE,0106,2026-10-04 18:26:03,-20.57001239157373,4.368248003757633,-24.938260395331362
GO,92290,APORÉ,0096,2026-10-04 18:22:11,-25.153123723968967,-7.76829815895824,-17.38482556501073
GO,92339,ARAGARÇAS,0035,2026-10-04 18:56:34,-20.057971014492754,-7.781209524758394,-12.27676148973436
GO,92355,ARAGOIÂNIA,0056,2026-10-04 19:08:38,-15.252928304801133,-5.701885662975157,-9.551042641825976
GO,96695,ARAGUAPAZ,0110,2026-10-04 19:22:12,-13.252212389380531,1.6983240223463687,-14.950536411726901
GO,92312,ARAÇU,0057,2026-10-04 19:07:44,-5.383700178465199,4.4520547945205475,-9.835754972985747
GO,96717,ARENÓPOLIS,0102,2026-10-04 19:12:43,-14.790528233151184,3.852080123266564,-18.642608356417746
GO,92495,ARUANÃ,0110,2026-10-04 19:11:19,-12.139303482587065,0.7689021785561726,-12.908205661143239
GO,92517,AURILÂNDIA,0080,2026-10-04 20:11:52,-1.0458567980691875,13.853904282115868,-14.899761080185057
GO,92550,AVELINÓPOLIS,0057,2026-10-04 21:00:22,-31.235154394299286,-16.858095590959614,-14.377058803339672
GO,92614,BALIZA,0035,2026-10-04 17:31:43,2.0678246484698097,23.76660341555977,-21.698778767089962
GO,92630,BARRO ALTO,0074,2026-10-04 20:56:15,-21.248466675753033,-4.92868238949301,-16.319784286260024
GO,92657,BELA VISTA DE GOIÁS,0032,2026-10-04 19:24:41,-23.310205908683976,-11.778318400284816,-11.53188750839916
GO,92673,BOM JARDIM DE GOIÁS,0035,2026-10-04 18:50:15,-11.305565278263913,11.537730469492493,-22.843295747756407
GO,92690,BOM JESUS,0124,2026-10-04 18:46:31,-23.649219890861577,-1.1108466238197254,-22.53837326704185
GO,92029,BONFINÓPOLIS,0141,2026-10-04 19:29:55,-15.511008872822872,2.8123820309550775,-18.32339090377795
GO,93408,BONÓPOLIS,0094,2026-10-04 20:51:36,-0.41635124905374715,14.862681744749596,-15.279032993803343
GO,92711,BRAZABRANTES,0101,2026-10-04 19:20:56,-12.318339100346021,-6.8503635667814775,-5.467975533564544
GO,92754,BRITÂNIA,0095,2026-10-04 20:42:29,-27.969649398220827,-13.240611961057024,-14.729037437163804
GO,92770,BURITI ALEGRE,0005,2026-10-04 18:23:55,-21.560093739537997,-3.166049174806332,-18.394044564731665
GO,93106,BURITI DE GOIÁS,0034,2026-10-04 19:07:00,-31.857410881801126,-28.660194174757283,-3.197216707043843
GO,93262,BURITINÓPOLIS,0123,2026-10-04 20:15:29,2.2123893805309733,12.447434819175777,-10.235045438644804
GO,92797,CABECEIRAS,0011,2026-10-04 18:55:48,-9.69881678020796,9.096142774899251,-18.794959555107212
GO,92819,CACHOEIRA ALTA,0097,2026-10-04 17:44:12,-21.44683960540738,-0.5835907998626845,-20.863248805544696
GO,92835,CACHOEIRA DE GOIÁS,0080,2026-10-04 20:11:53,-16.63379355687048,-0.6460875807609476,-15.987705976109531
GO,96733,CACHOEIRA DOURADA,0016,2026-10-04 19:23:44,-9.941740274384514,13.947318552207694,-23.88905882659221
GO,92878,CAIAPÔNIA,0006,2026-10-04 18:59:28,-25.531479967293542,-10.644081974069428,-14.887397993224115
GO,92894,CALDAS NOVAS,0007,2026-10-04 20:23:47,-31.30346850035393,-24.251935107623794,-7.051533392730136
GO,93122,CALDAZINHA,0040,2026-10-04 20:05:04,-16.870876531573987,-3.9389067524115755,-12.931969779162412
GO,92916,CAMPESTRE DE GOIÁS,0020,2026-10-04 19:04:13,-11.092323300642542,-0.42583392476933996,-10.666489375873203
GO,96873,CAMPINAÇU,0125,2026-10-04 20:55:24,-9.614665170220725,6.865333836288193,-16.47999900650892
GO,92932,CAMPINORTE,0050,2026-10-04 20:25:02,-32.65217391304348,-22.058385463211202,-10.593788449832275
GO,92959,CAMPO ALEGRE DE GOIÁS,0014,2026-10-04 19:10:37,-16.5482007996446,4.824670479980105,-21.372871279624704
GO,93580,CAMPO LIMPO DE GOIÁS,0144,2026-10-04 18:28:21,-31.431334622823986,-21.480530594779633,-9.950804028044352
GO,92975,CAMPOS BELOS,0105,2026-10-04 20:55:02,11.67153766380692,25.350489725369695,-13.678952061562775
GO,92061,CAMPOS VERDES,0085,2026-10-04 21:06:19,20.610191496267447,34.285714285714285,-13.675522789446838
GO,92991,CARMO DO RIO VERDE,0076,2026-10-04 21:00:43,-23.579908675799086,-15.86449463161792,-7.715414044181166
GO,92967,CASTELÂNDIA,0124,2026-10-04 18:21:09,-14.97720098211154,9.288161400837458,-24.265362382949
GO,93017,CATALÃO,0008,2026-10-04 19:32:16,-13.333096679150175,4.940889000682741,-18.27398567983292
GO,93033,CATURAÍ,0101,2026-10-04 19:20:59,-4.6569234580133765,10.958149779735683,-15.615073237749058
GO,93050,CAVALCANTE,0099,2026-10-04 20:55:02,55.627425614489006,64.70701248799232,-9.07958687350331
GO,92851,CAÇU,0106,2026-10-04 18:50:15,-40.125,-19.4353000759686,-20.6896999240314
GO,93076,CERES,0072,2026-10-04 20:32:28,-32.465066828675575,-24.90310813891633,-7.561958689759244
GO,92100,CEZARINA,0020,2026-10-04 18:33:15,-20.88927637314734,-9.12442396313364,-11.764852410013699
GO,92924,CHAPADÃO DO CÉU,0096,2026-10-04 18:59:07,-44.789047219893824,-30.816392384640206,-13.972654835253618
GO,93025,CIDADE OCIDENTAL,0042,2026-10-04 20:10:30,-8.619777895293495,-3.007058274514379,-5.612719620779116
GO,92886,COCALZINHO DE GOIÁS,0026,2026-10-04 19:29:36,-20.41803150834503,-14.730325644504749,-5.687705863840282
GO,92126,COLINAS DO SUL,0143,2026-10-04 20:45:48,24.622189458164392,36.47722692462717,-11.855037466462775
GO,93190,CORUMBAÍBA,0005,2026-10-04 20:58:31,-25.252525252525253,-8.032050029314052,-17.220475223211203
GO,93173,CORUMBÁ DE GOIÁS,0026,2026-10-04 18:56:34,-19.12568306010929,-12.214015492704018,-6.911667567405271
GO,93254,CRISTALINA,0036,2026-10-04 20:58:11,-38.91961014723163,-25.90261420241727,-13.016995944814362
GO,93270,CRISTIANÓPOLIS,0032,2026-10-04 19:01:10,-36.540395574924574,-25.521557719054243,-11.01883785587033
GO,93297,CRIXÁS,0085,2026-10-04 21:50:30,-0.27756189630287553,14.201506385765747,-14.479068282068623
GO,93319,CROMÍNIA,0025,2026-10-04 20:10:31,-22.340759334797614,-5.392652510953825,-16.948106823843787
GO,93335,CUMARI,0008,2026-10-04 18:48:43,9.709241952232606,23.692468619246863,-13.983226667014257
GO,93157,CÓRREGO DO OURO,0034,2026-10-04 19:22:35,-44.04081632653061,-38.010425716768026,-6.030390609762584
GO,93351,DAMIANÓPOLIS,0123,2026-10-04 19:16:14,-15.123456790123457,-0.14930944382232175,-14.974147346301136
GO,93378,DAMOLÂNDIA,0013,2026-10-04 19:20:57,-16.666666666666668,2.6306039273805113,-19.29727059404718
GO,93394,DAVINÓPOLIS,0008,2026-10-04 19:11:45,-0.6944444444444444,25.133282559025133,-25.827727003469576
GO,93432,DIORAMA,0053,2026-10-04 20:10:31,-27.18295218295218,-14.696132596685082,-12.4868195862671
GO,93092,DIVINÓPOLIS DE GOIÁS,0105,2026-10-04 20:56:51,16.971059286316382,33.654970760233915,-16.683911473917533
GO,96750,DOVERLÂNDIA,0006,2026-10-04 20:04:52,-23.09082693176683,-1.5206536541080344,-21.570173277658796
GO,92207,EDEALINA,0068,2026-10-04 20:11:34,-35.57567917205692,-17.599186164801626,-17.976493007255296
GO,93491,EDÉIA,0068,2026-10-04 20:04:52,-31.57008559000982,-10.382438216208753,-21.18764737380107
GO,93513,ESTRELA DO NORTE,0088,2026-10-04 19:20:57,-10.07104053489344,4.383680555555555,-14.454721090448995
GO,92223,FAINA,0012,2026-10-04 18:47:45,0.9981285090455396,15.133976420150054,-14.135847911104515
GO,93530,FAZENDA NOVA,0079,2026-10-04 18:47:44,-19.73407977606718,-8.531935176358436,-11.202144599708744
GO,93572,FIRMINÓPOLIS,0063,2026-10-04 18:09:46,-37.69823948785101,-29.131912264442384,-8.566327223408628
GO,93599,FLORES DE GOIÁS,0011,2026-10-04 22:25:09,5.550016616816218,13.013835973531181,-7.463819356714963
GO,93610,FORMOSA,0011,2026-10-04 20:59:23,-20.279851382213586,-10.108728109465845,-10.17112327274774
GO,93637,FORMOSO,0125,2026-10-04 21:15:21,-4.320804971885173,8.858902904077443,-13.179707875962617
GO,93564,GAMELEIRA DE GOIÁS,0031,2026-10-04 19:16:13,-21.40893470790378,-4.752553024351925,-16.656381683551853
GO,93696,GOIANDIRA,0008,2026-10-04 18:44:44,1.0201268265784396,14.972165250512745,-13.952038423934306
GO,93750,GOIANIRA,0101,2026-10-04 20:11:34,-15.257935930635165,-6.0148870122500755,-9.243048918385089
GO,93670,GOIANÁPOLIS,0003,2026-10-04 19:04:13,-44.32866211522338,-40.357053055066636,-3.9716090601567444
GO,93718,GOIANÉSIA,0074,2026-10-04 20:56:15,-25.699566529741507,-12.083610135712252,-13.615956394029254
GO,93793,GOIATUBA,0038,2026-10-04 19:03:11,-38.080407701019254,-18.11994476228053,-19.960462938738726
GO,93777,GOIÁS,0012,2026-10-04 19:07:01,5.386112913692408,16.09715359454381,-10.7110406808514
GO,93734,GOIÂNIA,0001,2026-10-04 19:04:32,-19.026585950005416,-19.41415210869949,0.3875661586940744
GO,93734,GOIÂNIA,0002,2026-10-04 19:11:45,-30.4236291730502,-27.962764052989616,-2.4608651200605856
GO,93734,GOIÂNIA,0127,2026-10-04 18:39:53,-30.20487913805616,-27.636976429632586,-2.567902708423574
GO,93734,GOIÂNIA,0133,2026-10-04 19:20:58,-29.45414919995997,-27.159892917984912,-2.294256281975059
GO,93734,GOIÂNIA,0134,2026-10-04 20:14:15,-29.611763274067027,-25.218231491970414,-4.393531782096613
GO,93734,GOIÂNIA,0135,2026-10-04 19:22:11,-21.086639657527172,-16.270168347127033,-4.816471310400139
GO,93734,GOIÂNIA,0136,2026-10-04 21:13:32,-31.105555427544413,-26.108847083353076,-4.996708344191337
GO,93734,GOIÂNIA,0146,2026-10-04 19:10:59,-18.82873353207039,-15.111643611806993,-3.7170899202633976
GO,93734,GOIÂNIA,0147,2026-10-04 19:24:41,-28.543817415860378,-22.420030355940522,-6.123787059919856
GO,92266,GOUVELÂNDIA,0046,2026-10-04 20:21:08,-0.7467752885268161,25.424904613250085,-26.1716799017769
GO,93815,GUAPÓ,0056,2026-10-04 18:22:48,-10.179585853032801,3.7775133848899465,-13.957099237922748
GO,93831,GUARANI DE GOIÁS,0047,2026-10-04 19:23:44,13.55397951142632,36.63845223700121,-23.08447272557489
GO,93149,GUARAÍTA,0077,2026-10-04 19:16:13,-11.97278911564626,0.3768252472915685,-12.349614362937828
GO,92860,GUARINOS,0039,2026-10-04 20:28:11,8.076923076923077,28.75206157229247,-20.675138495369392
GO,93874,HEITORAÍ,0015,2026-10-04 19:11:46,-15.365239294710328,-2.6115702479338845,-12.753669046776444
GO,93912,HIDROLINA,0039,2026-10-04 20:52:51,-3.7855946398659968,10.166609996599796,-13.952204636465792
GO,93890,HIDROLÂNDIA,0132,2026-10-04 20:56:51,-16.68189084265814,-6.609989373007439,-10.071901469650703
GO,93939,IACIARA,0029,2026-10-04 20:14:30,2.9949558638083227,20.60472226940717,-17.609766405598847
GO,93165,INACIOLÂNDIA,0046,2026-10-04 20:14:15,0.27816411682892905,22.6768968456948,-22.39873272886587
GO,96814,INDIARA,0068,2026-10-04 21:11:00,-16.696419195631627,3.4271158967233992,-20.123535092355027
GO,93955,INHUMAS,0013,2026-10-04 19:04:46,-19.4622111995823,-5.048950591008808,-14.413260608573491
GO,93971,IPAMERI,0014,2026-10-04 18:50:15,-19.281524926686217,-3.1890660592255125,-16.092458867460703
GO,93548,IPIRANGA DE GOIÁS,0076,2026-10-04 20:48:59,-24.7214197276104,-10.066280033140016,-14.655139694470384
GO,93998,IPORÁ,0053,2026-10-04 20:25:37,-29.347551422651236,-15.953125,-13.394426422651236
GO,94013,ISRAELÂNDIA,0079,2026-10-04 19:01:39,-12.522935779816514,3.2967032967032965,-15.81963907651981
GO,94030,ITABERAÍ,0015,2026-10-04 20:10:31,-19.728392031742136,-2.0372649717753917,-17.691127059966743
GO,92282,ITAGUARI,0057,2026-10-04 20:56:34,-9.133089133089133,8.397337429595494,-17.530426562684625
GO,94072,ITAGUARU,0057,2026-10-04 20:07:48,-3.2925682031984946,10.536218250235184,-13.828786453433679
GO,94110,ITAJÁ,0096,2026-10-04 18:17:33,-32.007168458781365,-13.897937024972856,-18.10923143380851
GO,94137,ITAPACI,0039,2026-10-04 19:10:37,-14.286967968407197,2.9576478823941197,-17.244615850801317
GO,94153,ITAPIRAPUÃ,0095,2026-10-04 20:56:15,-8.547848300255453,5.330151153540175,-13.877999453795628
GO,94196,ITAPURANGA,0077,2026-10-04 19:23:24,-16.221922467890447,-2.107673339987084,-14.114249127903364
GO,94218,ITARUMÃ,0106,2026-10-04 18:48:42,-21.4075382803298,-0.45941807044410415,-20.948120209885694
GO,94234,ITAUÇU,0057,2026-10-04 18:23:56,-18.14166530345166,-3.3957033957033955,-14.745961907748264
GO,94250,ITUMBIARA,0016,2026-10-04 19:20:58,-29.145445285215366,-12.953861952614979,-16.191583332600388
GO,94277,IVOLÂNDIA,0080,2026-10-04 20:11:53,-10.057092665788318,7.15307582260372,-17.210168488392036
GO,94293,JANDAIA,0043,2026-10-04 19:29:36,-26.639864578925096,-13.625357693154303,-13.014506885770793
GO,94315,JARAGUÁ,0017,2026-10-04 19:28:54,-42.72791630614332,-32.15522388059701,-10.572692425546308
GO,94331,JATAÍ,0018,2026-10-04 18:57:35,-36.29741591244332,-20.676269670618233,-15.621146241825087
GO,94358,JAUPACI,0079,2026-10-04 19:32:16,-8.86021505376344,4.228028503562945,-13.088243557326386
GO,92983,JESÚPOLIS,0017,2026-10-04 20:13:50,-26.693629929221437,-19.871451526513123,-6.822178402708314
GO,94374,JOVIÂNIA,0045,2026-10-04 19:01:38,-24.944714727996462,-0.21106941838649157,-24.733645309609972
GO,94390,JUSSARA,0095,2026-10-04 20:58:11,-28.110101646127553,-13.994840611756034,-14.11526103437152
GO,93602,LAGOA SANTA,0096,2026-10-04 18:27:06,-21.21697357886309,-15.543575920934412,-5.673397657928678
GO,94439,LEOPOLDO DE BULHÕES,0141,2026-10-04 20:10:31,-19.699438710845556,-2.020404080816163,-17.679034630029392
GO,94455,LUZIÂNIA,0019,2026-10-04 21:13:13,-20.137386729026602,-15.812143659744475,-4.325243069282127
GO,94471,MAIRIPOTABA,0025,2026-10-04 19:30:20,-24.192336589030806,-4.063860667634253,-20.128475921396554
GO,94498,MAMBAÍ,0123,2026-10-04 20:05:04,-30.390971382507054,-16.143599006547753,-14.247372375959301
GO,94510,MARA ROSA,0088,2026-10-04 19:25:42,-14.142771804062127,-2.3813354786806116,-11.761436325381515
GO,94536,MARZAGÃO,0007,2026-10-04 20:14:29,-16.197508075680666,0.9819121447028424,-17.17942022038351
GO,92320,MATRINCHÃ,0095,2026-10-04 20:12:43,-10.45392022008253,5.776547907298513,-16.230468127381044
GO,94579,MAURILÂNDIA,0066,2026-10-04 19:20:56,-2.626086956521739,13.514033064206075,-16.140120020727814
GO,92347,MIMOSO DE GOIÁS,0131,2026-10-04 19:30:38,-8.67880666408369,6.538618716796077,-15.217425380879767
GO,96474,MINAÇU,0130,2026-10-04 19:20:58,-15.66828903032572,-5.319869466165876,-10.348419564159844
GO,94595,MINEIROS,0021,2026-10-04 20:10:31,-33.11338682432432,-12.780160781751555,-20.333226042572768
GO,94650,MOIPORÁ,0080,2026-10-04 20:13:02,-22.447859495060374,-14.709302325581396,-7.7385571694789785
GO,94676,MONTE ALEGRE DE GOIÁS,0105,2026-10-04 20:24:01,29.74203338391502,40.991776725641664,-11.249743341726642
GO,94714,MONTES CLAROS DE GOIÁS,0079,2026-10-04 19:29:37,-24.84634010057739,-15.426567978184652,-9.419772122392738
GO,92363,MONTIVIDIU,0140,2026-10-04 19:23:23,-46.5140891652335,-28.37724215246637,-18.13684701276713
GO,93181,MONTIVIDIU DO NORTE,0125,2026-10-04 21:31:07,-10.231023102310232,1.3956997359486987,-11.62672283825893
GO,94730,MORRINHOS,0022,2026-10-04 21:06:35,-28.452602896887996,-9.73788365319991,-18.714719243688087
GO,92169,MORRO AGUDO DE GOIÁS,0077,2026-10-04 19:30:38,-25.4790052996331,-19.437229437229437,-6.041775862403664
GO,94757,MOSSÂMEDES,0015,2026-10-04 20:52:03,5.491661874640598,21.65924276169265,-16.16758088705205
GO,94773,MOZARLÂNDIA,0110,2026-10-04 22:35:51,-19.675574746178082,-5.736940298507463,-13.93863444767062
GO,96512,MUNDO NOVO,0094,2026-10-04 19:30:38,-16.16502335236118,4.460352422907489,-20.625375775268672
GO,94790,MUTUNÓPOLIS,0088,2026-10-04 20:14:30,-20.12756909992913,-13.111545988258317,-7.016023111670812
GO,94854,NAZÁRIO,0063,2026-10-04 18:44:44,-27.61627906976744,-12.877554711521071,-14.738724358246369
GO,94870,NERÓPOLIS,0054,2026-10-04 19:09:46,-22.214450960348632,-7.136730142391491,-15.077720817957141
GO,94897,NIQUELÂNDIA,0041,2026-10-04 20:11:12,-14.86222933440016,-2.2769446812778975,-12.585284653122262
GO,94919,NOVA AMÉRICA,0076,2026-10-04 19:13:48,-18.42105263157895,-7.171717171717172,-11.249335459861776
GO,94935,NOVA AURORA,0008,2026-10-04 19:04:46,-3.5931453841901604,14.462081128747796,-18.055226512937956
GO,96539,NOVA CRIXÁS,0110,2026-10-04 19:22:35,-8.924452133794695,12.61372397841172,-21.538176112206415
GO,96555,NOVA GLÓRIA,0072,2026-10-04 21:13:13,-14.735849056603774,-5.117883841288097,-9.617965215315678
GO,93084,NOVA IGUAÇU DE GOIÁS,0050,2026-10-04 19:20:59,-15.279138099902056,1.232134056185313,-16.51127215608737
GO,94951,NOVA ROMA,0047,2026-10-04 19:11:46,18.61124232404346,42.80136652025378,-24.19012419621032
GO,94978,NOVA VENEZA,0054,2026-10-04 20:13:02,-17.203628401626524,-9.25190334326382,-7.951725058362705
GO,95010,NOVO BRASIL,0079,2026-10-04 18:46:32,-18.0560611576265,-7.744616547034378,-10.311444610592122
GO,93327,NOVO GAMA,0004,2026-10-04 20:18:47,-10.546936216893904,-5.893838959971225,-4.653097256922679
GO,92444,NOVO PLANALTO,0055,2026-10-04 19:14:53,-13.836065573770492,-1.8929741536221332,-11.94309142014836
GO,95036,ORIZONA,0027,2026-10-04 19:25:42,-29.63677274188364,-10.210444271239282,-19.426328470644357
GO,95052,OURO VERDE DE GOIÁS,0144,2026-10-04 19:08:38,-28.325455773126265,-17.254495159059474,-11.070960614066792
GO,95079,OUVIDOR,0008,2026-10-04 19:20:58,-12.070518594775447,12.606295688497688,-24.676814283273135
GO,95095,PADRE BERNARDO,0131,2026-10-04 21:29:59,-18.40604694337621,-7.438606510565391,-10.96744043281082
GO,92460,PALESTINA DE GOIÁS,0102,2026-10-04 19:28:54,-28.260052611800074,-11.471781630394688,-16.788270981405386
GO,95117,PALMEIRAS DE GOIÁS,0020,2026-10-04 19:22:11,-32.76855496605625,-21.644624050942934,-11.123930915113316
GO,95133,PALMELO,0027,2026-10-04 18:55:36,-18.501702610669692,-5.815279361459521,-12.686423249210172
GO,95150,PALMINÓPOLIS,0063,2026-10-04 17:57:26,-36.987916298261126,-28.009981285090454,-8.977935013170672
GO,95176,PANAMÁ,0038,2026-10-04 18:24:57,-13.876651982378855,3.550609432962374,-17.427261415341228
GO,94552,PARANAIGUARA,0097,2026-10-04 18:27:07,-4.250517208952417,15.640535372848948,-19.891052581801365
GO,95230,PARAÚNA,0043,2026-10-04 19:29:37,-35.628829880361835,-15.586250196201538,-20.042579684160295
GO,93068,PEROLÂNDIA,0018,2026-10-04 19:23:24,-25.10974539069359,-2.714535901926445,-22.395209488767144
GO,95311,PETROLINA DE GOIÁS,0054,2026-10-04 19:15:09,-30.929596719070403,-18.046207022012005,-12.883389697058398
GO,95354,PILAR DE GOIÁS,0039,2026-10-04 19:25:20,-4.943820224719101,17.367657722987673,-22.311477947706774
GO,95397,PIRACANJUBA,0025,2026-10-04 19:24:40,-18.61628834578287,-3.889991911169939,-14.72629643461293
GO,95419,PIRANHAS,0102,2026-10-04 19:13:49,-25.025197984161267,-4.764621968616263,-20.260576015545006
GO,95435,PIRENÓPOLIS,0026,2026-10-04 20:07:48,-18.0933478455727,-6.949320967207685,-11.144026878365016
GO,95451,PIRES DO RIO,0027,2026-10-04 18:38:44,-35.485881692950194,-23.062405636638147,-12.423476056312047
GO,95958,PLANALTINA,0044,2026-10-04 20:52:03,-6.059551826460657,1.0078878177037687,-7.067439644164426
GO,95494,PONTALINA,0045,2026-10-04 18:27:05,-26.286847561525285,-4.90383738948136,-21.383010172043925
GO,95559,PORANGATU,0055,2026-10-04 19:02:48,-21.24989104854877,-6.319218241042345,-14.930672807506422
GO,93424,PORTEIRÃO,0124,2026-10-04 19:04:31,-17.344368477869736,6.288343558282208,-23.632712036151943
GO,95575,PORTELÂNDIA,0021,2026-10-04 19:23:44,-24.124360487996853,0.4288164665523156,-24.55317695454917
GO,95613,POSSE,0029,2026-10-04 19:20:57,-12.454287921710018,5.617187077222794,-18.07147499893281
GO,93041,PROFESSOR JAMIL,0025,2026-10-04 18:44:44,-4.525547445255475,10.275150472914875,-14.80069791817035
GO,95630,QUIRINÓPOLIS,0046,2026-10-04 18:35:05,-25.808298660151927,-3.286258513872321,-22.522040146279608
GO,95656,RIALMA,0072,2026-10-04 18:54:40,-35.00278241513634,-26.184903452311293,-8.817878962825045
GO,95672,RIANÁPOLIS,0072,2026-10-04 20:52:03,-31.01033677892631,-27.12783994574432,-3.882496833181989
GO,92827,RIO QUENTE,0007,2026-10-04 20:33:32,-26.72151127361365,-13.827244793444862,-12.894266480168788
GO,95710,RIO VERDE,0030,2026-10-04 20:11:12,-33.30143681545165,-13.26422201474518,-20.037214800706472
GO,95710,RIO VERDE,0140,2026-10-04 19:20:58,-41.93745419008062,-24.05174257002352,-17.8857116200571
GO,95737,RUBIATABA,0076,2026-10-04 19:23:45,-37.11990324809952,-30.485503516898266,-6.634399731201253
GO,95753,SANCLERLÂNDIA,0034,2026-10-04 18:30:36,-21.055446603672667,-9.281382098878883,-11.774064504793785
GO,95770,SANTA BÁRBARA DE GOIÁS,0063,2026-10-04 18:18:41,-21.109852774631936,-8.728239845261122,-12.381612929370814
GO,95796,SANTA CRUZ DE GOIÁS,0032,2026-10-04 18:39:54,-23.106060606060606,-2.165032679738562,-20.941027926322043
GO,92568,SANTA FÉ DE GOIÁS,0095,2026-10-04 19:25:42,-17.547292889758644,-3.3088235294117645,-14.23846936034688
GO,95818,SANTA HELENA DE GOIÁS,0066,2026-10-04 19:16:13,-22.532441997640582,0.026911863646557524,-22.55935386128714
GO,96890,SANTA ISABEL,0072,2026-10-04 20:32:29,-20.778318276580958,-11.815963750435692,-8.962354526145266
GO,95834,SANTA RITA DO ARAGUAIA,0021,2026-10-04 18:37:15,-16.83385579937304,-3.1358885017421603,-13.69796729763088
GO,93440,SANTA RITA DO NOVO DESTINO,0074,2026-10-04 19:10:59,-8.473843493298746,6.4935064935064934,-14.967349986805239
GO,95850,SANTA ROSA DE GOIÁS,0013,2026-10-04 19:02:47,-16.340334638661446,3.1274742676167855,-19.467808906278233
GO,95877,SANTA TEREZA DE GOIÁS,0125,2026-10-04 19:04:13,-8.437381763147938,7.68566493955095,-16.123046702698886
GO,95893,SANTA TEREZINHA DE GOIÁS,0085,2026-10-04 21:04:20,-0.5462671743088893,11.669535283993115,-12.215802458302004
GO,93203,SANTO ANTÔNIO DA BARRA,0128,2026-10-04 18:33:55,-12.269747112082422,17.355910126994463,-29.625657239076887
GO,92908,SANTO ANTÔNIO DE GOIÁS,0101,2026-10-04 19:01:39,-18.65216674905256,-4.876517371285057,-13.775649377767504
GO,96776,SANTO ANTÔNIO DO DESCOBERTO,0024,2026-10-04 19:29:36,-12.974183729144531,-8.853738075645364,-4.120445653499168
GO,92703,SENADOR CANEDO,0040,2026-10-04 20:31:29,-14.249028317601333,-5.8161818550083355,-8.432846462592998
GO,96075,SERRANÓPOLIS,0018,2026-10-04 18:38:42,-18.062605752961083,0.617011899515205,-18.67961765247629
GO,96091,SILVÂNIA,0031,2026-10-04 21:02:31,-30.456013231472003,-11.307800479775002,-19.148212751697002
GO,92720,SIMOLÂNDIA,0123,2026-10-04 18:34:55,1.998519615099926,20.328995826172356,-18.33047621107243
GO,95915,SÃO DOMINGOS,0047,2026-10-04 19:24:41,15.569218564061881,31.6600790513834,-16.090860487321518
GO,95931,SÃO FRANCISCO DE GOIÁS,0017,2026-10-04 19:07:01,-29.42942942942943,-17.627677100494235,-11.801752328935194
GO,95974,SÃO JOÃO D'ALIANÇA,0143,2026-10-04 20:59:23,-10.580204778156997,5.2073470933535315,-15.787551871510528
GO,92622,SÃO JOÃO DA PARAÚNA,0043,2026-10-04 19:22:12,-32.61964735516373,-14.911746804625684,-17.707900550538042
GO,92649,SÃO LUIZ DO NORTE,0039,2026-10-04 20:21:28,4.558784324180219,8.739495798319327,-4.180711474139108
GO,95990,SÃO LUÍS DE MONTES BELOS,0080,2026-10-04 20:12:43,-47.85448751991503,-40.0450499945061,-7.809437525408931
GO,96016,SÃO MIGUEL DO ARAGUAIA,0094,2026-10-04 19:31:54,-31.28681468056185,-18.63288862239544,-12.653926058166409
GO,92665,SÃO MIGUEL DO PASSA QUATRO,0031,2026-10-04 19:00:40,-22.60536398467433,-0.1422981145499822,-22.463065870124346
GO,93483,SÃO PATRÍCIO,0076,2026-10-04 20:38:19,-33.929510783798,-27.960526315789473,-5.968984468008529
GO,96059,SÃO SIMÃO,0097,2026-10-04 18:47:45,-2.477073890587119,14.634879294801163,-17.11195318538828
GO,96113,SÍTIO D'ABADIA,0123,2026-10-04 20:10:31,4.20540061974325,18.704688255195748,-14.499287635452498
GO,96172,TAQUARAL DE GOIÁS,0057,2026-10-04 18:44:43,-25.530035335689046,-9.443457667258732,-16.086577668430316
GO,92762,TERESINA DE GOIÁS,0099,2026-10-04 20:50:24,26.439909297052154,33.997901364113325,-7.557992067061171
GO,93220,TEREZÓPOLIS DE GOIÁS,0003,2026-10-04 20:41:30,-14.742014742014742,-7.310177705977383,-7.43183703603736
GO,96253,TRINDADE,0049,2026-10-04 21:26:19,-17.862933961610423,-8.727957643080664,-9.134976318529759
GO,92789,TROMBAS,0125,2026-10-04 20:50:24,-6.912232833105957,3.435639028859368,-10.347871861965325
GO,96237,TRÊS RANCHOS,0008,2026-10-04 19:14:09,-3.0829199149539335,17.573529411764707,-20.65644932671864
GO,92800,TURVELÂNDIA,0128,2026-10-04 18:47:45,-6.024096385542169,18.33495302883058,-24.35904941437275
GO,96318,TURVÂNIA,0063,2026-10-04 19:07:45,-31.84532271822576,-19.901450862304955,-11.943871855920804
GO,93246,UIRAPURU,0085,2026-10-04 21:52:39,3.473491773308958,16.469428007889547,-12.99593623458059
GO,96350,URUANA,0077,2026-10-04 19:25:20,-18.738003838771593,-10.577281191806332,-8.160722646965262
GO,96334,URUAÇU,0050,2026-10-04 20:41:38,-21.810255718844097,-6.557833225118264,-15.252422493725833
GO,96377,URUTAÍ,0014,2026-10-04 18:47:44,-9.294436906377205,6.963470319634703,-16.25790722601191
GO,93300,VALPARAÍSO DE GOIÁS,0033,2026-10-04 19:25:20,-12.50342675874313,-8.782993294335855,-3.720433464407275
GO,96393,VARJÃO,0056,2026-10-04 18:59:07,-27.796301909669598,-18.021201413427562,-9.775100496242036
GO,96415,VIANÓPOLIS,0031,2026-10-04 19:23:44,-40.86107921928817,-24.350255040077727,-16.510824179210445
GO,96571,VICENTINÓPOLIS,0045,2026-10-04 19:20:56,-20.321241653131203,1.3977635782747604,-21.719005231405962
GO,93289,VILA BOA,0011,2026-10-04 18:49:59,15.521537913848345,33.761939750183686,-18.24040183633534
GO,93505,VILA PROPÍCIO,0074,2026-10-04 20:51:22,-8.96401308615049,0.8500772797527048,-9.814090365903196
GO,96938,ÁGUA FRIA DE GOIÁS,0131,2026-10-04 20:14:15,-23.49493873201918,-13.311688311688311,-10.183250420330868
GO,92037,ÁGUA LIMPA,0005,2026-10-04 19:12:43,-24.00611620795107,-5.493273542600897,-18.512842665350174
GO,93343,ÁGUAS LINDAS DE GOIÁS,0028,2026-10-04 21:18:59,-7.568018236697132,-0.9824754082704613,-6.585542828426671
MA,07013,AFONSO CUNHA,0028,2026-10-04 21:11:41,70.37858117326057,77.38321306494493,-7.004631891684355
MA,07030,ALCÂNTARA,0052,2026-10-04 20:10:31,57.175643692175285,59.801642646830935,-2.6259989546556497
MA,07056,ALDEIAS ALTAS,0005,2026-10-04 20:07:47,56.33433283358321,67.71878376292638,-11.384450929343167
MA,07072,ALTAMIRA DO MARANHÃO,0049,2026-10-04 20:18:29,38.628411476557034,53.92588753563099,-15.297476059073958
MA,07021,ALTO ALEGRE DO MARANHÃO,0035,2026-10-04 20:56:28,46.543645930945004,59.088852013878416,-12.545206082933412
MA,07048,ALTO ALEGRE DO PINDARÉ,0070,2026-10-04 20:54:46,52.382532519246084,65.28008505548542,-12.897552536239331
MA,07099,ALTO PARNAÍBA,0011,2026-10-04 21:14:31,20.96429159124568,39.97625508819539,-19.011963496949708
MA,07080,AMAPÁ DO MARANHÃO,0064,2026-10-04 20:35:02,38.15289648622982,52.185724870338355,-14.032828384108534
MA,07110,AMARANTE DO MARANHÃO,0099,2026-10-04 20:07:47,2.8387567888275296,18.508371385083713,-15.669614596256183
MA,07137,ANAJATUBA,0109,2026-10-04 20:59:24,58.73531617095726,66.97067489827417,-8.235358727316907
MA,07153,ANAPURUS,0024,2026-10-04 20:59:23,49.06115879828326,60.32811334824758,-11.266954549964318
MA,07064,APICUM-AÇU,0107,2026-10-04 20:39:00,39.21992481203007,46.92239072256913,-7.702465910539061
MA,07102,ARAGUANÃ,0096,2026-10-04 19:13:48,50.52005943536404,64.03695806680881,-13.516898631444768
MA,07170,ARAIOSES,0012,2026-10-04 21:15:21,63.484711861628,68.25762422691406,-4.772912365286061
MA,09679,ARAME,0104,2026-10-04 20:51:47,29.78814597109968,45.88631264023934,-16.09816666913966
MA,07196,ARARI,0027,2026-10-04 20:49:33,47.07041143693364,53.60187675230303,-6.531465315369388
MA,07218,AXIXÁ,0031,2026-10-04 20:07:47,53.104786545924966,59.74539611914473,-6.640609573219763
MA,09610,AÇAILÂNDIA,0071,2026-10-04 20:56:55,-16.997688275323153,-4.505911220165068,-12.491777055158085
MA,07234,BACABAL,0013,2026-10-04 22:09:32,25.621842378580105,33.42730256806333,-7.805460189483227
MA,07129,BACABEIRA,0018,2026-10-04 20:37:10,48.60892801005973,60.317321942289254,-11.708393932229527
MA,07250,BACURI,0107,2026-10-04 21:01:53,59.263826961388865,67.61137629276054,-8.347549331371674
MA,07145,BACURITUBA,0038,2026-10-04 20:41:11,70.17276422764228,77.05442902881536,-6.881664801173088
MA,07277,BALSAS,0022,2026-10-04 20:59:23,-17.081053752956684,8.461963077300513,-25.543016830257198
MA,07315,BARRA DO CORDA,0023,2026-10-04 22:02:42,25.809058219869904,33.102321885759686,-7.293263665889782
MA,07331,BARREIRINHAS,0056,2026-10-04 22:32:44,49.35184529290926,61.06348817590552,-11.711642882996259
MA,07293,BARÃO DE GRAJAÚ,0021,2026-10-04 21:26:49,62.39211854746784,73.99414776883687,-11.60202922136903
MA,07188,BELA VISTA DO MARANHÃO,0077,2026-10-04 21:43:09,43.312347423872545,57.840154867256636,-14.527807443384091
MA,07161,BELÁGUA,0073,2026-10-04 20:12:45,73.26388888888889,80.32302882945467,-7.059139940565785
MA,07358,BENEDITO LEITE,0017,2026-10-04 19:25:21,43.502202643171806,61.05535772094529,-17.553155077773482
MA,07374,BEQUIMÃO,0111,2026-10-04 20:49:33,58.610099278622954,64.51755680141635,-5.907457522793393
MA,07200,BERNARDO DO MEARIM,0067,2026-10-04 19:24:35,40.55857637172516,50.91789903110658,-10.35932265938142
MA,07323,BOA VISTA DO GURUPI,0100,2026-10-04 18:56:36,38.085821633379474,47.429805615550755,-9.343983982171281
MA,09555,BOM JARDIM,0078,2026-10-04 21:24:50,42.41100243284842,52.30497375396289,-9.89397132111447
MA,07269,BOM JESUS DAS SELVAS,0095,2026-10-04 20:51:23,15.007379578693143,36.58768416049969,-21.580304581806548
MA,07285,BOM LUGAR,0066,2026-10-04 20:56:54,42.49672346002621,55.33101045296167,-12.83428699293546
MA,07390,BREJO,0024,2026-10-04 21:05:10,50.65726995551557,60.42924935289042,-9.771979397374857
MA,07307,BREJO DE AREIA,0049,2026-10-04 19:25:21,29.26504822081809,53.11791383219955,-23.852865611381457
MA,07412,BURITI,0025,2026-10-04 23:14:22,68.36561530809293,75.67263171067451,-7.307016402581581
MA,07439,BURITI BRAVO,0044,2026-10-04 19:08:11,57.293442877073325,70.47405149594931,-13.180608618875986
MA,07340,BURITICUPU,0095,2026-10-04 20:57:51,17.81792087857232,36.97333930055623,-19.155418421983914
MA,07366,BURITIRANA,0058,2026-10-04 20:56:54,9.371684545561711,25.684652138445404,-16.312967592883695
MA,07226,CACHOEIRA GRANDE,0110,2026-10-04 21:36:20,55.51648351648352,63.52221001412651,-8.00572649764299
MA,07455,CAJAPIÓ,0063,2026-10-04 19:29:38,70.81845646800329,76.26396237507349,-5.445505907070199
MA,07471,CAJARI,0020,2026-10-05 01:57:03,67.51193808661287,73.04783753929816,-5.535899452685285
MA,07382,CAMPESTRE DO MARANHÃO,0046,2026-10-04 20:44:10,18.62087116725885,40.66190606976105,-22.0410349025022
MA,07404,CAPINZAL DO NORTE,0069,2026-10-04 19:25:43,38.946433856170465,51.144112744355205,-12.19767888818474
MA,07536,CAROLINA,0026,2026-10-04 19:13:49,14.901680371826957,29.219614292121392,-14.317933920294434
MA,07552,CARUTAPERA,0055,2026-10-04 20:52:04,36.935371785962474,46.03466000881187,-9.099288222849395
MA,07579,CAXIAS,0004,2026-10-04 21:24:31,41.98256451706022,53.74857485748575,-11.766010340425531
MA,07595,CEDRAL,0030,2026-10-04 20:50:26,53.97790055248619,60.65347445927289,-6.675573906786703
MA,07420,CENTRAL DO MARANHÃO,0030,2026-10-04 21:00:45,71.12599565532223,79.55632052017594,-8.430324864853716
MA,07447,CENTRO DO GUILHERME,0101,2026-10-04 19:20:57,46.031990156874805,62.57883672039243,-16.546846563517626
MA,07463,CENTRO NOVO DO MARANHÃO,0100,2026-10-04 20:56:54,39.97852925389157,59.22655638761596,-19.248027133724385
MA,07617,CHAPADINHA,0042,2026-10-04 22:18:39,41.78580656274223,48.78920206431123,-7.003395501569003
MA,07480,CIDELÂNDIA,0098,2026-10-04 21:09:01,30.077984403119377,43.698597000483794,-13.620612597364417
MA,07633,CODÓ,0007,2026-10-04 21:39:00,47.44045804112884,52.60060298604466,-5.160144944915821
MA,07650,COELHO NETO,0028,2026-10-04 20:43:29,60.170857511283046,64.02980676125121,-3.8589492499681626
MA,07676,COLINAS,0029,2026-10-04 21:02:12,44.436128911548714,60.114615987460816,-15.678487075912102
MA,07501,CONCEIÇÃO DO LAGO-AÇU,0066,2026-10-04 20:57:51,45.275938189845476,53.91132776230269,-8.635389572457214
MA,07692,COROATÁ,0008,2026-10-04 21:11:41,40.63450541428398,48.67439933719967,-8.039893922915688
MA,07714,CURURUPU,0014,2026-10-04 20:50:26,58.55879024791688,65.71054697723109,-7.151756729314208
MA,07498,CÂNDIDO MENDES,0064,2026-10-04 21:42:09,45.0501002004008,49.90439770554493,-4.854297505144132
MA,07730,DOM PEDRO,0048,2026-10-04 20:52:34,24.46816079686944,38.9627758377294,-14.494615040859962
MA,07757,DUQUE BACELAR,0028,2026-10-04 20:58:12,70.44481908961224,77.10876803551609,-6.663948945903854
MA,07773,ESPERANTINÓPOLIS,0061,2026-10-04 20:44:10,40.241179097811525,51.30860478252683,-11.067425684715303
MA,09636,ESTREITO,0082,2026-10-04 20:36:09,-1.7153954040349553,12.946915351506457,-14.662310755541412
MA,07528,FEIRA NOVA DO MARANHÃO,0075,2026-10-04 20:54:20,17.49003984063745,34.36397592861589,-16.873936087978443
MA,07544,FERNANDO FALCÃO,0097,2026-10-04 19:22:12,42.521312322397314,54.6234772978959,-12.102164975498589
MA,07560,FORMOSA DA SERRA NEGRA,0105,2026-10-04 20:35:02,3.726323243051868,27.552948195286866,-23.826624952234997
MA,07790,FORTALEZA DOS NOGUEIRAS,0105,2026-10-04 20:51:23,26.43300902590552,40.73267580376585,-14.299666777860331
MA,07811,FORTUNA,0060,2026-10-04 20:29:19,54.09613375130616,63.16136114160263,-9.06522739029647
MA,07838,GODOFREDO VIANA,0064,2026-10-04 20:57:51,29.722176557619594,41.83507170795306,-12.112895150333468
MA,07854,GONÇALVES DIAS,0108,2026-10-04 21:01:31,42.85431316232545,54.50323974082073,-11.648926578495285
MA,07870,GOVERNADOR ARCHER,0048,2026-10-04 21:21:11,51.644951140065146,62.516666666666666,-10.87171552660152
MA,07609,GOVERNADOR EDISON LOBÃO,0103,2026-10-04 20:56:28,9.360013229700678,26.821370750134918,-17.46135752043424
MA,07897,GOVERNADOR EUGÊNIO BARROS,0108,2026-10-04 20:11:12,48.39259620068193,62.382716049382715,-13.990119848700786
MA,07625,GOVERNADOR LUIZ ROCHA,0060,2026-10-04 20:15:30,34.969199178644764,45.44449358690845,-10.475294408263686
MA,07641,GOVERNADOR NEWTON BELLO,0096,2026-10-04 21:26:00,46.95376397930229,61.09427909463554,-14.140515115333251
MA,07668,GOVERNADOR NUNES FREIRE,0101,2026-10-04 20:10:32,25.820520402128917,40.0431344356578,-14.222614033528881
MA,07935,GRAJAÚ,0015,2026-10-04 21:11:41,16.226405915547772,34.15721339917256,-17.93080748362479
MA,07919,GRAÇA ARANHA,0108,2026-10-04 19:23:23,47.80868521112668,60.1283422459893,-12.319657034862622
MA,07951,GUIMARÃES,0030,2026-10-04 19:29:37,64.84044055351596,71.49587750294464,-6.655436949428676
MA,07978,HUMBERTO DE CAMPOS,0032,2026-10-04 21:18:00,58.81858431878047,63.75827032136106,-4.939686002580586
MA,07994,ICATU,0031,2026-10-04 20:58:12,58.56646162075421,62.752282905833766,-4.185821285079555
MA,07684,IGARAPÉ DO MEIO,0077,2026-10-04 19:29:37,56.791017747193045,65.9203679051192,-9.129350157926162
MA,08010,IGARAPÉ GRANDE,0067,2026-10-04 19:23:44,21.68886287135958,31.836734693877553,-10.147871822517974
MA,08036,IMPERATRIZ,0033,2026-10-04 20:59:23,-12.373230212686334,-4.068088832938794,-8.305141379747539
MA,08036,IMPERATRIZ,0065,2026-10-04 21:22:10,-16.047990434522678,-8.057751707330896,-7.990238727191782
MA,07706,ITAIPAVA DO GRAJAÚ,0015,2026-10-04 20:51:24,38.060417166147204,54.346978557504876,-16.286561391357672
MA,08079,ITAPECURU MIRIM,0016,2026-10-04 21:02:11,49.65551727969775,58.662290428457375,-9.006773148759628
MA,07722,ITINGA DO MARANHÃO,0098,2026-10-04 20:45:13,-6.395180023228804,9.802306425041186,-16.19748644826999
MA,07749,JATOBÁ,0029,2026-10-04 20:14:13,51.74799027855674,64.4529672991522,-12.704977020595464
MA,07765,JENIPAPO DOS VIEIRAS,0097,2026-10-04 21:03:00,47.5024485798237,57.65643014359082,-10.153981563767118
MA,08117,JOSELÂNDIA,0054,2026-10-04 19:20:56,44.25341252474732,57.33728460103172,-13.0838720762844
MA,08095,JOÃO LISBOA,0058,2026-10-04 22:32:44,14.6890390562364,31.501944564479288,-16.81290550824289
MA,07781,JUNCO DO MARANHÃO,0100,2026-10-04 20:52:35,50.672291062483524,60.731230812168576,-10.058939749685052
MA,08133,LAGO DA PEDRA,0074,2026-10-04 22:22:42,9.036712824963212,21.067781238910136,-12.031068413946924
MA,08150,LAGO DO JUNCO,0074,2026-10-04 21:19:22,41.829215431296056,53.85836773578914,-12.029152304493081
MA,07803,LAGO DOS RODRIGUES,0074,2026-10-04 20:57:50,42.53851797505502,54.2330521711965,-11.694534196141475
MA,08176,LAGO VERDE,0066,2026-10-04 20:12:45,56.94150063586265,66.77358699258932,-9.832086356726663
MA,07820,LAGOA DO MATO,0044,2026-10-04 20:49:33,61.45782938235769,72.38292011019284,-10.925090727835155
MA,07846,LAGOA GRANDE DO MARANHÃO,0074,2026-10-04 22:18:21,37.723684210526315,58.7779811347318,-21.054296924205488
MA,07862,LAJEADO NOVO,0046,2026-10-04 19:20:56,2.679726483090002,21.229626573138024,-18.549900090048023
MA,08192,LIMA CAMPOS,0067,2026-10-04 22:12:40,29.877121123464015,37.979873276183376,-8.102752152719361
MA,08214,LORETO,0062,2026-10-04 18:54:41,39.25359712230216,55.66384406454705,-16.41024694224489
MA,08230,LUÍS DOMINGUES,0055,2026-10-04 19:30:00,27.203148917559588,35.672650967591515,-8.469502050031927
MA,08257,MAGALHÃES DE ALMEIDA,0051,2026-10-04 21:01:53,48.89643463497453,56.64388762338648,-7.7474529884119505
MA,07889,MARACAÇUMÉ,0100,2026-10-04 19:08:38,22.528797214036967,39.31859162949606,-16.789794415459095
MA,07900,MARAJÁ DO SENA,0102,2026-10-04 20:53:27,29.02390438247012,55.15245938125974,-26.128554998789618
MA,07927,MARANHÃOZINHO,0101,2026-10-04 20:51:47,47.57129426512065,59.16972324108036,-11.598428975959713
MA,08273,MATA ROMA,0042,2026-10-04 21:45:51,51.55930067727201,61.48236092265943,-9.923060245387418
MA,08290,MATINHA,0086,2026-10-04 21:31:41,44.93514710534641,52.88999797666419,-7.954850871317781
MA,08311,MATÕES,0081,2026-10-04 20:16:09,59.834070246907444,68.57249826175322,-8.73842801484578
MA,07960,MILAGRES DO MARANHÃO,0024,2026-10-04 21:01:53,61.098354381936474,68.51025869759144,-7.411904315654965
MA,08338,MIRADOR,0072,2026-10-04 20:44:10,47.45158791634392,64.96263586956522,-17.5110479532213
MA,09695,MIRANDA DO NORTE,0109,2026-10-04 20:58:32,39.45228597729365,51.029180788625276,-11.576894811331627
MA,08354,MIRINZAL,0030,2026-10-04 20:30:30,52.71111111111111,58.7142684838982,-6.0031573727870935
MA,08397,MONTES ALTOS,0103,2026-10-04 20:41:11,20.541913632514817,34.60481099656357,-14.062897364048755
MA,08370,MONÇÃO,0043,2026-10-04 20:56:54,55.55342902711324,63.62493890944634,-8.071509882333103
MA,08419,MORROS,0110,2026-10-04 21:53:10,51.38970588235294,58.79120879120879,-7.401502908855846
MA,08435,NINA RODRIGUES,0050,2026-10-04 20:56:55,54.333667334669336,65.20684543862014,-10.8731781039508
MA,07986,NOVA COLINAS,0105,2026-10-04 19:02:30,31.34796238244514,52.53784505788067,-21.189882675435534
MA,08451,NOVA IORQUE,0017,2026-10-04 18:35:06,50.84586466165413,63.352368155861605,-12.506503494207472
MA,08001,NOVA OLINDA DO MARANHÃO,0080,2026-10-04 21:41:11,46.48762401042189,58.36873406966865,-11.881110059246758
MA,08478,OLHO D'ÁGUA DAS CUNHÃS,0087,2026-10-04 21:14:31,46.64548343168407,57.46555440997282,-10.820070978288747
MA,08028,OLINDA NOVA DO MARANHÃO,0086,2026-10-04 21:00:46,57.48874558948777,65.80532869192663,-8.316583102438862
MA,08516,PALMEIRÂNDIA,0038,2026-10-04 21:09:50,65.14081649216784,69.9537750385208,-4.812958546352959
MA,08532,PARAIBANO,0053,2026-10-04 20:18:49,54.75675167027383,66.59334353481255,-11.836591864538718
MA,08559,PARNARAMA,0036,2026-10-04 22:36:54,65.60465731675046,73.43480917726792,-7.830151860517461
MA,08575,PASSAGEM FRANCA,0044,2026-10-04 20:58:32,48.79249489132454,61.565945283789304,-12.773450392464767
MA,08591,PASTOS BONS,0017,2026-10-04 20:49:57,42.579075425790755,60.2979036410445,-17.718828215253744
MA,08044,PAULINO NEVES,0040,2026-10-04 20:31:30,59.20159019380487,65.69762143442996,-6.4960312406250935
MA,09598,PAULO RAMOS,0102,2026-10-04 21:01:53,31.026444819548267,47.50463665486427,-16.478191835316004
MA,08494,PAÇO DO LUMIAR,0093,2026-10-04 21:24:31,21.688434091827116,28.6139462659528,-6.925512174125686
MA,08613,PEDREIRAS,0009,2026-10-04 20:47:40,24.045716326621726,31.74845249843007,-7.702736171808343
MA,08060,PEDRO DO ROSÁRIO,0106,2026-10-04 21:49:32,61.77556711131208,69.43276477588259,-7.657197664570511
MA,08630,PENALVA,0045,2026-10-04 20:07:47,67.09410880995814,71.6566429743029,-4.562534164344754
MA,08656,PERI MIRIM,0111,2026-10-04 20:47:41,61.29810453762206,65.22735496321312,-3.929250425591057
MA,08672,PINDARÉ-MIRIM,0043,2026-10-04 21:24:20,45.835945663531874,55.298507462686565,-9.462561799154692
MA,08699,PINHEIRO,0037,2026-10-04 21:25:50,42.35645521746605,48.779667100363405,-6.4232118828973555
MA,08710,PIO XII,0087,2026-10-04 21:13:21,45.929509329647544,59.33775779633198,-13.408248466684434
MA,08737,PIRAPEMAS,0068,2026-10-04 21:11:41,56.67176239353571,65.3607103218646,-8.688947928328894
MA,08770,PORTO FRANCO,0046,2026-10-04 20:50:26,10.712361971451656,24.503407278526897,-13.79104530707524
MA,08109,PORTO RICO DO MARANHÃO,0030,2026-10-04 21:01:53,42.887432536622974,47.903563941299794,-5.01613140467682
MA,08753,POÇÃO DE PEDRAS,0061,2026-10-04 20:43:12,40.228755249754265,47.424284015005945,-7.19552876525168
MA,08796,PRESIDENTE DUTRA,0054,2026-10-04 20:56:55,22.528480770701123,35.5125791545439,-12.984098383842777
MA,08818,PRESIDENTE JUSCELINO,0110,2026-10-04 20:51:24,60.96791162546028,66.30301377335333,-5.335102147893046
MA,08125,PRESIDENTE MÉDICI,0080,2026-10-04 21:14:31,47.336480107889415,61.65356327669287,-14.317083168803457
MA,08141,PRESIDENTE SARNEY,0106,2026-10-04 20:50:25,61.52753108348135,67.15216558068225,-5.624634497200901
MA,08834,PRESIDENTE VARGAS,0050,2026-10-04 21:19:41,66.81349106468663,72.68027571580063,-5.866784651114003
MA,08850,PRIMEIRA CRUZ,0032,2026-10-04 23:22:11,64.71585131623546,73.55008787346222,-8.83423655722676
MA,08168,RAPOSA,0093,2026-10-04 21:14:31,24.37395659432387,35.11189706689432,-10.73794047257045
MA,08877,RIACHÃO,0075,2026-10-04 20:29:19,28.910953013837855,45.136866627839254,-16.2259136140014
MA,08184,RIBAMAR FIQUENE,0103,2026-10-04 18:32:12,21.98003666734569,35.00607041683529,-13.026033749489603
MA,08915,ROSÁRIO,0018,2026-10-04 21:39:00,47.31459827975742,54.738473135390926,-7.423874855633507
MA,08931,SAMBAÍBA,0034,2026-10-04 22:22:41,20.17873941674506,43.14732664020546,-22.968587223460403
MA,08206,SANTA FILOMENA DO MARANHÃO,0079,2026-10-04 21:01:30,46.45572221080748,62.80288146692862,-16.347159256121138
MA,08958,SANTA HELENA,0083,2026-10-04 20:23:19,42.69165247018739,53.13845594032385,-10.446803470136459
MA,09571,SANTA INÊS,0057,2026-10-04 21:19:23,22.903388973191703,33.82753470391847,-10.924145730726764
MA,08974,SANTA LUZIA,0070,2026-10-04 20:59:43,36.71907323127844,55.7457886676876,-19.026715436409155
MA,09652,SANTA LUZIA DO PARUÁ,0080,2026-10-04 20:39:00,30.340724716062738,44.8046813221572,-14.463956606094463
MA,08990,SANTA QUITÉRIA DO MARANHÃO,0024,2026-10-04 21:59:09,56.65131906421105,64.21933698016213,-7.568017915951074
MA,09016,SANTA RITA,0018,2026-10-04 20:51:23,52.36367155368462,61.43342867936748,-9.069757125682862
MA,08222,SANTANA DO MARANHÃO,0051,2026-10-04 20:59:42,53.599735799207394,61.20360735345127,-7.603871554243874
MA,08249,SANTO AMARO DO MARANHÃO,0032,2026-10-04 22:00:00,57.901234567901234,68.78379933264297,-10.882564764741737
MA,09032,SANTO ANTÔNIO DOS LOPES,0069,2026-10-04 22:28:59,35.351227869788694,46.13082137512105,-10.779593505332357
MA,08460,SATUBINHA,0087,2026-10-04 20:11:52,42.97168201978847,53.535545023696685,-10.563863003908217
MA,08486,SENADOR ALEXANDRE COSTA,0006,2026-10-04 19:20:59,46.11290322580645,56.964621432233805,-10.851718206427357
MA,08508,SENADOR LA ROCQUE,0058,2026-10-04 20:39:51,23.663883089770355,39.07641561297416,-15.412532523203804
MA,08524,SERRANO DO MARANHÃO,0107,2026-10-04 22:49:30,75.82514302479096,80.66110596231078,-4.835962937519824
MA,09318,SUCUPIRA DO NORTE,0072,2026-10-04 20:56:05,43.81435606625877,58.419669089222204,-14.605313022963436
MA,08540,SUCUPIRA DO RIACHÃO,0053,2026-10-04 20:59:43,60.79860099096474,75.77351485148515,-14.97491386052041
MA,09059,SÃO BENEDITO DO RIO PRETO,0073,2026-10-04 20:52:34,61.617578307620384,70.51813471502591,-8.900556407405524
MA,09075,SÃO BENTO,0038,2026-10-04 21:13:05,53.201329671917904,60.741885625966,-7.540555954048095
MA,09091,SÃO BERNARDO,0051,2026-10-04 21:19:00,49.236874236874236,59.86915887850467,-10.632284641630434
MA,08265,SÃO DOMINGOS DO AZEITÃO,0062,2026-10-04 20:34:11,36.05015673981191,57.73773773773774,-21.687580997925828
MA,09113,SÃO DOMINGOS DO MARANHÃO,0060,2026-10-04 21:16:21,25.144811858608893,39.82041772398985,-14.675605865380955
MA,08281,SÃO FRANCISCO DO BREJÃO,0098,2026-10-04 20:56:06,6.204379562043796,23.775408197267577,-17.571028635223783
MA,09156,SÃO FRANCISCO DO MARANHÃO,0021,2026-10-04 21:16:40,67.10659898477158,75.37026066350711,-8.26366167873553
MA,09130,SÃO FÉLIX DE BALSAS,0062,2026-10-04 19:22:12,31.293817718291905,54.74802879670895,-23.454211078417046
MA,08893,SÃO JOSÉ DE RIBAMAR,0047,2026-10-04 21:59:00,23.488222251700808,30.198170731707318,-6.70994848000651
MA,08362,SÃO JOSÉ DOS BASÍLIOS,0054,2026-10-04 19:29:36,60.25054682839531,70.6501547987616,-10.399607970366297
MA,09172,SÃO JOÃO BATISTA,0063,2026-10-04 20:15:30,66.9285958319098,72.10170446541767,-5.173108633507866
MA,08303,SÃO JOÃO DO CARÚ,0078,2026-10-04 18:59:29,36.99902926085148,50.42831063052942,-13.429281369677938
MA,08320,SÃO JOÃO DO PARAÍSO,0046,2026-10-04 19:28:55,9.670578255337198,27.09638002138384,-17.425801766046643
MA,08346,SÃO JOÃO DO SOTER,0006,2026-10-04 19:32:17,67.62515320071651,75.00493778392257,-7.37978458320606
MA,09199,SÃO JOÃO DOS PATOS,0053,2026-10-04 20:10:31,45.280724275386795,56.91544345668803,-11.634719181301236
MA,09210,SÃO LUÍS,0001,2026-10-04 20:39:51,31.122926458035522,35.31543298958213,-4.192506531546606
MA,09210,SÃO LUÍS,0002,2026-10-04 20:54:20,28.97631630456058,33.50197997645434,-4.525663671893756
MA,09210,SÃO LUÍS,0003,2026-10-04 20:51:48,8.269128314413344,12.134273772204807,-3.8651454577914635
MA,09210,SÃO LUÍS,0010,2026-10-04 20:17:00,20.942105949652486,26.337528737871644,-5.395422788219157
MA,09210,SÃO LUÍS,0076,2026-10-04 20:10:31,2.5159797515935427,6.070134724571955,-3.554154972978412
MA,09210,SÃO LUÍS,0089,2026-10-04 20:56:06,14.766854592435989,21.479864539556896,-6.7130099471209075
MA,08052,SÃO LUÍS GONZAGA DO MARANHÃO,0035,2026-10-04 20:53:28,63.13444709626094,70.67681347150258,-7.542366375241642
MA,09237,SÃO MATEUS DO MARANHÃO,0084,2026-10-04 21:00:45,43.07593837150825,53.330049261083744,-10.254110889575493
MA,08389,SÃO PEDRO DA ÁGUA BRANCA,0092,2026-10-04 19:22:13,9.037525064451447,30.75693738195554,-21.719412317504094
MA,08400,SÃO PEDRO DOS CRENTES,0082,2026-10-04 20:51:24,-33.71909521304577,-21.231904626738576,-12.487190586307193
MA,09253,SÃO RAIMUNDO DAS MANGABEIRAS,0034,2026-10-04 20:51:23,21.98406832553174,40.031356153645156,-18.047287828113415
MA,08427,SÃO RAIMUNDO DO DOCA BEZERRA,0061,2026-10-04 21:01:30,45.654993514915695,60.20058062813407,-14.545587113218374
MA,08443,SÃO ROBERTO,0061,2026-10-04 19:11:01,49.68041836141778,63.99652978600347,-14.316111424585692
MA,09270,SÃO VICENTE FERRER,0063,2026-10-04 20:46:20,60.8057034873733,66.31049654305468,-5.504793055681382
MA,09296,SÍTIO NOVO,0099,2026-10-04 21:19:41,19.083311794606704,37.15965626413388,-18.076344469527175
MA,09334,TASSO FRAGOSO,0011,2026-10-04 19:31:54,6.0207484253427195,33.370660694288915,-27.349912268946195
MA,09350,TIMBIRAS,0007,2026-10-04 20:51:48,58.50776502363268,65.33436358527676,-6.826598561644083
MA,09377,TIMON,0019,2026-10-04 20:53:28,38.21101962765905,48.26714024324615,-10.056120615587105
MA,08567,TRIZIDELA DO VALE,0009,2026-10-04 20:15:30,24.68538238141336,37.02470378688144,-12.33932140546808
MA,08583,TUFILÂNDIA,0077,2026-10-04 20:45:13,49.33056325023084,63.63423212192263,-14.30366887169179
MA,09393,TUNTUM,0079,2026-10-04 21:56:41,30.712337632320992,43.32753959057551,-12.61520195825452
MA,09415,TURIAÇU,0039,2026-10-04 21:01:54,55.62092686459088,60.88764262231677,-5.2667157577258905
MA,08605,TURILÂNDIA,0083,2026-10-04 21:32:01,46.17077464788732,60.38760415691414,-14.216829509026823
MA,09431,TUTÓIA,0040,2026-10-04 21:01:31,46.81795757276764,53.02276082254797,-6.204803249780333
MA,09458,URBANO SANTOS,0073,2026-10-04 21:28:21,58.03191216458878,66.54960017289821,-8.517688008309428
MA,09474,VARGEM GRANDE,0050,2026-10-04 23:11:41,50.18648305258412,63.91225179918495,-13.725768746600828
MA,09490,VIANA,0020,2026-10-04 20:58:12,36.44760449199282,45.0455442801233,-8.597939788130482
MA,08621,VILA NOVA DOS MARTÍRIOS,0092,2026-10-04 20:07:48,13.38473400154202,29.072762395363814,-15.688028393821794
MA,09539,VITORINO FREIRE,0049,2026-10-04 21:12:44,34.70856050812208,46.14142346291383,-11.432862954791744
MA,09512,VITÓRIA DO MEARIM,0041,2026-10-04 20:56:06,38.94776079663454,45.94336442296887,-6.995603626334329
MA,09717,ZÉ DOCA,0096,2026-10-04 22:17:21,38.14318118508496,47.55979654462146,-9.4166153595365
MA,07005,ÁGUA DOCE DO MARANHÃO,0012,2026-10-04 21:01:54,60.89197937897135,67.14249937390433,-6.250519994932979
MG,40010,ABADIA DOS DOURADOS,0096,2026-10-04 20:05:06,-12.414266117969822,8.200091365920512,-20.614357483890334
MG,40037,ABAETÉ,0001,2026-10-04 18:47:53,-19.940142162364385,-2.8350515463917527,-17.10509061597263
MG,40053,ABRE CAMPO,0002,2026-10-04 19:16:23,10.414798206278027,21.615669911914697,-11.20087170563667
MG,40070,ACAIACA,0225,2026-10-04 19:11:09,31.848906560636184,41.34768740031898,-9.498780839682798
MG,40150,AGUANIL,0064,2026-10-04 20:36:26,-2.454780361757106,9.004417261297995,-11.4591976230551
MG,40215,AIMORÉS,0005,2026-10-04 20:58:29,-16.27889854218819,-6.860813079337275,-9.418085462850916
MG,40231,AIURUOCA,0006,2026-10-04 19:21:11,-0.8794326241134752,9.93270524899058,-10.812137873104055
MG,40258,ALAGOA,0306,2026-10-04 19:21:08,-33.9440203562341,-26.230394808004327,-7.713625548229771
MG,40274,ALBERTINA,0013,2026-10-04 20:07:45,-38.44427823485415,-31.427304964539008,-7.016973270315145
MG,40312,ALFENAS,0008,2026-10-04 20:02:14,-23.931075569405618,-12.29883524495421,-11.632240324451407
MG,40002,ALFREDO VASCONCELOS,0025,2026-10-04 20:47:27,4.722399489470326,22.96619411123228,-18.243794621761953
MG,40339,ALMENARA,0009,2026-10-04 20:55:46,35.942110439792046,45.18607442977191,-9.24396398997986
MG,40355,ALPERCATA,0119,2026-10-04 18:33:49,1.4444444444444444,14.575267592803462,-13.130823148359017
MG,40371,ALPINÓPOLIS,0010,2026-10-04 18:57:44,-17.448545954503793,-3.89251632345555,-13.556029631048244
MG,40398,ALTEROSA,0019,2026-10-04 19:01:46,-15.776437648072367,-6.880485426373388,-8.895952221698979
MG,41661,ALTO CAPARAÓ,0168,2026-10-04 20:50:48,-40.61654948620876,-38.594014680971206,-2.022534805237555
MG,50695,ALTO JEQUITIBÁ,0168,2026-10-04 20:14:30,-30.900199239268247,-25.272090020291458,-5.628109218976789
MG,40410,ALTO RIO DOCE,0011,2026-10-04 19:32:01,27.70923145532927,48.4006734006734,-20.691441945344128
MG,40436,ALVARENGA,0089,2026-10-04 19:07:15,3.5817446562680533,13.691194209891435,-10.109449553623381
MG,40452,ALVINÓPOLIS,0012,2026-10-04 19:25:29,26.342099543577483,38.674316156131546,-12.332216612554063
MG,40479,ALVORADA DE MINAS,0262,2026-10-04 19:26:27,29.97748472177549,53.25827362674855,-23.280788904973058
MG,40290,ALÉM PARAÍBA,0007,2026-10-04 20:02:14,6.976863753213368,14.45340804792039,-7.476544294707023
MG,40495,AMPARO DO SERRA,0268,2026-10-04 19:08:51,42.976190476190474,53.54857475276324,-10.572384276572762
MG,40517,ANDRADAS,0013,2026-10-04 18:57:43,-34.5385081302707,-27.110513337816634,-7.427994792454065
MG,40550,ANDRELÂNDIA,0014,2026-10-04 18:48:53,2.2821576763485476,17.18132591833748,-14.899168241988932
MG,41688,ANGELÂNDIA,0067,2026-10-04 20:10:46,-4.965899403239557,12.804878048780488,-17.770777452020045
MG,40576,ANTÔNIO CARLOS,0024,2026-10-04 20:15:04,19.826158940397352,33.6641852770885,-13.838026336691147
MG,40592,ANTÔNIO DIAS,0097,2026-10-04 21:59:48,4.51139556665626,16.40953716690042,-11.898141600244161
MG,40614,ANTÔNIO PRADO DE MINAS,0111,2026-10-04 17:48:36,3.348961821835231,20.915926179084074,-17.566964357248843
MG,40657,ARACITABA,0250,2026-10-04 20:13:56,13.336688475088073,32.010443864229764,-18.67375538914169
MG,40690,ARAGUARI,0016,2026-10-04 19:21:13,-28.85315896333453,-18.13160422670509,-10.72155473662944
MG,40711,ARANTINA,0014,2026-10-04 19:21:12,19.856801909307876,41.36585365853659,-21.50905174922871
MG,40738,ARAPONGA,0107,2026-10-04 19:30:33,39.66218966218966,51.67483660130719,-12.01264693911753
MG,40029,ARAPORÃ,0179,2026-10-04 18:09:27,-13.992079954742598,4.486133768352365,-18.478213723094964
MG,40754,ARAPUÁ,0076,2026-10-04 18:42:16,-39.285714285714285,-21.645949421345907,-17.639764864368377
MG,40797,ARAXÁ,0017,2026-10-04 20:17:33,-17.166285342106583,-3.8609716639703797,-13.305313678136203
MG,40630,ARAÇAÍ,0206,2026-10-04 18:55:56,2.5677603423680457,20.764737121614445,-18.1969767792464
MG,40673,ARAÇUAÍ,0015,2026-10-04 20:33:22,24.582161617233513,34.46728350601141,-9.885121888777899
MG,40770,ARAÚJOS,0298,2026-10-04 20:51:52,-33.52155091285526,-13.851617995264403,-19.669932917590856
MG,40819,ARCEBURGO,0182,2026-10-04 19:07:50,-21.25970359915314,-10.273105444022427,-10.986598155130714
MG,40835,ARCOS,0018,2026-10-04 20:36:56,-22.63208762886598,-7.730397773776396,-14.901689855089582
MG,40851,AREADO,0019,2026-10-04 18:37:52,-23.986486486486488,-13.71069182389937,-10.275794662587117
MG,40878,ARGIRITA,0161,2026-10-04 19:12:08,26.56779661016949,41.26842340330505,-14.700626793135559
MG,41700,ARICANDUVA,0135,2026-10-04 19:03:23,21.127946127946128,41.2792511700468,-20.15130504210067
MG,40894,ARINOS,0320,2026-10-04 20:43:37,9.530065689742294,25.274843716318173,-15.74477802657588
MG,40916,ASTOLFO DUTRA,0079,2026-10-04 19:29:51,-3.9322444041137325,7.194158486952358,-11.12640289106609
MG,40932,ATALÉIA,0270,2026-10-04 23:42:39,26.89626896268963,38.743169398907106,-11.846900436217478
MG,40959,AUGUSTO DE LIMA,0054,2026-10-04 20:17:33,9.060061079063454,20.64720365810763,-11.587142579044178
MG,40096,AÇUCENA,0003,2026-10-04 19:25:56,13.99566331559235,24.267942583732058,-10.272279268139707
MG,40975,BAEPENDI,0080,2026-10-04 20:20:05,-26.067319982956967,-22.483682583304706,-3.583637399652261
MG,40991,BALDIM,0264,2026-10-04 20:53:09,-2.1646623496762256,9.573868969401165,-11.73853131907739
MG,41017,BAMBUÍ,0021,2026-10-04 20:38:27,-2.645064054257724,11.911156274951006,-14.556220329208731
MG,41033,BANDEIRA,0009,2026-10-04 19:16:24,53.89000670690812,60.913364674278036,-7.023357967369918
MG,41050,BANDEIRA DO SUL,0222,2026-10-04 20:19:36,-22.38843813387424,-14.055008831693161,-8.333429302181077
MG,41114,BARBACENA,0023,2026-10-04 21:01:08,5.733535179957176,16.699671721534802,-10.966136541577626
MG,41130,BARRA LONGA,0225,2026-10-04 19:08:51,35.394566623544634,48.903350204868644,-13.50878358132401
MG,41173,BARROSO,0228,2026-10-04 21:03:01,10.619469026548673,23.022405121170554,-12.40293609462188
MG,41076,BARÃO DE COCAIS,0022,2026-10-04 21:00:25,0.7113017951902451,18.734122479865952,-18.022820684675708
MG,41092,BARÃO DE MONTE ALTO,0201,2026-10-04 20:50:12,20.86977648202138,33.12318137730359,-12.253404895282209
MG,41190,BELA VISTA DE MINAS,0193,2026-10-04 19:13:09,19.278846153846153,32.35294117647059,-13.074095022624434
MG,41211,BELMIRO BRAGA,0173,2026-10-04 20:41:25,23.788546255506606,35.299073294018534,-11.510527038511928
MG,41238,BELO HORIZONTE,0026,2026-10-04 19:29:52,-0.5369050024535982,-1.7137468738469108,1.1768418713933126
MG,41238,BELO HORIZONTE,0027,2026-10-04 19:21:08,-9.877770466096356,-6.734070194806069,-3.143700271290287
MG,41238,BELO HORIZONTE,0028,2026-10-04 19:23:18,-1.6120727215114667,2.729693741677763,-4.34176646318923
MG,41238,BELO HORIZONTE,0029,2026-10-04 19:01:46,-7.7523145898977,-5.322311463440075,-2.430003126457625
MG,41238,BELO HORIZONTE,0030,2026-10-04 18:32:16,-5.6217226941994225,-3.287958910001771,-2.3337637841976515
MG,41238,BELO HORIZONTE,0031,2026-10-04 19:14:48,-9.142180243833405,-5.8501953165368,-3.291984927296605
MG,41238,BELO HORIZONTE,0032,2026-10-04 19:02:58,-6.7572064922431005,-5.195807107344909,-1.5613993848981913
MG,41238,BELO HORIZONTE,0033,2026-10-04 19:23:17,-4.70365663450985,-7.524868671062926,2.821212036553076
MG,41238,BELO HORIZONTE,0034,2026-10-04 19:07:50,-11.576943667836536,-11.921567730200314,0.34462406236377774
MG,41238,BELO HORIZONTE,0035,2026-10-04 19:21:12,-0.518088087830715,0.6633900685180253,-1.1814781563487404
MG,41238,BELO HORIZONTE,0036,2026-10-04 19:09:56,-10.69087767383662,-6.230911905392779,-4.459965768443841
MG,41238,BELO HORIZONTE,0037,2026-10-04 18:59:19,-7.7520394363739475,-4.388372315296495,-3.3636671210774525
MG,41238,BELO HORIZONTE,0038,2026-10-04 19:03:23,-9.770276845852434,-4.743588197701759,-5.026688648150675
MG,41238,BELO HORIZONTE,0039,2026-10-04 22:22:28,-10.084271806556412,-5.9249858404480715,-4.159285966108341
MG,41238,BELO HORIZONTE,0331,2026-10-04 19:29:51,-6.018787592079476,-0.6427451437753502,-5.376042448304125
MG,41238,BELO HORIZONTE,0332,2026-10-04 20:21:42,-6.152659629574206,-3.3315586166272078,-2.821101012946998
MG,41238,BELO HORIZONTE,0333,2026-10-04 19:10:35,-4.956148458520755,1.2381823133486363,-6.194330771869391
MG,41238,BELO HORIZONTE,0334,2026-10-04 19:22:25,-9.171383837167289,-5.544326835576417,-3.627057001590872
MG,41254,BELO ORIENTE,0176,2026-10-04 20:54:32,-4.019963081971696,8.23935720327037,-12.259320285242065
MG,41270,BELO VALE,0338,2026-10-04 19:23:17,7.389620449264136,23.392479244668728,-16.00285879540459
MG,41297,BERILO,0177,2026-10-04 20:46:26,45.96802841918295,52.98753665689149,-7.019508237708543
MG,41726,BERIZAL,0266,2026-10-04 21:57:23,29.477961863082214,42.13539912428427,-12.657437261202055
MG,41319,BERTÓPOLIS,0004,2026-10-04 20:56:25,35.260504201680675,45.109439124487004,-9.848934922806329
MG,41335,BETIM,0316,2026-10-04 20:57:03,-7.861829321262831,0.2294522114314464,-8.091281532694277
MG,41335,BETIM,0319,2026-10-04 20:16:06,-7.036507652909297,0.49678952225734874,-7.533297175166646
MG,41351,BIAS FORTES,0024,2026-10-04 21:22:54,32.81954887218045,47.762262799856785,-14.942713927676337
MG,41378,BICAS,0042,2026-10-04 17:48:36,0.7336409892320436,11.153801373850273,-10.42016038461823
MG,41394,BIQUINHAS,0001,2026-10-04 21:01:06,-7.6160667709963485,9.951845906902086,-17.567912677898434
MG,41416,BOA ESPERANÇA,0043,2026-10-04 19:05:09,-14.696084793424184,0.7737194726604711,-15.469804266084655
MG,41432,BOCAINA DE MINAS,0306,2026-10-04 19:32:28,-5.444305381727159,15.038945476333133,-20.48325085806029
MG,41459,BOCAIÚVA,0044,2026-10-04 21:00:24,32.61619190404797,43.470010418216994,-10.85381851416902
MG,41475,BOM DESPACHO,0045,2026-10-04 21:09:59,-37.408855542639756,-24.606424285210025,-12.802431257429731
MG,41491,BOM JARDIM DE MINAS,0240,2026-10-04 20:56:24,5.754178125661096,23.897646790038838,-18.143468664377743
MG,41513,BOM JESUS DA PENHA,0195,2026-10-04 19:04:00,-27.752048450302816,-18.089887640449437,-9.662160809853379
MG,41530,BOM JESUS DO AMPARO,0022,2026-10-04 20:21:05,14.239041655322625,27.03426124197002,-12.795219586647397
MG,41572,BOM REPOUSO,0059,2026-10-04 21:36:52,-15.593047034764826,3.141141979617479,-18.734189014382306
MG,41599,BOM SUCESSO,0046,2026-10-04 20:57:02,1.3206447853952223,12.578211262421789,-11.257566477026566
MG,41610,BONFIM,0047,2026-10-04 19:11:39,0.9019382076376895,17.497103128621088,-16.5951649209834
MG,41637,BONFINÓPOLIS DE MINAS,0329,2026-10-04 18:18:44,6.472583380440927,21.247113163972287,-14.77452978353136
MG,41742,BONITO DE MINAS,0148,2026-10-04 21:50:09,55.45470413684762,64.82264289652638,-9.367938759678758
MG,41653,BORDA DA MATA,0227,2026-10-04 20:11:23,-26.018435920309248,-14.635633702612054,-11.382802217697193
MG,41670,BOTELHOS,0055,2026-10-04 19:11:40,2.5710861749645932,13.126134785859232,-10.555048610894639
MG,40045,BRASILÂNDIA DE MINAS,0151,2026-10-04 21:01:09,3.5091543156059286,20.23194396601217,-16.72278965040624
MG,41718,BRASÍLIA DE MINAS,0050,2026-10-04 20:59:41,34.51431003298223,42.926304464766005,-8.411994431783775
MG,41777,BRAZÓPOLIS,0051,2026-10-04 20:58:28,-15.407306557749036,-7.152391546162403,-8.254915011586633
MG,41750,BRAÚNAS,0176,2026-10-04 19:21:09,11.49875400498398,23.72351510941299,-12.22476110442901
MG,41793,BRUMADINHO,0052,2026-10-04 20:10:42,-9.024529378208785,3.7538335718666938,-12.77836295007548
MG,41734,BRÁS PIRES,0261,2026-10-04 19:02:57,13.127413127413128,26.29521016617791,-13.167797038764782
MG,41815,BUENO BRANDÃO,0183,2026-10-04 21:03:40,-37.910685805422645,-27.611006879299563,-10.299678926123082
MG,41831,BUENÓPOLIS,0054,2026-10-04 19:16:24,15.034829721362229,28.94528152260111,-13.910451801238882
MG,41769,BUGRE,0131,2026-10-04 20:39:57,-11.926020408163266,3.721527109400064,-15.64754751756333
MG,41858,BURITIS,0324,2026-10-04 20:52:34,-19.063996223615888,-1.9703714515069692,-17.093624772108917
MG,41874,BURITIZEIRO,0218,2026-10-04 20:49:40,4.713375796178344,19.01112666715791,-14.297750870979566
MG,41785,CABECEIRA GRANDE,0280,2026-10-04 21:02:22,-13.016917293233083,6.108998732572877,-19.12591602580596
MG,41890,CABO VERDE,0055,2026-10-04 19:03:59,-2.432166455785182,7.986915633092544,-10.419082088877726
MG,41912,CACHOEIRA DA PRATA,0322,2026-10-04 20:14:30,-4.174362763206502,9.880130766436615,-14.054493529643118
MG,41939,CACHOEIRA DE MINAS,0300,2026-10-04 18:41:17,-26.15950597818946,-19.954618259476774,-6.204887718712687
MG,40533,CACHOEIRA DE PAJEÚ,0213,2026-10-04 19:07:50,31.550916063059226,41.11675126903553,-9.565835205976306
MG,41955,CACHOEIRA DOURADA,0302,2026-10-04 18:16:14,9.552845528455284,37.15068493150685,-27.597839403051566
MG,41971,CAETANÓPOLIS,0206,2026-10-04 19:13:09,-17.22651605231867,-7.716749886518384,-9.509766165800285
MG,41998,CAETÉ,0056,2026-10-04 20:12:55,3.974133344247534,13.14880251276011,-9.174669168512576
MG,42013,CAIANA,0303,2026-10-04 20:07:50,4.4570744839964105,18.611287254280278,-14.154212770283866
MG,42030,CAJURI,0282,2026-10-04 20:15:33,33.223322332233224,46.530727839139054,-13.30740550690583
MG,42056,CALDAS,0345,2026-10-04 19:25:29,-24.370594159113796,-14.725519287833828,-9.645074871279968
MG,42072,CAMACHO,0296,2026-10-04 19:21:10,3.55202674467196,21.52428810720268,-17.97226136253072
MG,42099,CAMANDUCAIA,0058,2026-10-04 19:30:33,-23.806982771763987,-9.173255546173332,-14.633727225590656
MG,42137,CAMBUQUIRA,0061,2026-10-04 19:26:28,-6.132075471698113,3.0319510537049625,-9.164026525403075
MG,42110,CAMBUÍ,0059,2026-10-04 20:34:53,-21.12702482957033,-9.99242519883853,-11.1345996307318
MG,42170,CAMPANHA,0061,2026-10-04 20:10:43,-32.3263850183926,-21.087985904636053,-11.238399113756547
MG,42153,CAMPANÁRIO,0136,2026-10-04 20:32:26,26.255506607929515,35.664659564613245,-9.40915295668373
MG,42196,CAMPESTRE,0222,2026-10-04 20:21:42,-27.05266601243049,-18.770485250619554,-8.282180761810935
MG,42218,CAMPINA VERDE,0229,2026-10-04 18:59:18,-14.344996699047439,-0.29212212589521297,-14.052874573152225
MG,41807,CAMPO AZUL,0050,2026-10-04 20:50:50,44.232698094282846,60.06564551422319,-15.832947419940346
MG,42234,CAMPO BELO,0064,2026-10-04 19:09:28,-21.47846332945285,-10.739127380032318,-10.739335949420532
MG,42250,CAMPO DO MEIO,0065,2026-10-04 20:10:44,8.302485457429931,22.63408010862186,-14.331594651191928
MG,42277,CAMPO FLORIDO,0326,2026-10-04 20:30:16,-9.04276985743381,14.009561421741841,-23.05233127917565
MG,42293,CAMPOS ALTOS,0327,2026-10-04 18:30:20,-24.77517985611511,-13.387395077535922,-11.387784778579187
MG,42315,CAMPOS GERAIS,0065,2026-10-04 20:50:15,-13.939686702090953,-6.625857661778555,-7.313829040312397
MG,42374,CANA VERDE,0216,2026-10-04 19:12:08,-3.530961791831357,4.820899542149205,-8.351861333980562
MG,42331,CANAÃ,0107,2026-10-04 18:59:18,36.70886075949367,50.60776756596502,-13.898906806471352
MG,42390,CANDEIAS,0296,2026-10-04 19:16:22,-10.26533797574739,1.5566037735849056,-11.821941749332295
MG,41823,CANTAGALO,0257,2026-10-04 19:25:55,27.74703557312253,48.06201550387597,-20.314979930753438
MG,42358,CANÁPOLIS,0302,2026-10-04 19:16:25,10.699457042478441,26.86799501867995,-16.168537976201506
MG,42412,CAPARAÓ,0303,2026-10-04 20:11:23,-23.259173649234324,-13.876181762732541,-9.382991886501783
MG,42439,CAPELA NOVA,0068,2026-10-04 19:32:00,20.07499278915489,33.09587414663105,-13.020881357476156
MG,42455,CAPELINHA,0067,2026-10-04 20:40:57,-3.8093931494946722,18.908841134334217,-22.718234283828888
MG,42471,CAPETINGA,0127,2026-10-04 19:14:47,-9.930893268492449,-0.351493848857645,-9.579399419634804
MG,42498,CAPIM BRANCO,0174,2026-10-04 19:29:51,-15.047411782993937,-7.960038672252659,-7.087373110741278
MG,42510,CAPINÓPOLIS,0302,2026-10-04 19:09:56,-2.6733017011919915,18.305281485780615,-20.978583186972607
MG,40061,CAPITÃO ANDRADE,0138,2026-10-04 21:33:58,-10.253736531108794,1.5203344735841886,-11.774071004692983
MG,42536,CAPITÃO ENÉAS,0115,2026-10-04 21:25:13,33.857419771699334,44.83798882681564,-10.980569055116305
MG,42552,CAPITÓLIO,0220,2026-10-04 20:51:21,-30.232558139534884,-16.33396979691026,-13.898588342624624
MG,42579,CAPUTIRA,0002,2026-10-04 21:05:30,11.645734790409396,23.418461024870638,-11.772726234461242
MG,42617,CARANAÍBA,0068,2026-10-04 20:32:54,9.585798816568047,22.907309105757452,-13.321510289189405
MG,42633,CARANDAÍ,0068,2026-10-04 20:18:32,-1.9858246599833982,13.188752994578238,-15.174577654561636
MG,42650,CARANGOLA,0069,2026-10-04 19:23:48,1.1581676750216077,11.2488928255093,-10.090725150487692
MG,42676,CARATINGA,0071,2026-10-04 20:48:57,-15.407750714919633,-8.416748907373467,-6.991001807546166
MG,42676,CARATINGA,0072,2026-10-04 21:01:08,-6.366905021613542,1.6840906317373794,-8.050995653350922
MG,42595,CARAÍ,0196,2026-10-04 22:14:13,43.28614762386249,54.22566371681416,-10.93951609295167
MG,42692,CARBONITA,0135,2026-10-04 19:25:29,9.28391507736596,33.38273434605409,-24.098819268688132
MG,42714,CAREAÇU,0253,2026-10-04 21:05:54,-19.132589838909542,-4.07426508509541,-15.058324753814132
MG,42730,CARLOS CHAGAS,0073,2026-10-04 20:51:21,15.946812523576009,25.69848115507219,-9.751668631496182
MG,42773,CARMO DA CACHOEIRA,0281,2026-10-04 19:05:10,8.995686999383857,20.207784606379864,-11.212097606996007
MG,42790,CARMO DA MATA,0197,2026-10-04 19:13:38,9.791870372957117,23.371905274488697,-13.58003490153158
MG,42811,CARMO DE MINAS,0259,2026-10-04 18:48:52,-13.744273219491879,-0.18729096989966554,-13.556982249592213
MG,42838,CARMO DO CAJURU,0287,2026-10-04 19:05:09,-18.456811198361216,-2.2769484763018504,-16.179862722059365
MG,42854,CARMO DO PARANAÍBA,0076,2026-10-04 19:07:48,-37.79605466575969,-24.13400758533502,-13.66204708042467
MG,42870,CARMO DO RIO CLARO,0077,2026-10-04 20:38:28,-23.06124182451372,-10.599390450389434,-12.461851374124285
MG,42757,CARMÉSIA,0113,2026-10-04 20:11:53,18.275488069414315,27.069876688197297,-8.794388618782982
MG,42897,CARMÓPOLIS DE MINAS,0208,2026-10-04 19:05:09,-12.626037298117248,4.323583180987203,-16.949620479104453
MG,40088,CARNEIRINHO,0142,2026-10-04 20:11:54,-9.456503449436312,6.650951338609193,-16.107454788045505
MG,42919,CARRANCAS,0343,2026-10-04 20:50:48,-5.0914876690533015,12.967863894139887,-18.05935156319319
MG,42951,CARVALHOS,0006,2026-10-04 19:21:08,-3.5906040268456376,10.006626905235255,-13.597230932080892
MG,42935,CARVALHÓPOLIS,0164,2026-10-04 18:59:47,-18.76475216365067,-9.777082518576456,-8.987669645074213
MG,42978,CASA GRANDE,0088,2026-10-04 20:33:57,-19.150743099787686,-1.720019111323459,-17.430723988464226
MG,42994,CASCALHO RICO,0110,2026-10-04 19:07:49,-20.08501594048884,-8.012326656394453,-12.072689284094388
MG,43052,CATAGUASES,0079,2026-10-04 20:07:49,16.69855442176871,24.721429112868584,-8.022874691099876
MG,41840,CATAS ALTAS,0245,2026-10-04 20:10:43,6.636339309606637,23.10005467468562,-16.463715365078983
MG,43079,CATAS ALTAS DA NORUEGA,0087,2026-10-04 20:12:29,20.0,40.26517794836008,-20.265177948360083
MG,40100,CATUJI,0196,2026-10-04 21:14:51,39.56043956043956,53.9588355275357,-14.398395967096135
MG,41866,CATUTI,0226,2026-10-04 21:29:10,40.10002942041777,48.293460925039874,-8.193431504622104
MG,43095,CAXAMBU,0080,2026-10-04 19:21:13,-0.41844505816386307,6.886611146700833,-7.305056204864696
MG,43117,CEDRO DO ABAETÉ,0001,2026-10-04 18:40:00,-13.737373737373737,4.697986577181208,-18.435360314554945
MG,43133,CENTRAL DE MINAS,0169,2026-10-04 19:25:29,-7.348092322185586,1.5076618882847257,-8.855754210470312
MG,43150,CENTRALINA,0302,2026-10-04 19:21:10,15.380586592178771,33.66477272727273,-18.284186135093954
MG,43192,CHALÉ,0158,2026-10-04 19:22:25,-2.4993991828887285,9.14951648896603,-11.648915671854759
MG,43214,CHAPADA DO NORTE,0177,2026-10-04 22:36:49,59.31489283751603,67.50936329588015,-8.194470458364123
MG,41882,CHAPADA GAÚCHA,0320,2026-10-04 21:57:24,15.440640932265113,34.39846620865953,-18.957825276394416
MG,43230,CHIADOR,0170,2026-10-04 19:21:10,-6.9371196754563895,9.24880590534086,-16.18592558079725
MG,43176,CHÁCARA,0042,2026-10-04 17:52:45,1.142513529765484,21.97986577181208,-20.837352242046595
MG,43257,CIPOTÂNEA,0011,2026-10-04 18:47:55,16.990956426418197,37.29788983283091,-20.306933406412714
MG,43273,CLARAVAL,0127,2026-10-04 20:17:34,-41.91233017175083,-33.268590455049946,-8.643739716700885
MG,43290,CLARO DOS POÇÕES,0184,2026-10-04 21:13:26,11.98549410698096,20.171520457387885,-8.186026350406925
MG,43311,CLÁUDIO,0081,2026-10-04 20:05:06,-37.67439179061455,-25.319479278633704,-12.354912511980846
MG,43338,COIMBRA,0282,2026-10-04 20:39:57,19.570453633079083,30.48630976706171,-10.915856133982626
MG,43354,COLUNA,0257,2026-10-04 20:10:42,17.209821428571427,36.43971952047048,-19.229898091899056
MG,43370,COMENDADOR GOMES,0297,2026-10-04 18:30:42,-16.86526122823098,-9.49119373776908,-7.374067490461901
MG,43397,COMERCINHO,0175,2026-10-04 21:01:10,53.247920881096874,58.53935132683148,-5.291430445734605
MG,43419,CONCEIÇÃO DA APARECIDA,0077,2026-10-04 19:12:08,-12.5487012987013,0.06487187804086929,-12.613573176742168
MG,43036,CONCEIÇÃO DA BARRA DE MINAS,0328,2026-10-04 20:50:15,1.6375934496262015,21.10726643598616,-19.469672986359956
MG,43451,CONCEIÇÃO DAS ALAGOAS,0082,2026-10-04 18:42:16,-1.3036758282373497,16.31856467849072,-17.62224050672807
MG,43435,CONCEIÇÃO DAS PEDRAS,0099,2026-10-04 20:13:56,-15.458937198067632,5.156172533465543,-20.615109731533174
MG,43478,CONCEIÇÃO DE IPANEMA,0129,2026-10-04 22:06:54,3.7246722288438616,18.628067967275015,-14.903395738431154
MG,43494,CONCEIÇÃO DO MATO DENTRO,0083,2026-10-04 20:57:02,23.111724560999924,41.20918984280532,-18.0974652818054
MG,43516,CONCEIÇÃO DO PARÁ,0219,2026-10-04 20:51:52,-35.27825447413582,-23.784901758014477,-11.493352716121343
MG,43532,CONCEIÇÃO DO RIO VERDE,0080,2026-10-04 19:21:10,10.413245758073344,20.22890604205483,-9.815660283981487
MG,43559,CONCEIÇÃO DOS OUROS,0300,2026-10-04 19:02:25,-28.15196214862232,-19.644919168591223,-8.507042980031098
MG,41920,CONFINS,0215,2026-10-04 19:12:08,-18.13919942300757,-7.404637247569185,-10.734562175438388
MG,43575,CONGONHAL,0227,2026-10-04 20:59:41,-31.89735407525595,-20.196775075157145,-11.700579000098806
MG,43591,CONGONHAS,0085,2026-10-04 20:47:57,-1.285608583055864,10.437475333191657,-11.723083916247521
MG,43613,CONGONHAS DO NORTE,0083,2026-10-04 20:51:20,35.72704537334762,52.55005666792595,-16.82301129457833
MG,43630,CONQUISTA,0326,2026-10-04 19:29:53,-3.5166391314609395,6.012357414448669,-9.528996545909608
MG,43656,CONSELHEIRO LAFAIETE,0087,2026-10-04 20:41:26,4.356349379220213,17.016894905294087,-12.660545526073875
MG,43672,CONSELHEIRO PENA,0089,2026-10-04 21:46:23,-17.729083665338646,-9.53813484339055,-8.190948821948096
MG,43699,CONSOLAÇÃO,0205,2026-10-04 19:05:09,-20.85635359116022,-1.839587932303164,-19.016765658857057
MG,43710,CONTAGEM,0090,2026-10-04 20:51:52,-7.493383829165906,-1.2099603848330505,-6.283423444332856
MG,43710,CONTAGEM,0091,2026-10-04 19:11:11,-11.020970081372766,-6.267144209000635,-4.753825872372132
MG,43710,CONTAGEM,0093,2026-10-04 19:29:54,-10.022019083205445,-5.014070373682948,-5.007948709522497
MG,43710,CONTAGEM,0313,2026-10-04 19:29:51,-15.04639720993959,-9.661614160915706,-5.384783049023884
MG,43737,COQUEIRAL,0192,2026-10-04 19:04:43,-10.826110030072527,-1.988036593947924,-8.838073436124603
MG,43753,CORAÇÃO DE JESUS,0094,2026-10-04 21:05:54,41.59699822263182,51.80892402519094,-10.211925802559122
MG,43770,CORDISBURGO,0206,2026-10-04 20:54:31,4.050144648023144,15.179068472814993,-11.12892382479185
MG,43796,CORDISLÂNDIA,0253,2026-10-04 21:01:09,5.169258920402561,15.148563078421821,-9.97930415801926
MG,43818,CORINTO,0095,2026-10-04 20:50:15,10.874200426439232,22.947899658601752,-12.07369923216252
MG,43834,COROACI,0212,2026-10-04 19:13:09,11.767819336626676,23.064004478447472,-11.296185141820796
MG,43850,COROMANDEL,0096,2026-10-04 19:22:52,-28.927804394515118,-11.857215590880806,-17.070588803634312
MG,43877,CORONEL FABRICIANO,0097,2026-10-04 20:30:47,-18.882872216321626,-12.998808064868133,-5.884064151453494
MG,43893,CORONEL MURTA,0015,2026-10-04 21:15:51,37.03703703703704,53.90408244153785,-16.867045404500814
MG,43915,CORONEL PACHECO,0235,2026-10-04 19:30:34,8.365180467091296,19.14798206278027,-10.782801595688973
MG,43931,CORONEL XAVIER CHAVES,0232,2026-10-04 18:44:49,12.798992866135125,32.08296557811121,-19.283972711976084
MG,44016,COUTO DE MAGALHÃES DE MINAS,0101,2026-10-04 20:58:29,47.12202609363008,56.78196657598134,-9.65994048235126
MG,44032,CRISTAIS,0064,2026-10-04 20:36:26,-13.95571132706707,3.103503439449688,-17.059214766516757
MG,44075,CRISTIANO OTONI,0088,2026-10-04 19:21:44,-7.846607669616519,3.9618707179028894,-11.808478387519408
MG,44091,CRISTINA,0099,2026-10-04 18:50:08,-19.28374655647383,-12.867461783974466,-6.416284772499363
MG,44059,CRISTÁLIA,0120,2026-10-04 18:44:50,39.628571428571426,49.82394366197183,-10.195372233400406
MG,41963,CRISÓLITA,0004,2026-10-04 20:10:44,28.86962106615286,51.069182389937104,-22.199561323784245
MG,44113,CRUCILÂNDIA,0047,2026-10-04 19:22:52,-13.73571783407849,0.6896551724137931,-14.425373006492283
MG,44130,CRUZEIRO DA FORTALEZA,0211,2026-10-04 20:10:43,-29.146778042959426,-8.452072538860104,-20.69470550409932
MG,44156,CRUZÍLIA,0346,2026-10-04 19:03:22,5.599140247178936,16.636907887826908,-11.03776764064797
MG,41980,CUPARAQUE,0089,2026-10-04 20:51:21,-26.662211827597726,-17.308384310903204,-9.353827516694523
MG,44172,CURVELO,0100,2026-10-04 21:01:10,-4.299472598027975,9.78462808780018,-14.084100685828155
MG,43010,CÁSSIA,0078,2026-10-04 17:59:28,-9.623881883823687,0.4321608040201005,-10.056042687843787
MG,43958,CÓRREGO DANTA,0163,2026-10-04 18:37:18,-9.24552987352813,-1.550387596899225,-7.695142276628904
MG,43974,CÓRREGO DO BOM JESUS,0059,2026-10-04 20:34:53,-19.029733959311425,-6.2864549578742706,-12.743279001437156
MG,41947,CÓRREGO FUNDO,0114,2026-10-04 19:13:39,-29.479216435738174,-7.450784948916023,-22.02843148682215
MG,43990,CÓRREGO NOVO,0072,2026-10-04 19:32:29,19.444444444444443,32.80217644772639,-13.357732003281946
MG,41904,CÔNEGO MARINHO,0148,2026-10-04 20:30:47,58.359133126934985,67.02228544333808,-8.663152316403092
MG,44199,DATAS,0262,2026-10-04 20:54:30,46.841954844241215,55.173402120951565,-8.33144727671035
MG,44210,DELFIM MOREIRA,0134,2026-10-04 20:48:29,-16.99792960662526,-7.473663287616776,-9.524266319008483
MG,44237,DELFINÓPOLIS,0078,2026-10-04 19:29:53,-15.990241738744732,-4.677161761350673,-11.31307997739406
MG,42021,DELTA,0276,2026-10-04 19:08:52,5.7846715328467155,27.354788069073784,-21.57011653622707
MG,44253,DESCOBERTO,0258,2026-10-04 19:21:13,8.513119533527696,22.95514511873351,-14.442025585205812
MG,44270,DESTERRO DE ENTRE RIOS,0106,2026-10-04 21:02:23,-26.12670068027211,-13.666519239274658,-12.46018144099745
MG,44296,DESTERRO DO MELO,0025,2026-10-04 20:12:55,-3.936039360393604,15.188979159307666,-19.12501851970127
MG,44318,DIAMANTINA,0101,2026-10-04 20:59:41,31.286180792637673,39.713483975779056,-8.427303183141383
MG,44334,DIOGO DE VASCONCELOS,0171,2026-10-04 20:55:12,41.24673385591639,56.032939491586106,-14.786205635669717
MG,44350,DIONÍSIO,0251,2026-10-04 19:14:12,15.842231422967966,21.348071087993066,-5.5058396650251
MG,44393,DIVINO,0070,2026-10-04 20:05:06,9.745838553785573,19.521700620017715,-9.775862066232142
MG,44415,DIVINO DAS LARANJEIRAS,0117,2026-10-04 20:54:31,-5.834829443447037,2.7356624917600527,-8.570491935207091
MG,44431,DIVINOLÂNDIA DE MINAS,0283,2026-10-04 20:33:21,5.512730670404111,24.032795285677683,-18.520064615273572
MG,44377,DIVINÉSIA,0261,2026-10-04 19:02:57,26.6038229903116,40.89619965967101,-14.292376669359413
MG,44458,DIVINÓPOLIS,0102,2026-10-04 19:23:18,-20.972396568012112,-11.62641562672344,-9.345980941288671
MG,44458,DIVINÓPOLIS,0103,2026-10-04 19:07:16,-10.646518884011174,-0.07359672584322102,-10.572922158167954
MG,40126,DIVISA ALEGRE,0213,2026-10-04 21:01:08,18.475877192982455,30.53793103448276,-12.062053841500305
MG,44474,DIVISA NOVA,0055,2026-10-04 20:32:26,-1.1057173678532901,8.155080213903743,-9.260797581757032
MG,40142,DIVISÓPOLIS,0213,2026-10-04 20:48:29,20.819935691318328,36.74837628326,-15.928440591941673
MG,42048,DOM BOSCO,0329,2026-10-04 18:28:26,-22.857142857142858,-3.330809992429977,-19.52633286471288
MG,44490,DOM CAVATI,0267,2026-10-04 19:09:28,-10.594627226079082,-2.5851197982345524,-8.009507427844529
MG,44512,DOM JOAQUIM,0083,2026-10-04 20:50:11,23.911491791577443,34.16017009213324,-10.248678300555799
MG,44539,DOM SILVÉRIO,0012,2026-10-04 19:21:09,21.871088861076345,38.3578431372549,-16.48675427617856
MG,44555,DOM VIÇOSO,0099,2026-10-04 20:55:12,-10.692339205243753,-2.5806451612903225,-8.111694043953431
MG,44571,DONA EUSÉBIA,0079,2026-10-04 19:31:30,0.6476683937823834,13.473451327433628,-12.825782933651244
MG,44598,DORES DE CAMPOS,0228,2026-10-04 20:57:04,-10.837671557027923,4.113974707859772,-14.951646264887696
MG,44610,DORES DE GUANHÃES,0121,2026-10-04 21:00:23,17.988505747126435,31.01650738488271,-13.028001637756276
MG,44636,DORES DO INDAIÁ,0104,2026-10-04 18:32:18,-25.242315148158404,-14.342938364129733,-10.899376784028671
MG,44652,DORES DO TURVO,0261,2026-10-04 18:20:33,15.6153050672182,29.712628526232535,-14.097323459014335
MG,44679,DORESÓPOLIS,0220,2026-10-04 20:53:45,-23.948439620081412,-3.0080213903743314,-20.94041822970708
MG,44695,DOURADOQUARA,0181,2026-10-04 19:00:18,-2.5909932140653917,20.025188916876573,-22.616182130941965
MG,40169,DURANDÉ,0168,2026-10-04 21:01:09,7.398171238570241,19.022869022869024,-11.624697784298782
MG,44717,ELÓI MENDES,0281,2026-10-04 20:13:30,-21.482540330814786,-15.493604460478846,-5.98893587033594
MG,44733,ENGENHEIRO CALDAS,0267,2026-10-04 19:07:17,-5.5506607929515415,8.215187415032045,-13.765848207983586
MG,44750,ENGENHEIRO NAVARRO,0044,2026-10-04 20:59:41,36.86563827408898,48.554244737450844,-11.688606463361864
MG,40185,ENTRE FOLHAS,0072,2026-10-04 20:12:29,-1.756787588409765,7.357463922403596,-9.11425151081336
MG,44776,ENTRE RIOS DE MINAS,0106,2026-10-04 20:19:36,0.6065765669894647,18.223066371214518,-17.616489804225054
MG,44792,ERVÁLIA,0107,2026-10-04 19:22:53,21.11268426751062,38.0370181694685,-16.924333901957883
MG,44814,ESMERALDAS,0108,2026-10-04 19:11:40,2.1257227211219094,11.724404378622022,-9.598681657500112
MG,44830,ESPERA FELIZ,0303,2026-10-04 20:25:25,-2.0091805252464443,9.061979087740566,-11.07115961298701
MG,44857,ESPINOSA,0109,2026-10-04 22:00:32,23.354423354423353,34.96700143472023,-11.612578080296878
MG,44873,ESPÍRITO SANTO DO DOURADO,0164,2026-10-04 20:54:30,-13.050930460333007,4.841997961264016,-17.892928421597023
MG,44890,ESTIVA,0300,2026-10-04 18:51:33,-21.797478649857666,-7.233397630201157,-14.56408101965651
MG,44911,ESTRELA DALVA,0007,2026-10-04 20:10:43,20.251937984496124,28.784956605593056,-8.533018621096932
MG,44938,ESTRELA DO INDAIÁ,0104,2026-10-04 18:57:43,-8.074534161490684,2.855759922555663,-10.930294084046347
MG,44954,ESTRELA DO SUL,0110,2026-10-04 18:57:44,4.974116587891064,22.352664944822727,-17.378548356931663
MG,44970,EUGENÓPOLIS,0111,2026-10-04 18:30:20,-9.008338296605123,5.203392266781659,-14.211730563386782
MG,44997,EWBANK DA CÂMARA,0250,2026-10-04 19:12:08,21.602373887240358,38.35740072202166,-16.7550268347813
MG,45012,EXTREMA,0112,2026-10-04 19:29:53,-18.651678028316727,-7.30385377340859,-11.347824254908137
MG,45039,FAMA,0008,2026-10-04 19:16:46,-19.761499148211243,-0.34949759720401924,-19.412001551007222
MG,45055,FARIA LEMOS,0069,2026-10-04 18:39:13,15.302491103202847,27.539779681762546,-12.2372885785597
MG,45110,FELISBURGO,0149,2026-10-04 19:23:18,33.38505301267132,47.10022522522522,-13.715172212553902
MG,45136,FELIXLÂNDIA,0100,2026-10-04 20:58:28,9.590603261489337,21.66726987573893,-12.076666614249595
MG,45071,FELÍCIO DOS SANTOS,0294,2026-10-04 19:16:45,25.894872621734923,31.59910628790297,-5.704233666168047
MG,45152,FERNANDES TOURINHO,0267,2026-10-04 19:09:56,-8.514013749338973,3.280481137233461,-11.794494886572434
MG,45179,FERROS,0113,2026-10-04 20:11:53,27.47860199714693,39.28139575056141,-11.802793753414477
MG,40207,FERVEDOURO,0069,2026-10-04 19:08:20,5.766590389016018,20.650953984287316,-14.884363595271298
MG,45195,FLORESTAL,0172,2026-10-04 20:52:34,-5.502992855763661,6.965174129353234,-12.468166985116895
MG,45217,FORMIGA,0114,2026-10-04 19:29:52,-26.25229346268882,-16.97880729423361,-9.273486168455207
MG,45233,FORMOSO,0324,2026-10-04 19:08:20,5.134788189987163,28.123537669630323,-22.98874947964316
MG,45250,FORTALEZA DE MINAS,0293,2026-10-04 19:12:34,-15.35698248765155,-7.660738714090288,-7.696243773561262
MG,45276,FORTUNA DE MINAS,0322,2026-10-04 20:15:33,8.801341156747695,27.874087591240876,-19.072746434493183
MG,45292,FRANCISCO BADARÓ,0177,2026-10-04 20:13:56,29.674890477288447,46.35163307852675,-16.676742601238306
MG,45314,FRANCISCO DUMONT,0044,2026-10-04 19:14:47,16.77683349071451,28.154362416107382,-11.377528925392873
MG,45330,FRANCISCO SÁ,0115,2026-10-04 20:51:20,36.77724439349431,48.02164850435164,-11.244404110857332
MG,40223,FRANCISCÓPOLIS,0165,2026-10-04 19:32:01,26.919518963922293,44.1875,-17.267981036077707
MG,45357,FREI GASPAR,0269,2026-10-04 21:32:12,21.44765606023804,38.70002719608377,-17.252371135845728
MG,45373,FREI INOCÊNCIO,0119,2026-10-04 19:02:58,9.19225503618228,18.921196797302994,-9.728941761120714
MG,42064,FREI LAGONEGRO,0135,2026-10-04 19:09:55,24.5703125,39.26809210526316,-14.697779605263158
MG,45390,FRONTEIRA,0116,2026-10-04 20:58:29,-1.205128205128205,11.517845469996077,-12.722973675124281
MG,49352,FRONTEIRA DOS VALES,0004,2026-10-04 20:10:44,47.18657453109576,56.69236159775753,-9.505787066661775
MG,42080,FRUTA DE LEITE,0244,2026-10-04 20:14:30,49.64800536372779,60.19986216402481,-10.551856800297017
MG,45411,FRUTAL,0116,2026-10-04 20:14:29,-21.6293252021742,-7.791770489595259,-13.837554712578942
MG,45438,FUNILÂNDIA,0264,2026-10-04 20:25:54,-14.429109159347552,-1.5950256826169236,-12.83408347673063
MG,45454,GALILÉIA,0117,2026-10-04 18:44:29,-2.8014941302027747,4.059652029826015,-6.86114616002879
MG,42102,GAMELEIRAS,0180,2026-10-04 21:39:31,31.70731707317073,39.033124440465535,-7.325807367294804
MG,42129,GLAUCILÂNDIA,0184,2026-10-04 20:10:46,33.56777493606138,45.8994708994709,-12.331695963409516
MG,42145,GOIABEIRA,0089,2026-10-04 21:01:09,-23.0461811722913,-10.854503464203233,-12.191677708088065
MG,42161,GOIANÁ,0235,2026-10-04 19:16:45,1.7298937784522004,13.35693595107821,-11.627042172626009
MG,45497,GONZAGA,0003,2026-10-04 21:00:25,10.48064085447263,24.93160054719562,-14.450959692722991
MG,45470,GONÇALVES,0205,2026-10-04 18:50:08,-29.128205128205128,-18.859957776213935,-10.268247351991192
MG,45519,GOUVEIA,0101,2026-10-04 21:12:23,25.756325632563257,42.737918966213485,-16.981593333650228
MG,45535,GOVERNADOR VALADARES,0118,2026-10-04 18:46:40,-34.361431688825895,-33.10301507537689,-1.2584166134490076
MG,45535,GOVERNADOR VALADARES,0119,2026-10-04 21:27:11,-16.611431425069235,-9.97125165855816,-6.640179766511075
MG,45535,GOVERNADOR VALADARES,0318,2026-10-04 19:25:04,-24.96745881215367,-20.623271452070643,-4.344187360083026
MG,45578,GRUPIARA,0110,2026-10-04 18:44:30,-13.963636363636363,1.7656500802568218,-15.729286443893185
MG,45551,GRÃO MOGOL,0120,2026-10-04 21:14:51,37.71941063420884,50.03176216490916,-12.312351530700319
MG,45594,GUANHÃES,0121,2026-10-04 19:29:52,3.5148390342052314,14.94373039788451,-11.428891363679279
MG,45616,GUAPÉ,0122,2026-10-04 20:58:26,-29.873681468941268,-21.02857142857143,-8.845110040369839
MG,45632,GUARACIABA,0225,2026-10-04 20:58:29,32.4513755037673,43.82884418683941,-11.37746868307211
MG,42188,GUARACIAMA,0044,2026-10-04 21:05:30,59.79099278427469,67.0162558993183,-7.225263115043603
MG,45675,GUARANI,0235,2026-10-04 19:25:29,23.77098927776654,35.65018140156578,-11.879192123799243
MG,45659,GUARANÉSIA,0125,2026-10-04 19:12:08,9.357866369296534,20.5135110871712,-11.155644717874665
MG,45691,GUARARÁ,0042,2026-10-04 17:35:03,2.0592485549132946,14.420180722891565,-12.360932167978271
MG,45713,GUARDA-MOR,0295,2026-10-04 20:43:37,-24.132596685082873,1.6136687233032747,-25.746265408386147
MG,45730,GUAXUPÉ,0125,2026-10-04 19:01:45,-6.829933927032462,4.888559217265374,-11.718493144297835
MG,45756,GUIDOVAL,0275,2026-10-04 20:32:27,10.576555937380679,25.414917016596682,-14.838361079216003
MG,45772,GUIMARÂNIA,0211,2026-10-04 19:21:44,-24.867517173699706,-1.996836694345591,-22.870680479354114
MG,45799,GUIRICEMA,0284,2026-10-04 20:50:12,13.604960141718335,28.06544408486156,-14.460483943143226
MG,45810,GURINHATÃ,0141,2026-10-04 20:49:40,-16.176874485031586,1.7831870931219926,-17.960061578153578
MG,45837,HELIODORA,0159,2026-10-04 20:12:55,-1.909892262487757,15.0,-16.90989226248776
MG,45853,IAPU,0128,2026-10-04 20:59:40,-9.733623722566595,-1.1086846967915336,-8.624939025775062
MG,45870,IBERTIOGA,0024,2026-10-04 20:49:41,26.883187772925766,46.6991341991342,-19.815946426208434
MG,45918,IBIAÍ,0094,2026-10-04 22:06:54,42.51378169790518,55.152361014189346,-12.638579316284165
MG,42200,IBIRACATU,0255,2026-10-04 20:58:28,53.361981799797775,57.869884575026234,-4.507902775228459
MG,45934,IBIRACI,0127,2026-10-04 18:34:40,-19.561770217673345,-11.72423887587822,-7.837531341795126
MG,45950,IBIRITÉ,0288,2026-10-04 20:49:41,-4.023878509341593,4.698343610204328,-8.722222119545922
MG,45950,IBIRITÉ,0351,2026-10-04 20:18:06,-4.235253772290809,5.098868757472639,-9.334122529763448
MG,45977,IBITIÚRA DE MINAS,0013,2026-10-04 18:37:19,-48.51266984943077,-37.266587206992455,-11.246082642438317
MG,45993,IBITURUNA,0046,2026-10-04 19:05:09,-8.095485210171251,8.665966386554622,-16.761451596725873
MG,45896,IBIÁ,0126,2026-10-04 19:00:19,-15.926849542809643,5.804531172482222,-21.731380715291866
MG,40240,ICARAÍ DE MINAS,0252,2026-10-04 21:03:00,35.630948725821305,46.45929847782925,-10.828349752007945
MG,46019,IGARAPÉ,0041,2026-10-04 19:02:58,-10.649146891547362,0.3945435466946485,-11.043690438242011
MG,46035,IGARATINGA,0287,2026-10-04 18:54:48,-25.65966187391373,-8.230386651692603,-17.42927522222113
MG,46051,IGUATAMA,0018,2026-10-04 18:51:33,-0.9013068949977467,13.376460767946577,-14.277767662944324
MG,46094,ILICÍNEA,0122,2026-10-04 20:58:28,-5.450561490002739,7.411385606874329,-12.861947096877067
MG,42226,IMBÉ DE MINAS,0071,2026-10-04 21:01:09,8.990062398890686,21.491658488714425,-12.501596089823739
MG,46116,INCONFIDENTES,0199,2026-10-04 19:29:53,-18.73068205233876,-7.634364820846906,-11.096317231491856
MG,42242,INDAIABIRA,0266,2026-10-04 20:59:40,8.438431552396239,15.95448798988622,-7.516056437489981
MG,46132,INDIANÓPOLIS,0016,2026-10-04 19:21:44,-1.7811704834605597,13.459488272921108,-15.240658756381668
MG,46159,INGAÍ,0343,2026-10-04 19:01:20,2.3820430600091616,21.13022113022113,-18.74817807021197
MG,46175,INHAPIM,0128,2026-10-04 22:35:08,-12.133744567503154,-4.433909648633575,-7.699834918869579
MG,46191,INHAÚMA,0322,2026-10-04 19:16:25,-8.787593984962406,8.49509020324275,-17.282684188205156
MG,46213,INIMUTABA,0100,2026-10-04 20:51:52,5.031861129422105,27.35582154515778,-22.323960415735677
MG,40266,IPABA,0348,2026-10-04 20:10:43,-8.881083793276467,2.578855440254803,-11.45993923353127
MG,46230,IPANEMA,0129,2026-10-04 21:22:24,-6.244335689686424,3.3278478698116656,-9.57218355949809
MG,46256,IPATINGA,0130,2026-10-04 20:19:36,-28.74098360655738,-24.590407785970804,-4.150575820586575
MG,46256,IPATINGA,0131,2026-10-04 20:39:57,-28.696747114375654,-24.09860265717579,-4.598144457199865
MG,46256,IPATINGA,0348,2026-10-04 20:10:42,-32.09437345248598,-28.601763251263304,-3.4926102012226785
MG,46272,IPIAÇU,0141,2026-10-04 20:10:43,4.690990320178704,27.210365853658537,-22.51937553347983
MG,46299,IPUIÚNA,0345,2026-10-04 19:21:12,-24.727705922396186,-5.950032873109796,-18.777673049286392
MG,46310,IRAÍ DE MINAS,0110,2026-10-04 19:22:25,-25.43407746613242,-3.6496350364963503,-21.78444242963607
MG,46337,ITABIRA,0132,2026-10-04 21:28:37,1.9195707276581238,11.201970584444412,-9.282399856786288
MG,46353,ITABIRINHA,0169,2026-10-04 18:57:44,-3.801945181255526,5.778894472361809,-9.580839653617335
MG,46370,ITABIRITO,0133,2026-10-04 20:07:49,-4.5275953097182144,12.950646444554948,-17.478241754273164
MG,46396,ITACAMBIRA,0184,2026-10-04 20:10:43,49.370349170005724,60.283269401003245,-10.912920230997521
MG,46418,ITACARAMBI,0148,2026-10-04 20:56:25,33.272998296422486,43.90796781140202,-10.634969514979531
MG,46434,ITAGUARA,0081,2026-10-04 20:24:18,-13.706705969049374,-1.2382367508667658,-12.468469218182609
MG,46450,ITAIPÉ,0196,2026-10-04 22:06:54,20.576331552533592,39.21533818569146,-18.639006633157866
MG,46477,ITAJUBÁ,0134,2026-10-04 20:10:45,-29.857929388210835,-25.14950166112957,-4.708427727081265
MG,46493,ITAMARANDIBA,0135,2026-10-04 20:40:57,5.720226036890926,27.42793171004758,-21.707705673156653
MG,46515,ITAMARATI DE MINAS,0079,2026-10-04 19:09:56,14.58904109589041,27.48309006763973,-12.894048971749319
MG,46531,ITAMBACURI,0136,2026-10-04 20:58:28,26.70907548770144,37.81695032997568,-11.107874842274242
MG,46558,ITAMBÉ DO MATO DENTRO,0132,2026-10-04 20:52:34,26.458546571136132,37.93466807165437,-11.47612150051824
MG,46574,ITAMOGI,0260,2026-10-04 19:21:09,-14.507129572225667,-3.6420863309352516,-10.865043241290415
MG,46590,ITAMONTE,0306,2026-10-04 19:21:11,-27.547086683555456,-16.50528658875904,-11.041800094796415
MG,46612,ITANHANDU,0137,2026-10-04 18:10:54,-14.951006216415552,-3.796129850904092,-11.15487636551146
MG,46639,ITANHOMI,0138,2026-10-04 20:35:25,3.255954175459753,14.806800618238022,-11.550846442778269
MG,46655,ITAOBIM,0175,2026-10-04 21:09:23,12.18685923152358,21.906565656565657,-9.719706425042077
MG,46671,ITAPAGIPE,0297,2026-10-04 18:16:13,-19.75195822454308,-3.2186314274499543,-16.533326797093128
MG,46698,ITAPECERICA,0139,2026-10-04 18:23:32,-6.567765021619204,13.670068276925337,-20.23783329854454
MG,46710,ITAPEVA,0058,2026-10-04 19:12:08,-33.60060514372164,-19.67904036310585,-13.921564780615785
MG,46736,ITATIAIUÇU,0140,2026-10-04 20:51:52,-30.35753696755683,-15.44987146529563,-14.9076655022612
MG,46779,ITAVERAVA,0087,2026-10-04 20:45:55,10.535835405833145,27.57582773790229,-17.039992332069147
MG,54453,ITAÚ DE MINAS,0293,2026-10-04 19:07:16,-22.338864431651427,-13.383610986042322,-8.955253445609104
MG,46752,ITAÚNA,0140,2026-10-04 19:12:08,-35.557489970479146,-26.05606439078546,-9.501425579693688
MG,46795,ITINGA,0015,2026-10-04 22:23:00,46.12338740579895,57.6146288209607,-11.491241415161745
MG,46817,ITUETA,0233,2026-10-04 20:13:56,-28.242677824267783,-24.1140642303433,-4.128613593924484
MG,46833,ITUIUTABA,0141,2026-10-04 21:01:43,0.4161540131721792,16.599954153515192,-16.183800140343013
MG,46850,ITUMIRIM,0343,2026-10-04 18:23:32,-0.5028571428571429,14.566840081429541,-15.069697224286685
MG,46876,ITURAMA,0142,2026-10-04 19:10:36,-5.687047994740302,10.863407948835084,-16.550455943575386
MG,46892,ITUTINGA,0343,2026-10-04 19:08:20,2.1156025689459765,28.596677271120537,-26.48107470217456
MG,46914,JABOTICATUBAS,0143,2026-10-04 20:58:27,-0.9667571234735414,10.23378914865461,-11.200546272128152
MG,46930,JACINTO,0144,2026-10-04 19:25:04,28.434343434343436,35.00080945442772,-6.566466020084281
MG,46973,JACUTINGA,0013,2026-10-04 20:50:48,-48.43264614515674,-40.02139800285307,-8.41124814230367
MG,46957,JACUÍ,0260,2026-10-04 19:08:51,-42.95039164490861,-36.102957778279524,-6.847433866629089
MG,46990,JAGUARAÇU,0098,2026-10-04 18:58:14,-10.428455941794665,-2.125,-8.303455941794665
MG,40304,JAMPRUCA,0136,2026-10-04 19:14:11,28.031070584262075,41.89655172413793,-13.865481139875854
MG,47015,JANAÚBA,0147,2026-10-04 20:49:40,4.871186357742275,14.486366682129788,-9.615180324387513
MG,47031,JANUÁRIA,0148,2026-10-04 21:17:39,46.52847081634399,52.17481175254688,-5.64634093620289
MG,47058,JAPARAÍBA,0156,2026-10-04 20:10:42,-19.475655430711612,0.5763688760806917,-20.052024306792305
MG,42269,JAPONVAR,0050,2026-10-04 20:51:20,45.510784149807726,60.82012405237767,-15.309339902569945
MG,40282,JAÍBA,0063,2026-10-04 22:21:53,7.4701756182479135,25.09825327510917,-17.628077656861254
MG,47074,JECEABA,0338,2026-10-04 19:09:29,3.963482520596749,27.19106047326906,-23.227577952672313
MG,42285,JENIPAPO DE MINAS,0177,2026-10-04 21:09:59,35.03363228699551,51.260744985673355,-16.227112698677843
MG,47090,JEQUERI,0339,2026-10-04 20:40:58,28.930458374982152,40.187832912811885,-11.257374537829733
MG,47112,JEQUITAÍ,0310,2026-10-04 21:23:26,32.55369928400955,46.60718478516083,-14.053485501151286
MG,47139,JEQUITIBÁ,0264,2026-10-04 20:10:44,-5.153265215459796,3.697785893631591,-8.851051109091387
MG,47155,JEQUITINHONHA,0149,2026-10-04 20:15:04,46.94017094017094,54.09125669130767,-7.151085751136733
MG,47171,JESUÂNIA,0159,2026-10-04 19:22:25,-14.206811905492483,-2.384737678855326,-11.822074226637156
MG,47210,JOANÉSIA,0176,2026-10-04 19:07:14,4.374453193350831,16.949152542372882,-12.574699349022051
MG,47279,JOAQUIM FELÍCIO,0054,2026-10-04 19:26:27,6.396063960639607,19.404255319148938,-13.00819135850933
MG,47198,JOAÍMA,0149,2026-10-04 20:58:26,44.64210673763832,53.9150874100191,-9.272980672380776
MG,47295,JORDÂNIA,0144,2026-10-04 21:01:43,18.55609756097561,28.446736758579647,-9.890639197604038
MG,40924,JOSENÓPOLIS,0120,2026-10-04 18:36:18,32.86618444846293,51.0406811731315,-18.174496724668572
MG,42307,JOSÉ GONÇALVES DE MINAS,0336,2026-10-04 21:01:07,31.73228346456693,47.61326860841424,-15.880985143847308
MG,42323,JOSÉ RAYDAN,0247,2026-10-04 20:36:27,19.600725952813068,31.354642313546425,-11.753916360733356
MG,47236,JOÃO MONLEVADE,0150,2026-10-04 19:22:25,-5.098438560760353,4.639448568398728,-9.73788712915908
MG,47252,JOÃO PINHEIRO,0151,2026-10-04 20:44:48,-20.559252390822152,-0.9000404099775908,-19.65921198084456
MG,40320,JUATUBA,0172,2026-10-04 20:55:12,-3.612860457408021,3.683230536483184,-7.296090993891205
MG,47333,JUIZ DE FORA,0152,2026-10-04 19:29:49,7.687086800231266,11.3693366445507,-3.6822498443194336
MG,47333,JUIZ DE FORA,0153,2026-10-04 20:50:11,4.756260560361133,11.579139314369074,-6.822878754007942
MG,47333,JUIZ DE FORA,0315,2026-10-04 20:07:45,9.82179615361995,16.73600710046042,-6.91421094684047
MG,47333,JUIZ DE FORA,0349,2026-10-04 21:07:13,10.176373556655246,17.416284250118682,-7.239910693463436
MG,47350,JURAMENTO,0185,2026-10-04 21:13:26,27.596943107840364,41.27622880137971,-13.679285693539345
MG,47376,JURUAIA,0189,2026-10-04 19:21:10,-33.32871204769167,-17.95377677564825,-15.374935272043416
MG,40940,JUVENÍLIA,0342,2026-10-04 20:53:10,24.30204732783834,38.054794520547944,-13.752747192709602
MG,47392,LADAINHA,0270,2026-10-04 21:29:10,35.715250574091584,49.161469161469164,-13.44621858737758
MG,47414,LAGAMAR,0230,2026-10-04 21:01:07,-20.557636287973367,-5.071710663063812,-15.485925624909555
MG,47430,LAGOA DA PRATA,0156,2026-10-04 20:10:43,-28.679941002949853,-17.640511964385087,-11.039429038564766
MG,47457,LAGOA DOS PATOS,0094,2026-10-04 19:21:09,14.763552479815456,27.686116700201207,-12.922564220385752
MG,47473,LAGOA DOURADA,0228,2026-10-04 21:15:51,-10.177265402256106,3.652853004156695,-13.8301184064128
MG,47490,LAGOA FORMOSA,0330,2026-10-04 20:48:56,-23.04095453079652,-5.547813969691691,-17.493140561104827
MG,40347,LAGOA GRANDE,0230,2026-10-04 20:48:29,-5.766526019690577,17.545748116254035,-23.312274135944612
MG,47511,LAGOA SANTA,0157,2026-10-04 19:26:27,-24.354652282797147,-18.29626521191775,-6.058387070879398
MG,47538,LAJINHA,0158,2026-10-04 20:39:27,-12.489985579234098,0.3368166508334053,-12.826802230067504
MG,47554,LAMBARI,0159,2026-10-04 20:05:06,-24.908132289503115,-21.18510336121193,-3.7230289282911855
MG,47570,LAMIM,0087,2026-10-04 19:32:00,31.005044625533568,50.20809685962921,-19.20305223409564
MG,47597,LARANJAL,0201,2026-10-04 19:10:35,-6.430796617712506,4.197247706422019,-10.628044324134525
MG,47619,LASSANCE,0310,2026-10-04 21:02:22,17.806575473962084,33.74064837905237,-15.934072905090282
MG,47635,LAVRAS,0160,2026-10-04 21:02:22,-9.843081312410842,1.4336075205640424,-11.276688832974884
MG,47651,LEANDRO FERREIRA,0219,2026-10-04 20:24:55,-24.959546925566343,-8.76777251184834,-16.191774413718
MG,40967,LEME DO PRADO,0336,2026-10-04 20:59:40,36.91045796308954,49.02667627974045,-12.116218316650908
MG,47678,LEOPOLDINA,0161,2026-10-04 19:08:19,12.937207380886807,22.362745098039216,-9.425537717152409
MG,47694,LIBERDADE,0006,2026-10-04 18:37:51,12.679938744257274,30.724191063174114,-18.04425231891684
MG,47716,LIMA DUARTE,0162,2026-10-04 20:28:04,28.410634581797012,42.21556886227545,-13.804934280478435
MG,40363,LIMEIRA DO OESTE,0142,2026-10-04 19:13:10,-1.770956316410862,14.552238805970148,-16.32319512238101
MG,40380,LONTRA,0255,2026-10-04 22:05:01,32.22976328422447,50.734903488578006,-18.505140204353538
MG,40983,LUISBURGO,0070,2026-10-04 21:49:33,-19.303370786516854,-13.7669119392357,-5.536458847281155
MG,41009,LUISLÂNDIA,0050,2026-10-04 20:49:41,56.77570093457944,66.16692772432312,-9.391226789743676
MG,47732,LUMINÁRIAS,0343,2026-10-04 19:25:29,4.486036838978015,17.966002344665885,-13.479965505687868
MG,47759,LUZ,0163,2026-10-04 18:40:00,-20.484429065743946,-9.63128709018387,-10.853141975560076
MG,47775,MACHACALIS,0004,2026-10-04 20:19:02,18.40633737185461,30.056845097110376,-11.650507725255764
MG,47791,MACHADO,0164,2026-10-04 19:17:24,-26.545053531222717,-18.804328543551534,-7.740724987671182
MG,47813,MADRE DE DEUS DE MINAS,0014,2026-10-04 20:45:22,6.4174271415955255,24.860417278871584,-18.44299013727606
MG,47830,MALACACHETA,0165,2026-10-04 20:33:21,19.806618819776716,34.33096780828962,-14.524348988512905
MG,40401,MAMONAS,0109,2026-10-04 20:54:37,28.87525562372188,41.18298626495348,-12.307730641231597
MG,47856,MANGA,0166,2026-10-04 22:35:07,25.711428311664697,33.6884031122638,-7.976974800599102
MG,47872,MANHUAÇU,0167,2026-10-04 21:37:55,-16.15960427245666,-7.015858834040652,-9.143745438416008
MG,47899,MANHUMIRIM,0168,2026-10-04 18:39:12,-1.557968011933372,3.702503443247185,-5.260471455180557
MG,47910,MANTENA,0169,2026-10-04 19:11:10,-22.548197820620285,-15.146431816593276,-7.401766004027008
MG,47953,MAR DE ESPANHA,0170,2026-10-04 20:40:27,-7.01951951951952,7.4835109081684426,-14.503030427687962
MG,47937,MARAVILHAS,0219,2026-10-04 21:02:22,-25.26104417670683,-7.016848364717542,-18.244195811989286
MG,47970,MARIA DA FÉ,0099,2026-10-04 20:55:46,-22.120064899945916,-20.251704247509178,-1.8683606524367384
MG,47996,MARIANA,0171,2026-10-04 20:58:27,26.425444522509864,39.68986959829979,-13.26442507578993
MG,48011,MARILAC,0318,2026-10-04 20:54:32,14.9818401937046,35.232282129535434,-20.250441935830835
MG,48038,MARIPÁ DE MINAS,0042,2026-10-04 17:23:11,-5.792811839323467,2.7789839339991316,-8.571795773322599
MG,48054,MARLIÉRIA,0098,2026-10-04 20:12:29,-1.0444643390032826,8.153846153846153,-9.198310492849435
MG,48070,MARMELÓPOLIS,0134,2026-10-04 20:48:29,-4.437609841827768,0.623608017817372,-5.06121785964514
MG,48097,MARTINHO CAMPOS,0045,2026-10-04 19:11:09,-33.30858698341994,-14.91056113697623,-18.398025846443712
MG,41041,MARTINS SOARES,0168,2026-10-04 20:13:29,1.657550140891762,13.701220560426336,-12.043670419534575
MG,40428,MATA VERDE,0009,2026-10-04 19:14:47,10.172848397551315,20.144032921810698,-9.971184524259384
MG,48119,MATERLÂNDIA,0242,2026-10-04 18:44:49,46.31578947368421,56.27906976744186,-9.963280293757649
MG,48135,MATEUS LEME,0172,2026-10-04 20:52:34,-11.9396316338182,0.44577275720581533,-12.385404391024016
MG,54313,MATHIAS LOBATO,0119,2026-10-04 18:43:22,13.184498736310026,26.14578786556089,-12.961289129250865
MG,48151,MATIAS BARBOSA,0173,2026-10-04 19:12:07,7.377232142857143,14.961832061068701,-7.584599918211558
MG,40444,MATIAS CARDOSO,0063,2026-10-04 22:06:15,39.391663537363875,45.574039843910455,-6.18237630654658
MG,48178,MATIPÓ,0002,2026-10-04 21:31:00,2.787363950092912,13.838994881340158,-11.051630931247246
MG,48194,MATO VERDE,0180,2026-10-04 20:57:40,22.619748146404614,28.03021074430503,-5.410462597900416
MG,48216,MATOZINHOS,0174,2026-10-04 19:29:52,-5.821823836092563,5.203900709219858,-11.025724545312421
MG,48232,MATUTINA,0254,2026-10-04 19:09:56,-24.025974025974026,1.1301799916282964,-25.156154017602322
MG,48259,MEDEIROS,0021,2026-10-04 20:51:52,-24.48149654331029,-16.21737270004279,-8.264123843267498
MG,48275,MEDINA,0175,2026-10-04 21:03:01,29.341424237015886,39.276556776556774,-9.935132539540888
MG,48291,MENDES PIMENTEL,0117,2026-10-04 21:00:24,3.699487763232783,14.265456608054453,-10.56596884482167
MG,48313,MERCÊS,0239,2026-10-04 19:14:47,20.604259534422983,36.46417445482866,-15.859914920405675
MG,48330,MESQUITA,0176,2026-10-04 18:41:16,0.9943181818181818,10.301855441705898,-9.307537259887717
MG,48356,MINAS NOVAS,0177,2026-10-04 21:17:09,43.439807031649735,58.10727496917386,-14.667467937524123
MG,48372,MINDURI,0346,2026-10-04 18:09:29,0.33927056827820185,8.407437348423606,-8.068166780145404
MG,48399,MIRABELA,0185,2026-10-04 20:17:33,33.50029815146094,45.10044096031357,-11.600142808852631
MG,48410,MIRADOURO,0187,2026-10-04 20:53:44,7.640375432241067,20.665808941781922,-13.025433509540855
MG,41068,MIRAVÂNIA,0166,2026-10-04 20:59:02,41.53786707882535,53.94308943089431,-12.40522235206896
MG,48437,MIRAÍ,0187,2026-10-04 20:57:41,-10.050632911392405,0.46565774155995343,-10.516290652952359
MG,48453,MOEDA,0338,2026-10-04 20:57:02,-5.12506130456106,2.641415399950162,-7.766476704511222
MG,48470,MOEMA,0045,2026-10-04 19:13:37,-20.323325635103927,-3.285337659703914,-17.037987975400014
MG,48496,MONJOLOS,0101,2026-10-04 19:11:39,19.115815691158158,33.37670787247885,-14.260892181320695
MG,48518,MONSENHOR PAULO,0061,2026-10-04 20:16:33,-9.193804606830819,4.3023255813953485,-13.496130188226168
MG,48534,MONTALVÂNIA,0342,2026-10-04 20:07:50,31.384234791408975,41.786133960047,-10.401899168638028
MG,48550,MONTE ALEGRE DE MINAS,0179,2026-10-04 18:38:12,-5.722045326840232,12.242798353909466,-17.9648436807497
MG,48577,MONTE AZUL,0180,2026-10-04 20:40:26,20.19124678190511,24.21076711910935,-4.019520337204238
MG,48593,MONTE BELO,0195,2026-10-04 20:33:56,-11.293532338308458,4.3392015869080085,-15.632733925216467
MG,48615,MONTE CARMELO,0181,2026-10-04 20:14:30,-8.133789433675409,8.850879486126153,-16.984668919801564
MG,41084,MONTE FORMOSO,0149,2026-10-04 19:11:39,44.10220511025551,54.00149588631264,-9.899290776057128
MG,48631,MONTE SANTO DE MINAS,0182,2026-10-04 18:50:08,-17.957963239820597,-3.118433218458435,-14.839530021362162
MG,48674,MONTE SIÃO,0183,2026-10-04 19:07:48,-54.89211177927131,-47.04620226004863,-7.84590951922268
MG,48658,MONTES CLAROS,0184,2026-10-04 21:03:01,-6.651673861200833,0.22152646502835538,-6.873200326229188
MG,48658,MONTES CLAROS,0185,2026-10-04 22:11:31,-10.465279183076229,-2.416119904225878,-8.04915927885035
MG,48658,MONTES CLAROS,0317,2026-10-04 22:08:56,-4.01086344516941,5.799539578537276,-9.810403023706687
MG,40460,MONTEZUMA,0109,2026-10-04 19:25:28,27.51472320376914,38.61911987860395,-11.104396674834806
MG,48690,MORADA NOVA DE MINAS,0001,2026-10-04 21:01:07,-20.49469964664311,-3.946102021174206,-16.548597625468904
MG,48712,MORRO DA GARÇA,0100,2026-10-04 20:12:55,29.96219281663516,43.93939393939394,-13.977201122758778
MG,48739,MORRO DO PILAR,0083,2026-10-04 21:02:22,20.480061943476578,42.45504300234558,-21.974981058869005
MG,48755,MUNHOZ,0112,2026-10-04 20:59:40,-23.7427681352915,-3.5738217556399374,-20.168946379651562
MG,48771,MURIAÉ,0187,2026-10-04 20:02:14,-9.138634387748278,-2.3267873272891504,-6.811847060459128
MG,48798,MUTUM,0188,2026-10-04 20:57:40,-13.943094548659197,-0.8923485855325612,-13.050745963126635
MG,48810,MUZAMBINHO,0189,2026-10-04 18:26:26,-15.68344229892048,-5.9926772771426435,-9.690765021777837
MG,41025,MÁRIO CAMPOS,0288,2026-10-04 20:18:06,-11.785909339158929,-0.2882767456758488,-11.497632593483079
MG,48836,NACIP RAYDAN,0212,2026-10-04 19:13:39,23.499719573752103,35.60117302052786,-12.101453446775757
MG,48852,NANUQUE,0190,2026-10-04 20:53:44,-1.665389527458493,2.7322126859986797,-4.397602213457173
MG,40487,NAQUE,0003,2026-10-04 21:13:26,9.503806773431346,18.10367283146653,-8.599866058035182
MG,41106,NATALÂNDIA,0329,2026-10-04 18:59:47,6.203007518796992,27.4989274989275,-21.295919980130506
MG,48879,NATÉRCIA,0159,2026-10-04 20:05:06,-23.47107438016529,-17.550884217550884,-5.920190162614407
MG,48895,NAZARENO,0328,2026-10-04 20:50:12,12.095954462289082,34.37375745526839,-22.277802992979307
MG,48917,NEPOMUCENO,0192,2026-10-04 19:23:48,-9.382324555356405,0.37934247304671903,-9.761667028403124
MG,41122,NINHEIRA,0237,2026-10-04 20:58:29,26.441728352556378,37.39316239316239,-10.951434040606014
MG,41149,NOVA BELÉM,0169,2026-10-04 18:33:48,3.0871434153966395,13.731825525040387,-10.644682109643748
MG,48933,NOVA ERA,0193,2026-10-04 19:13:09,16.693617426043946,20.82799047444587,-4.1343730484019225
MG,48950,NOVA LIMA,0194,2026-10-04 20:33:57,-3.498430936291032,6.5524639852876065,-10.050894921578639
MG,48976,NOVA MÓDICA,0136,2026-10-04 20:07:45,14.225134926754048,26.612903225806452,-12.387768299052404
MG,48992,NOVA PONTE,0340,2026-10-04 19:21:07,-17.537855216760008,1.5052356020942408,-19.04309081885425
MG,41165,NOVA PORTEIRINHA,0147,2026-10-04 19:25:28,18.83817427385892,31.89980048769674,-13.061626213837819
MG,49018,NOVA RESENDE,0195,2026-10-04 19:24:27,-27.8955634079309,-12.78998778998779,-15.10557561794311
MG,49034,NOVA SERRANA,0298,2026-10-04 20:20:36,-50.585327783558796,-39.46672969082354,-11.118598092735255
MG,47317,NOVA UNIÃO,0056,2026-10-04 19:21:09,4.668785138108042,23.875,-19.206214861891958
MG,49050,NOVO CRUZEIRO,0196,2026-10-04 20:51:51,37.63747454175153,54.321870308143275,-16.684395766391745
MG,40509,NOVO ORIENTE DE MINAS,0269,2026-10-04 20:51:51,32.090354965937614,45.8914159941306,-13.801061028192983
MG,41181,NOVORIZONTE,0244,2026-10-04 21:01:07,12.690647482014388,26.09915809167446,-13.408510609660073
MG,49077,OLARIA,0162,2026-10-04 18:57:43,17.80502043199066,37.91079812206573,-20.10577769007507
MG,41203,OLHOS D'ÁGUA,0044,2026-10-04 20:55:45,38.39009287925697,53.97289396757906,-15.582801088322093
MG,49115,OLIVEIRA,0197,2026-10-04 19:29:54,-7.383706620723603,5.3213050908079325,-12.705011711531537
MG,49131,OLIVEIRA FORTES,0250,2026-10-04 19:10:36,28.74692874692875,47.240845796802475,-18.493917049873726
MG,49093,OLÍMPIO NORONHA,0159,2026-10-04 18:55:58,4.090685066535239,26.619433198380566,-22.528748131845326
MG,49158,ONÇA DE PITANGUI,0202,2026-10-04 19:21:08,-27.797001153402537,-14.124951493985254,-13.672049659417283
MG,41220,ORATÓRIOS,0224,2026-10-04 19:22:53,43.55979096218875,53.883643009442586,-10.323852047253837
MG,41246,ORIZÂNIA,0070,2026-10-04 20:59:03,4.84,16.022561102987257,-11.182561102987258
MG,49174,OURO BRANCO,0088,2026-10-04 21:16:32,-2.9977857264520527,7.996709173179761,-10.994494899631814
MG,49190,OURO FINO,0199,2026-10-04 18:59:20,-37.21657544956998,-28.319982562258186,-8.896592887311794
MG,49212,OURO PRETO,0200,2026-10-04 21:38:58,30.74645802495242,41.29729067559566,-10.55083265064324
MG,49239,OURO VERDE DE MINAS,0270,2026-10-04 23:26:11,11.652415987273812,24.400417101147028,-12.748001113873215
MG,41262,PADRE CARVALHO,0244,2026-10-04 20:59:03,30.751928020565554,44.199264460046805,-13.447336439481251
MG,49255,PADRE PARAÍSO,0015,2026-10-04 20:54:31,11.81273816004355,25.293246782826557,-13.480508622783008
MG,41289,PAI PEDRO,0226,2026-10-04 22:09:32,41.79254783484391,54.68327016783974,-12.890722332995828
MG,49271,PAINEIRAS,0001,2026-10-04 19:23:18,6.143572621035059,24.615877080665815,-18.472304459630756
MG,49298,PAINS,0018,2026-10-04 20:25:25,-24.04013119814779,-1.0492178557802365,-22.990913342367556
MG,49310,PAIVA,0250,2026-10-04 19:11:10,19.16842847075405,35.95505617977528,-16.786627709021232
MG,49336,PALMA,0201,2026-10-04 19:02:26,17.91083462934163,31.00523821401846,-13.09440358467683
MG,40525,PALMÓPOLIS,0009,2026-10-04 19:17:26,36.3501849568434,49.437320073279245,-13.087135116435846
MG,49379,PAPAGAIOS,0219,2026-10-04 20:58:28,-13.988964621876015,4.9929294028064835,-18.981894024682497
MG,49395,PARACATU,0203,2026-10-04 20:45:55,-27.912079144726345,-9.882362585563799,-18.029716559162544
MG,49433,PARAGUAÇU,0008,2026-10-04 21:00:24,-16.23134328358209,-4.586937544639314,-11.644405738942774
MG,49450,PARAISÓPOLIS,0205,2026-10-04 19:04:44,-19.924496644295303,-13.912185495806611,-6.012311148488692
MG,49476,PARAOPEBA,0206,2026-10-04 19:09:29,-13.6162629529404,-1.5686527661222645,-12.047610186818135
MG,49417,PARÁ DE MINAS,0202,2026-10-04 21:14:51,-34.92079386377746,-22.25010625164437,-12.67068761213309
MG,49514,PASSA QUATRO,0137,2026-10-04 20:58:26,-4.205418520016175,8.702123437189918,-12.907541957206092
MG,49530,PASSA TEMPO,0208,2026-10-04 18:48:50,1.4492753623188406,20.690298507462686,-19.241023145143846
MG,49557,PASSA VINTE,0006,2026-10-04 18:24:00,-3.9074550128534704,10.862445414847162,-14.769900427700632
MG,49492,PASSABÉM,0132,2026-10-04 17:47:45,13.780663780663781,29.3205317577548,-15.539867977091019
MG,49573,PASSOS,0209,2026-10-04 19:12:34,-12.501891423863885,-2.1708624275111164,-10.331028996352769
MG,41300,PATIS,0185,2026-10-04 20:10:43,49.986733881666225,63.51677852348993,-13.530044641823707
MG,49590,PATOS DE MINAS,0210,2026-10-04 19:21:08,-36.08074482064473,-25.39750752041255,-10.683237300232182
MG,49590,PATOS DE MINAS,0330,2026-10-04 19:29:53,-33.36742118822396,-19.86993603411514,-13.49748515410882
MG,49611,PATROCÍNIO,0211,2026-10-04 20:28:04,-30.740243854318745,-15.952020403283653,-14.788223451035092
MG,49638,PATROCÍNIO DO MURIAÉ,0111,2026-10-04 18:30:42,4.349987571464082,15.971695729087692,-11.62170815762361
MG,49654,PAULA CÂNDIDO,0282,2026-10-04 20:51:51,35.628167045255985,45.51338114395662,-9.885214098700636
MG,49670,PAULISTAS,0242,2026-10-04 21:53:32,47.03898050974513,62.4512929507616,-15.412312441016468
MG,49697,PAVÃO,0270,2026-10-04 19:23:48,26.56702025072324,39.311163895486935,-12.744143644763696
MG,49735,PEDRA AZUL,0213,2026-10-04 19:24:27,15.721605465414177,23.38399720475192,-7.662391739337744
MG,41327,PEDRA BONITA,0002,2026-10-04 21:02:23,-5.423798721385853,-0.33105274773780624,-5.0927459736480465
MG,49751,PEDRA DO ANTA,0268,2026-10-04 19:00:50,32.49619482496195,45.54953560371517,-13.053340778753224
MG,49778,PEDRA DO INDAIÁ,0249,2026-10-04 20:19:36,-26.269465132024372,-10.54532322137956,-15.724141910644812
MG,49794,PEDRA DOURADA,0111,2026-10-04 18:15:03,10.428571428571429,24.12199630314233,-13.6934248745709
MG,49816,PEDRALVA,0099,2026-10-04 20:13:55,-18.885130166200913,-9.779495990836198,-9.105634175364715
MG,40541,PEDRAS DE MARIA DA CRUZ,0148,2026-10-04 21:02:22,49.32322685435842,56.546014632268005,-7.222787777909588
MG,49832,PEDRINÓPOLIS,0291,2026-10-04 17:51:34,-17.635658914728683,2.179276315789474,-19.814935230518156
MG,49859,PEDRO LEOPOLDO,0215,2026-10-04 19:21:07,-12.960343795898384,-4.972686375321337,-7.9876574205770465
MG,49875,PEDRO TEIXEIRA,0162,2026-10-04 19:29:52,33.71743486973948,54.06525116519938,-20.3478162954599
MG,49891,PEQUERI,0042,2026-10-04 17:26:36,8.307210031347962,18.04757998359311,-9.740369952245148
MG,49913,PEQUI,0202,2026-10-04 19:22:24,-10.920970752955819,2.5703369225425496,-13.49130767549837
MG,49930,PERDIGÃO,0298,2026-10-04 20:21:42,-49.93993993993994,-44.51674337406761,-5.423196565872331
MG,49956,PERDIZES,0291,2026-10-04 18:09:26,-29.16051569727389,-9.644879053010808,-19.515636644263083
MG,49972,PERDÕES,0216,2026-10-04 18:54:49,-17.718236819360413,-5.892912894161723,-11.82532392519869
MG,40568,PERIQUITO,0318,2026-10-04 20:33:56,-1.3845466726217062,8.243486073674752,-9.628032746296459
MG,49999,PESCADOR,0136,2026-10-04 21:01:08,25.620188195038494,32.298136645962735,-6.677948450924241
MG,49719,PEÇANHA,0212,2026-10-04 21:48:53,17.23545298305917,34.58141999293536,-17.34596700987619
MG,50016,PIAU,0235,2026-10-04 20:58:27,17.819043856183328,30.357142857142858,-12.53809900095953
MG,41343,PIEDADE DE CARATINGA,0071,2026-10-04 19:29:51,-16.901160745691172,-3.8716615880982257,-13.029499157592946
MG,50032,PIEDADE DE PONTE NOVA,0339,2026-10-04 20:54:33,32.535364526659414,42.13926776740847,-9.603903240749055
MG,50059,PIEDADE DO RIO GRANDE,0024,2026-10-04 20:24:17,6.921487603305785,21.736086804340218,-14.814599201034433
MG,50075,PIEDADE DOS GERAIS,0047,2026-10-04 22:44:35,-11.092851273623666,6.08354359405663,-17.176394867680294
MG,50091,PIMENTA,0114,2026-10-04 20:13:29,-27.352013360549268,-6.049548684463223,-21.302464676086046
MG,41360,PINGO D'ÁGUA,0072,2026-10-04 21:53:32,18.307952622673437,28.802375453645663,-10.494422830972226
MG,41386,PINTÓPOLIS,0285,2026-10-04 18:57:44,35.56168159889731,49.181929181929185,-13.620247583031876
MG,50113,PIRACEMA,0208,2026-10-04 19:01:45,1.9425675675675675,23.712707182320443,-21.770139614752875
MG,50130,PIRAJUBA,0082,2026-10-04 19:10:35,-9.374122930115071,10.493827160493828,-19.8679500906089
MG,50156,PIRANGA,0217,2026-10-04 20:07:48,21.785346896788205,33.629893238434164,-11.844546341645959
MG,50199,PIRANGUINHO,0051,2026-10-04 20:56:24,-15.192582025677604,-2.725942188071716,-12.466639837605888
MG,50172,PIRANGUÇU,0051,2026-10-04 20:56:26,-22.57087806220754,-16.97635135135135,-5.59452671085619
MG,50210,PIRAPETINGA,0007,2026-10-04 19:08:20,3.2467532467532467,13.722684703433924,-10.475931456680676
MG,50237,PIRAPORA,0218,2026-10-04 20:41:25,-13.155298520156489,-6.873553831495848,-6.28174468866064
MG,50253,PIRAÚBA,0239,2026-10-04 20:56:24,8.520055325034578,19.826038934143313,-11.305983609108734
MG,50270,PITANGUI,0219,2026-10-04 19:29:52,-35.04752620034122,-22.501499700059988,-12.54602650028123
MG,50296,PIUMHI,0220,2026-10-04 20:12:55,-33.4172738962709,-23.103429709793787,-10.313844186477112
MG,50318,PLANURA,0116,2026-10-04 20:51:51,-8.12057321693296,3.3169741072939583,-11.43754732422692
MG,50377,POCRANE,0129,2026-10-04 22:06:54,0.3704389701796629,7.875628374604357,-7.505189404424694
MG,50393,POMPÉU,0223,2026-10-04 20:52:33,-1.5616743967592321,17.950046040515655,-19.51172043727489
MG,50415,PONTE NOVA,0224,2026-10-04 20:10:44,27.571242147431033,35.331111433125635,-7.759869285694602
MG,41408,PONTO CHIQUE,0218,2026-10-04 19:17:24,48.23848238482385,60.73277578653923,-12.494293401715382
MG,40584,PONTO DOS VOLANTES,0175,2026-10-04 20:58:28,27.19053098799934,41.07559107559108,-13.885060087591736
MG,50431,PORTEIRINHA,0226,2026-10-04 22:09:32,21.82932578972183,30.748805098247477,-8.919479308525649
MG,50458,PORTO FIRME,0217,2026-10-04 21:51:18,21.35100606834877,35.51995163240629,-14.16894556405752
MG,50474,POTÉ,0270,2026-10-04 21:40:31,10.742609949531362,20.926680244399186,-10.184070294867825
MG,50490,POUSO ALEGRE,0227,2026-10-04 20:53:09,-22.20439189189189,-13.855965345045425,-8.348426546846467
MG,50512,POUSO ALTO,0306,2026-10-04 20:07:49,-16.83493777882132,-8.310055865921788,-8.524881912899533
MG,50334,POÇO FUNDO,0164,2026-10-04 20:25:54,-12.34746639089969,5.151515151515151,-17.498981542414842
MG,50350,POÇOS DE CALDAS,0222,2026-10-04 19:21:07,-18.1387736014497,-13.910109853342998,-4.228663748106701
MG,50350,POÇOS DE CALDAS,0350,2026-10-04 20:29:13,-16.852340656781305,-11.85342762413998,-4.998913032641324
MG,50539,PRADOS,0228,2026-10-04 19:25:03,12.21671388101983,28.30752990851513,-16.0908160274953
MG,50555,PRATA,0229,2026-10-04 19:12:08,-11.288787359604036,11.223323170731707,-22.512110530335743
MG,50598,PRATINHA,0327,2026-10-04 19:09:55,-35.50080775444265,-21.52746761947298,-13.973340134969668
MG,50571,PRATÁPOLIS,0293,2026-10-04 18:20:12,-12.544202493951238,1.303230543318649,-13.847433037269887
MG,50610,PRESIDENTE BERNARDES,0217,2026-10-04 20:07:48,28.15610267155579,40.97659199597282,-12.820489324417029
MG,50636,PRESIDENTE JUSCELINO,0100,2026-10-04 20:18:05,20.153256704980844,38.64433190494741,-18.491075199966563
MG,50652,PRESIDENTE KUBITSCHEK,0262,2026-10-04 20:52:34,56.16983635559487,70.18433179723502,-14.01449544164015
MG,50679,PRESIDENTE OLEGÁRIO,0230,2026-10-04 19:24:27,-16.26360338573156,2.9499561018437226,-19.21355948757528
MG,50717,PRUDENTE DE MORAIS,0174,2026-10-04 20:51:20,-9.806068188927119,2.767730775279132,-12.57379896420625
MG,50733,QUARTEL GERAL,0104,2026-10-04 19:32:29,0.10905125408942203,22.879078694817657,-22.770027440728235
MG,50750,QUELUZITO,0088,2026-10-04 19:16:25,2.3223409196470044,15.052160953800298,-12.729820034153294
MG,50776,RAPOSOS,0194,2026-10-04 20:46:59,15.417158598976782,27.662190278040477,-12.245031679063695
MG,50792,RAUL SOARES,0231,2026-10-04 19:03:23,13.61055700475679,22.852784134248665,-9.242227129491875
MG,50814,RECREIO,0201,2026-10-04 21:47:03,19.16562667142093,26.505202114958212,-7.3395754435372815
MG,41424,REDUTO,0167,2026-10-04 21:04:11,-4.633920296570899,9.681146025878004,-14.315066322448903
MG,50830,RESENDE COSTA,0232,2026-10-04 18:26:27,-3.2288958817895743,14.573557825006901,-17.802453706796477
MG,50857,RESPLENDOR,0233,2026-10-04 19:31:03,-28.226998749004892,-24.812201229228318,-3.414797519776574
MG,50873,RESSAQUINHA,0025,2026-10-04 20:38:57,17.902452776994643,29.501021301429823,-11.59856852443518
MG,40606,RIACHINHO,0329,2026-10-04 19:07:50,12.311212814645309,32.86063569682152,-20.54942288217621
MG,50890,RIACHO DOS MACHADOS,0226,2026-10-04 21:00:23,27.50090285301553,44.37233450769516,-16.87143165467963
MG,50911,RIBEIRÃO DAS NEVES,0286,2026-10-04 20:10:43,-1.809959997681025,7.857094510750626,-9.66705450843165
MG,50911,RIBEIRÃO DAS NEVES,0321,2026-10-04 19:23:47,-3.5130296399443006,5.06832006877597,-8.581349708720271
MG,50938,RIBEIRÃO VERMELHO,0216,2026-10-04 19:02:57,9.545628102329133,20.323325635103927,-10.777697532774795
MG,50954,RIO ACIMA,0194,2026-10-04 20:24:18,2.138132594985387,15.604953006116665,-13.466820411131277
MG,50970,RIO CASCA,0234,2026-10-04 19:00:18,25.36051026067665,33.8510553564317,-8.49054509575505
MG,51012,RIO DO PRADO,0149,2026-10-04 20:13:56,44.10582719356999,59.2031029619182,-15.097275768348204
MG,50997,RIO DOCE,0225,2026-10-04 19:23:18,30.470347648261757,35.8520062532569,-5.381658604995145
MG,51039,RIO ESPERA,0011,2026-10-04 18:59:19,13.005408189544166,27.295724766000507,-14.290316576456341
MG,51055,RIO MANSO,0047,2026-10-04 19:02:58,0.4782146652497343,18.094188928669787,-17.615974263420053
MG,51071,RIO NOVO,0235,2026-10-04 18:57:43,8.45703125,19.59010339734121,-11.13307214734121
MG,51098,RIO PARANAÍBA,0254,2026-10-04 20:57:05,-16.480377545951317,8.056133056133056,-24.536510602084373
MG,51110,RIO PARDO DE MINAS,0237,2026-10-04 20:58:29,17.848590900718364,23.360544217687075,-5.511953316968711
MG,51136,RIO PIRACICABA,0150,2026-10-04 19:17:27,13.11437758383096,25.746560787383963,-12.632183203553003
MG,51152,RIO POMBA,0239,2026-10-04 20:32:54,9.36668964837979,18.491415705037998,-9.124726056658208
MG,51179,RIO PRETO,0240,2026-10-04 20:55:46,17.250740375123396,32.510595861381205,-15.259855486257809
MG,51195,RIO VERMELHO,0294,2026-10-04 19:21:44,27.14209686003193,42.61824324324324,-15.476146383211312
MG,51217,RITÁPOLIS,0232,2026-10-04 18:20:13,14.886363636363637,30.949656750572082,-16.063293114208445
MG,51233,ROCHEDO DE MINAS,0258,2026-10-04 20:13:29,-4.764173415912339,3.5790598290598292,-8.343233244972168
MG,51250,RODEIRO,0275,2026-10-04 21:07:46,-6.78482942633886,8.900116595413914,-15.684946021752776
MG,51276,ROMARIA,0110,2026-10-04 19:30:33,10.863095238095237,31.26491646778043,-20.401821229685194
MG,51292,RUBELITA,0244,2026-10-04 19:21:09,50.497835497835496,65.84015939783042,-15.342323899994923
MG,51314,RUBIM,0009,2026-10-04 19:00:15,37.74407976734524,46.36835278858625,-8.62427302124101
MG,51330,SABARÁ,0241,2026-10-04 21:24:01,-1.5970533241484022,5.701610253039763,-7.298663577188165
MG,51357,SABINÓPOLIS,0242,2026-10-04 19:07:50,34.13638757240653,47.23409768104677,-13.097710108640243
MG,51373,SACRAMENTO,0243,2026-10-04 19:00:49,-22.143644975021086,-10.01280237180783,-12.130842603213257
MG,51390,SALINAS,0244,2026-10-04 20:22:15,15.550876589893434,26.47667709113333,-10.925800501239895
MG,51411,SALTO DA DIVISA,0144,2026-10-04 20:44:19,23.76828904150493,36.417206835592225,-12.648917794087296
MG,51438,SANTA BÁRBARA,0245,2026-10-04 20:32:54,16.898984684219585,27.997575490412167,-11.098590806192583
MG,40649,SANTA BÁRBARA DO LESTE,0071,2026-10-04 21:01:07,-6.723011909335383,3.7155188590729966,-10.438530768408379
MG,41440,SANTA BÁRBARA DO MONTE VERDE,0240,2026-10-04 19:07:16,12.701386286998876,28.063872255489024,-15.362485968490148
MG,51454,SANTA BÁRBARA DO TUGÚRIO,0025,2026-10-04 19:12:08,32.44846970643348,52.58413461538461,-20.135664908951135
MG,41467,SANTA CRUZ DE MINAS,0328,2026-10-04 21:23:26,-14.636601570364405,-4.843247588424437,-9.793353981939969
MG,41483,SANTA CRUZ DE SALINAS,0175,2026-10-04 20:51:20,54.179357021996616,65.72349570200574,-11.54413868000912
MG,51470,SANTA CRUZ DO ESCALVADO,0225,2026-10-04 19:21:13,35.57010365521004,43.74657158529896,-8.176467930088918
MG,51497,SANTA EFIGÊNIA DE MINAS,0283,2026-10-04 20:53:45,16.305587229190422,35.17671517671518,-18.871127947524755
MG,51519,SANTA FÉ DE MINAS,0285,2026-10-04 19:07:51,42.04545454545455,52.302492606675116,-10.25703806122057
MG,41505,SANTA HELENA DE MINAS,0004,2026-10-04 21:02:23,36.98271346254584,48.91579836665728,-11.933084904111439
MG,51535,SANTA JULIANA,0340,2026-10-04 20:11:23,-21.304052524337784,0.8811650960714723,-22.185217620409258
MG,51551,SANTA LUZIA,0246,2026-10-04 19:29:51,-5.16840171463564,2.804001690855291,-7.972403405490931
MG,51551,SANTA LUZIA,0312,2026-10-04 20:10:45,-7.340287522173096,0.6275043471686701,-7.967791869341766
MG,51578,SANTA MARGARIDA,0002,2026-10-04 21:02:23,-0.2419432884931772,1.6918245365211224,-1.9337678250142996
MG,51594,SANTA MARIA DE ITABIRA,0113,2026-10-04 20:58:29,24.59901540416071,38.02553721582062,-13.42652181165991
MG,51616,SANTA MARIA DO SALTO,0144,2026-10-04 19:07:48,17.677642980935875,25.25573192239859,-7.578088941462713
MG,51632,SANTA MARIA DO SUAÇUÍ,0247,2026-10-04 19:00:19,20.833333333333332,33.60578855688061,-12.77245522354728
MG,51837,SANTA RITA DE CALDAS,0345,2026-10-04 19:08:20,-33.9208700543784,-21.693607641440117,-12.22726241293828
MG,51870,SANTA RITA DE IBITIPOCA,0024,2026-10-04 21:47:40,28.535459504825848,48.11093247588425,-19.5754729710584
MG,51853,SANTA RITA DE JACUTINGA,0240,2026-10-04 19:12:34,9.101654846335697,26.979825353809094,-17.8781705074734
MG,40665,SANTA RITA DE MINAS,0071,2026-10-04 20:10:43,-6.906636670416198,0.11523392486748099,-7.021870595283679
MG,51896,SANTA RITA DO ITUETO,0233,2026-10-04 20:12:30,-24.914043903729173,-12.930310663308145,-11.983733240421028
MG,51918,SANTA RITA DO SAPUCAÍ,0248,2026-10-04 19:13:38,-34.87972508591065,-26.46216079555031,-8.417564290360339
MG,51934,SANTA ROSA DA SERRA,0327,2026-10-04 18:50:09,-11.046511627906977,11.101585940848693,-22.14809756875567
MG,51950,SANTA VITÓRIA,0308,2026-10-04 18:47:53,4.760019008395375,20.453125,-15.693105991604625
MG,51659,SANTANA DA VARGEM,0273,2026-10-04 18:51:33,-7.179930795847751,9.851694915254237,-17.031625711101988
MG,51675,SANTANA DE CATAGUASES,0079,2026-10-04 20:15:33,-5.732484076433121,5.9371362048894065,-11.669620281322526
MG,51691,SANTANA DE PIRAPAMA,0264,2026-10-04 20:16:06,0.24394820791893412,21.688954020882946,-21.445005812964013
MG,51713,SANTANA DO DESERTO,0173,2026-10-04 20:50:15,17.984832069339113,34.37735849056604,-16.392526421226925
MG,51730,SANTANA DO GARAMBÉU,0162,2026-10-04 19:24:28,27.479579929988333,44.76409666283084,-17.284516732842505
MG,51756,SANTANA DO JACARÉ,0296,2026-10-04 20:40:27,0.13675213675213677,11.427590940288264,-11.290838803536127
MG,51772,SANTANA DO MANHUAÇU,0167,2026-10-04 21:33:59,7.03125,22.465066284485847,-15.433816284485847
MG,40681,SANTANA DO PARAÍSO,0130,2026-10-04 20:50:15,-23.2182830964652,-16.001382408847416,-7.216900687617784
MG,51799,SANTANA DO RIACHO,0143,2026-10-04 22:16:45,15.046728971962617,29.041556569781406,-13.994827597818789
MG,51810,SANTANA DOS MONTES,0088,2026-10-04 20:12:29,9.697821503865073,25.584642233856894,-15.88682072999182
MG,51993,SANTO ANTÔNIO DO AVENTUREIRO,0170,2026-10-04 20:43:37,3.2646048109965635,16.418992388546574,-13.154387577550011
MG,52019,SANTO ANTÔNIO DO GRAMA,0234,2026-10-04 18:51:33,31.365576102418206,46.4569650881438,-15.09138898572559
MG,52035,SANTO ANTÔNIO DO ITAMBÉ,0262,2026-10-04 20:13:55,42.6704014939309,57.142857142857146,-14.472455648926243
MG,52051,SANTO ANTÔNIO DO JACINTO,0144,2026-10-04 20:30:47,10.249494268374916,25.289089994972347,-15.039595726597431
MG,52078,SANTO ANTÔNIO DO MONTE,0249,2026-10-04 21:03:01,-47.942732648615,-40.86613153806318,-7.07660111055182
MG,41521,SANTO ANTÔNIO DO RETIRO,0237,2026-10-04 21:02:22,35.23950200464233,43.306716768435884,-8.067214763793551
MG,52094,SANTO ANTÔNIO DO RIO ABAIXO,0083,2026-10-04 19:25:57,16.895874263261298,31.712473572938688,-14.81659930967739
MG,52116,SANTO HIPÓLITO,0095,2026-10-04 20:10:44,31.596558317399616,44.71057884231537,-13.114020524915755
MG,52132,SANTOS DUMONT,0250,2026-10-04 20:17:33,18.918123275068996,26.3986013986014,-7.480478123532404
MG,53074,SAPUCAÍ-MIRIM,0205,2026-10-04 19:10:36,-18.787185354691076,-4.404964711608664,-14.382220643082412
MG,53090,SARDOÁ,0283,2026-10-04 21:01:06,4.480286738351254,20.81268582755203,-16.332399089200777
MG,40800,SARZEDO,0288,2026-10-04 22:16:14,-18.56207204525156,-6.210026820713844,-12.352045224537719
MG,40827,SEM PEIXE,0012,2026-10-04 20:56:24,28.92758211317768,43.31634653077224,-14.388764417594562
MG,40843,SENADOR AMARAL,0059,2026-10-04 21:52:19,-33.25343212028764,-10.89820359281437,-22.355228527473272
MG,53112,SENADOR CORTES,0170,2026-10-04 19:25:30,13.29509906152242,27.128503437334743,-13.833404375812323
MG,53139,SENADOR FIRMINO,0261,2026-10-04 18:21:13,25.072379849449913,40.690630048465266,-15.618250199015353
MG,53155,SENADOR JOSÉ BENTO,0227,2026-10-04 19:11:40,-25.026624068157613,-12.27967097532315,-12.746953092834463
MG,53198,SENHORA DE OLIVEIRA,0217,2026-10-04 21:12:23,28.24446067689311,47.5296442687747,-19.285183591881594
MG,53210,SENHORA DO PORTO,0121,2026-10-04 19:29:52,18.453510436432637,31.51658767772512,-13.063077241292483
MG,53236,SENHORA DOS REMÉDIOS,0025,2026-10-04 21:03:40,14.969580531540185,35.74367088607595,-20.774090354535762
MG,53252,SERICITA,0339,2026-10-04 20:53:10,-6.094641870742037,-2.825870646766169,-3.2687712239758677
MG,53279,SERITINGA,0006,2026-10-04 18:50:08,2.1868787276341948,22.198429693076374,-20.01155096544218
MG,53295,SERRA AZUL DE MINAS,0294,2026-10-04 18:28:25,29.43159922928709,51.41080822572932,-21.979208996442228
MG,53317,SERRA DA SAUDADE,0104,2026-10-04 18:33:48,-17.757009345794394,-2.699662542182227,-15.057346803612166
MG,53350,SERRA DO SALITRE,0211,2026-10-04 20:48:57,-25.30567385629894,-7.481778967722743,-17.8238948885762
MG,53333,SERRA DOS AIMORÉS,0190,2026-10-04 19:23:18,20.72562358276644,29.447388342165027,-8.721764759398589
MG,53376,SERRANIA,0008,2026-10-04 19:14:47,-3.3537921964050854,7.080213903743315,-10.434006100148402
MG,53392,SERRANOS,0346,2026-10-04 17:48:36,9.39297124600639,22.94154619736015,-13.54857495135376
MG,42382,SERRANÓPOLIS DE MINAS,0226,2026-10-04 19:23:48,32.33766233766234,44.42141623488774,-12.0837538972254
MG,53414,SERRO,0262,2026-10-04 21:09:22,37.40284360189573,49.1562729273661,-11.753429325470371
MG,53430,SETE LAGOAS,0263,2026-10-04 20:57:41,-22.031262356011283,-13.365130911305053,-8.66613144470623
MG,53430,SETE LAGOAS,0264,2026-10-04 20:05:06,-17.068682351544414,-6.5982633075036015,-10.470419044040813
MG,53430,SETE LAGOAS,0322,2026-10-04 20:57:41,-22.931818181818183,-13.782035332172182,-9.149782849646002
MG,42404,SETUBINHA,0165,2026-10-04 21:49:32,41.43894846074023,59.89524878413767,-18.456300323397443
MG,53457,SILVEIRÂNIA,0239,2026-10-04 19:07:51,20.016715419974926,38.867924528301884,-18.85120910832696
MG,53473,SILVIANÓPOLIS,0248,2026-10-04 20:10:42,-21.586149120357444,-9.680065627563577,-11.906083492793867
MG,53511,SIMONÉSIA,0167,2026-10-04 21:09:59,-4.107873424062787,6.918018412976765,-11.025891837039552
MG,53490,SIMÃO PEREIRA,0173,2026-10-04 20:50:12,4.841936774709884,16.76967449526164,-11.927737720551756
MG,53538,SOBRÁLIA,0267,2026-10-04 20:13:56,2.143092647543686,7.826086956521739,-5.682994308978053
MG,53554,SOLEDADE DE MINAS,0259,2026-10-04 18:23:32,-9.771197846567969,-0.7062516348417474,-9.064946211726221
MG,52159,SÃO BENTO ABADE,0272,2026-10-04 19:22:52,-3.7974683544303796,7.250163291966035,-11.047631646396415
MG,52175,SÃO BRÁS DO SUAÇUÍ,0106,2026-10-04 19:21:11,12.020841086713807,29.868173258003768,-17.847332171289963
MG,41548,SÃO DOMINGOS DAS DORES,0128,2026-10-04 20:56:25,-9.936389559113842,-1.4393939393939394,-8.496995619719902
MG,52191,SÃO DOMINGOS DO PRATA,0251,2026-10-04 20:53:45,14.86284289276808,27.89899952358266,-13.03615663081458
MG,52213,SÃO FRANCISCO,0252,2026-10-04 20:48:29,30.328470983314094,38.93470915234531,-8.606238169031219
MG,52230,SÃO FRANCISCO DE PAULA,0197,2026-10-04 19:07:51,15.518744551002616,28.665064452698275,-13.146319901695659
MG,52256,SÃO FRANCISCO DE SALES,0297,2026-10-04 18:57:43,10.741258741258742,23.770491803278688,-13.029233062019946
MG,52272,SÃO FRANCISCO DO GLÓRIA,0069,2026-10-04 18:59:19,17.064106534530815,33.09815950920245,-16.03405297467164
MG,41564,SÃO FÉLIX DE MINAS,0117,2026-10-04 20:47:57,-7.09992486851991,10.578583765112263,-17.678508633632173
MG,52299,SÃO GERALDO,0284,2026-10-04 20:53:10,24.759437453737974,36.21711745090774,-11.45767999716977
MG,52310,SÃO GERALDO DA PIEDADE,0283,2026-10-04 22:49:10,20.42833607907743,34.66722830665543,-14.238892227578003
MG,41580,SÃO GERALDO DO BAIXIO,0117,2026-10-04 20:29:13,-5.710549258936355,12.038303693570452,-17.74885295250681
MG,52337,SÃO GONÇALO DO ABAETÉ,0210,2026-10-04 20:16:34,-9.519160361239932,7.640681466184822,-17.159841827424753
MG,52353,SÃO GONÇALO DO PARÁ,0103,2026-10-04 19:21:45,-21.912001169419675,-3.1604415545138362,-18.751559614905837
MG,52370,SÃO GONÇALO DO RIO ABAIXO,0022,2026-10-04 20:59:40,-0.05546311702717693,22.254707051806808,-22.310170168833984
MG,45098,SÃO GONÇALO DO RIO PRETO,0101,2026-10-04 21:00:23,45.87426326129666,58.154943934760446,-12.280680673463785
MG,52396,SÃO GONÇALO DO SAPUCAÍ,0253,2026-10-04 21:02:22,-9.75240402816688,-0.8819489626256054,-8.870455065541275
MG,52418,SÃO GOTARDO,0254,2026-10-04 19:07:11,-38.97096759063834,-18.59769771266258,-20.37326987797576
MG,41629,SÃO JOAQUIM DE BICAS,0041,2026-10-04 20:10:42,-0.005570099704784716,11.654849328944037,-11.660419428648822
MG,41645,SÃO JOSÉ DA BARRA,0010,2026-10-04 19:31:02,-14.260143198090692,1.8303843807199511,-16.090527578810644
MG,40789,SÃO JOSÉ DA LAPA,0311,2026-10-04 20:12:29,-13.784428820228342,-3.507293354943274,-10.277135465285069
MG,52590,SÃO JOSÉ DA SAFIRA,0247,2026-10-04 19:16:23,18.922700244840854,26.160337552742615,-7.23763730790176
MG,52612,SÃO JOSÉ DA VARGINHA,0202,2026-10-04 20:48:29,-13.684913217623498,5.415033843961525,-19.099947061585024
MG,52639,SÃO JOSÉ DO ALEGRE,0051,2026-10-04 20:57:41,-30.905797101449274,-15.009041591320072,-15.896755510129202
MG,52655,SÃO JOSÉ DO DIVINO,0169,2026-10-04 19:14:12,-11.722386796445196,0.3952569169960474,-12.117643713441243
MG,52671,SÃO JOSÉ DO GOIABAL,0251,2026-10-04 19:03:59,27.025462962962962,39.82246709519437,-12.797004132231407
MG,52698,SÃO JOSÉ DO JACURI,0212,2026-10-04 20:10:42,26.522216127262755,43.07692307692308,-16.554706949660325
MG,52710,SÃO JOSÉ DO MANTIMENTO,0158,2026-10-04 19:07:17,11.355633802816902,23.32089552238806,-11.965261719571158
MG,52434,SÃO JOÃO BATISTA DO GLÓRIA,0010,2026-10-04 19:25:57,-26.072675015397248,-12.46830092983939,-13.604374085557858
MG,40703,SÃO JOÃO DA LAGOA,0094,2026-10-04 20:53:45,35.68398727465536,51.2106874478152,-15.526700173159838
MG,52450,SÃO JOÃO DA MATA,0164,2026-10-04 18:50:08,-31.51668779045205,-18.21396993810787,-13.30271785234418
MG,52477,SÃO JOÃO DA PONTE,0255,2026-10-04 20:53:10,53.67430922986478,63.6602572969982,-9.985948067133421
MG,41602,SÃO JOÃO DAS MISSÕES,0166,2026-10-05 00:47:00,40.1123595505618,53.614910566661656,-13.502551016099858
MG,52493,SÃO JOÃO DEL REI,0328,2026-10-04 21:00:24,-7.017007452703994,-0.19851302507631516,-6.818494427627678
MG,40720,SÃO JOÃO DO MANHUAÇU,0167,2026-10-04 21:37:29,-12.715373313743823,-1.4732965009208103,-11.242076812823013
MG,40746,SÃO JOÃO DO MANTENINHA,0169,2026-10-04 19:25:03,-3.514766902611667,5.132450331125828,-8.647217233737495
MG,52515,SÃO JOÃO DO ORIENTE,0128,2026-10-04 20:53:09,1.195526417277285,12.529597474348856,-11.33407105707157
MG,40762,SÃO JOÃO DO PACUÍ,0094,2026-10-04 20:10:43,46.39321074964639,55.595280657847695,-9.202069908201302
MG,52531,SÃO JOÃO DO PARAÍSO,0237,2026-10-04 20:51:21,-0.3453689167974882,9.92433573816646,-10.269704654963949
MG,52558,SÃO JOÃO EVANGELISTA,0257,2026-10-04 19:31:03,30.459307010475424,45.86343509671405,-15.404128086238625
MG,52574,SÃO JOÃO NEPOMUCENO,0258,2026-10-04 18:43:20,-2.176834184359043,7.033798773326374,-9.210632957685416
MG,52736,SÃO LOURENÇO,0259,2026-10-04 18:27:20,-27.259030173268307,-22.97180892717306,-4.287221246095246
MG,52752,SÃO MIGUEL DO ANTA,0268,2026-10-04 19:25:29,28.55017006802721,40.35827186512118,-11.808101797093972
MG,52779,SÃO PEDRO DA UNIÃO,0125,2026-10-04 18:57:45,-21.751501738855517,-8.801020408163266,-12.95048133069225
MG,52817,SÃO PEDRO DO SUAÇUÍ,0212,2026-10-04 20:52:35,19.204260651629074,30.533656761673743,-11.32939611004467
MG,52795,SÃO PEDRO DOS FERROS,0234,2026-10-04 19:12:08,37.628512679917755,47.945516458569806,-10.317003778652051
MG,52833,SÃO ROMÃO,0285,2026-10-04 20:07:49,24.206866579747935,41.26081019572144,-17.053943615973505
MG,52850,SÃO ROQUE DE MINAS,0220,2026-10-04 20:45:21,-48.4360625574977,-44.64069683038955,-3.7953657271081482
MG,52876,SÃO SEBASTIÃO DA BELA VISTA,0248,2026-10-04 20:56:25,-18.45275840202917,-0.4608294930875576,-17.99192890894161
MG,42340,SÃO SEBASTIÃO DA VARGEM ALEGRE,0284,2026-10-04 20:53:44,3.7165082108902334,17.188208616780045,-13.471700405889813
MG,42366,SÃO SEBASTIÃO DO ANTA,0128,2026-10-04 21:02:23,-13.842718928305631,1.8513476722025592,-15.69406660050819
MG,52892,SÃO SEBASTIÃO DO MARANHÃO,0247,2026-10-04 19:25:03,18.762733839599925,29.59847036328872,-10.835736523688794
MG,52914,SÃO SEBASTIÃO DO OESTE,0139,2026-10-04 20:30:48,-9.24170616113744,6.838294448913918,-16.080000610051357
MG,52930,SÃO SEBASTIÃO DO PARAÍSO,0260,2026-10-04 18:59:20,-17.762846070203807,-6.530025965416275,-11.232820104787532
MG,52957,SÃO SEBASTIÃO DO RIO PRETO,0113,2026-10-04 20:11:53,-0.9036144578313253,15.092879256965944,-15.99649371479727
MG,52973,SÃO SEBASTIÃO DO RIO VERDE,0259,2026-10-04 18:26:27,-23.54685646500593,-17.625681405208965,-5.9211750597969655
MG,53031,SÃO THOMÉ DAS LETRAS,0272,2026-10-04 20:49:41,27.426050856253244,41.864139020537124,-14.43808816428388
MG,52990,SÃO TIAGO,0232,2026-10-04 20:47:27,-5.102763997165131,12.5,-17.60276399716513
MG,53015,SÃO TOMÁS DE AQUINO,0260,2026-10-04 18:35:13,-12.24013081055828,0.27926460321154295,-12.519395413769823
MG,53058,SÃO VICENTE DE MINAS,0346,2026-10-04 18:18:01,3.3483258370814593,11.251189343482398,-7.902863506400939
MG,53570,TABULEIRO,0239,2026-10-04 19:22:25,12.336573918873617,26.20058804312316,-13.864014124249545
MG,53597,TAIOBEIRAS,0266,2026-10-04 20:46:59,-21.531292278398556,-11.253780442510745,-10.277511835887811
MG,42420,TAPARUBA,0129,2026-10-04 22:06:54,10.354317165462676,22.086570477247502,-11.732253311784826
MG,53619,TAPIRA,0017,2026-10-04 20:43:09,-48.29443447037702,-37.3197625106022,-10.974671959774817
MG,53635,TAPIRAÍ,0021,2026-10-04 19:15:22,-2.772277227722772,12.867898699520875,-15.640175927243646
MG,53651,TAQUARAÇU DE MINAS,0056,2026-10-04 20:10:45,-13.73913043478261,-3.165098374679213,-10.574032060103397
MG,53678,TARUMIRIM,0267,2026-10-04 20:57:40,-3.7415417274777765,9.549852755574253,-13.29139448305203
MG,53694,TEIXEIRAS,0268,2026-10-04 18:43:21,21.12954186413902,34.27733129225667,-13.147789428117648
MG,53716,TEÓFILO OTONI,0269,2026-10-04 21:17:09,0.5532164220796032,3.398733831796103,-2.8455174097165
MG,53732,TIMÓTEO,0098,2026-10-04 20:15:33,-20.517496865382423,-15.886117854778195,-4.631379010604228
MG,53759,TIRADENTES,0328,2026-10-04 20:57:41,-2.942278860569715,9.166666666666666,-12.108945527236381
MG,53775,TIROS,0254,2026-10-04 20:11:54,-46.760999336723415,-27.852028639618137,-18.90897069710528
MG,53791,TOCANTINS,0275,2026-10-04 22:12:14,-1.4680744092508797,10.643344203972724,-12.111418613223604
MG,42587,TOCOS DO MOJI,0227,2026-10-04 19:29:52,-2.5212636695018227,14.820691843859093,-17.341955513360915
MG,53813,TOLEDO,0112,2026-10-04 19:29:50,-31.902848794740688,-16.75514971331493,-15.14769908142576
MG,53830,TOMBOS,0111,2026-10-04 18:12:23,0.5541754251863176,15.024445280180519,-14.470269854994202
MG,53856,TRÊS CORAÇÕES,0272,2026-10-04 20:45:22,-20.534871258325467,-14.579045613363327,-5.95582564496214
MG,41157,TRÊS MARIAS,0309,2026-10-04 19:16:45,-8.910312591294186,3.8510173583170477,-12.761329949611234
MG,53872,TRÊS PONTAS,0273,2026-10-04 18:54:49,-2.653648017251707,9.677045283237664,-12.330693300489372
MG,53899,TUMIRITINGA,0138,2026-10-04 21:09:22,4.036939313984169,18.316698138656594,-14.279758824672426
MG,53910,TUPACIGUARA,0274,2026-10-04 19:01:20,-1.015727391874181,13.872909698996656,-14.888637090870837
MG,53937,TURMALINA,0336,2026-10-04 20:17:05,25.826848249027236,43.83902522738974,-18.012176978362504
MG,53953,TURVOLÂNDIA,0253,2026-10-04 21:02:22,-13.864628820960698,-1.1376896149358227,-12.726939206024875
MG,40860,UBAPORANGA,0071,2026-10-04 20:14:30,-14.527967603138446,-8.656518861681006,-5.87144874145744
MG,53996,UBAÍ,0050,2026-10-04 21:28:37,47.07602339181287,54.56373762376238,-7.487714231949511
MG,54011,UBERABA,0276,2026-10-04 20:50:49,-10.453394080546724,-0.5954577476601026,-9.857936332886622
MG,54011,UBERABA,0326,2026-10-04 20:11:23,-16.569410053505568,-9.052400376529652,-7.517009676975915
MG,54011,UBERABA,0347,2026-10-04 19:21:08,-10.536556890596877,0.822001873324505,-11.358558763921382
MG,54038,UBERLÂNDIA,0278,2026-10-04 20:19:36,-9.59658281917418,-0.4866083002612528,-9.109974518912928
MG,54038,UBERLÂNDIA,0279,2026-10-04 20:58:29,-11.68437720237605,-3.5887451560364676,-8.095632046339581
MG,54038,UBERLÂNDIA,0299,2026-10-04 21:27:42,-14.731775081977805,-5.968682540193962,-8.763092541783843
MG,54038,UBERLÂNDIA,0314,2026-10-04 19:25:03,-7.484861022304133,1.898440092930634,-9.383301115234767
MG,54038,UBERLÂNDIA,0335,2026-10-04 20:14:30,-9.223427655370392,-0.1353506137130567,-9.088077041657336
MG,53970,UBÁ,0275,2026-10-04 21:46:23,-2.9297839213154595,7.154522267280767,-10.084306188596226
MG,54054,UMBURATIBA,0073,2026-10-04 19:11:39,24.852388620504563,44.922547332185886,-20.070158711681323
MG,54070,UNAÍ,0280,2026-10-04 20:40:58,-34.572910566385005,-15.059225315580148,-19.513685250804855
MG,42447,UNIÃO DE MINAS,0142,2026-10-04 18:23:32,4.08421052631579,22.93577981651376,-18.851569290197972
MG,42463,URUANA DE MINAS,0320,2026-10-04 20:23:15,-9.125620465826652,8.107012565869477,-17.23263303169613
MG,40886,URUCUIA,0320,2026-10-04 20:13:56,15.952466690673388,30.17819505652424,-14.22572836585085
MG,54097,URUCÂNIA,0339,2026-10-04 20:10:42,21.974417841915383,31.71932052706779,-9.744902685152407
MG,40908,VARGEM ALEGRE,0072,2026-10-04 19:21:13,1.8796992481203008,12.567105905319668,-10.687406657199368
MG,54119,VARGEM BONITA,0220,2026-10-04 20:51:21,-26.02892102335929,-15.069222577209798,-10.95969844614949
MG,42480,VARGEM GRANDE DO RIO PARDO,0237,2026-10-04 20:55:12,-3.251514185527574,1.2662445851382873,-4.5177587706658615
MG,54135,VARGINHA,0281,2026-10-04 19:07:14,-22.830337226085817,-16.270890527940487,-6.559446698145329
MG,42501,VARJÃO DE MINAS,0210,2026-10-04 18:59:47,-12.257160024033647,9.423977203338083,-21.681137227371728
MG,54178,VARZELÂNDIA,0255,2026-10-04 22:54:29,47.114556416881996,52.45480494766889,-5.340248530786894
MG,54194,VAZANTE,0295,2026-10-04 19:21:09,-9.647692056760723,10.661157024793388,-20.30884908155411
MG,42528,VERDELÂNDIA,0147,2026-10-04 20:12:29,38.275650215031746,49.88154210639673,-11.605891891364983
MG,42544,VEREDINHA,0336,2026-10-04 20:44:19,26.08233731739708,48.10305775764439,-22.020720440247313
MG,42560,VERMELHO NOVO,0231,2026-10-04 19:07:50,7.71123872026251,17.379077615298087,-9.667838895035576
MG,54232,VERÍSSIMO,0347,2026-10-04 19:21:08,2.730819245773732,18.787322002756085,-16.056502756982354
MG,54259,VESPASIANO,0311,2026-10-04 20:31:15,-7.338883285411053,1.4047240349025611,-8.743607320313615
MG,54291,VIEIRAS,0187,2026-10-04 20:53:44,7.392,19.218025182239895,-11.826025182239896
MG,54330,VIRGEM DA LAPA,0015,2026-10-04 21:57:24,33.56068826538521,45.0827349359975,-11.52204667061229
MG,54372,VIRGINÓPOLIS,0283,2026-10-04 19:21:45,16.71485363209252,36.99432221433641,-20.279468582243886
MG,54399,VIRGOLÂNDIA,0247,2026-10-04 18:44:51,35.39107950872657,47.18120805369127,-11.790128544964702
MG,54356,VIRGÍNIA,0137,2026-10-04 20:21:05,0.7290400972053463,7.595385980479148,-6.866345883273802
MG,54410,VISCONDE DO RIO BRANCO,0284,2026-10-04 20:59:40,6.7899086559373645,18.670242678548256,-11.880334022610892
MG,54275,VIÇOSA,0282,2026-10-04 20:54:30,28.671313247165735,36.950972049486154,-8.27965880232042
MG,54437,VOLTA GRANDE,0007,2026-10-04 19:07:17,18.998330550918197,29.39791456441305,-10.399584013494852
MG,54151,VÁRZEA DA PALMA,0310,2026-10-04 21:42:16,-3.7563131313131315,11.925079160628991,-15.681392291942123
MG,54216,WENCESLAU BRAZ,0134,2026-10-04 20:48:28,-15.022091310751104,-3.081510934393638,-11.940580376357467
MG,40118,ÁGUA BOA,0067,2026-10-04 20:12:55,15.122526536495872,29.785500950312244,-14.662974413816372
MG,40134,ÁGUA COMPRIDA,0347,2026-10-04 19:21:10,-20.909540286702917,-10.222729868646487,-10.68681041805643
MG,40177,ÁGUAS FORMOSAS,0004,2026-10-04 20:21:04,6.923734447715832,17.942878831008635,-11.019144383292803
MG,40193,ÁGUAS VERMELHAS,0213,2026-10-04 21:01:09,31.02531822632536,42.1740467404674,-11.148728514142043
MS,55018,ALCINÓPOLIS,0038,2026-10-04 18:13:10,-14.739069111424541,6.9581749049429655,-21.697244016367506
MS,90115,AMAMBAI,0001,2026-10-04 19:07:07,-20.399522310281185,-8.966612044244162,-11.432910266037023
MS,90131,ANASTÁCIO,0049,2026-10-04 19:32:20,-16.767021769337656,-2.489438744719372,-14.277583024618284
MS,90158,ANAURILÂNDIA,0006,2026-10-04 18:24:00,-10.004321521175454,9.249945331292368,-19.254266852467822
MS,91693,ANGÉLICA,0027,2026-10-04 19:20:54,-12.970232253843637,3.760356915232632,-16.730589169076268
MS,90174,ANTÔNIO JOÃO,0052,2026-10-04 19:20:54,-25.95328065956716,-1.4388489208633093,-24.51443173870385
MS,90190,APARECIDA DO TABOADO,0024,2026-10-04 18:31:50,-25.746076191879744,-16.45740921735208,-9.288666974527665
MS,90212,AQUIDAUANA,0010,2026-10-04 19:20:54,-6.626338201934175,1.2462264881182754,-7.87256469005245
MS,91715,ARAL MOREIRA,0019,2026-10-04 19:22:08,-16.98476343223737,-2.4979184013322233,-14.486845030905146
MS,90298,BANDEIRANTES,0034,2026-10-04 18:29:08,-22.663121292697895,-3.2320205479452055,-19.43110074475269
MS,90379,BATAGUASSU,0006,2026-10-04 18:33:52,-19.612131816856227,-7.4994485699580915,-12.112683246898136
MS,90395,BATAYPORÃ,0005,2026-10-04 20:07:29,-15.942760942760943,-1.029729280850357,-14.913031661910585
MS,90417,BELA VISTA,0017,2026-10-04 19:22:08,-23.521355816143114,-10.499700008571184,-13.02165580757193
MS,98019,BODOQUENA,0015,2026-10-04 18:30:14,-13.162286191072173,1.08,-14.242286191072173
MS,90433,BONITO,0030,2026-10-04 18:38:25,-30.84193059663805,-16.8240537886228,-14.017876808015252
MS,90450,BRASILÂNDIA,0041,2026-10-04 17:51:49,-30.488578680203045,-13.548180214846882,-16.94039846535616
MS,90557,CAARAPÓ,0028,2026-10-04 20:10:47,-30.855159356263805,-18.059231253938247,-12.795928102325558
MS,90492,CAMAPUÃ,0014,2026-10-04 18:43:12,-27.00237410970886,-8.283599904511817,-18.718774205197043
MS,90514,CAMPO GRANDE,0008,2026-10-04 19:22:08,-27.705564784053156,-20.673554137546844,-7.032010646506311
MS,90514,CAMPO GRANDE,0035,2026-10-04 19:20:53,-24.88460112984198,-18.593550777546504,-6.291050352295475
MS,90514,CAMPO GRANDE,0036,2026-10-04 18:43:13,-35.98441601242953,-31.921120320091454,-4.063295692338073
MS,90514,CAMPO GRANDE,0044,2026-10-04 18:32:09,-22.770393010582165,-15.914577786361692,-6.855815224220473
MS,90514,CAMPO GRANDE,0053,2026-10-04 18:55:34,-19.216460032786564,-11.799086412514068,-7.417373620272496
MS,90514,CAMPO GRANDE,0054,2026-10-04 18:33:52,-28.829813759901796,-23.201847642789062,-5.627966117112734
MS,90530,CARACOL,0017,2026-10-04 18:19:21,-27.186364906398435,-6.3891298063024,-20.797235100096035
MS,90573,CASSILÂNDIA,0003,2026-10-04 18:46:30,-37.28623493131483,-24.328536071133925,-12.957698860180905
MS,91782,CHAPADÃO DO SUL,0048,2026-10-04 18:41:07,-49.03370256893707,-37.91303198519693,-11.120670583740143
MS,90611,CORGUINHO,0040,2026-10-04 18:38:25,-14.250538627269929,-1.0731052984574112,-13.177433328812517
MS,98590,CORONEL SAPUCAIA,0019,2026-10-04 19:29:33,-7.234575634199812,0.0,-7.234575634199812
MS,90638,CORUMBÁ,0007,2026-10-04 19:07:37,-3.4590808552469894,3.4262972050990483,-6.885378060346038
MS,90638,CORUMBÁ,0050,2026-10-04 21:03:36,-6.172478352445588,-0.1168939604787086,-6.05558439196688
MS,98035,COSTA RICA,0038,2026-10-04 18:55:33,-34.821715387086414,-16.478656582489425,-18.34305880459699
MS,90654,COXIM,0012,2026-10-04 18:37:14,-18.846912132999414,-4.554211709301081,-14.292700423698331
MS,91758,DEODÁPOLIS,0039,2026-10-04 19:20:54,-17.29256533874651,-5.060548119821543,-12.232017218924966
MS,91804,DOIS IRMÃOS DO BURITI,0049,2026-10-04 19:20:54,16.861014812480303,30.46912784136708,-13.608113028886777
MS,98051,DOURADINA,0018,2026-10-04 19:24:37,-28.557213930348258,-16.792168674698797,-11.765045255649461
MS,90735,DOURADOS,0018,2026-10-04 19:08:55,-31.046530974432923,-19.734844792290446,-11.311686182142477
MS,90735,DOURADOS,0043,2026-10-04 19:30:35,-29.297453622063905,-20.432556466941794,-8.864897155122112
MS,91731,ELDORADO,0025,2026-10-04 20:37:46,-28.55265319533432,-17.032612205360024,-11.520040989974294
MS,55069,FIGUEIRÃO,0014,2026-10-04 18:25:53,-17.193486590038315,-0.4158004158004158,-16.7776861742379
MS,90751,FÁTIMA DO SUL,0004,2026-10-04 19:15:24,-16.69536631183469,-3.2777821657057102,-13.417584146128979
MS,90794,GLÓRIA DE DOURADOS,0039,2026-10-04 19:26:02,-19.114955914157377,-3.6060554516074164,-15.508900462549962
MS,90816,GUIA LOPES DA LAGUNA,0022,2026-10-04 18:43:12,-20.753033547466096,-5.87705065801334,-14.875982889452755
MS,90859,IGUATEMI,0025,2026-10-04 18:47:42,-28.540364229410166,-16.37726913970008,-12.163095089710087
MS,90875,INOCÊNCIA,0023,2026-10-04 18:22:10,-26.87597417056335,-11.203412662775033,-15.672561507788316
MS,90891,ITAPORÃ,0043,2026-10-04 18:59:25,-36.05279475595712,-23.769441903019214,-12.28335285293791
MS,98078,ITAQUIRAÍ,0025,2026-10-04 19:22:32,-4.032913449817148,11.170373352118345,-15.203286801935493
MS,90930,IVINHEMA,0027,2026-10-04 19:20:54,-31.80767452612113,-16.93176653898591,-14.875907987135218
MS,55034,JAPORÃ,0033,2026-10-04 20:13:47,37.422934648582,43.14895570346569,-5.726021054883688
MS,90972,JARAGUARI,0034,2026-10-04 18:24:56,-7.772965580123091,2.9633350075339027,-10.736300587656993
MS,90999,JARDIM,0022,2026-10-04 18:34:55,-31.237168276176718,-20.416988416988417,-10.8201798591883
MS,91014,JATEÍ,0004,2026-10-04 18:42:04,-13.74924288310115,0.3013863773357444,-14.050629260436894
MS,91820,JUTI,0028,2026-10-04 18:48:40,-7.661290322580645,7.197625525599802,-14.858915848180448
MS,91030,LADÁRIO,0050,2026-10-04 18:46:30,-5.224407463439234,1.640316205533597,-6.864723668972831
MS,55026,LAGUNA CARAPÃ,0043,2026-10-04 20:58:12,-31.30081300813008,-16.88009313154831,-14.42071987658177
MS,91073,MARACAJU,0016,2026-10-04 20:10:47,-48.077606109039245,-29.564736259682775,-18.51286984935647
MS,91111,MIRANDA,0015,2026-10-04 20:16:25,11.960909284045039,22.324994744586924,-10.364085460541885
MS,91790,MUNDO NOVO,0033,2026-10-04 18:54:38,-29.631031220435194,-20.77447871624868,-8.856552504186514
MS,91138,NAVIRAÍ,0002,2026-10-04 18:30:34,-34.44278792396571,-26.186949114880377,-8.255838809085333
MS,91154,NIOAQUE,0045,2026-10-04 19:30:35,-12.044029182132343,-1.5304831773336707,-10.513546004798673
MS,55000,NOVA ALVORADA DO SUL,0011,2026-10-04 18:12:08,-17.47011183956807,-5.09901906348325,-12.371092776084819
MS,91235,NOVA ANDRADINA,0005,2026-10-04 20:10:47,-24.731094842746717,-11.684514166041016,-13.046580676705702
MS,55042,NOVO HORIZONTE DO SUL,0027,2026-10-04 18:34:55,-9.591024249004706,5.375603032391454,-14.96662728139616
MS,91251,PARANAÍBA,0013,2026-10-04 19:12:40,-21.374966496917715,-9.04831366308624,-12.326652833831474
MS,91847,PARANHOS,0001,2026-10-04 20:48:25,9.949579831932773,17.72381896266931,-7.774239130736536
MS,55050,PARAÍSO DAS ÁGUAS,0048,2026-10-04 18:37:15,-50.27534823453191,-34.07035175879397,-16.204996475737943
MS,91278,PEDRO GOMES,0026,2026-10-04 18:54:38,-16.22590766472434,-1.4235705950991833,-14.802337069625155
MS,91316,PONTA PORÃ,0019,2026-10-04 18:55:34,-38.66725605039231,-24.736869942349394,-13.930386108042917
MS,91316,PONTA PORÃ,0052,2026-10-04 19:20:53,-26.833151240830343,-16.073756751722854,-10.759394489107489
MS,91375,PORTO MURTINHO,0020,2026-10-04 20:51:48,-9.03593027392387,-1.8380345768880801,-7.197895697035791
MS,91413,RIBAS DO RIO PARDO,0032,2026-10-04 18:25:53,-21.465154563746115,-4.807402192497234,-16.657752371248883
MS,91430,RIO BRILHANTE,0011,2026-10-04 18:47:42,-28.590778848658505,-11.880040056922995,-16.71073879173551
MS,91456,RIO NEGRO,0040,2026-10-04 18:31:49,-17.8117048346056,-2.055256064690027,-15.756448769915572
MS,91472,RIO VERDE DE MATO GROSSO,0021,2026-10-04 18:37:14,-24.67034048415666,-9.812505948415343,-14.857834535741318
MS,91499,ROCHEDO,0034,2026-10-04 18:11:00,-25.04192286193404,-6.165004533091569,-18.87691832884247
MS,91863,SANTA RITA DO PARDO,0041,2026-10-04 18:17:47,-23.82569326542162,-2.967032967032967,-20.858660298388653
MS,98116,SELVÍRIA,0009,2026-10-04 19:22:32,-1.1679420056383407,19.98792270531401,-21.15586471095235
MS,98132,SETE QUEDAS,0033,2026-10-04 18:38:41,-35.443722943722946,-21.716514954486346,-13.7272079892366
MS,91570,SIDROLÂNDIA,0031,2026-10-04 19:17:17,-17.423233668240325,-7.035376980950857,-10.387856687289467
MS,91880,SONORA,0026,2026-10-04 18:37:14,-22.39019164385192,-8.532879542968276,-13.857312100883645
MS,98094,SÃO GABRIEL DO OESTE,0040,2026-10-04 19:12:40,-45.51357733175915,-32.28087587618634,-13.232701455572808
MS,98159,TACURU,0033,2026-10-04 19:11:43,20.066815144766146,32.849020846494,-12.782205701727854
MS,98175,TAQUARUSSU,0005,2026-10-04 19:08:55,-1.1053540587219344,13.969521044992742,-15.074875103714676
MS,91596,TERENOS,0054,2026-10-04 19:10:03,-9.214951474968771,1.2506154603643524,-10.465566935333124
MS,91650,TRÊS LAGOAS,0009,2026-10-04 18:42:04,-26.90808190790629,-17.748611455053595,-9.159470452852695
MS,91650,TRÊS LAGOAS,0051,2026-10-04 19:05:09,-22.524556516639787,-10.654827968923419,-11.869728547716369
MS,91901,VICENTINA,0004,2026-10-04 19:10:45,1.5618314077877622,19.60612691466083,-18.04429550687307
MS,90034,ÁGUA CLARA,0023,2026-10-04 18:12:08,-28.80966072455434,-9.314695695200395,-19.494965029353946
MT,90018,ACORIZAL,0001,2026-10-04 19:28:53,-1.485733580955597,14.001096691646865,-15.486830272602461
MT,89877,ALTA FLORESTA,0024,2026-10-04 20:23:46,-48.133971291866025,-37.378056929039154,-10.755914362826871
MT,90050,ALTO ARAGUAIA,0008,2026-10-04 18:43:14,-34.399623662236856,-20.985233041070604,-13.414390621166252
MT,90042,ALTO BOA VISTA,0015,2026-10-04 18:11:01,-52.70142180094787,-46.13518197573657,-6.566239825211298
MT,90077,ALTO GARÇAS,0045,2026-10-04 17:51:32,-34.27878052479903,-18.482941371315004,-15.795839153484028
MT,90093,ALTO PARAGUAI,0007,2026-10-04 19:10:37,10.297332750327941,23.197700132684652,-12.90036738235671
MT,98612,ALTO TAQUARI,0008,2026-10-04 18:54:41,-41.18454935622318,-28.938967136150236,-12.245582220072944
MT,90263,APIACÁS,0050,2026-10-04 18:32:11,-42.34639263540998,-20.64825930372149,-21.69813333168849
MT,98639,ARAGUAIANA,0009,2026-10-04 18:15:01,-18.866328257191203,3.5217391304347827,-22.388067387625984
MT,90239,ARAGUAINHA,0008,2026-10-04 18:43:13,-10.47008547008547,18.55036855036855,-29.020454020454018
MT,89893,ARAPUTANGA,0041,2026-10-04 19:11:43,-49.529924329282274,-38.5377358490566,-10.992188480225671
MT,90255,ARENÁPOLIS,0017,2026-10-04 19:00:11,-25.11566424322538,-14.256960751425696,-10.858703491799682
MT,90271,ARIPUANÃ,0011,2026-10-04 19:14:52,-57.49368631890621,-46.42466652088345,-11.069019798022758
MT,90336,BARRA DO BUGRES,0013,2026-10-04 20:57:08,-10.699491064031246,3.28208671618587,-13.981577780217116
MT,90352,BARRA DO GARÇAS,0009,2026-10-04 19:30:18,-26.478544377687292,-17.481401162615583,-8.99714321507171
MT,90310,BARÃO DE MELGAÇO,0038,2026-10-04 20:07:45,19.948942377826405,28.057994690626913,-8.109052312800507
MT,90905,BOM JESUS DO ARAGUAIA,0053,2026-10-04 19:15:07,-36.44214162348877,-18.409554325662686,-18.032587297826087
MT,90468,BRASNORTE,0056,2026-10-04 19:29:35,-49.82154807048851,-41.63200391485197,-8.18954415563654
MT,98655,CAMPINÁPOLIS,0026,2026-10-04 21:09:31,12.046426389737324,16.411318150448587,-4.364891760711263
MT,90484,CAMPO NOVO DO PARECIS,0060,2026-10-04 20:53:13,-47.58573032737324,-32.54525873121698,-15.040471596156259
MT,90506,CAMPO VERDE,0012,2026-10-04 20:51:50,-46.01315328637584,-34.13453371836249,-11.878619568013349
MT,90743,CAMPOS DE JÚLIO,0042,2026-10-04 19:15:07,-50.21618282890673,-39.09754825247783,-11.118634576428903
MT,90085,CANABRAVA DO NORTE,0028,2026-10-04 19:04:13,-45.36535859269283,-33.398361295357006,-11.966997297335823
MT,91936,CANARANA,0031,2026-10-04 19:20:55,-61.21593291404612,-53.03685758781796,-8.179075326228158
MT,90760,CARLINDA,0024,2026-10-04 20:49:30,-27.103266248762786,-11.43865842894969,-15.664607819813096
MT,90549,CASTANHEIRA,0035,2026-10-04 18:42:05,-42.56864079872929,-28.4167468719923,-14.151893926736992
MT,90590,CHAPADA DOS GUIMARÃES,0034,2026-10-04 19:25:19,-5.974025974025974,3.2250358337314857,-9.19906180775746
MT,90522,CLÁUDIA,0032,2026-10-04 20:07:46,-56.052670956157414,-46.26744563453424,-9.785225321623173
MT,98671,COCALINHO,0030,2026-10-04 18:15:17,-28.78048780487805,-9.436929852154766,-19.343557952723284
MT,89788,COLNIZA,0011,2026-10-04 21:01:00,-57.330827067669176,-46.41156183281327,-10.919265234855906
MT,89796,COLÍDER,0023,2026-10-04 19:17:18,-64.30884323358642,-57.02964652223489,-7.279196711351524
MT,99015,COMODORO,0061,2026-10-04 20:11:07,-42.04825209256524,-32.870417645256815,-9.177834447308427
MT,90280,CONFRESA,0028,2026-10-04 20:25:37,-51.69064748201439,-35.287035863642124,-16.403611618372267
MT,91006,CONQUISTA D'OESTE,0061,2026-10-04 19:07:21,-50.96719932716569,-40.24563060935286,-10.72156871781283
MT,90425,COTRIGUAÇU,0048,2026-10-04 19:29:35,-47.033459813728875,-37.05541770057899,-9.978042113149883
MT,90670,CUIABÁ,0001,2026-10-04 20:58:13,-32.18131317615128,-28.87932145711413,-3.3019917190371473
MT,90670,CUIABÁ,0039,2026-10-04 19:10:57,-22.925628655129977,-18.893808764318138,-4.031819890811839
MT,90670,CUIABÁ,0051,2026-10-04 19:25:19,-20.903679429211433,-15.55536371386332,-5.348315715348113
MT,90670,CUIABÁ,0055,2026-10-04 19:20:54,-19.9411752258829,-12.752960872368584,-7.188214353514317
MT,89800,CURVELÂNDIA,0018,2026-10-04 19:08:09,-31.70169881946444,-22.118003025718608,-9.583695793745832
MT,90476,CÁCERES,0006,2026-10-04 21:02:29,-10.660153097943429,0.010763335773022775,-10.670916433716451
MT,98337,DENISE,0013,2026-10-04 20:25:17,-17.15181370353784,-6.645497845316398,-10.506315858221441
MT,90697,DIAMANTINO,0007,2026-10-04 19:07:22,-36.043956043956044,-21.3715977304498,-14.672358313506244
MT,90719,DOM AQUINO,0012,2026-10-04 19:22:37,-29.276859504132233,-9.366391184573002,-19.91046831955923
MT,90786,FELIZ NATAL,0036,2026-10-04 18:31:50,-41.97623986422779,-27.861579414374447,-14.114660449853346
MT,99031,FIGUEIRÓPOLIS D'OESTE,0041,2026-10-04 18:27:05,-59.670964873277015,-48.156899810964084,-11.51406506231293
MT,90824,GAÚCHA DO NORTE,0057,2026-10-04 19:11:20,-35.65358154593282,-34.08975012748598,-1.5638314184468456
MT,90778,GENERAL CARNEIRO,0009,2026-10-04 20:53:53,-9.033801974274605,2.3293963254593177,-11.363198299733922
MT,90204,GLÓRIA D'OESTE,0018,2026-10-04 18:48:41,-42.87776708373436,-30.22199798183653,-12.655769101897832
MT,99058,GUARANTÃ DO NORTE,0044,2026-10-04 20:47:16,-65.44241369306643,-58.71387464031027,-6.728539052756155
MT,90832,GUIRATINGA,0002,2026-10-04 18:29:08,-18.249594813614262,-3.373840741925168,-14.875754071689094
MT,99074,INDIAVAÍ,0041,2026-10-04 17:33:46,-32.44416873449131,-11.491935483870968,-20.952233250620345
MT,91081,IPIRANGA DO NORTE,0043,2026-10-04 18:50:13,-51.265149904316395,-43.66740088105727,-7.5977490232591265
MT,91103,ITANHANGÁ,0021,2026-10-04 18:44:43,-67.4748959098702,-55.85988938635765,-11.615006523512548
MT,98698,ITAÚBA,0023,2026-10-04 18:57:35,-52.93933708567855,-31.802604523646334,-21.13673256203222
MT,90913,ITIQUIRA,0010,2026-10-04 18:30:15,-31.592224365632884,-17.001545595054097,-14.590678770578787
MT,90956,JACIARA,0014,2026-10-04 19:29:35,-42.288845905867184,-32.286936492267195,-10.00190941359999
MT,90565,JANGADA,0003,2026-10-04 19:28:52,4.81907338518769,23.17117776152158,-18.35210437633389
MT,89915,JAURU,0041,2026-10-04 18:18:40,-51.1219512195122,-38.44901282312233,-12.672938396389867
MT,98191,JUARA,0027,2026-10-04 19:24:39,-56.16387138126269,-48.05811194073045,-8.105759440532239
MT,90581,JURUENA,0048,2026-10-04 18:58:26,-48.92798240791644,-39.95059510442398,-8.977387303492456
MT,91898,JUSCIMEIRA,0014,2026-10-04 19:08:37,-26.18979357798165,-14.407032181168058,-11.782761396813592
MT,98310,JUÍNA,0035,2026-10-04 19:29:35,-47.19406674907293,-35.93153446870576,-11.262532280367168
MT,90301,LAMBARI D'OESTE,0052,2026-10-04 19:29:35,-14.102964118564742,-2.770534550195567,-11.332429568369175
MT,90603,LUCAS DO RIO VERDE,0021,2026-10-04 18:59:28,-53.32383206918209,-44.839828269484805,-8.484003799697284
MT,91057,LUCIARA,0015,2026-10-04 18:10:52,-14.579945799457995,-5.871670702179177,-8.708275097278818
MT,98710,MARCELÂNDIA,0032,2026-10-04 19:13:46,-60.005960363582176,-50.880948460398486,-9.12501190318369
MT,90620,MATUPÁ,0033,2026-10-04 20:13:48,-58.992616033755276,-43.20936063518596,-15.783255398569317
MT,91774,MIRASSOL D'OESTE,0018,2026-10-04 19:07:22,-43.96020843202274,-33.525889397675236,-10.434319034347503
MT,91170,NOBRES,0003,2026-10-04 19:12:55,-41.134972507521525,-31.526104417670684,-9.60886808985084
MT,91197,NORTELÂNDIA,0017,2026-10-04 18:58:26,-3.6447084233261338,4.8369264787175235,-8.481634902043657
MT,91219,NOSSA SENHORA DO LIVRAMENTO,0020,2026-10-04 21:01:00,25.892939975879024,36.90982670955692,-11.016886733677893
MT,90387,NOVA BANDEIRANTES,0050,2026-10-04 19:20:55,-66.94662693037117,-57.22454025652913,-9.722086673842036
MT,89818,NOVA BRASILÂNDIA,0034,2026-10-04 20:59:40,-10.0311310965064,7.005899705014749,-17.037030801521148
MT,98752,NOVA CANAÃ DO NORTE,0023,2026-10-04 19:13:46,-56.537899907075534,-41.39204545454545,-15.145854452530081
MT,90140,NOVA GUARITA,0033,2026-10-04 20:59:20,-38.01358783565189,-24.484719260838663,-13.528868574813227
MT,90867,NOVA LACERDA,0061,2026-10-04 19:20:56,-36.45305514157973,-20.176875204716673,-16.27617993686306
MT,90166,NOVA MARILÂNDIA,0017,2026-10-04 18:56:34,-28.2657155595185,-16.79960119641077,-11.466114363107732
MT,90123,NOVA MARINGÁ,0029,2026-10-04 17:51:32,-51.91894381332514,-38.21848739495798,-13.70045641836716
MT,90360,NOVA MONTE VERDE,0050,2026-10-04 18:23:55,-50.0871839581517,-39.36735165088894,-10.719832307262756
MT,90646,NOVA MUTUM,0005,2026-10-04 18:59:06,-55.99165069805639,-44.999177496298735,-10.992473201757655
MT,90964,NOVA NAZARÉ,0030,2026-10-04 18:00:36,-7.772020725388601,-9.138533178114086,1.3665124527254848
MT,98736,NOVA OLÍMPIA,0019,2026-10-04 19:30:18,-6.479393069509944,8.482834994462902,-14.962228063972846
MT,89826,NOVA SANTA HELENA,0023,2026-10-04 19:24:39,-49.4234592445328,-39.6551724137931,-9.768286830739697
MT,90883,NOVA UBIRATÃ,0043,2026-10-04 19:09:24,-53.007043525374755,-32.8377153218495,-20.169328203525254
MT,91952,NOVA XAVANTINA,0026,2026-10-04 20:12:42,-45.955882352941174,-33.38765163860221,-12.568230714338966
MT,98795,NOVO HORIZONTE DO NORTE,0027,2026-10-04 19:22:36,-44.422623723487824,-29.65090587715422,-14.771717846333605
MT,90808,NOVO MUNDO,0044,2026-10-04 19:31:53,-50.414333706606946,-38.254679673081995,-12.159654033524951
MT,90948,NOVO SANTO ANTÔNIO,0015,2026-10-04 18:22:49,-40.94151212553495,-19.7172034564022,-21.22430866913275
MT,98779,NOVO SÃO JOAQUIM,0026,2026-10-04 18:28:21,-43.69727047146402,-32.560562646522534,-11.136707824941489
MT,89834,PARANATINGA,0057,2026-10-04 19:20:54,-45.899245558530055,-35.261431954818725,-10.63781360371133
MT,98833,PARANAÍTA,0024,2026-10-04 20:52:50,-49.95033347523769,-33.92751039809863,-16.02282307713906
MT,91812,PEDRA PRETA,0045,2026-10-04 19:07:22,-23.81489841986456,-8.320433436532507,-15.494464983332051
MT,98817,PEIXOTO DE AZEVEDO,0033,2026-10-04 20:49:30,-31.268539521898447,-11.16543421133044,-20.103105310568004
MT,90344,PLANALTO DA SERRA,0034,2026-10-04 18:44:23,-10.526315789473685,5.390428211586902,-15.916744001060586
MT,91294,POCONÉ,0004,2026-10-04 20:59:40,16.08328464439369,30.38472339230553,-14.301438747911842
MT,90700,PONTAL DO ARAGUAIA,0009,2026-10-04 20:11:49,-25.71563756801514,-11.179790378930395,-14.535847189084745
MT,91332,PONTE BRANCA,0008,2026-10-04 17:36:04,1.6172506738544474,23.6731843575419,-22.055933683687453
MT,89990,PONTES E LACERDA,0025,2026-10-04 20:17:37,-58.76707419059376,-47.16823498373054,-11.598839206863218
MT,98850,PORTO ALEGRE DO NORTE,0028,2026-10-04 19:15:07,-35.46026884464863,-17.39910313901345,-18.06116570563518
MT,91359,PORTO DOS GAÚCHOS,0027,2026-10-04 19:22:17,-58.104066985645936,-43.42507645259939,-14.678990533046544
MT,98876,PORTO ESPERIDIÃO,0018,2026-10-04 20:53:53,-24.969506882732183,-5.598384728340675,-19.371122154391507
MT,90182,PORTO ESTRELA,0013,2026-10-04 19:20:54,15.321955003878976,29.646958740961292,-14.325003737082316
MT,91391,POXORÉU,0047,2026-10-04 19:24:11,-16.49721849223096,1.1554730217682865,-17.652691513999248
MT,98892,PRIMAVERA DO LESTE,0040,2026-10-04 19:29:53,-56.84437040122171,-47.12253858085548,-9.721831820366226
MT,90069,QUERÊNCIA,0053,2026-10-04 19:07:42,-53.11405076868073,-44.296380304319065,-8.817670464361662
MT,98914,RESERVA DO CABAÇAL,0041,2026-10-04 18:46:30,-20.353356890459363,-10.022271714922049,-10.331085175537314
MT,90662,RIBEIRÃO CASCALHEIRA,0031,2026-10-04 18:49:57,-43.850645903379935,-29.706698374950456,-14.143947528429479
MT,90441,RIBEIRÃOZINHO,0009,2026-10-04 18:33:54,-18.587746625129803,-0.06060606060606061,-18.52714056452374
MT,89958,RIO BRANCO,0052,2026-10-04 19:28:53,-23.739782016348773,-10.673965104344852,-13.065816912003921
MT,89960,RONDOLÂNDIA,0061,2026-10-04 18:41:08,-19.435736677115987,-8.71413390010627,-10.721602777009716
MT,91510,RONDONÓPOLIS,0010,2026-10-04 19:17:19,-41.256403076771036,-30.96785557023338,-10.288547506537657
MT,91510,RONDONÓPOLIS,0046,2026-10-04 20:52:49,-31.719121594370193,-20.225310130188927,-11.493811464181267
MT,91537,ROSÁRIO OESTE,0003,2026-10-04 21:09:31,-9.84072232930912,9.151832460732985,-18.992554790042107
MT,89974,SALTO DO CÉU,0052,2026-10-04 21:00:59,-38.09114359415305,-28.43004948268106,-9.661094111471993
MT,90107,SANTA CARMEM,0036,2026-10-04 19:01:37,-59.59715639810427,-50.799857803057236,-8.797298595047032
MT,90980,SANTA CRUZ DO XINGU,0016,2026-10-04 19:22:37,-50.0,-31.138652207591015,-18.861347792408985
MT,91049,SANTA RITA DO TRIVELATO,0005,2026-10-04 18:21:52,-45.17920242301868,-31.078610603290677,-14.100591819728002
MT,91979,SANTA TEREZINHA,0016,2026-10-04 19:25:41,-5.70221752903907,14.524647887323944,-20.226865416363015
MT,90328,SANTO AFONSO,0017,2026-10-04 19:23:03,-29.78617603182496,-10.691458454386984,-19.094717577437976
MT,89843,SANTO ANTÔNIO DO LESTE,0040,2026-10-04 17:53:52,-28.418912048805286,-22.547914317925592,-5.870997730879694
MT,91553,SANTO ANTÔNIO DO LEVERGER,0038,2026-10-04 20:19:07,0.3902439024390244,10.954008701056557,-10.563764798617532
MT,90727,SAPEZAL,0042,2026-10-04 18:59:28,-47.481572481572485,-35.38958541650642,-12.091987065066064
MT,90921,SERRA NOVA DOURADA,0053,2026-10-04 19:22:37,-48.87543252595156,-30.70175438596491,-18.17367813998665
MT,89850,SINOP,0022,2026-10-04 19:23:02,-58.38308405965927,-49.26139378756278,-9.121690272096487
MT,98930,SORRISO,0043,2026-10-04 19:10:37,-55.0155667316706,-43.86407159885879,-11.15149513281181
MT,91839,SÃO FÉLIX DO ARAGUAIA,0015,2026-10-04 18:59:07,-29.103830819899464,-19.57379636937648,-9.530034450522983
MT,90026,SÃO JOSÉ DO POVO,0002,2026-10-04 19:12:56,-19.851657940663177,-6.705824767498776,-13.145833173164402
MT,91995,SÃO JOSÉ DO RIO CLARO,0029,2026-10-04 19:06:59,-56.17729176361098,-49.0672764472259,-7.1100153163850806
MT,90247,SÃO JOSÉ DO XINGU,0028,2026-10-04 18:31:51,-31.790295593976577,-10.909090909090908,-20.881204684885667
MT,89931,SÃO JOSÉ DOS QUATRO MARCOS,0052,2026-10-04 18:34:55,-42.86727456940223,-33.60348495593151,-9.263789613470713
MT,90409,SÃO PEDRO DA CIPA,0014,2026-10-04 19:10:57,-17.153164972122006,-3.283582089552239,-13.869582882569768
MT,90220,TABAPORÃ,0027,2026-10-04 19:09:45,-58.78191856452726,-48.730862207896855,-10.051056356630404
MT,91855,TANGARÁ DA SERRA,0019,2026-10-04 19:29:35,-49.71661453890626,-41.82904751708162,-7.887567021824644
MT,90689,TAPURAH,0021,2026-10-04 19:16:10,-60.60120240480962,-49.431119311193115,-11.170083093616505
MT,98957,TERRA NOVA DO NORTE,0033,2026-10-04 21:22:37,-40.12992765391998,-26.93428293946261,-13.19564471445737
MT,91618,TESOURO,0002,2026-10-04 19:29:35,-7.125307125307125,10.705826622453813,-17.831133747760937
MT,91634,TORIXORÉU,0009,2026-10-04 18:21:08,-20.831900996906153,-2.955665024630542,-17.876235972275612
MT,90840,UNIÃO DO SUL,0032,2026-10-04 18:44:43,-47.53787878787879,-30.18783542039356,-17.350043367485227
MT,91022,VALE DE SÃO DOMINGOS,0025,2026-10-04 19:09:45,-57.23180076628353,-47.28518713758566,-9.946613628697868
MT,98973,VERA,0036,2026-10-04 18:43:14,-51.02551275637819,-38.99358849815427,-12.031924258223924
MT,91090,VILA BELA DA SANTÍSSIMA TRINDADE,0025,2026-10-04 20:16:38,-27.026358123994555,-8.092715231788079,-18.93364289220648
MT,98990,VILA RICA,0016,2026-10-04 18:44:24,-51.95530726256983,-34.00187051854931,-17.95343674402052
MT,91677,VÁRZEA GRANDE,0020,2026-10-04 20:11:49,-16.422513492675403,-7.94356738925542,-8.478946103419982
MT,91677,VÁRZEA GRANDE,0049,2026-10-04 20:50:38,-23.289820590315735,-17.154292575545327,-6.135528014770408
MT,91910,ÁGUA BOA,0030,2026-10-04 18:33:54,-62.82320055904962,-52.67246294184721,-10.15073761720241
PA,04014,ABAETETUBA,0007,2026-10-04 22:25:52,47.89260857731638,49.33824352231457,-1.44563494499819
PA,04502,ABEL FIGUEIREDO,0051,2026-10-04 18:49:59,2.293369663941871,19.642857142857142,-17.34948747891527
PA,04030,ACARÁ,0094,2026-10-04 21:57:22,34.9507627940201,38.302652950730916,-3.351890156710816
PA,04057,AFUÁ,0016,2026-10-04 20:53:28,31.94263363754889,33.73191899710704,-1.7892853595581464
PA,04073,ALENQUER,0021,2026-10-04 21:38:10,-6.173459424777526,4.1033667863609855,-10.276826211138513
PA,04090,ALMEIRIM,0055,2026-10-04 21:22:10,32.2814969781497,40.20612620912022,-7.924629230970524
PA,04111,ALTAMIRA,0018,2026-10-04 20:50:26,-31.75690266851766,-20.872156269214397,-10.884746399303264
PA,04138,ANAJÁS,0090,2026-10-04 20:12:43,5.827122821430668,2.173205803890949,3.6539170175397184
PA,04154,ANANINDEUA,0043,2026-10-04 19:24:38,0.605247558730852,4.3200652085314495,-3.7148176498005974
PA,04154,ANANINDEUA,0072,2026-10-04 19:08:02,-4.409559363134552,-0.8531392069977557,-3.556420156136797
PA,04723,ANAPU,0080,2026-10-04 22:22:12,-45.20674145125454,-18.395735032783872,-26.811006418470665
PA,04170,AUGUSTO CORRÊA,0052,2026-10-04 21:41:11,40.434043404340436,44.14277106298515,-3.7087276586447118
PA,04340,AURORA DO PARÁ,0049,2026-10-04 19:30:20,32.36306280470318,43.5965925498123,-11.233529745109117
PA,04197,AVEIRO,0034,2026-10-04 20:48:22,5.161070780399274,21.96681007990166,-16.805739299502385
PA,04219,BAGRE,0015,2026-10-04 20:48:22,52.1029702970297,55.59832349670687,-3.4953531996771687
PA,04235,BAIÃO,0035,2026-10-04 21:36:52,42.73442445067366,50.1705828648311,-7.43615841415744
PA,04588,BANNACH,0060,2026-10-04 18:10:52,-35.9603789836348,-17.889908256880734,-18.070470726754063
PA,04251,BARCARENA,0065,2026-10-04 20:58:13,25.019331986330414,30.28078208468198,-5.261450098351567
PA,04804,BELTERRA,0104,2026-10-04 20:32:30,-8.327911515940142,7.396597731821214,-15.724509247761357
PA,04278,BELÉM,0001,2026-10-04 19:20:58,7.749372979179887,4.570399588406791,3.1789733907730957
PA,04278,BELÉM,0028,2026-10-04 20:10:30,7.109874041199559,5.321944006550085,1.7879300346494738
PA,04278,BELÉM,0029,2026-10-04 20:18:49,13.094729434237314,12.235097359933102,0.8596320743042121
PA,04278,BELÉM,0030,2026-10-04 20:51:38,4.005202913631634,2.4532444131474844,1.5519585004841496
PA,04278,BELÉM,0073,2026-10-04 20:50:26,-0.4644822045863966,-0.8050089445438283,0.3405267399574317
PA,04278,BELÉM,0076,2026-10-04 18:21:52,-1.914973447240822,-5.47911174903736,3.564138301796538
PA,04278,BELÉM,0095,2026-10-04 19:20:58,-0.9503129390726786,-3.413158497342509,2.4628455582698305
PA,04278,BELÉM,0096,2026-10-04 20:11:54,13.227792220532692,10.622431897732461,2.60536032280023
PA,04278,BELÉM,0097,2026-10-04 20:10:31,4.957376781078152,4.715572612403179,0.24180416867497367
PA,04278,BELÉM,0098,2026-10-04 19:04:48,-3.6972358698343606,-5.769516360576209,2.0722804907418486
PA,04294,BENEVIDES,0078,2026-10-04 20:57:52,7.060135323483946,11.54321651257794,-4.483081189093994
PA,04049,BOM JESUS DO TOCANTINS,0100,2026-10-04 20:10:30,-1.7394122731201382,12.533867357757098,-14.273279630877235
PA,04316,BONITO,0041,2026-10-04 20:59:56,32.65873015873016,43.23505654281099,-10.57632638408083
PA,04332,BRAGANÇA,0013,2026-10-04 22:01:01,20.704018294674942,25.480615884246237,-4.7765975895712955
PA,04227,BRASIL NOVO,0018,2026-10-04 20:55:26,-44.01719241691611,-30.14927876551493,-13.867913651401182
PA,05932,BREJO GRANDE DO ARAGUAIA,0057,2026-10-04 21:00:16,4.109327217125382,16.71508812705791,-12.605760909932528
PA,04448,BREU BRANCO,0103,2026-10-04 20:27:10,5.915637860082304,17.228414720452935,-11.312776860370631
PA,04359,BREVES,0015,2026-10-04 21:18:12,25.254194418683078,27.119022375983484,-1.864827957300406
PA,04375,BUJARU,0087,2026-10-04 21:29:41,38.84750219106047,40.9270998415214,-2.0795976504609257
PA,04391,CACHOEIRA DO ARARI,0002,2026-10-04 20:59:55,56.621723359113,57.92310966094482,-1.301386301831819
PA,04766,CACHOEIRA DO PIRIÁ,0014,2026-10-04 21:29:21,32.18914811835166,47.06047819971871,-14.871330081367049
PA,04413,CAMETÁ,0012,2026-10-04 22:16:52,53.75633892688825,52.92952712167319,0.8268118052150584
PA,04707,CANAÃ DOS CARAJÁS,0075,2026-10-04 20:41:00,-31.587619600426912,-22.52212018868451,-9.065499411742401
PA,04430,CAPANEMA,0025,2026-10-04 20:51:54,15.396928501832692,22.59921956790711,-7.202291066074418
PA,04456,CAPITÃO POÇO,0070,2026-10-04 22:20:01,21.096824980320125,28.91187991507939,-7.815054934759264
PA,04472,CASTANHAL,0004,2026-10-04 20:51:53,-9.25217252650881,-4.399208142534344,-4.852964383974466
PA,04472,CASTANHAL,0050,2026-10-04 21:24:21,-6.480889294959646,-0.4962938059331124,-5.984595489026534
PA,04499,CHAVES,0017,2026-10-04 20:54:15,35.03602438573804,35.674806552105316,-0.6387821663672781
PA,04510,COLARES,0008,2026-10-04 21:47:22,46.50049850448654,50.510997556098644,-4.010499051612101
PA,04537,CONCEIÇÃO DO ARAGUAIA,0024,2026-10-04 20:48:22,-20.241225324485622,-7.507182412457842,-12.73404291202778
PA,05819,CONCÓRDIA DO PARÁ,0087,2026-10-04 22:40:33,17.605887499356697,27.155836565538493,-9.549949066181796
PA,04529,CUMARU DO NORTE,0059,2026-10-04 21:02:03,-32.63069139966273,-23.261032161555722,-9.369659238107008
PA,05851,CURIONÓPOLIS,0058,2026-10-04 20:48:22,-19.52289771820648,-2.663555162146938,-16.85934255605954
PA,04553,CURRALINHO,0086,2026-10-04 21:47:40,56.60048426150121,56.511258423272885,0.08922583822832308
PA,04740,CURUÁ,0021,2026-10-04 20:25:40,47.01332187365707,53.06262904335857,-6.0493071697015
PA,04570,CURUÇÁ,0009,2026-10-04 21:35:31,42.956434508455146,45.39713289422704,-2.4406983857718956
PA,05975,DOM ELISEU,0084,2026-10-04 20:57:52,-9.97131480926489,9.532223154732982,-19.50353796399787
PA,04120,ELDORADO DOS CARAJÁS,0058,2026-10-04 21:05:21,-7.6883682222648995,3.6187354909190224,-11.307103713183922
PA,04596,FARO,0089,2026-10-04 18:15:03,50.22727272727273,61.69282733955891,-11.465554612286184
PA,04561,FLORESTA DO ARAGUAIA,0024,2026-10-04 19:29:41,-17.682634155707017,-4.913267698077824,-12.769366457629193
PA,05878,GARRAFÃO DO NORTE,0081,2026-10-04 22:24:12,29.476872888267504,45.426448736998516,-15.949575848731012
PA,04006,GOIANÉSIA DO PARÁ,0103,2026-10-04 20:28:31,1.0067943174799259,18.308800501096147,-17.30200618361622
PA,04618,GURUPÁ,0026,2026-10-04 22:49:30,39.09733006061213,43.96054453161052,-4.863214470998393
PA,04634,IGARAPÉ-AÇU,0005,2026-10-04 20:58:13,37.66783887468031,44.869657163772416,-7.20181828909211
PA,04650,IGARAPÉ-MIRI,0006,2026-10-04 22:00:12,28.854765027816725,29.244661378889568,-0.38989635107284215
PA,04677,INHANGAPI,0004,2026-10-04 21:29:21,20.45602605863192,25.192256695836647,-4.736230637204727
PA,04189,IPIXUNA DO PARÁ,0049,2026-10-04 20:56:17,21.78201634877384,33.33141409488715,-11.54939774611331
PA,04693,IRITUIA,0011,2026-10-04 21:21:23,41.58573774337321,48.27353720202263,-6.6877994586494225
PA,04715,ITAITUBA,0034,2026-10-04 21:24:21,-42.54131016915943,-20.904510678722286,-21.636799490437145
PA,04731,ITUPIRANGA,0056,2026-10-04 21:26:50,5.595455467640495,24.450388698487,-18.854933230846505
PA,04200,JACAREACANGA,0102,2026-10-04 19:22:12,-1.5142150803461063,4.493871992737176,-6.008087073083283
PA,04758,JACUNDÁ,0069,2026-10-04 21:10:09,-2.7271950072668205,15.1000656167979,-17.82726062406472
PA,04774,JURUTI,0105,2026-10-04 21:54:11,19.01171445213902,19.43421144088413,-0.42249698874510955
PA,04790,LIMOEIRO DO AJURU,0088,2026-10-04 21:18:12,50.4723991507431,45.79995549621718,4.672443654525921
PA,04812,MAGALHÃES BARATA,0005,2026-10-04 19:29:40,35.628054038516815,38.42662632375189,-2.7985722852350747
PA,04839,MARABÁ,0023,2026-10-04 20:56:55,-11.969332307768653,-2.5219683655536027,-9.44736394221505
PA,04839,MARABÁ,0100,2026-10-04 20:14:31,-17.34673366834171,-6.543180982313016,-10.803552686028693
PA,04855,MARACANÃ,0031,2026-10-04 23:55:54,34.9111361079865,37.40168948441596,-2.4905533764294603
PA,04871,MARAPANIM,0032,2026-10-04 20:51:37,33.02839432113577,35.51650692225772,-2.488112601121948
PA,04642,MARITUBA,0078,2026-10-04 20:14:15,7.068467940942742,9.654959225130273,-2.586491284187532
PA,05770,MEDICILÂNDIA,0085,2026-10-04 21:26:50,-47.5864690231851,-30.85452493194343,-16.731944091241672
PA,04898,MELGAÇO,0099,2026-10-04 20:53:55,29.280447842708902,33.3280242096042,-4.047576366895299
PA,04910,MOCAJUBA,0035,2026-10-04 21:17:02,45.74486301369863,49.0244241553506,-3.2795611416519748
PA,04936,MOJU,0037,2026-10-04 20:59:55,36.0934509536485,44.52020202020202,-8.426751066553521
PA,04863,MOJUÍ DOS CAMPOS,0020,2026-10-04 20:18:49,-33.510350059607674,-15.217528972199354,-18.29282108740832
PA,04952,MONTE ALEGRE,0019,2026-10-04 20:59:02,-6.8663959829901735,0.5451069546347008,-7.411502937624874
PA,04979,MUANÁ,0010,2026-10-04 23:30:02,51.46410116371886,50.48633199649657,0.9777691672222915
PA,04103,MÃE DO RIO,0049,2026-10-04 20:07:50,1.5682934161739652,11.862986434819044,-10.294693018645079
PA,04480,NOVA ESPERANÇA DO PIRIÁ,0081,2026-10-04 21:18:11,-0.37913893335580084,16.242726517040733,-16.621865450396534
PA,04600,NOVA IPIXUNA,0023,2026-10-04 21:26:02,-4.530374099073333,10.313075506445673,-14.843449605519005
PA,04995,NOVA TIMBOTEUA,0033,2026-10-04 21:24:21,36.39772849030322,45.340934005700504,-8.943205515397281
PA,04383,NOVO PROGRESSO,0091,2026-10-04 19:24:14,-70.73170731707317,-62.03215194587549,-8.699555371197683
PA,04421,NOVO REPARTIMENTO,0101,2026-10-04 21:35:31,-23.693852234370944,-9.00586940572267,-14.687982828648273
PA,05037,OEIRAS DO PARÁ,0045,2026-10-04 20:57:52,58.13625989413878,59.85708280790248,-1.7208229137636977
PA,05053,ORIXIMINÁ,0038,2026-10-04 21:12:00,2.408714735200021,17.447612695236508,-15.038897960036486
PA,05959,OURILÂNDIA DO NORTE,0074,2026-10-04 20:10:30,-31.34123122487836,-18.51366640862264,-12.82756481625572
PA,05070,OURÉM,0041,2026-10-04 21:00:47,42.389626427909846,48.592944906856914,-6.203318478947068
PA,05916,PACAJÁ,0080,2026-10-04 21:02:03,-40.58812933441412,-16.090904723009658,-24.497224611404462
PA,04162,PALESTINA DO PARÁ,0057,2026-10-04 20:11:37,2.7313769751693004,21.294455489286502,-18.5630785141172
PA,05096,PARAGOMINAS,0042,2026-10-04 21:11:01,-23.52508887065901,-13.299547511312218,-10.225541359346794
PA,05835,PARAUAPEBAS,0075,2026-10-04 20:55:04,-26.95049407600413,-19.150443731954017,-7.800050344050113
PA,05835,PARAUAPEBAS,0106,2026-10-04 20:56:36,-23.404443657608216,-14.289988630243553,-9.114455027364663
PA,04308,PAU D'ARCO,0059,2026-10-04 20:36:22,-21.53250773993808,-3.949301983835415,-17.583205756102664
PA,05118,PEIXE-BOI,0025,2026-10-04 20:46:52,31.344873501997338,38.688104723961295,-7.343231221963958
PA,04782,PIÇARRA,0062,2026-10-04 22:02:42,-12.596048298572997,-3.1314950810586115,-9.464553217514386
PA,04626,PLACAS,0068,2026-10-04 19:25:44,-48.50882531953743,-24.80349344978166,-23.70533186975577
PA,05134,PONTA DE PEDRAS,0027,2026-10-04 20:56:55,51.034015142954004,50.521077283372364,0.5129378595816405
PA,05150,PORTEL,0044,2026-10-04 22:49:30,26.765603966247497,33.94982187523687,-7.184217908989375
PA,05177,PORTO DE MOZ,0082,2026-10-04 21:20:00,12.179131014557173,32.70256019684809,-20.52342918229092
PA,05193,PRAINHA,0092,2026-10-04 20:56:55,3.5319569204721817,16.656668666266746,-13.124711745794565
PA,05215,PRIMAVERA,0033,2026-10-04 20:17:40,44.00384522951214,48.53943524829601,-4.535590018783871
PA,04685,QUATIPURU,0033,2026-10-04 19:29:40,45.651013874066166,48.4332793084819,-2.7822654344157343
PA,05673,REDENÇÃO,0059,2026-10-04 20:11:13,-47.38736885414524,-32.89123539054351,-14.49613346360173
PA,05690,RIO MARIA,0060,2026-10-04 21:00:47,-29.855801800058067,-12.162291169451073,-17.693510630606994
PA,05738,RONDON DO PARÁ,0051,2026-10-04 20:13:06,-19.380500174016806,-3.169238305167769,-16.211261868849036
PA,05894,RURÓPOLIS,0068,2026-10-04 20:28:31,-44.721788871554864,-17.31735323668724,-27.404435634867625
PA,05231,SALINÓPOLIS,0064,2026-10-04 21:01:15,21.581570793479724,30.751615881809787,-9.170045088330063
PA,05258,SALVATERRA,0003,2026-10-04 20:53:55,44.75798797848782,41.600686196885725,3.1573017816020936
PA,04243,SANTA BÁRBARA DO PARÁ,0036,2026-10-04 20:55:26,14.522965742477938,14.474465558194774,0.048500184283163605
PA,05274,SANTA CRUZ DO ARARI,0002,2026-10-04 18:37:19,39.85370950888192,44.45171135818618,-4.598001849304261
PA,05290,SANTA IZABEL DO PARÁ,0036,2026-10-04 23:02:35,5.2579939117965235,10.731196860693263,-5.4732029488967395
PA,04146,SANTA LUZIA DO PARÁ,0041,2026-10-04 21:35:20,36.005645730416376,48.217998217998215,-12.212352487581839
PA,05991,SANTA MARIA DAS BARREIRAS,0024,2026-10-04 20:42:00,-39.49778738293712,-20.33253640512932,-19.165250977807798
PA,05312,SANTA MARIA DO PARÁ,0004,2026-10-04 21:01:15,2.890865549093397,13.44388510512289,-10.553019556029493
PA,05339,SANTANA DO ARAGUAIA,0046,2026-10-04 19:10:48,-39.29969671905156,-22.133253659994025,-17.166443059057535
PA,05355,SANTARÉM,0020,2026-10-04 20:32:30,-10.63338367238163,-5.7927604109937185,-4.840623261387911
PA,05355,SANTARÉM,0083,2026-10-04 21:02:02,-20.330697896379608,-12.006791720569211,-8.323906175810396
PA,05355,SANTARÉM,0104,2026-10-04 20:56:36,-12.258054565924828,-3.858064295368612,-8.399990270556216
PA,05371,SANTARÉM NOVO,0033,2026-10-04 20:55:04,46.398266835168805,50.24080138701599,-3.842534551847187
PA,05398,SANTO ANTÔNIO DO TAUÁ,0036,2026-10-04 21:15:31,23.622195099051734,28.60316017971629,-4.980965080664557
PA,04847,SAPUCAIA,0061,2026-10-04 21:21:23,-12.52912244369661,9.212684527063969,-21.741806970760578
PA,05550,SENADOR JOSÉ PORFÍRIO,0054,2026-10-04 21:11:12,-26.0548619338376,8.625079567154678,-34.67994150099228
PA,05576,SOURE,0003,2026-10-04 21:00:47,52.0370051140608,51.4041586998088,0.6328464142520005
PA,05410,SÃO CAETANO DE ODIVELAS,0008,2026-10-04 22:03:00,43.69450773945156,47.54639175257732,-3.851884013125762
PA,04464,SÃO DOMINGOS DO ARAGUAIA,0057,2026-10-04 20:59:56,2.6517083120856704,17.678300455235206,-15.026592143149536
PA,05436,SÃO DOMINGOS DO CAPIM,0050,2026-10-04 21:02:03,45.2551432029044,50.436309460466106,-5.181166257561706
PA,05479,SÃO FRANCISCO DO PARÁ,0005,2026-10-04 20:52:14,18.92884468247896,26.722525014235742,-7.793680331756782
PA,05452,SÃO FÉLIX DO XINGU,0053,2026-10-04 20:39:51,-48.745025538181935,-30.107236797733865,-18.63778874044807
PA,05797,SÃO GERALDO DO ARAGUAIA,0062,2026-10-04 21:00:17,-21.147334174357614,-9.5974191813966,-11.549914992961014
PA,04820,SÃO JOÃO DA PONTA,0009,2026-10-04 19:24:38,34.82709228565582,39.352428393524285,-4.525336107868462
PA,04065,SÃO JOÃO DE PIRABAS,0064,2026-10-04 21:21:23,40.05327351745409,40.97800237812128,-0.9247288606671944
PA,05495,SÃO JOÃO DO ARAGUAIA,0057,2026-10-04 21:30:31,11.575203252032521,22.69852424455376,-11.123320992521238
PA,05517,SÃO MIGUEL DO GUAMÁ,0011,2026-10-04 22:16:02,26.871219943944535,34.78113648956474,-7.909916545620202
PA,05533,SÃO SEBASTIÃO DA BOA VISTA,0048,2026-10-04 21:06:20,49.92567424081546,50.25699600228441,-0.3313217614689492
PA,04022,TAILÂNDIA,0093,2026-10-04 20:55:03,-15.033553841377499,10.084524202350433,-25.118078043727934
PA,04545,TERRA ALTA,0032,2026-10-04 20:10:31,28.130899937067337,33.80685209502209,-5.67595215795475
PA,04367,TERRA SANTA,0089,2026-10-04 20:18:49,0.7631027253668763,18.954613095238095,-18.191510369871217
PA,05592,TOMÉ-AÇU,0039,2026-10-04 21:36:52,9.13399396811719,22.5436963491571,-13.409702381039908
PA,04669,TRACUATEUA,0013,2026-10-04 21:24:50,52.84966342557966,55.864634082455865,-3.0149706568762085
PA,04286,TRAIRÃO,0034,2026-10-04 20:52:34,-54.60585585585586,-31.295435585746635,-23.310420270109223
PA,04081,TUCUMÃ,0074,2026-10-04 19:09:18,-45.259426996160286,-27.387423328180322,-17.872003667979964
PA,05614,TUCURUÍ,0040,2026-10-04 20:52:14,5.043155452436195,16.490314479345557,-11.447159026909361
PA,04324,ULIANÓPOLIS,0084,2026-10-04 20:59:03,-12.520900321543408,4.8063812380692665,-17.327281559612675
PA,05754,URUARÁ,0079,2026-10-04 20:59:03,-57.5328947368421,-42.81924624954263,-14.713648487299473
PA,05630,VIGIA,0008,2026-10-04 21:48:30,33.15951725042634,40.06012024048096,-6.900602990054622
PA,05657,VISEU,0014,2026-10-04 21:03:42,55.711164975910464,60.46149144254279,-4.750326466632323
PA,04405,VITÓRIA DO XINGU,0018,2026-10-04 20:13:06,-14.90115775380011,1.2456140350877194,-16.14677178888783
PA,05711,XINGUARA,0061,2026-10-04 21:02:03,-36.213454653937944,-21.935925208072057,-14.277529445865888
PA,04260,ÁGUA AZUL DO NORTE,0061,2026-10-04 20:59:56,-35.48307692307692,-13.667243905688025,-21.815833017388897
PA,05010,ÓBIDOS,0022,2026-10-04 22:03:00,33.0391000924126,40.8092248908297,-7.770124798417093
PB,19038,AGUIAR,0066,2026-10-04 19:11:09,57.66953713670613,65.00135758892208,-7.331820452215943
PB,19054,ALAGOA GRANDE,0009,2026-10-04 20:16:59,44.86384310945714,51.13222681557352,-6.268383706116374
PB,19070,ALAGOA NOVA,0013,2026-10-04 19:20:57,48.400065638332784,54.565363881401616,-6.165298243068833
PB,19097,ALAGOINHA,0009,2026-10-04 18:38:45,57.29300729300729,63.920679886685555,-6.627672593678263
PB,19763,ALCANTIL,0018,2026-10-04 19:04:13,20.094269412056562,24.66321243523316,-4.5689430231765975
PB,19925,ALGODÃO DE JANDAÍRA,0067,2026-10-04 18:44:45,69.4291754756871,71.56647652479157,-2.1373010491044653
PB,19119,ALHANDRA,0073,2026-10-04 20:54:27,14.382615249340535,23.518997684869944,-9.13638243552941
PB,19585,AMPARO,0043,2026-10-04 18:38:45,68.75287620800736,75.13434294088911,-6.381466732881748
PB,19844,APARECIDA,0063,2026-10-04 19:25:10,47.095398827500446,53.32848308475809,-6.233084257257644
PB,19178,ARARA,0048,2026-10-04 18:30:37,48.37853773584906,54.354636591478695,-5.976098855629637
PB,19194,ARARUNA,0020,2026-10-04 19:09:46,36.63735423437201,49.61676034747062,-12.979406113098605
PB,19151,ARAÇAGI,0047,2026-10-04 19:22:12,57.205078305995734,65.40129106850371,-8.196212762507976
PB,19216,AREIA,0011,2026-10-04 19:23:45,54.86174308715436,55.43875018250839,-0.577007095354034
PB,19909,AREIA DE BARAÚNAS,0065,2026-10-04 19:20:58,47.049089906232766,66.94069289489137,-19.891602988658605
PB,19232,AREIAL,0019,2026-10-04 18:44:45,39.765965886552955,48.996763754045304,-9.230797867492349
PB,19259,AROEIRAS,0049,2026-10-04 19:09:27,52.855192354027785,60.26204494568372,-7.406852591655934
PB,19321,ASSUNÇÃO,0027,2026-10-04 19:14:56,39.75175047740293,55.39293668469615,-15.641186207293224
PB,19313,BANANEIRAS,0014,2026-10-04 19:20:56,45.12809743805124,59.64407029980801,-14.515972861756765
PB,19305,BARAÚNA,0025,2026-10-04 18:48:44,52.689352360043905,64.75385959801922,-12.064507237975313
PB,19330,BARRA DE SANTA ROSA,0067,2026-10-04 19:02:49,56.59847122302158,63.04635761589404,-6.447886392872455
PB,19780,BARRA DE SANTANA,0049,2026-10-04 19:20:56,43.31400165700083,50.0434858236215,-6.729484166620672
PB,19356,BARRA DE SÃO MIGUEL,0062,2026-10-04 20:11:34,39.552845528455286,46.09507640067912,-6.542230872223833
PB,19372,BAYEUX,0061,2026-10-04 20:11:34,0.8722551853542269,8.538189175518463,-7.665933990164236
PB,19291,BAÍA DA TRAIÇÃO,0055,2026-10-04 21:05:39,56.96594427244582,66.02618602278524,-9.060241750339422
PB,19399,BELÉM,0014,2026-10-04 20:54:27,34.813827059185556,42.47650521532583,-7.662678156140274
PB,19410,BELÉM DO BREJO DO CRUZ,0038,2026-10-04 19:16:38,41.91013499899255,50.33208800332088,-8.42195300432833
PB,19500,BERNARDINO BATISTA,0053,2026-10-04 20:16:59,62.489343563512364,68.28851899274434,-5.79917542923198
PB,19437,BOA VENTURA,0042,2026-10-04 17:59:28,60.38347285984337,64.38427492840407,-4.000802068560695
PB,19941,BOA VISTA,0022,2026-10-04 20:54:44,33.14884364498913,39.72962066182405,-6.580777016834922
PB,19453,BOM JESUS,0068,2026-10-04 18:43:17,67.66706682673069,76.84873949579831,-9.181672669067623
PB,19470,BOM SUCESSO,0036,2026-10-04 18:48:44,67.23133933298041,75.66976489885184,-8.438425565871427
PB,19496,BONITO DE SANTA FÉ,0040,2026-10-04 19:16:38,47.66787958981145,51.56222726479316,-3.8943476749817094
PB,19518,BOQUEIRÃO,0062,2026-10-04 19:23:27,31.994941511223523,39.06905108239925,-7.074109571175725
PB,19550,BORBOREMA,0011,2026-10-04 17:55:31,46.103896103896105,58.21205821205821,-12.108162108162105
PB,19577,BREJO DO CRUZ,0038,2026-10-04 19:08:09,32.404761904761905,44.437452806443495,-12.03269090168159
PB,19593,BREJO DOS SANTOS,0036,2026-10-04 19:04:47,44.972769166317555,47.59243336199484,-2.619664195677288
PB,19615,CAAPORÃ,0073,2026-10-04 19:29:38,31.908960735549023,37.74313059586292,-5.834169860313899
PB,19631,CABACEIRAS,0062,2026-10-04 18:33:55,31.588917830925883,35.859984890455806,-4.271067059529923
PB,19658,CABEDELO,0057,2026-10-04 22:02:40,1.3635689936267972,7.232527157204345,-5.868958163577547
PB,19674,CACHOEIRA DOS ÍNDIOS,0068,2026-10-04 19:25:10,67.51613437034585,70.66073262581308,-3.14459825546723
PB,19690,CACIMBA DE AREIA,0065,2026-10-04 18:00:40,55.84838614154575,64.35838529701346,-8.509999155467703
PB,19712,CACIMBA DE DENTRO,0020,2026-10-04 19:24:42,41.50702426564496,53.79032258064516,-12.283298315000202
PB,19364,CACIMBAS,0030,2026-10-04 19:07:01,63.22751322751323,72.88562915425166,-9.658115926738432
PB,19739,CAIÇARA,0014,2026-10-04 19:09:46,33.30543933054393,44.0183046415341,-10.712865310990168
PB,19755,CAJAZEIRAS,0068,2026-10-04 19:25:10,55.03674422306529,61.78683814475304,-6.75009392168775
PB,19380,CAJAZEIRINHAS,0052,2026-10-04 18:23:56,52.61128636522958,64.49300102424036,-11.881714659010775
PB,19771,CALDAS BRANDÃO,0075,2026-10-04 20:16:00,43.87850467289719,54.079198473282446,-10.200693800385253
PB,19798,CAMALAÚ,0029,2026-10-04 22:13:41,73.73140411656817,77.76579685141255,-4.034392734844374
PB,19810,CAMPINA GRANDE,0016,2026-10-04 19:16:38,0.7314833038115857,3.0904605263157894,-2.358977222504204
PB,19810,CAMPINA GRANDE,0017,2026-10-04 19:20:56,3.6280390910535516,6.265933593390054,-2.6378945023365024
PB,19810,CAMPINA GRANDE,0072,2026-10-04 19:22:36,6.795502291825821,9.911968443332691,-3.11646615150687
PB,19062,CAPIM,0007,2026-10-04 20:51:51,40.872093023255815,49.693752552062065,-8.82165952880625
PB,19240,CARAÚBAS,0022,2026-10-04 20:14:15,49.850746268656714,60.47660563789596,-10.625859369239244
PB,19836,CARRAPATEIRA,0040,2026-10-04 20:11:53,67.00643776824035,68.78612716763006,-1.77968939938971
PB,19607,CASSERENGUE,0048,2026-10-04 18:55:38,55.89821004960103,66.75022789425707,-10.852017844656032
PB,19852,CATINGUEIRA,0032,2026-10-04 18:38:26,43.71318822023047,52.060793405461105,-8.347605185230634
PB,19879,CATOLÉ DO ROCHA,0036,2026-10-04 19:20:56,45.21544487968663,52.37454673061177,-7.15910185092514
PB,19801,CATURITÉ,0059,2026-10-04 18:32:14,47.59855006796556,55.32073595226256,-7.722185884296998
PB,19895,CONCEIÇÃO,0041,2026-10-04 19:29:38,49.677248209390754,59.06422018348624,-9.386971974095488
PB,19917,CONDADO,0051,2026-10-04 20:07:48,56.42329020332717,63.89543099387659,-7.4721407905494175
PB,19933,CONDE,0003,2026-10-04 23:12:51,18.492676167854317,25.861383890560255,-7.368707722705938
PB,19950,CONGO,0043,2026-10-04 20:37:29,57.003710575139145,64.40996708979783,-7.406256514658686
PB,19976,COREMAS,0052,2026-10-04 18:16:13,39.36339522546419,55.65804274465692,-16.29464751919273
PB,19704,COXIXOLA,0058,2026-10-04 17:54:12,54.1044776119403,61.34728580771746,-7.242808195777165
PB,19992,CRUZ DO ESPÍRITO SANTO,0003,2026-10-04 23:22:11,36.4821104178185,46.27222709512798,-9.790116677309484
PB,20010,CUBATI,0023,2026-10-04 20:14:15,42.65547500953834,51.632815611310235,-8.977340601771893
PB,20052,CUITEGI,0011,2026-10-04 19:04:13,46.678515885358806,54.62304409672831,-7.9445282113695015
PB,20036,CUITÉ,0024,2026-10-04 18:37:15,56.31150061500615,64.38035853468433,-8.06885791967818
PB,19089,CUITÉ DE MAMANGUAPE,0007,2026-10-04 19:20:55,49.197574893009985,63.54367064255483,-14.346095749544844
PB,19100,CURRAL DE CIMA,0060,2026-10-04 19:29:38,49.58820979627222,63.65949572056442,-14.071285924292205
PB,20079,CURRAL VELHO,0042,2026-10-04 18:17:14,50.0,55.700510493477026,-5.700510493477026
PB,19275,DAMIÃO,0024,2026-10-04 19:29:38,60.92212538656171,68.9414619350925,-8.019336548530795
PB,20095,DESTERRO,0030,2026-10-04 19:29:39,48.79053010808029,62.15395606358278,-13.363425955502493
PB,20133,DIAMANTE,0042,2026-10-04 18:22:51,60.183659053449496,62.52821670428894,-2.344557650839441
PB,20150,DONA INÊS,0014,2026-10-04 19:20:57,60.15391192817443,72.18325623041338,-12.029344302238947
PB,20176,DUAS ESTRADAS,0047,2026-10-04 17:49:26,36.5160848733744,54.131780123771385,-17.615695250396982
PB,20192,EMAS,0032,2026-10-04 19:02:49,40.14760147601476,55.6044835868695,-15.456882110854735
PB,20214,ESPERANÇA,0019,2026-10-04 19:09:27,30.799181350771228,38.03971005357705,-7.240528702805825
PB,20230,FAGUNDES,0059,2026-10-04 18:10:53,54.72008087956527,60.78165287013163,-6.061571990566357
PB,20257,FREI MARTINHO,0025,2026-10-04 17:58:51,38.514980460269214,49.09251881363435,-10.577538353365135
PB,19623,GADO BRAVO,0049,2026-10-04 19:20:57,58.32400447785063,64.2193947730399,-5.895390295189266
PB,20273,GUARABIRA,0010,2026-10-04 19:22:36,21.646510272475595,26.888550893203305,-5.24204062072771
PB,20290,GURINHÉM,0075,2026-10-04 20:14:29,46.96934238240112,51.43254842825658,-4.463206045855458
PB,20311,GURJÃO,0022,2026-10-04 18:38:45,62.03955021326095,68.58513189448442,-6.545581681223467
PB,20338,IBIARA,0041,2026-10-04 19:07:01,60.2641056422569,67.21970839617899,-6.955602753922086
PB,19534,IGARACY,0066,2026-10-04 18:41:11,46.68681701929784,61.279296875,-14.592479855702159
PB,20354,IMACULADA,0074,2026-10-04 19:26:22,62.401428358875165,73.28932539043632,-10.887897031561153
PB,20370,INGÁ,0008,2026-10-04 19:20:56,34.72782258064516,41.78814382896016,-7.060321248314999
PB,20397,ITABAIANA,0006,2026-10-04 19:04:47,22.892432361782774,27.6250502883197,-4.732617926536925
PB,20419,ITAPORANGA,0033,2026-10-04 18:33:18,45.81145857110249,54.842737844376806,-9.031279273274315
PB,20435,ITAPOROROCA,0060,2026-10-04 20:12:45,42.515077864794314,51.74441395531164,-9.229336090517329
PB,20451,ITATUBA,0008,2026-10-04 20:12:45,39.682539682539684,49.69306322897483,-10.010523546435145
PB,20478,JACARAÚ,0060,2026-10-04 20:13:50,27.379812296494926,43.8421681944998,-16.462355898004873
PB,20494,JERICÓ,0036,2026-10-04 19:20:55,49.081209247184354,68.22234870043636,-19.141139453252002
PB,19666,JOCA CLAUDINO,0053,2026-10-04 18:37:33,63.87852956846031,68.16990036706869,-4.2913707986083836
PB,20516,JOÃO PESSOA,0001,2026-10-04 19:31:15,3.09782043729859,4.456701474618887,-1.3588810373202973
PB,20516,JOÃO PESSOA,0064,2026-10-04 20:27:29,1.2454351885995694,4.018775197220899,-2.7733400086213296
PB,20516,JOÃO PESSOA,0070,2026-10-04 20:40:32,-1.5559275474289638,1.0625788843461095,-2.6185064317750735
PB,20516,JOÃO PESSOA,0076,2026-10-04 20:41:31,0.597131112524564,0.7248734267298347,-0.1277423142052707
PB,20516,JOÃO PESSOA,0077,2026-10-04 19:24:41,1.0108352898415474,4.490181755682551,-3.4793464658410036
PB,20532,JUAREZ TÁVORA,0009,2026-10-04 20:07:48,47.07717569786535,53.26086956521739,-6.183693867352041
PB,20559,JUAZEIRINHO,0056,2026-10-04 18:30:17,44.03574788334901,53.53495679497251,-9.499208911623498
PB,20575,JUNCO DO SERIDÓ,0056,2026-10-04 18:59:08,42.566544038086995,54.682236694363354,-12.115692656276359
PB,20591,JURIPIRANGA,0044,2026-10-04 18:25:56,35.61295503211991,47.31605132233569,-11.703096290215775
PB,20613,JURU,0074,2026-10-04 19:14:09,62.12070690230077,73.70272647317502,-11.582019570874252
PB,20630,LAGOA,0031,2026-10-04 18:33:56,61.63841807909605,69.73201692524682,-8.093598846150776
PB,20656,LAGOA DE DENTRO,0060,2026-10-04 20:10:52,40.88722608230893,54.9287856071964,-14.041559524887475
PB,20672,LAGOA SECA,0013,2026-10-04 20:20:40,22.64855093591463,27.67330726742382,-5.024756331509188
PB,20699,LASTRO,0063,2026-10-04 18:47:45,54.87593768032314,67.20142602495544,-12.325488344632298
PB,20710,LIVRAMENTO,0027,2026-10-04 18:26:23,48.45313921747043,54.85966133147762,-6.406522114007188
PB,19160,LOGRADOURO,0014,2026-10-04 19:20:55,28.712871287128714,38.02461344272641,-9.311742155597699
PB,20737,LUCENA,0002,2026-10-04 19:12:59,29.200850805226374,33.93324264936695,-4.7323918441405795
PB,20770,MALTA,0051,2026-10-04 18:21:54,61.925106810756475,70.84188911704312,-8.916782306286649
PB,20796,MAMANGUAPE,0007,2026-10-04 19:08:10,23.3122484186314,37.55501804195249,-14.242769623321095
PB,20818,MANAÍRA,0034,2026-10-04 20:50:40,68.9888654829973,74.43208522638258,-5.443219743385285
PB,19968,MARCAÇÃO,0055,2026-10-04 20:43:39,57.422133863485755,68.65401987353206,-11.23188601004631
PB,20834,MARI,0004,2026-10-04 19:09:27,38.77353935296958,45.44792955388982,-6.674390200920243
PB,19461,MARIZÓPOLIS,0035,2026-10-04 20:51:00,31.449481601951618,45.90398365679265,-14.45450205484103
PB,20850,MASSARANDUBA,0016,2026-10-04 19:20:55,39.04494382022472,44.87179487179487,-5.826851051570152
PB,20877,MATARACA,0007,2026-10-04 18:46:32,33.459715639810426,43.3365917236885,-9.876876083878074
PB,19143,MATINHAS,0013,2026-10-04 19:29:38,55.34200113058225,59.037593984962406,-3.695592854380159
PB,19488,MATO GROSSO,0036,2026-10-04 18:48:44,58.591147072822466,80.80216313654799,-22.211016063725523
PB,19984,MATURÉIA,0030,2026-10-04 17:55:30,60.21062271062271,69.46358267716535,-9.25295996654264
PB,20893,MOGEIRO,0006,2026-10-04 20:35:02,33.87755102040816,41.192838132107426,-7.315287111699263
PB,20915,MONTADAS,0050,2026-10-04 19:12:59,38.78042901904073,45.66867312221932,-6.888244103178586
PB,20931,MONTE HOREBE,0040,2026-10-04 18:19:24,56.88451776649746,70.25920873124147,-13.374690964744012
PB,20958,MONTEIRO,0029,2026-10-04 20:53:19,51.09293538049457,58.21393034825871,-7.120994967764133
PB,20974,MULUNGU,0075,2026-10-04 18:42:09,46.253122398001665,52.4703557312253,-6.217233333223632
PB,20753,MÃE D'ÁGUA,0030,2026-10-04 17:49:27,54.56316986034427,64.67796610169492,-10.114796241350653
PB,20990,NATUBA,0018,2026-10-04 20:57:11,45.310645033636725,50.082135523613964,-4.771490489977239
PB,21016,NAZAREZINHO,0063,2026-10-04 19:16:12,59.03832248734635,70.3656307129799,-11.327308225633544
PB,21032,NOVA FLORESTA,0024,2026-10-04 19:04:32,44.310511089681775,57.454361054766736,-13.14384996508496
PB,21059,NOVA OLINDA,0042,2026-10-04 18:23:58,60.45154743784881,68.6087666757419,-8.157219237893095
PB,21075,NOVA PALMEIRA,0025,2026-10-04 18:13:50,59.9543825350277,69.22802001429592,-9.273637479268224
PB,21091,OLHO D'ÁGUA,0066,2026-10-04 19:16:38,48.01211662249148,60.71714743589744,-12.705030813405955
PB,21113,OLIVEDOS,0023,2026-10-04 18:37:33,38.11928053013569,49.1025641025641,-10.983283572428412
PB,21130,OURO VELHO,0043,2026-10-04 17:55:30,59.3193510091017,60.86776859504132,-1.5484175859396174
PB,19720,PARARI,0058,2026-10-04 18:22:15,52.51948051948052,60.41909196740396,-7.899611447923441
PB,21156,PASSAGEM,0065,2026-10-04 17:42:01,40.46853468075333,56.80119581464873,-16.3326611338954
PB,21172,PATOS,0028,2026-10-04 19:12:43,26.27957646878942,34.51076078461274,-8.231184315823324
PB,21199,PAULISTA,0069,2026-10-04 20:52:03,35.55295494441194,48.15151122065119,-12.59855627623925
PB,21210,PEDRA BRANCA,0042,2026-10-04 18:43:16,39.913448735019976,50.41115480872363,-10.497706073703654
PB,21237,PEDRA LAVRADA,0025,2026-10-04 17:44:13,53.00500834724541,58.98876404494382,-5.983755697698413
PB,21253,PEDRAS DE FOGO,0044,2026-10-04 20:42:31,29.988632840756434,36.21150177159989,-6.2228689308434575
PB,19747,PEDRO RÉGIS,0060,2026-10-04 19:24:42,29.867819013726486,48.93387314439946,-19.066054130672978
PB,21270,PIANCÓ,0032,2026-10-04 19:24:42,41.26167733809174,49.43260154841447,-8.170924210322731
PB,21296,PICUÍ,0025,2026-10-04 18:32:14,38.458912876525304,49.82841455044612,-11.369501673920816
PB,21318,PILAR,0044,2026-10-04 19:23:45,32.37028301886792,46.24968537628996,-13.879402357422038
PB,21334,PILÕES,0011,2026-10-04 18:44:26,50.23395096387797,57.15410352292856,-6.920152559050585
PB,21350,PILÕEZINHOS,0047,2026-10-04 20:07:48,51.17213663764233,62.40202275600506,-11.229886118362728
PB,21377,PIRPIRITUBA,0047,2026-10-04 18:48:44,43.112085159674386,51.24524386025597,-8.133158700581582
PB,21393,PITIMBU,0073,2026-10-04 21:37:31,33.38382308391397,38.63155668358714,-5.247733599673175
PB,21415,POCINHOS,0050,2026-10-04 18:42:07,28.236588255203927,33.9265747297801,-5.689986474576173
PB,21431,POMBAL,0031,2026-10-04 20:11:10,29.37267143288692,36.07502095557418,-6.7023495226872605
PB,19640,POÇO DANTAS,0053,2026-10-04 20:41:50,71.65481577246283,74.88231338264963,-3.227497610186802
PB,19526,POÇO DE JOSÉ DE MOURA,0037,2026-10-04 19:29:37,63.6623748211731,67.92514773473408,-4.26277291356098
PB,21458,PRATA,0043,2026-10-04 19:02:49,41.76327028676022,49.029430181590484,-7.266159894830267
PB,21474,PRINCESA ISABEL,0034,2026-10-04 20:57:32,58.56518925913944,68.69237217099749,-10.12718291185805
PB,21490,PUXINANÃ,0050,2026-10-04 19:04:13,29.92266508030934,38.29123791705644,-8.368572836747102
PB,21512,QUEIMADAS,0059,2026-10-04 19:04:32,39.57892509521794,45.3474762253109,-5.768551130092959
PB,21539,QUIXABA,0028,2026-10-04 19:01:40,35.5464759959142,45.046020573903625,-9.499544577989425
PB,21555,REMÍGIO,0067,2026-10-04 18:41:10,50.356211989574284,56.886617100371744,-6.53040511079746
PB,19828,RIACHO DE SANTO ANTÔNIO,0062,2026-10-04 18:15:17,25.991189427312776,41.50277357539082,-15.511584148078043
PB,21571,RIACHO DOS CAVALOS,0038,2026-10-04 19:26:06,55.2756372258447,67.68312358825428,-12.407486362409578
PB,19208,RIACHÃO,0020,2026-10-04 18:54:43,52.59764884338263,58.94957983193277,-6.351930988550144
PB,19127,RIACHÃO DO BACAMARTE,0008,2026-10-04 19:12:43,39.56419007613547,53.36219336219336,-13.798003286057892
PB,19003,RIACHÃO DO POÇO,0004,2026-10-04 20:07:48,32.53989013863458,42.56425064972567,-10.02436051109109
PB,21598,RIO TINTO,0055,2026-10-04 20:10:51,32.77153558052434,41.767554479418884,-8.99601889889454
PB,21610,SALGADINHO,0065,2026-10-04 19:20:58,35.906571654790184,56.97912402783463,-21.072552373044445
PB,21636,SALGADO DE SÃO FÉLIX,0006,2026-10-04 18:44:25,42.40905000642756,48.08735756918068,-5.678307562753119
PB,20001,SANTA CECÍLIA,0018,2026-10-04 20:52:51,42.212618841832324,50.44376018837167,-8.231141346539346
PB,21652,SANTA CRUZ,0063,2026-10-04 18:17:14,62.003109038418835,67.4631531933899,-5.460044154971065
PB,21679,SANTA HELENA,0037,2026-10-04 20:16:59,69.15055398653053,75.61700182815356,-6.466447841623037
PB,19569,SANTA INÊS,0041,2026-10-04 18:39:54,72.27241139680334,81.5061295971979,-9.233718200394563
PB,21695,SANTA LUZIA,0026,2026-10-04 17:49:27,32.28814427707757,44.909670563230605,-12.621526286153035
PB,21750,SANTA RITA,0002,2026-10-04 20:59:42,10.23554685272143,18.046119414914873,-7.8105725621934425
PB,21750,SANTA RITA,0003,2026-10-04 20:13:03,15.781199757047412,21.911786618983758,-6.1305868619363455
PB,21776,SANTA TERESINHA,0065,2026-10-04 18:31:52,40.828402366863905,51.6995865870464,-10.871184220182492
PB,21717,SANTANA DE MANGUEIRA,0041,2026-10-04 19:09:27,69.3969396939694,76.22630153475775,-6.829361840788351
PB,21733,SANTANA DOS GARROTES,0066,2026-10-04 18:32:12,49.825783972125436,54.54131572956977,-4.715531757444332
PB,19267,SANTO ANDRÉ,0056,2026-10-04 19:14:09,49.181739879414295,63.559322033898304,-14.37758215448401
PB,22071,SAPÉ,0004,2026-10-04 19:13:47,30.80954351123983,38.22341857335128,-7.413875062111451
PB,22110,SERRA BRANCA,0058,2026-10-04 19:22:12,41.38750296982656,45.69232676335689,-4.304823793530325
PB,22136,SERRA DA RAIZ,0047,2026-10-04 17:58:50,34.9009900990099,45.66348655680832,-10.76249645779842
PB,22152,SERRA GRANDE,0033,2026-10-04 18:56:35,68.04961505560308,68.34192439862542,-0.2923093430223389
PB,22179,SERRA REDONDA,0072,2026-10-04 19:08:39,48.86429819452533,52.296747967479675,-3.4324497729543424
PB,22195,SERRARIA,0011,2026-10-04 18:21:12,46.65064583959147,52.69230769230769,-6.041661852716224
PB,19186,SERTÃOZINHO,0047,2026-10-04 19:14:09,44.489179667840965,55.71471202626082,-11.225532358419855
PB,19020,SOBRADO,0004,2026-10-04 20:10:52,34.4455190199871,43.57193732193732,-9.126418301950217
PB,22233,SOLEDADE,0023,2026-10-04 20:07:48,38.995633187772924,43.88028415046,-4.8846509626870755
PB,22217,SOLÂNEA,0048,2026-10-04 19:20:57,37.30600994667146,45.99962408370403,-8.693614137032569
PB,19283,SOSSÊGO,0024,2026-10-04 19:11:30,60.635451505016725,71.580547112462,-10.945095607445275
PB,22250,SOUSA,0035,2026-10-04 21:00:22,33.96412532772629,43.18007155160991,-9.21594622388362
PB,22276,SUMÉ,0043,2026-10-04 19:12:59,51.94888178913738,60.598644578313255,-8.649762789175874
PB,19402,SÃO BENTINHO,0051,2026-10-04 18:41:10,61.15056818181818,69.56219596942321,-8.411627787605035
PB,21792,SÃO BENTO,0069,2026-10-04 19:29:38,3.75962489783628,15.38787223032413,-11.628247332487849
PB,19429,SÃO DOMINGOS,0031,2026-10-04 18:44:25,46.650326797385624,54.33621043978627,-7.685883642400647
PB,19224,SÃO DOMINGOS DO CARIRI,0062,2026-10-04 17:43:15,40.254777070063696,46.877748460861916,-6.62297139079822
PB,19860,SÃO FRANCISCO,0063,2026-10-04 18:56:35,45.48220261636751,56.6759173604687,-11.193714744101193
PB,21857,SÃO JOSÉ DA LAGOA TAPADA,0052,2026-10-04 20:46:19,57.74360874397925,65.99687865782286,-8.25326991384361
PB,21873,SÃO JOSÉ DE CAIANA,0033,2026-10-04 19:00:40,55.91177224929469,63.15505132360886,-7.243279074314167
PB,21890,SÃO JOSÉ DE ESPINHARAS,0051,2026-10-04 18:38:45,52.946127946127945,61.079964591324874,-8.13383664519693
PB,21911,SÃO JOSÉ DE PIRANHAS,0040,2026-10-04 21:13:41,60.61346591387883,69.2023061698649,-8.58884025598607
PB,19445,SÃO JOSÉ DE PRINCESA,0034,2026-10-04 19:07:44,70.41245791245791,77.16024340770791,-6.74778549525
PB,21938,SÃO JOSÉ DO BONFIM,0065,2026-10-04 18:13:32,39.08701854493581,51.19602360981671,-12.109005064880904
PB,19542,SÃO JOSÉ DO BREJO DO CRUZ,0038,2026-10-04 18:41:10,33.39950372208437,46.57836644591612,-13.178862723831749
PB,21954,SÃO JOSÉ DO SABUGI,0026,2026-10-04 19:07:02,39.56497797356828,50.302332277569825,-10.737354304001542
PB,21970,SÃO JOSÉ DOS CORDEIROS,0058,2026-10-04 18:28:22,59.264305177111716,65.67557395558902,-6.4112687784773
PB,19046,SÃO JOSÉ DOS RAMOS,0006,2026-10-04 19:20:58,45.27011625256439,55.31965648854962,-10.049540235985226
PB,21814,SÃO JOÃO DO CARIRI,0022,2026-10-04 18:09:55,56.60478880817864,63.71182923213756,-7.107040423958921
PB,19135,SÃO JOÃO DO RIO DO PEIXE,0037,2026-10-04 19:23:45,58.00736712857393,64.59069893935273,-6.583331810778802
PB,21830,SÃO JOÃO DO TIGRE,0029,2026-10-04 21:27:50,59.89515072083879,64.68624833110815,-4.791097610269354
PB,21997,SÃO MAMEDE,0026,2026-10-04 19:03:12,34.19970082273747,46.2803738317757,-12.080673009038229
PB,22012,SÃO MIGUEL DE TAIPU,0044,2026-10-04 20:14:15,15.847860538827259,19.96197718631179,-4.114116647484529
PB,22039,SÃO SEBASTIÃO DE LAGOA DE ROÇA,0019,2026-10-04 18:50:15,36.672028074279865,42.17432052483599,-5.502292450556126
PB,22055,SÃO SEBASTIÃO DO UMBUZEIRO,0029,2026-10-04 18:48:44,68.65315852205006,73.14546208039785,-4.4923035583477855
PB,22098,SÃO VICENTE DO SERIDÓ,0023,2026-10-04 18:44:45,56.378309500212374,57.49548464780253,-1.117175147590153
PB,22292,TACIMA,0020,2026-10-04 18:27:08,41.57396646189606,52.540272614622054,-10.966306152725991
PB,22314,TAPEROÁ,0027,2026-10-04 18:31:52,52.031630170316305,60.37471322967117,-8.343083059354868
PB,22330,TAVARES,0034,2026-10-04 19:23:26,69.7173144876325,76.66912125675012,-6.95180676911761
PB,22357,TEIXEIRA,0030,2026-10-04 20:21:51,55.232685164955214,63.33370448725086,-8.101019322295649
PB,19682,TENÓRIO,0056,2026-10-04 19:08:39,48.86232163517162,62.77873070325901,-13.91640906808739
PB,22373,TRIUNFO,0037,2026-10-04 18:41:11,68.10490693739425,74.61455718895661,-6.509650251562363
PB,22390,UIRAÚNA,0053,2026-10-04 21:11:59,52.51762836428642,62.134808013355595,-9.617179649069172
PB,22411,UMBUZEIRO,0018,2026-10-04 20:54:27,49.46308724832215,57.663661309290475,-8.200574060968329
PB,19887,VIEIRÓPOLIS,0053,2026-10-04 20:16:00,54.82570547782784,62.864583333333336,-8.038877855505497
PB,20117,VISTA SERRANA,0051,2026-10-04 17:36:20,54.91643995336184,52.69868253293668,2.2177574204251584
PB,22438,VÁRZEA,0026,2026-10-04 18:21:53,52.846900042176294,68.25764596848934,-15.410745926313048
PB,19348,ZABELÊ,0029,2026-10-04 19:22:36,64.83516483516483,70.81967213114754,-5.984507295982709
PB,19011,ÁGUA BRANCA,0074,2026-10-04 18:42:08,59.88538681948424,72.96005462615227,-13.074667806668032
PE,26310,ABREU E LIMA,0119,2026-10-04 21:00:45,18.74415851454919,19.73142700362772,-0.9872684890785273
PE,23019,AFOGADOS DA INGAZEIRA,0066,2026-10-04 20:50:22,50.02385185827659,56.535719278624356,-6.5118674203477624
PE,23035,AFRÂNIO,0107,2026-10-04 20:47:40,35.89047471300031,54.35451607939683,-18.464041366396522
PE,23051,AGRESTINA,0086,2026-10-04 20:59:41,46.314882088541346,54.13199148442036,-7.817109395879015
PE,23116,ALAGOINHA,0120,2026-10-04 19:20:56,70.57297072866929,76.76146010186757,-6.18848937319828
PE,23132,ALIANÇA,0125,2026-10-04 20:18:28,40.80832594390255,44.07651271206805,-3.2681867681654992
PE,23159,ALTINHO,0048,2026-10-04 21:44:08,50.43103448275862,55.528160875260035,-5.097126392501416
PE,23175,AMARAJI,0031,2026-10-04 20:10:30,36.80243623905596,37.78353347460953,-0.9810972355535696
PE,23191,ANGELIM,0116,2026-10-04 21:00:44,52.27239727021925,57.06472196900638,-4.792324698787127
PE,23213,ARARIPINA,0084,2026-10-04 21:02:10,47.134180011043625,58.27597210192825,-11.141792090884621
PE,23205,ARAÇOIABA,0085,2026-10-04 20:52:02,40.008871146595695,41.87538179596824,-1.8665106493725432
PE,23230,ARCOVERDE,0057,2026-10-04 21:00:45,44.58998566556275,50.463490419471775,-5.873504753909025
PE,23256,BARRA DE GUABIRABA,0039,2026-10-04 20:51:21,26.599950580677046,30.418299001642865,-3.818348420965819
PE,23272,BARREIROS,0042,2026-10-04 19:20:55,30.68850085949516,30.75712615771963,-0.06862529822446817
PE,23337,BELO JARDIM,0045,2026-10-04 22:00:09,35.70215601556286,41.95498897644671,-6.252832960883843
PE,23299,BELÉM DE MARIA,0043,2026-10-04 19:13:47,44.35494880546075,50.44296788482835,-6.088019079367598
PE,23310,BELÉM DO SÃO FRANCISCO,0073,2026-10-04 20:59:22,62.608179195655865,69.30280071507619,-6.694621519420323
PE,23353,BETÂNIA,0108,2026-10-04 20:49:31,72.93602336076454,77.05572181844093,-4.119698457676392
PE,23370,BEZERROS,0035,2026-10-04 21:24:18,39.49026119501331,46.07456968650515,-6.584308491491839
PE,23396,BODOCÓ,0080,2026-10-04 21:04:20,69.11374738311235,77.53312945973497,-8.419382076622611
PE,23418,BOM CONSELHO,0061,2026-10-04 21:07:20,55.42883924386815,60.51496957730588,-5.08613033343773
PE,23434,BOM JARDIM,0033,2026-10-04 20:11:51,50.01073375982139,54.13650008829242,-4.12576632847103
PE,23450,BONITO,0039,2026-10-04 20:49:54,30.710056614374,36.2042649688195,-5.494208354445501
PE,23493,BREJINHO,0099,2026-10-04 20:14:13,59.34280639431616,70.15532544378698,-10.812519049470815
PE,23515,BREJO DA MADRE DE DEUS,0054,2026-10-04 21:22:20,29.19400536832687,38.946611253196934,-9.752605884870064
PE,23477,BREJÃO,0092,2026-10-04 22:05:20,54.03320695515754,64.45306885151646,-10.419861896358924
PE,23531,BUENOS AIRES,0023,2026-10-04 20:07:46,51.44565217391305,55.407577497129736,-3.9619253232166898
PE,23558,BUÍQUE,0060,2026-10-04 22:08:31,67.68531901713814,73.92912995384674,-6.2438109367085985
PE,23574,CABO DE SANTO AGOSTINHO,0015,2026-10-04 20:35:08,39.872885999196406,40.61790692003226,-0.7450209208358558
PE,23574,CABO DE SANTO AGOSTINHO,0121,2026-10-04 20:55:02,36.45674356419409,35.860420394754414,0.5963231694396782
PE,23590,CABROBÓ,0077,2026-10-04 21:22:20,60.081385539179195,67.01180368606337,-6.930418146884179
PE,23612,CACHOEIRINHA,0044,2026-10-04 20:53:48,46.92755240296485,51.86927457291409,-4.941722169949237
PE,23639,CAETÉS,0130,2026-10-04 22:21:50,76.89461422502399,81.84042017411325,-4.945805949089262
PE,23671,CALUMBI,0108,2026-10-04 21:02:10,70.81745756841012,76.63958787398454,-5.822130305574419
PE,23655,CALÇADO,0094,2026-10-04 20:21:49,65.96995427824952,74.46557818549066,-8.49562390724114
PE,26298,CAMARAGIBE,0127,2026-10-04 20:55:24,13.708212363537582,13.698269968975127,0.009942394562454382
PE,26298,CAMARAGIBE,0138,2026-10-04 20:50:23,15.261948422738563,16.509579544645188,-1.2476311219066254
PE,23698,CAMOCIM DE SÃO FÉLIX,0132,2026-10-04 20:52:02,39.333829242086125,48.32902670111972,-8.995197459033598
PE,23710,CAMUTANGA,0027,2026-10-04 20:16:28,37.72520473157416,45.25993883792049,-7.534734106346328
PE,23736,CANHOTINHO,0116,2026-10-04 20:51:21,43.10839079569226,46.04151866761386,-2.9331278719215987
PE,23752,CAPOEIRAS,0130,2026-10-04 22:40:01,70.23879841363598,75.39525691699605,-5.156458503360071
PE,23167,CARNAUBEIRA DA PENHA,0069,2026-10-04 22:21:30,79.6353842966646,84.2351598173516,-4.599775520687004
PE,23779,CARNAÍBA,0098,2026-10-04 20:54:12,66.07788036932959,74.72508737533032,-8.647207006000727
PE,23795,CARPINA,0020,2026-10-04 20:58:10,12.474216064173351,13.69267408070965,-1.2184580165362995
PE,23817,CARUARU,0041,2026-10-04 21:31:40,36.33529441343591,41.01055641082032,-4.6752619973844105
PE,23817,CARUARU,0105,2026-10-04 21:01:51,7.733517319750806,12.056115263785072,-4.322597944034266
PE,23817,CARUARU,0106,2026-10-04 21:01:30,13.842257846428858,18.46841534179365,-4.626157495364794
PE,23221,CASINHAS,0034,2026-10-04 20:15:29,56.476053533901116,64.20859177578681,-7.732538241885699
PE,23833,CATENDE,0043,2026-10-04 20:49:31,44.440431350291526,48.140994688556255,-3.700563338264729
PE,23850,CEDRO,0076,2026-10-04 20:58:11,62.30622790318194,75.29493407356003,-12.988706170378087
PE,23876,CHÃ DE ALEGRIA,0021,2026-10-04 19:20:56,40.05076702350734,45.339616136076316,-5.288849112568975
PE,23892,CHÃ GRANDE,0031,2026-10-04 20:52:02,31.384904142646466,38.05939226519337,-6.674488122546901
PE,23914,CONDADO,0125,2026-10-04 20:52:02,38.09555016711449,42.999598447329674,-4.904048280215186
PE,23930,CORRENTES,0059,2026-10-04 20:45:30,59.06402936378466,70.78724089786274,-11.723211534078082
PE,23957,CORTÊS,0028,2026-10-04 19:25:20,44.91454523724155,46.30813589068572,-1.3935906534441713
PE,23973,CUMARU,0091,2026-10-04 20:53:48,50.196523713861474,55.386004514672685,-5.189480800811211
PE,23990,CUPIRA,0086,2026-10-04 20:49:31,28.942751315874975,31.86054307743882,-2.9177917615638442
PE,24015,CUSTÓDIA,0065,2026-10-04 21:01:51,65.58905380333952,76.10750147666863,-10.518447673329106
PE,23140,DORMENTES,0107,2026-10-04 21:35:20,40.605386509891154,58.07892172783371,-17.473535217942555
PE,24031,ESCADA,0019,2026-10-04 20:37:29,39.551445578231295,42.00289342549429,-2.4514478472629975
PE,24058,EXU,0079,2026-10-04 21:15:48,64.73530637765735,74.6441148752542,-9.908808497596851
PE,24074,FEIRA NOVA,0135,2026-10-04 20:13:50,30.02340591531314,31.780280866003512,-1.7568749506903707
PE,30015,FERNANDO DE NORONHA,0004,2026-10-04 19:17:19,5.692438402718777,10.9475620975161,-5.255123694797323
PE,24090,FERREIROS,0027,2026-10-04 19:32:15,41.27839815171352,46.361718955971526,-5.083320804258008
PE,24112,FLORES,0067,2026-10-04 20:52:03,66.06045507390799,74.05031234171872,-7.989857267810734
PE,24139,FLORESTA,0072,2026-10-04 20:59:41,65.7964135021097,71.26062479302351,-5.464211290913809
PE,24155,FREI MIGUELINHO,0046,2026-10-04 20:53:49,35.93808280492354,47.007150153217566,-11.069067348294027
PE,24171,GAMELEIRA,0028,2026-10-04 20:23:18,37.14338472901856,39.40261133965301,-2.2592266106344567
PE,24198,GARANHUNS,0056,2026-10-04 21:02:10,43.69607715365568,48.61125877099724,-4.91518161734156
PE,24210,GLÓRIA DO GOITÁ,0021,2026-10-04 19:30:18,46.62515289669743,51.917182349199,-5.292029452501573
PE,24236,GOIANA,0025,2026-10-04 20:53:48,27.488213238296765,30.58165861868601,-3.0934453803892445
PE,24252,GRANITO,0080,2026-10-04 20:59:22,62.78694404591105,73.14763231197772,-10.360688266066667
PE,24279,GRAVATÁ,0030,2026-10-04 21:00:43,23.754811282817258,29.04061720881839,-5.285805926001132
PE,24295,IATI,0136,2026-10-04 20:59:23,65.92754813395383,71.84829572731637,-5.920747593362535
PE,24317,IBIMIRIM,0128,2026-10-04 21:29:28,72.9594391587381,78.08931828930477,-5.129879130566664
PE,24333,IBIRAJUBA,0048,2026-10-04 19:14:38,56.32535885167464,62.971652003910066,-6.6462931522354225
PE,24350,IGARASSU,0085,2026-10-04 21:02:59,28.727561017045133,32.371911535605605,-3.644350518560472
PE,24376,IGUARACY,0066,2026-10-04 19:10:58,64.25050739344738,71.6331096196868,-7.3826022262394275
PE,24511,ILHA DE ITAMARACÁ,0131,2026-10-04 20:29:17,43.54592191190774,45.96624284333408,-2.420320931426339
PE,24392,INAJÁ,0063,2026-10-04 22:37:19,77.32019538487451,80.56992382206339,-3.249728437188878
PE,24414,INGAZEIRA,0050,2026-10-04 20:55:24,69.69964664310955,76.4507215228738,-6.751074879764261
PE,24430,IPOJUCA,0016,2026-10-04 20:33:51,42.985816935821994,45.71141844638881,-2.7256015105668183
PE,24457,IPUBI,0133,2026-10-04 21:09:28,51.711309523809526,66.57868275515334,-14.867373231343812
PE,24473,ITACURUBA,0073,2026-10-04 18:59:09,69.7939262472885,73.39080459770115,-3.596878350412652
PE,25976,ITAMBÉ,0027,2026-10-04 20:22:29,40.126118357227554,45.37308479451297,-5.2469664372854155
PE,24538,ITAPETIM,0099,2026-10-04 21:08:20,58.55806274078151,65.86164089831847,-7.303578157536961
PE,26336,ITAPISSUMA,0131,2026-10-04 21:01:30,40.06831471082035,45.362694300518136,-5.294379589697783
PE,24554,ITAQUITINGA,0125,2026-10-04 20:22:29,37.23673946957879,38.666666666666664,-1.4299271970878777
PE,24490,ITAÍBA,0143,2026-10-04 20:59:42,59.1113105924596,68.05905653583004,-8.947745943370435
PE,24570,JABOATÃO DOS GUARARAPES,0011,2026-10-04 21:00:44,22.234069678496095,22.0135509981356,0.22051868036049527
PE,24570,JABOATÃO DOS GUARARAPES,0101,2026-10-04 20:55:01,7.718554237616516,8.119475013530579,-0.40092077591406294
PE,24570,JABOATÃO DOS GUARARAPES,0118,2026-10-04 20:58:33,12.667839430712505,11.874673842973937,0.7931655877385673
PE,24570,JABOATÃO DOS GUARARAPES,0147,2026-10-04 20:57:50,14.456381514044427,14.784266009109606,-0.32788449506517914
PE,23302,JAQUEIRA,0043,2026-10-04 20:10:30,44.529637275140075,46.44144144144144,-1.9118041663013656
PE,24597,JATAÚBA,0054,2026-10-04 21:39:00,53.21587410195005,61.845704906073315,-8.629830804123266
PE,23264,JATOBÁ,0089,2026-10-04 20:56:34,68.57811585722645,70.37592106906457,-1.7978052118381243
PE,24635,JOAQUIM NABUCO,0038,2026-10-04 20:59:22,39.35251115541631,44.641923680083636,-5.289412524667327
PE,24619,JOÃO ALFREDO,0088,2026-10-04 20:10:30,50.54740529888329,58.464667005592275,-7.9172617067089845
PE,23124,JUCATI,0092,2026-10-04 20:31:19,65.15403297967532,70.32283672929347,-5.168803749618149
PE,24651,JUPI,0092,2026-10-04 20:24:19,62.430622009569376,69.30765226444561,-6.877030254876232
PE,24678,JUREMA,0094,2026-10-04 20:34:10,56.59304614038924,58.287101248266296,-1.6940551078770554
PE,24694,LAGOA DE ITAENGA,0135,2026-10-04 21:00:45,37.385702410640064,36.56209339308949,0.8236090175505737
PE,23027,LAGOA DO CARRO,0020,2026-10-04 20:59:41,37.38972904851922,42.23259762308998,-4.842868574570758
PE,24716,LAGOA DO OURO,0059,2026-10-04 20:58:11,61.71046565237437,70.80659368315088,-9.096128030776512
PE,24732,LAGOA DOS GATOS,0086,2026-10-04 22:02:08,54.7346984953049,58.649398704902865,-3.9147002095979673
PE,23183,LAGOA GRANDE,0137,2026-10-04 20:53:48,53.04000507195841,62.21487817522032,-9.174873103261909
PE,24759,LAJEDO,0094,2026-10-04 20:56:14,33.32929537653947,41.6059016673063,-8.276606290766829
PE,24775,LIMOEIRO,0024,2026-10-04 20:13:03,41.631856656040455,45.40357468123862,-3.7717180251981617
PE,24791,MACAPARANA,0090,2026-10-04 20:20:48,28.79332564606932,34.5152666385254,-5.7219409924560765
PE,24813,MACHADOS,0088,2026-10-04 18:48:43,50.03519474425153,56.32155301144848,-6.2863582671969525
PE,23248,MANARI,0063,2026-10-04 21:00:45,73.98866523353527,79.22668688400303,-5.238021650467758
PE,24830,MARAIAL,0043,2026-10-04 20:59:42,40.5341446923597,43.81966394942605,-3.2855192570663476
PE,24856,MIRANDIBA,0069,2026-10-04 22:10:29,58.01456142378366,64.05297702766057,-6.0384156038769135
PE,25852,MOREILÂNDIA,0079,2026-10-04 20:36:21,71.1179295624333,75.82402234636872,-4.706092783935418
PE,24872,MORENO,0014,2026-10-04 20:10:29,30.99645846748229,31.736335262891135,-0.7398767954088434
PE,24899,NAZARÉ DA MATA,0023,2026-10-04 20:51:20,29.52793591616706,26.821175405962496,2.706760510204564
PE,24910,OLINDA,0010,2026-10-04 19:20:55,18.544586187393953,17.223656737623703,1.3209294497702508
PE,24910,OLINDA,0100,2026-10-04 20:29:17,17.451213970795926,16.75232620451113,0.6988877662847948
PE,24910,OLINDA,0117,2026-10-04 19:24:37,25.624277808185855,25.347131254912235,0.2771465532736208
PE,24937,OROBÓ,0033,2026-10-04 20:11:35,57.49660058684606,59.88238668961561,-2.3857861027695506
PE,24953,OROCÓ,0077,2026-10-04 21:49:31,55.71456966805804,62.8454672545435,-7.13089758648546
PE,24970,OURICURI,0082,2026-10-04 21:39:58,63.84257254222607,71.0772535828363,-7.2346810406102335
PE,24996,PALMARES,0037,2026-10-04 20:50:23,39.993502274204026,40.830598919492225,-0.8370966452881987
PE,25011,PALMEIRINA,0059,2026-10-04 18:48:43,59.962928637627435,67.13570236107799,-7.172773723450554
PE,25038,PANELAS,0047,2026-10-04 20:04:51,51.7521819624438,55.83749401545722,-4.085312053013418
PE,25054,PARANATAMA,0092,2026-10-04 21:00:23,62.80804150453956,71.20115774240232,-8.393116237862756
PE,25070,PARNAMIRIM,0078,2026-10-04 21:50:29,74.61837357757425,80.48468481273541,-5.866311235161163
PE,25097,PASSIRA,0091,2026-10-04 20:48:39,45.406457408054294,51.38710835341777,-5.980650945363479
PE,25119,PAUDALHO,0017,2026-10-04 20:49:31,20.906029151943464,23.060778563624865,-2.1547494116814008
PE,25135,PAULISTA,0012,2026-10-04 20:32:28,21.761692502162198,21.631689227392158,0.13000327477003992
PE,25135,PAULISTA,0114,2026-10-04 20:50:24,18.264665113398415,18.68295589988081,-0.4182907864823946
PE,25135,PAULISTA,0146,2026-10-04 19:31:07,16.27718009555693,15.652712244419904,0.624467851137025
PE,25151,PEDRA,0058,2026-10-04 20:48:39,60.02952963509808,66.5820397504715,-6.5525101153734155
PE,25178,PESQUEIRA,0055,2026-10-04 22:04:09,60.44453644526095,66.95673522832669,-6.512198783065742
PE,25216,PETROLINA,0083,2026-10-04 22:05:21,29.279750292625828,38.70137066675359,-9.421620374127762
PE,25216,PETROLINA,0144,2026-10-04 21:00:43,19.22337195810087,27.14316242828728,-7.91979047018641
PE,25216,PETROLINA,0145,2026-10-04 21:19:28,33.31739890351205,44.68944049028032,-11.372041586768269
PE,25194,PETROLÂNDIA,0070,2026-10-04 21:01:51,54.059117402164865,63.333690183063915,-9.27457278089905
PE,25259,POMBOS,0102,2026-10-04 20:58:34,26.65801347425675,32.541765345964286,-5.883751871707535
PE,25232,POÇÃO,0055,2026-10-04 20:39:28,61.94120016109545,70.13286334056399,-8.191663179468534
PE,25275,PRIMAVERA,0031,2026-10-04 19:32:15,41.92788121612067,45.428226779252114,-3.5003455631314466
PE,25291,QUIPAPÁ,0047,2026-10-04 19:28:53,58.80222841225627,63.149591685226426,-4.347363272970156
PE,23000,QUIXABA,0098,2026-10-04 20:48:39,73.46123101518785,80.06224066390041,-6.601009648712562
PE,25313,RECIFE,0001,2026-10-04 20:10:29,6.118586587900667,4.365668005673636,1.7529185822270312
PE,25313,RECIFE,0002,2026-10-04 20:16:39,13.739737991266376,11.227641448596545,2.5120965426698305
PE,25313,RECIFE,0003,2026-10-04 20:28:10,15.041847232789705,12.655674060502955,2.3861731722867496
PE,25313,RECIFE,0004,2026-10-04 21:02:10,27.141519559706776,25.54876181184985,1.5927577478569255
PE,25313,RECIFE,0005,2026-10-04 20:45:30,22.554519762095584,20.21701159159477,2.337508170500815
PE,25313,RECIFE,0006,2026-10-04 20:54:12,18.910511297188567,16.999365568495943,1.911145728692624
PE,25313,RECIFE,0007,2026-10-04 19:29:37,22.840496401755676,21.5775506623388,1.2629457394168746
PE,25313,RECIFE,0008,2026-10-04 19:29:37,15.00785781315364,12.264670869891098,2.7431869432625415
PE,25313,RECIFE,0009,2026-10-04 20:36:09,20.693608796776555,18.87924769308697,1.8143611036895848
PE,25313,RECIFE,0149,2026-10-04 20:36:09,4.3917553549777715,1.952033229858265,2.4397221251195065
PE,25313,RECIFE,0150,2026-10-04 20:11:34,19.549918537291816,17.48432558397603,2.065592953315786
PE,25330,RIACHO DAS ALMAS,0041,2026-10-04 20:58:11,35.13088089547018,45.131972111553786,-10.001091216083609
PE,25356,RIBEIRÃO,0028,2026-10-04 20:07:46,39.64617719597799,40.320383332550385,-0.6742061365723941
PE,25372,RIO FORMOSO,0026,2026-10-04 20:15:29,43.04635761589404,44.360283220813436,-1.3139256049193975
PE,25399,SAIRÉ,0132,2026-10-04 19:16:12,34.059428060768546,43.52092026615541,-9.461492205386861
PE,25410,SALGADINHO,0088,2026-10-04 18:47:45,51.15128449096099,54.008112806644775,-2.856828315683785
PE,25437,SALGUEIRO,0075,2026-10-04 21:22:08,53.25582083370315,61.73360870503375,-8.477787871330605
PE,25453,SALOÁ,0136,2026-10-04 21:19:38,69.08575787294323,76.27060830017055,-7.1848504272273175
PE,25470,SANHARÓ,0045,2026-10-04 20:58:34,53.277488614183476,60.044569164740835,-6.76708055055736
PE,23108,SANTA CRUZ,0082,2026-10-04 20:56:34,63.55258051998448,74.1279365402217,-10.575356020237216
PE,23043,SANTA CRUZ DA BAIXA VERDE,0071,2026-10-04 20:56:54,59.27795031055901,71.58158297398803,-12.303632663429028
PE,25496,SANTA CRUZ DO CAPIBARIBE,0109,2026-10-04 20:58:33,-12.60028142760549,-2.196164555472764,-10.404116872132725
PE,23329,SANTA FILOMENA,0082,2026-10-04 21:16:50,62.10392902408112,73.64021278905656,-11.536283764975444
PE,25518,SANTA MARIA DA BOA VISTA,0081,2026-10-04 21:38:00,57.43101963839121,65.98908418926469,-8.558064550873475
PE,25534,SANTA MARIA DO CAMBUCÁ,0046,2026-10-04 20:30:09,37.54945179156776,43.25062329336341,-5.701171501795649
PE,25550,SANTA TEREZINHA,0099,2026-10-04 19:16:13,57.84620451177342,68.03359683794466,-10.187392326171235
PE,25771,SERRA TALHADA,0071,2026-10-04 21:03:58,46.45448115590583,56.360002578815035,-9.905521422909203
PE,25798,SERRITA,0076,2026-10-04 21:49:31,65.89891755513958,78.73229824262071,-12.833380687481139
PE,25810,SERTÂNIA,0062,2026-10-04 20:58:11,65.74701195219123,71.38052617304041,-5.633514220849179
PE,25836,SIRINHAÉM,0026,2026-10-04 21:00:23,33.22752310708617,34.51205619897475,-1.2845330918885765
PE,25879,SOLIDÃO,0098,2026-10-04 21:01:51,71.75536881419234,77.55392273050487,-5.798553916312528
PE,25895,SURUBIM,0034,2026-10-04 20:56:34,30.474519457392763,39.71802116226248,-9.243501704869718
PE,25577,SÃO BENEDITO DO SUL,0047,2026-10-04 19:08:10,53.93339333933393,57.40982993832928,-3.476436598995349
PE,25593,SÃO BENTO DO UNA,0052,2026-10-04 22:05:29,45.882824455294035,51.31848147306206,-5.435657017768023
PE,25615,SÃO CAITANO,0044,2026-10-04 20:53:49,51.22868708345259,56.41425859523307,-5.185571511780481
PE,25658,SÃO JOAQUIM DO MONTE,0132,2026-10-04 20:59:42,46.195933456561924,49.05962080255844,-2.8636873459965173
PE,25674,SÃO JOSÉ DA COROA GRANDE,0042,2026-10-04 20:55:23,19.407582938388625,18.57721126517957,0.8303716732090543
PE,25690,SÃO JOSÉ DO BELMONTE,0074,2026-10-04 20:57:50,66.36195662744335,75.13164068609562,-8.769684058652274
PE,25712,SÃO JOSÉ DO EGITO,0068,2026-10-04 20:56:13,53.54211663066955,60.63456090651558,-7.092444275846034
PE,25631,SÃO JOÃO,0116,2026-10-04 20:57:50,66.80781516974965,72.63655462184875,-5.8287394520991
PE,25739,SÃO LOURENÇO DA MATA,0013,2026-10-04 20:53:48,25.46389110806289,26.142227816236627,-0.6783367081737381
PE,25755,SÃO VICENTE FÉRRER,0090,2026-10-04 20:41:09,44.73827205216446,54.294564911292596,-9.556292859128135
PE,25917,TABIRA,0050,2026-10-04 20:12:43,53.284977820405224,67.50489669552032,-14.219918875115091
PE,25933,TACAIMBÓ,0044,2026-10-04 20:58:11,46.02010644589001,56.42974787786646,-10.409641431976453
PE,25950,TACARATU,0089,2026-10-04 20:57:50,68.87894964651565,74.53076923076924,-5.651819584253587
PE,23280,TAMANDARÉ,0026,2026-10-04 21:03:58,32.168153200419724,35.387361656551235,-3.2192084561315113
PE,25992,TAQUARITINGA DO NORTE,0051,2026-10-04 20:53:14,5.488443929615533,15.80140828261129,-10.312964352995756
PE,26018,TEREZINHA,0061,2026-10-04 20:53:49,59.97610513739546,67.6182360460162,-7.642130908620736
PE,26034,TERRA NOVA,0078,2026-10-04 20:07:47,78.26517617093533,83.44714964370546,-5.1819734727701245
PE,26050,TIMBAÚBA,0036,2026-10-04 20:11:35,32.99476570289133,35.88566073102155,-2.890895028130224
PE,26077,TORITAMA,0112,2026-10-04 20:59:42,5.390455904078057,12.633204051662462,-7.242748147584405
PE,26093,TRACUNHAÉM,0023,2026-10-04 20:11:34,39.57275803722504,41.12392582541836,-1.5511677881933181
PE,26115,TRINDADE,0133,2026-10-04 20:57:50,38.92817679558011,51.370929118773944,-12.442752323193837
PE,26131,TRIUNFO,0067,2026-10-04 21:06:19,60.22691787238472,70.21134593993325,-9.984428067548535
PE,26158,TUPANATINGA,0143,2026-10-04 21:33:53,57.2867640987532,66.65812403895438,-9.371359940201181
PE,26174,TUPARETAMA,0068,2026-10-04 20:51:21,66.93637950182453,73.29291640076579,-6.356536898941258
PE,26190,VENTUROSA,0120,2026-10-04 20:57:51,55.04837291116974,65.09778235239075,-10.049409441221009
PE,26212,VERDEJANTE,0075,2026-10-04 20:30:09,69.45850590581378,76.63873829472647,-7.180232388912685
PE,23086,VERTENTE DO LÉRIO,0034,2026-10-04 20:25:28,52.54419677171406,61.8903464513959,-9.346149679681837
PE,26239,VERTENTES,0046,2026-10-04 20:54:12,32.48291902892862,42.167613863763705,-9.684694834835085
PE,26255,VICÊNCIA,0090,2026-10-04 21:36:50,33.90189318333031,36.578769438810006,-2.676876255479698
PE,26271,VITÓRIA DE SANTO ANTÃO,0018,2026-10-04 20:51:35,13.340996168582375,16.625489794954916,-3.284493626372541
PE,26271,VITÓRIA DE SANTO ANTÃO,0102,2026-10-04 21:00:44,24.60775265343793,28.987159486379454,-4.379406832941523
PE,23060,XEXÉU,0038,2026-10-04 20:43:09,42.68020807530344,42.342709607283595,0.3374984680198452
PE,23078,ÁGUA PRETA,0038,2026-10-04 20:58:11,49.90190108923618,49.18907960535208,0.712821483884106
PE,23094,ÁGUAS BELAS,0064,2026-10-04 21:59:59,51.60543824124964,58.54835878532561,-6.9429205440759745
PI,12327,ACAUÃ,0038,2026-10-04 20:52:03,64.70696307183539,79.22641509433963,-14.51945202250424
PI,10014,AGRICOLÂNDIA,0030,2026-10-04 20:59:43,59.676300578034684,67.05456426170157,-7.378263683666887
PI,12319,ALAGOINHA DO PIAUÍ,0029,2026-10-04 20:42:50,45.45093365117203,54.715047150471506,-9.264113499299476
PI,10022,ALEGRETE DO PIAUÍ,0040,2026-10-04 19:02:49,46.938194246653374,61.29793510324484,-14.359740856591465
PI,10057,ALTO LONGÁ,0047,2026-10-04 21:27:10,61.19375232428412,66.40990639625585,-5.216154071971729
PI,10073,ALTOS,0032,2026-10-04 20:56:03,55.957530475815965,66.63119812726111,-10.67366765144515
PI,12084,ALVORADA DO GURGUÉIA,0059,2026-10-04 19:29:36,51.47576496073653,64.96724579891769,-13.491480838181161
PI,10090,AMARANTE,0008,2026-10-04 21:10:30,66.339763332793,69.41627609714529,-3.0765127643522874
PI,10111,ANGICAL DO PIAUÍ,0043,2026-10-04 19:14:08,57.69157271163768,62.71055179090029,-5.018979079262607
PI,10154,ANTÔNIO ALMEIDA,0014,2026-10-04 19:10:39,28.064382996285595,44.90500863557858,-16.840625639292988
PI,10138,ANÍSIO DE ABREU,0079,2026-10-04 20:35:02,71.62139073979156,75.53096555416741,-3.909574814375844
PI,10170,AROAZES,0089,2026-10-04 19:20:56,62.87703016241299,70.5148926344955,-7.637862472082503
PI,12734,AROEIRAS DO ITAIM,0010,2026-10-04 19:22:11,59.640306797143616,67.79819370912489,-8.157886911981272
PI,10197,ARRAIAL,0061,2026-10-04 19:23:24,65.9103800340329,69.45034922563012,-3.5399691915972227
PI,12106,ASSUNÇÃO DO PIAUÍ,0039,2026-10-04 20:59:43,67.81631466770006,77.42902838864454,-9.612713720944484
PI,10219,AVELINO LOPES,0088,2026-10-04 20:16:58,46.065232477446216,53.9,-7.834767522553783
PI,10049,BAIXA GRANDE DO RIBEIRO,0044,2026-10-04 20:58:12,13.273001508295627,42.16867469879518,-28.89567319049955
PI,10600,BARRA D'ALCÂNTARA,0048,2026-10-04 19:24:37,63.134494257132275,70.22449783379284,-7.090003576660564
PI,10235,BARRAS,0006,2026-10-04 21:42:10,49.67596030513738,56.95513285900973,-7.27917255387235
PI,10251,BARREIRAS DO PIAUÍ,0035,2026-10-04 20:34:10,49.36858721389108,59.712509712509714,-10.343922498618632
PI,10278,BARRO DURO,0074,2026-10-04 18:48:42,41.20462704427603,48.993738819320214,-7.789111775044184
PI,10294,BATALHA,0045,2026-10-04 21:47:21,46.22693897698525,52.58821309516322,-6.361274118177967
PI,10626,BELA VISTA DO PIAUÍ,0037,2026-10-04 20:31:51,57.62769969146383,68.1631254283756,-10.535425736911762
PI,12335,BELÉM DO PIAUÍ,0068,2026-10-04 19:22:36,55.84415584415584,68.3873549419768,-12.543199097820953
PI,10316,BENEDITINOS,0047,2026-10-04 21:01:53,65.08226691042047,73.0933904201231,-8.011123509702628
PI,10332,BERTOLÍNIA,0067,2026-10-04 20:14:31,41.72517552657974,54.28648941942485,-12.561313892845114
PI,12122,BETÂNIA DO PIAUÍ,0038,2026-10-04 20:56:04,69.24660354055166,81.57473105973907,-12.328127519187404
PI,10669,BOA HORA,0006,2026-10-04 21:43:09,56.51280134554289,62.612982744453575,-6.100181398910685
PI,10359,BOCAINA,0028,2026-10-04 19:17:21,56.96175333046841,59.15017985611511,-2.1884265256466975
PI,10375,BOM JESUS,0015,2026-10-04 21:33:20,20.649407090085056,40.416231732776616,-19.76682464269156
PI,10065,BOM PRINCÍPIO DO PIAUÍ,0033,2026-10-04 19:30:22,46.44489124474502,59.41033925686591,-12.965448012120888
PI,10081,BONFIM DO PIAUÍ,0095,2026-10-04 19:17:21,80.125,83.21464903357071,-3.0896490335707085
PI,12149,BOQUEIRÃO DO PIAUÍ,0071,2026-10-04 20:36:22,65.42483660130719,71.28543499511241,-5.860598393805219
PI,10006,BRASILEIRA,0011,2026-10-04 20:51:21,61.093847110006216,67.64247358392517,-6.548626473918951
PI,10642,BREJO DO PIAUÍ,0036,2026-10-04 19:28:54,73.34431630971993,81.61861074705111,-8.274294437331179
PI,10391,BURITI DOS LOPES,0033,2026-10-04 20:44:00,45.394922425952046,49.14972413271862,-3.754801706766571
PI,10103,BURITI DOS MONTES,0034,2026-10-04 20:59:23,65.57152635181383,75.69111684482124,-10.119590493007408
PI,10120,CABECEIRAS DO PIAUÍ,0006,2026-10-04 21:48:30,66.86478454680535,75.17517517517517,-8.310390628369817
PI,12343,CAJAZEIRAS DO PIAUÍ,0094,2026-10-04 19:04:32,70.19677996422182,71.55329210622044,-1.3565121419986212
PI,12572,CAJUEIRO DA PRAIA,0091,2026-10-04 20:11:51,49.8153203789947,60.49426934097421,-10.678948961979515
PI,10146,CALDEIRÃO GRANDE DO PIAUÍ,0040,2026-10-04 18:48:43,58.11093061035043,68.21176470588236,-10.10083409553193
PI,10413,CAMPINAS DO PIAUÍ,0090,2026-10-04 21:54:10,76.48949320148331,84.29214607303652,-7.802652871553207
PI,12351,CAMPO ALEGRE DO FIDALGO,0069,2026-10-04 20:53:16,61.28691983122363,78.5753727222529,-17.288452891029266
PI,10723,CAMPO GRANDE DO PIAUÍ,0019,2026-10-04 19:11:20,68.62606232294617,74.59249676584734,-5.966434442901175
PI,10740,CAMPO LARGO DO PIAUÍ,0049,2026-10-04 19:24:37,52.044444444444444,63.231334149326806,-11.186889704882361
PI,10430,CAMPO MAIOR,0007,2026-10-04 20:50:23,48.400354071826,53.447361442588175,-5.047007370762174
PI,10430,CAMPO MAIOR,0096,2026-10-04 21:00:23,45.20465186527715,49.88930452706313,-4.684652661785982
PI,10162,CANAVIEIRA,0025,2026-10-04 19:00:41,52.167300380228134,68.98148148148148,-16.814181101253347
PI,10456,CANTO DO BURITI,0036,2026-10-04 18:44:47,49.45842359606732,60.646322647008404,-11.187899050941084
PI,10472,CAPITÃO DE CAMPOS,0071,2026-10-04 19:22:35,58.924082453494215,66.24544033350703,-7.321357880012819
PI,10707,CAPITÃO GERVÁSIO OLIVEIRA,0069,2026-10-04 20:36:09,70.74340527577938,83.54346383543464,-12.800058559655255
PI,10499,CARACOL,0079,2026-10-04 20:14:31,64.0901527756769,72.36696668245698,-8.276813906780077
PI,12670,CARAÚBAS DO PIAUÍ,0033,2026-10-04 20:52:03,41.8705035971223,56.58993169744498,-14.71942810032268
PI,12165,CARIDADE DO PIAUÍ,0056,2026-10-04 19:11:21,64.05676535356007,76.79280232865838,-12.736036975098315
PI,10510,CASTELO DO PIAUÍ,0034,2026-10-04 20:56:53,43.17814419657291,54.25246944583961,-11.0743252492667
PI,12688,CAXINGÓ,0033,2026-10-04 19:22:36,58.220338983050844,67.93181818181819,-9.711479198767343
PI,10537,COCAL,0053,2026-10-04 20:53:49,39.65907864926098,57.650190574142414,-17.991111924881437
PI,12360,COCAL DE TELHA,0071,2026-10-04 20:46:20,66.82492581602374,77.8612195854611,-11.036293769437364
PI,12696,COCAL DOS ALVES,0053,2026-10-04 19:23:23,68.02580050679568,81.77083333333333,-13.745032826537653
PI,10189,COIVARAS,0032,2026-10-04 20:14:30,54.83206264166495,62.40567116396067,-7.5736085222957215
PI,10200,COLÔNIA DO GURGUÉIA,0067,2026-10-04 20:11:35,51.867413632119515,60.557866405676535,-8.69045277355702
PI,10227,COLÔNIA DO PIAUÍ,0094,2026-10-04 21:30:30,69.00129701686122,72.63294422827497,-3.6316472114137497
PI,10553,CONCEIÇÃO DO CANINDÉ,0090,2026-10-04 20:26:49,53.69296697756491,68.67800329127812,-14.98503631371321
PI,10243,CORONEL JOSÉ DIAS,0013,2026-10-04 20:02:01,70.37118868758286,82.24719101123596,-11.876002323653097
PI,10570,CORRENTE,0022,2026-10-04 20:41:10,36.849647953143496,48.19323921771791,-11.343591264574414
PI,10596,CRISTALÂNDIA DO PIAUÍ,0022,2026-10-04 20:58:12,56.996368297372356,69.13259276766722,-12.136224470294863
PI,10618,CRISTINO CASTRO,0059,2026-10-04 20:50:23,47.03042715038034,62.387612387612386,-15.357185237232045
PI,10634,CURIMATÁ,0026,2026-10-04 19:24:38,41.79023262141205,53.209533557537654,-11.419300936125602
PI,10766,CURRAIS,0015,2026-10-04 21:08:21,48.926791874281335,66.52651249708012,-17.599720622798785
PI,12181,CURRAL NOVO DO PIAUÍ,0056,2026-10-04 20:11:12,72.70907473309609,82.63425060112209,-9.925175868026002
PI,12580,CURRALINHOS,0058,2026-10-04 19:12:58,66.30286493860847,72.32453957192634,-6.021674633317872
PI,10650,DEMERVAL LOBÃO,0054,2026-10-04 20:41:11,50.372186706366584,56.38504864311316,-6.0128619367465745
PI,12297,DIRCEU ARCOVERDE,0095,2026-10-04 20:13:51,73.40879569493413,78.4488107549121,-5.040015059977975
PI,10677,DOM EXPEDITO LOPES,0062,2026-10-04 19:07:45,55.141876016627506,63.54642313546423,-8.404547118836724
PI,10685,DOM INOCÊNCIO,0013,2026-10-04 23:04:41,68.70890136327185,81.28684520801751,-12.577943844745661
PI,11410,DOMINGOS MOURÃO,0012,2026-10-04 21:30:50,66.37541428141006,75.91285670451059,-9.53744242310053
PI,10693,ELESBÃO VELOSO,0048,2026-10-04 20:13:51,62.5466692866968,72.14525608732158,-9.598586800624787
PI,10715,ELISEU MARTINS,0067,2026-10-04 18:33:43,57.45331069609507,63.50286532951289,-6.04955463341782
PI,10731,ESPERANTINA,0041,2026-10-04 20:07:47,40.66260162601626,49.02302101919143,-8.360419393175171
PI,10260,FARTURA DO PIAUÍ,0095,2026-10-04 20:54:48,78.86958776250972,85.11049723756906,-6.24090947505934
PI,10758,FLORES DO PIAUÍ,0072,2026-10-04 18:55:36,59.47754061803122,66.97809278350516,-7.500552165473941
PI,12637,FLORESTA DO PIAUÍ,0090,2026-10-04 21:03:00,69.19917864476386,75.42283298097252,-6.223654336208654
PI,10774,FLORIANO,0009,2026-10-04 20:49:55,42.729407770012166,52.3977818004195,-9.668374030407335
PI,10790,FRANCINÓPOLIS,0048,2026-10-04 19:04:12,73.67972742759795,74.96928746928747,-1.289560041689512
PI,10812,FRANCISCO AYRES,0061,2026-10-04 19:29:37,60.5699481865285,68.6986107173235,-8.128662530795005
PI,12378,FRANCISCO MACEDO,0068,2026-10-04 20:16:58,58.927038626609445,68.22988505747126,-9.30284643086182
PI,10839,FRANCISCO SANTOS,0028,2026-10-04 19:04:12,60.797872340425535,66.95325094035465,-6.155378599929115
PI,10855,FRONTEIRAS,0040,2026-10-04 19:16:38,52.097716409984066,61.25150421179302,-9.153787801808953
PI,10782,GEMINIANO,0062,2026-10-04 20:57:50,62.918044836457184,70.81657280772325,-7.898527971266063
PI,10871,GILBUÉS,0035,2026-10-04 20:57:50,52.72889949299135,63.37848605577689,-10.649586562785537
PI,10898,GUADALUPE,0046,2026-10-04 19:07:25,49.24304085951489,60.92586597604403,-11.682825116529138
PI,10804,GUARIBAS,0079,2026-10-04 19:28:55,77.11309523809524,86.54861758310034,-9.435522345005097
PI,10910,HUGO NAPOLEÃO,0052,2026-10-04 19:22:11,50.200803212851405,63.51590106007067,-13.315097847219263
PI,10820,ILHA GRANDE,0004,2026-10-04 19:01:12,56.722577209797656,63.09717497411626,-6.374597764318601
PI,10936,INHUMA,0064,2026-10-04 20:51:35,60.718515594157125,67.12414223331254,-6.405626639155415
PI,10952,IPIRANGA DO PIAUÍ,0064,2026-10-04 21:03:20,66.7258064516129,75.64322469982848,-8.917418248215583
PI,10979,ISAÍAS COELHO,0057,2026-10-04 21:04:40,74.25314465408805,81.73591114767585,-7.482766493587803
PI,10995,ITAINÓPOLIS,0057,2026-10-04 20:36:22,59.25680159256802,66.81499460625675,-7.558193013688729
PI,11010,ITAUEIRA,0072,2026-10-04 19:31:54,50.32861107054185,60.12362430272878,-9.795013232186932
PI,10286,JACOBINA DO PIAUÍ,0038,2026-10-04 19:20:58,53.06213679034421,71.03155911446066,-17.96942232411645
PI,11037,JAICÓS,0019,2026-10-04 20:04:01,56.12344236760124,65.65897090796149,-9.535528540360247
PI,10308,JARDIM DO MULATO,0043,2026-10-04 19:07:46,52.21024258760108,60.00584282792872,-7.795600240327637
PI,12394,JATOBÁ DO PIAUÍ,0007,2026-10-04 20:36:09,63.56602778266221,71.22996717513034,-7.66393939246813
PI,11053,JERUMENHA,0025,2026-10-04 20:22:11,53.61656359236354,62.82620766240977,-9.209644070046231
PI,11070,JOAQUIM PIRES,0041,2026-10-04 20:58:13,45.511249721541546,55.51944413313908,-10.008194411597536
PI,12408,JOCA MARQUES,0027,2026-10-04 20:04:53,54.856115107913666,65.76217079010375,-10.906055682190086
PI,11096,JOSÉ DE FREITAS,0024,2026-10-04 21:34:12,66.05089474042322,71.32785812922451,-5.276963388801292
PI,12386,JOÃO COSTA,0020,2026-10-04 20:55:43,63.01813471502591,70.47724750277469,-7.459112787748779
PI,12416,JUAZEIRO DO PIAUÍ,0034,2026-10-04 19:24:37,53.20998662505573,62.62740656851642,-9.417419943460693
PI,10847,JUREMA,0079,2026-10-04 20:50:23,68.54238968765493,76.71379034409176,-8.17140065643683
PI,12203,JÚLIO BORGES,0088,2026-10-04 20:57:50,68.846949327818,74.69743878412609,-5.850489456308097
PI,10324,LAGOA ALEGRE,0016,2026-10-04 21:13:41,66.92617822883359,72.8569237846956,-5.9307455558620035
PI,10863,LAGOA DE SÃO FRANCISCO,0012,2026-10-04 19:31:54,53.86666666666667,68.52894796125254,-14.662281294585874
PI,10340,LAGOA DO BARRO DO PIAUÍ,0069,2026-10-04 21:22:49,62.97770700636943,78.26211643246343,-15.284409426094001
PI,12424,LAGOA DO PIAUÍ,0054,2026-10-04 20:21:50,50.0,60.239651416122,-10.239651416122001
PI,12220,LAGOA DO SÍTIO,0089,2026-10-04 21:21:20,65.47987616099071,69.66864910790144,-4.188772946910731
PI,12432,LAGOINHA DO PIAUÍ,0052,2026-10-04 19:29:38,56.123276561232764,65.66611842105263,-9.542841859819866
PI,11118,LANDRI SALES,0046,2026-10-04 20:14:15,53.93407761828814,70.95825984714874,-17.024182228860596
PI,11134,LUIS CORREIA,0091,2026-10-04 21:30:50,46.79493151961241,57.42993916425651,-10.635007644644098
PI,11150,LUZILÂNDIA,0027,2026-10-04 20:11:51,48.56586632057106,57.58400850046487,-9.018142179893808
PI,12440,MADEIRO,0027,2026-10-04 20:55:43,60.38753495805034,65.55531500324746,-5.167780045197119
PI,11177,MANOEL EMÍDIO,0067,2026-10-04 19:23:44,59.97965929316044,70.33664459161147,-10.356985298451036
PI,10367,MARCOLÂNDIA,0068,2026-10-04 20:14:31,33.77483443708609,53.051488731699294,-19.276654294613202
PI,11193,MARCOS PARENTE,0046,2026-10-04 19:07:01,38.66863905325444,45.237326444946724,-6.568687391692286
PI,12467,MASSAPÊ DO PIAUÍ,0019,2026-10-04 20:56:04,69.86390149060273,80.47975352112677,-10.615852030524039
PI,11215,MATIAS OLÍMPIO,0080,2026-10-04 20:04:53,47.8126834997064,59.70031545741325,-11.887631957706844
PI,11231,MIGUEL ALVES,0017,2026-10-04 20:52:51,62.80195599022005,67.2304212000431,-4.428465209823045
PI,11258,MIGUEL LEÃO,0058,2026-10-04 19:20:56,31.17797695262484,41.76737160120846,-10.589394648583621
PI,12246,MILTON BRANDÃO,0012,2026-10-04 21:26:50,34.62221345433024,42.02383441354798,-7.4016209592177375
PI,11274,MONSENHOR GIL,0058,2026-10-04 20:53:49,56.32317143850701,63.667273831208256,-7.344102392701245
PI,11290,MONSENHOR HIPÓLITO,0028,2026-10-04 21:01:53,64.09165302782324,72.7807486631016,-8.689095635278363
PI,11312,MONTE ALEGRE DO PIAUÍ,0035,2026-10-04 21:00:24,57.63724808895066,69.95476433678681,-12.317516247836146
PI,10880,MORRO CABEÇA NO TEMPO,0088,2026-10-04 20:07:48,62.66749766282331,66.55773420479302,-3.8902365419697134
PI,12459,MORRO DO CHAPÉU DO PIAUÍ,0041,2026-10-04 21:13:50,60.57713651498335,65.76554435979357,-5.188407844810214
PI,12475,MURICI DOS PORTELAS,0033,2026-10-04 20:30:51,57.23500322511288,61.70165745856354,-4.466654233450662
PI,11339,NAZARÉ DO PIAUÍ,0061,2026-10-04 19:08:10,72.65204003079292,79.52865987617336,-6.876619845380446
PI,12726,NAZÁRIA,0097,2026-10-04 19:20:57,55.99245045611828,61.8647812638091,-5.8723308076908225
PI,10928,NOSSA SENHORA DE NAZARÉ,0096,2026-10-04 20:10:29,69.90044895569002,74.33569530558016,-4.435246349890136
PI,11355,NOSSA SENHORA DOS REMÉDIOS,0049,2026-10-04 20:54:48,51.49970879440885,61.80290297937357,-10.303194184964717
PI,10960,NOVA SANTA RITA,0069,2026-10-04 19:11:21,70.86867505118455,83.05343511450381,-12.18476006331926
PI,11371,NOVO ORIENTE DO PIAUÍ,0018,2026-10-04 21:03:41,69.35564435564436,78.16390041493776,-8.808256059293399
PI,10901,NOVO SANTO ANTÔNIO,0047,2026-10-04 19:12:43,67.57802424555068,74.01704701677207,-6.4390227712213886
PI,11398,OEIRAS,0005,2026-10-04 21:10:41,54.46887199506883,56.48426108585642,-2.015389090787586
PI,12483,OLHO D'ÁGUA DO PIAUÍ,0052,2026-10-04 19:13:47,60.404225999081305,63.77049180327869,-3.3662658041973827
PI,11436,PADRE MARCOS,0068,2026-10-04 20:15:50,61.35163674762408,66.41414141414141,-5.062504666517334
PI,11452,PAES LANDIM,0037,2026-10-04 20:48:29,45.794947994056464,47.40907627936917,-1.6141282853127024
PI,12262,PAJEÚ DO PIAUÍ,0036,2026-10-04 20:14:15,58.80281690140845,66.52310101801096,-7.720284116602514
PI,11479,PALMEIRA DO PIAUÍ,0059,2026-10-04 18:37:14,31.849228434100684,55.049226441631504,-23.19999800753082
PI,11495,PALMEIRAIS,0008,2026-10-04 20:49:56,66.49470030953944,71.66954577786811,-5.1748454683286695
PI,10944,PAQUETÁ,0010,2026-10-04 19:24:36,63.44923504867872,68.19415134157371,-4.744916292894992
PI,11517,PARNAGUÁ,0026,2026-10-04 20:07:47,56.59331138450875,70.2766654532217,-13.683354068712944
PI,11533,PARNAÍBA,0003,2026-10-04 21:33:00,25.722751924422674,31.092885797706934,-5.37013387328426
PI,11533,PARNAÍBA,0004,2026-10-04 18:54:42,64.80285141456895,70.86861843697072,-6.065767022401772
PI,10405,PASSAGEM FRANCA DO PIAUÍ,0074,2026-10-04 20:58:12,48.03202134756504,56.08318890814558,-8.051167560580538
PI,10383,PATOS DO PIAUÍ,0019,2026-10-04 18:43:14,66.16208663251048,75.22738152225945,-9.06529488974897
PI,12718,PAU D'ARCO DO PIAUÍ,0032,2026-10-04 21:34:30,59.241288045875606,69.32469474208821,-10.083406696212606
PI,11550,PAULISTANA,0038,2026-10-04 23:36:12,56.138417456469035,68.9576623988689,-12.81924494239987
PI,12289,PAVUSSU,0072,2026-10-04 20:32:29,71.10888443553775,79.11392405063292,-8.005039615095171
PI,11576,PEDRO II,0012,2026-10-04 21:50:30,46.07509850884648,53.2388495206336,-7.16375101178712
PI,12491,PEDRO LAURENTINO,0069,2026-10-04 19:00:41,49.03809883062995,40.158172231985944,8.879926598644005
PI,11592,PICOS,0010,2026-10-04 22:39:37,42.75742094600546,48.264239200220125,-5.506818254214664
PI,11614,PIMENTEIRAS,0089,2026-10-04 20:50:23,58.1962642877056,64.16547788873038,-5.9692136010247765
PI,11630,PIO IX,0029,2026-10-04 20:46:30,62.302539078653545,71.89145764527359,-9.588918566620045
PI,11657,PIRACURUCA,0021,2026-10-04 20:11:51,42.85214610503173,57.12240894873562,-14.27026284370389
PI,11673,PIRIPIRI,0011,2026-10-04 20:45:31,42.763738259560995,51.48308481641815,-8.719346556857154
PI,11690,PORTO,0049,2026-10-04 20:32:11,42.61794019933555,60.485781990521325,-17.867841791185775
PI,12599,PORTO ALEGRE DO PIAUÍ,0014,2026-10-04 19:25:44,41.40862173649059,58.74921036007581,-17.34058862358522
PI,11711,PRATA DO PIAUÍ,0074,2026-10-04 18:46:32,68.11145510835914,72.48091603053435,-4.369460922175207
PI,10421,QUEIMADA NOVA,0038,2026-10-04 20:59:43,52.72626112759644,74.32072456046883,-21.594463432872395
PI,11738,REDENÇÃO DO GURGUÉIA,0015,2026-10-04 20:13:51,36.74435542607429,47.26694494136355,-10.522589515289255
PI,11754,REGENERAÇÃO,0043,2026-10-04 20:14:15,66.99521002210759,72.3164956590371,-5.321285636929517
PI,12300,RIACHO FRIO,0026,2026-10-04 21:01:30,68.95093062605753,77.96143250688705,-9.010501880829523
PI,12602,RIBEIRA DO PIAUÍ,0072,2026-10-04 21:00:45,63.609369844935664,71.98990627253065,-8.380536427594983
PI,11770,RIBEIRO GONÇALVES,0044,2026-10-04 21:00:23,36.82074408117249,53.276492082825825,-16.455748001653333
PI,11797,RIO GRANDE DO PIAUÍ,0072,2026-10-04 19:20:59,63.96780303030303,72.01880257298367,-8.050999542680643
PI,11819,SANTA CRUZ DO PIAUÍ,0062,2026-10-04 18:31:52,63.28986960882648,73.22675073181716,-9.936881122990684
PI,10448,SANTA CRUZ DOS MILAGRES,0074,2026-10-04 20:07:47,58.47165674913874,66.36568848758465,-7.894031738445911
PI,11835,SANTA FILOMENA,0035,2026-10-04 20:07:48,33.56401384083045,52.64735264735265,-19.0833388065222
PI,11851,SANTA LUZ,0059,2026-10-04 20:30:51,36.15988909426987,50.553041729512316,-14.393152635242444
PI,10464,SANTA ROSA DO PIAUÍ,0005,2026-10-04 19:22:11,52.62874090051227,54.66428995840761,-2.035549057895338
PI,10480,SANTANA DO PIAUÍ,0062,2026-10-04 21:00:45,66.89536878216124,68.2904411764706,-1.3950723943093521
PI,11878,SANTO ANTÔNIO DE LISBOA,0028,2026-10-04 20:13:03,50.95602294455067,61.53357339546706,-10.577550450916391
PI,12653,SANTO ANTÔNIO DOS MILAGRES,0030,2026-10-04 19:08:38,59.88520408163265,68.95187870797626,-9.066674626343612
PI,11894,SANTO INÁCIO DO PIAUÍ,0090,2026-10-04 18:43:14,62.53736300232481,72.64081931236284,-10.103456310038027
PI,12041,SEBASTIÃO BARROS,0022,2026-10-04 19:14:08,44.10563572011979,66.01481481481481,-21.90917909469502
PI,12068,SEBASTIÃO LEAL,0067,2026-10-04 20:58:32,18.582110218775963,35.154826958105645,-16.57271673932968
PI,10545,SIGEFREDO PACHECO,0007,2026-10-04 20:49:32,59.715945771465464,68.42774403164289,-8.711798260177424
PI,12157,SIMPLÍCIO MENDES,0037,2026-10-04 20:13:51,58.743169398907106,68.42105263157895,-9.677883232671839
PI,12130,SIMÕES,0056,2026-10-04 19:08:38,59.7319587628866,70.74882995319813,-11.016871190311527
PI,12173,SOCORRO DO PIAUÍ,0037,2026-10-04 21:42:18,59.178082191780824,62.20642768850433,-3.028345496723503
PI,12513,SUSSUAPARA,0062,2026-10-04 19:20:59,60.33072546230441,68.85182311869666,-8.52109765639225
PI,10502,SÃO BRAZ DO PIAUÍ,0095,2026-10-04 19:03:12,77.69161944527289,83.36953149239838,-5.6779120471254885
PI,12505,SÃO FRANCISCO DE ASSIS DO PIAUÍ,0090,2026-10-04 20:26:49,40.41007007526603,57.78132482043097,-17.37125474516494
PI,11932,SÃO FRANCISCO DO PIAUÍ,0094,2026-10-04 20:10:30,40.0626678603402,45.7103949160236,-5.647727055683404
PI,11916,SÃO FÉLIX DO PIAUÍ,0074,2026-10-04 19:00:13,44.29339234903573,54.37521280217909,-10.081820453143365
PI,12610,SÃO GONÇALO DO GURGUÉIA,0035,2026-10-04 20:55:43,48.2648401826484,61.07283464566929,-12.80799446302089
PI,11959,SÃO GONÇALO DO PIAUÍ,0030,2026-10-04 19:00:41,44.393975615586896,52.76297335203366,-8.368997736446765
PI,10529,SÃO JOSÉ DO DIVINO,0021,2026-10-04 22:00:31,58.06214827501835,69.63054187192118,-11.56839359690283
PI,12017,SÃO JOSÉ DO PEIXE,0061,2026-10-04 20:44:20,58.64909390444811,70.49937054133446,-11.850276636886349
PI,12033,SÃO JOSÉ DO PIAUÍ,0064,2026-10-04 19:10:38,66.78104224748016,71.35088100935393,-4.569838761873768
PI,11088,SÃO JOÃO DA CANABRAVA,0028,2026-10-04 19:09:47,70.89448906120188,74.09353652128219,-3.1990474600803083
PI,12009,SÃO JOÃO DA FRONTEIRA,0021,2026-10-04 19:17:21,49.29035362039933,67.22077922077922,-17.93042560037989
PI,11975,SÃO JOÃO DA SERRA,0047,2026-10-04 20:59:43,54.712853236098454,63.820578398583514,-9.10772516248506
PI,12025,SÃO JOÃO DA VARJOTA,0005,2026-10-04 20:11:35,69.81587684877755,68.88888888888889,0.9269879598886632
PI,10987,SÃO JOÃO DO ARRAIAL,0080,2026-10-04 19:20:58,37.696508356776434,47.945955815227315,-10.24944745845088
PI,11991,SÃO JOÃO DO PIAUÍ,0020,2026-10-04 21:05:40,54.42900200937709,60.25468038455051,-5.825678375173418
PI,12050,SÃO JULIÃO,0040,2026-10-04 18:45:11,54.73979702008206,40.25821596244131,14.481581057640746
PI,10561,SÃO LOURENÇO DO PIAUÍ,0013,2026-10-04 20:52:03,71.82025894897183,81.39940239043824,-9.579143441466414
PI,12629,SÃO LUIS DO PIAUÍ,0028,2026-10-04 20:15:30,61.482820976491865,72.03687445127305,-10.554053474781185
PI,12661,SÃO MIGUEL DA BAIXA GRANDE,0074,2026-10-04 20:56:04,39.56144358154408,57.0098292809105,-17.44838569936642
PI,12700,SÃO MIGUEL DO FIDALGO,0094,2026-10-04 20:14:31,68.79861711322386,79.0585129784426,-10.259895865218738
PI,12076,SÃO MIGUEL DO TAPUIO,0039,2026-10-04 20:05:05,61.65474060822898,71.48374348841386,-9.829002880184888
PI,12092,SÃO PEDRO DO PIAUÍ,0030,2026-10-04 21:36:20,48.73610808455001,57.02838827838828,-8.292280193838266
PI,12114,SÃO RAIMUNDO NONATO,0013,2026-10-04 20:51:22,58.41579764810295,69.25901201602136,-10.843214367918407
PI,12530,TAMBORIL DO PIAUÍ,0036,2026-10-04 20:51:22,58.27645051194539,70.166015625,-11.889565113054609
PI,12521,TANQUE DO PIAUÍ,0048,2026-10-04 20:47:40,59.9537037037037,65.37046768260642,-5.416763978902715
PI,12190,TERESINA,0001,2026-10-04 20:36:22,35.92433780372837,40.43517400822473,-4.510836204496357
PI,12190,TERESINA,0002,2026-10-04 21:09:37,27.51219512195122,30.412467338559164,-2.900272216607945
PI,12190,TERESINA,0063,2026-10-04 20:39:29,29.592648323301805,34.62918918918919,-5.036540865887385
PI,12190,TERESINA,0097,2026-10-04 20:40:33,29.513909189770693,32.78359680415779,-3.269687614387095
PI,12190,TERESINA,0098,2026-10-04 20:59:43,26.3214983006725,30.667255448532185,-4.345757147859686
PI,12211,UNIÃO,0016,2026-10-04 22:02:41,52.017406328992415,58.11341555846482,-6.096009229472408
PI,12238,URUÇUÍ,0014,2026-10-04 20:59:43,25.00163923677136,42.31403773043541,-17.31239849366405
PI,12254,VALENÇA DO PIAUÍ,0018,2026-10-04 21:01:53,54.01480842498742,58.94346617238183,-4.928657747394411
PI,12556,VERA MENDES,0057,2026-10-04 21:00:45,66.38176638176638,73.9656518345043,-7.583885452737917
PI,12548,VILA NOVA DO PIAUÍ,0068,2026-10-04 20:34:10,52.713178294573645,62.90255123379339,-10.189372939219744
PI,10588,VÁRZEA BRANCA,0095,2026-10-04 20:59:23,72.92934638793332,79.80295566502463,-6.873609277091305
PI,12270,VÁRZEA GRANDE,0048,2026-10-04 19:16:12,55.187272124627114,63.623931623931625,-8.436659499304511
PI,12564,WALL FERRAZ,0062,2026-10-04 20:07:49,57.11189379571932,62.21362689675692,-5.101733101037603
PI,10030,ÁGUA BRANCA,0052,2026-10-04 19:20:56,36.357221263917204,46.91877884848976,-10.561557584572554
PR,74012,ABATIÁ,0082,2026-10-04 19:09:54,-27.65908035299582,-10.473815461346634,-17.185264891649183
PR,74039,ADRIANÓPOLIS,0048,2026-10-04 21:46:56,11.878124256129492,26.195899772209568,-14.317775516080076
PR,74055,AGUDOS DO SUL,0144,2026-10-04 19:30:28,-36.64408245639326,-19.346220336319345,-17.297862120073912
PR,74071,ALMIRANTE TAMANDARÉ,0171,2026-10-04 19:05:06,-20.325117432838972,-9.383166424048968,-10.941951008790005
PR,84557,ALTAMIRA DO PARANÁ,0169,2026-10-04 17:44:16,-5.101246105919003,15.46875,-20.569996105919003
PR,74098,ALTO PARANÁ,0087,2026-10-04 18:34:03,-22.93601988747874,-6.486553784860558,-16.44946610261818
PR,74926,ALTO PARAÍSO,0117,2026-10-04 17:33:46,-21.535087719298247,-9.248291571753986,-12.28679614754426
PR,74110,ALTO PIQUIRI,0128,2026-10-04 19:15:04,-5.858511422254974,6.215096379030805,-12.073607801285778
PR,79510,ALTÔNIA,0123,2026-10-04 18:09:29,-40.317576200036505,-29.97556339940266,-10.342012800633846
PR,74136,ALVORADA DO SUL,0077,2026-10-04 18:12:30,-27.30007077140835,-17.130660727542686,-10.169410043865664
PR,74152,AMAPORÃ,0072,2026-10-04 19:07:19,-7.818659658344284,6.272113219684786,-14.090772878029071
PR,74179,AMPÉRE,0130,2026-10-04 19:09:54,-2.138171905613766,17.481282072852697,-19.619453978466463
PR,74101,ANAHY,0126,2026-10-04 18:41:16,-11.921397379912664,5.965241897604509,-17.886639277517173
PR,74195,ANDIRÁ,0057,2026-10-04 18:09:59,-22.473896934994947,-13.149548670407416,-9.324348264587531
PR,74217,ANTONINA,0006,2026-10-04 19:05:26,-29.44414846386077,-25.789519727058,-3.6546287368027706
PR,74233,ANTÔNIO OLINTO,0012,2026-10-04 19:08:17,-20.32146957520092,3.1426898301776305,-23.46415940537855
PR,74250,APUCARANA,0028,2026-10-04 19:25:48,-42.785991997048555,-35.13633958165056,-7.649652415397995
PR,74276,ARAPONGAS,0061,2026-10-04 18:44:53,-51.89133745687378,-47.85427504647639,-4.0370624103973896
PR,74292,ARAPOTI,0164,2026-10-04 18:12:45,-43.212390023994764,-29.682495474167943,-13.529894549826821
PR,75108,ARAPUÃ,0093,2026-10-04 19:15:26,-2.3764617125612975,11.907559733646691,-14.284021446207989
PR,74314,ARARUNA,0074,2026-10-04 20:45:55,-26.45055203194738,-14.518364518364518,-11.932187513582864
PR,74357,ARAUCÁRIA,0050,2026-10-04 20:04:07,-16.21800087256948,-3.172198054645877,-13.045802817923603
PR,75086,ARIRANHA DO IVAÍ,0196,2026-10-04 18:59:16,1.4300306435137895,17.34475374732334,-15.914723103809552
PR,74373,ASSAÍ,0035,2026-10-04 18:24:01,-43.73677764168801,-36.99872013651877,-6.7380575051692375
PR,79537,ASSIS CHATEAUBRIAND,0113,2026-10-04 19:30:47,-37.14421477785697,-25.593517509358858,-11.550697268498116
PR,74390,ASTORGA,0067,2026-10-04 18:48:51,-48.24024735214788,-41.46341463414634,-6.776832718001543
PR,74411,ATALAIA,0071,2026-10-04 17:40:36,-27.16804605973372,-14.57092819614711,-12.59711786358661
PR,74438,BALSA NOVA,0182,2026-10-04 18:30:25,-31.768305549694027,-19.00318366450763,-12.765121885186396
PR,74454,BANDEIRANTES,0058,2026-10-04 19:05:27,-43.96504038057307,-38.224839514032574,-5.740200866540498
PR,74470,BARBOSA FERRAZ,0133,2026-10-04 19:13:15,-15.712717578798808,-6.10248447204969,-9.610233106749117
PR,74519,BARRA DO JACARÉ,0057,2026-10-04 18:32:32,-12.116991643454039,0.7190795781399808,-12.83607122159402
PR,74497,BARRACÃO,0131,2026-10-04 19:25:04,-15.67803730465468,-5.343253297260738,-10.334784007393942
PR,75124,BELA VISTA DA CAROBA,0083,2026-10-04 18:54:46,6.688824262567511,21.248449772633318,-14.559625510065807
PR,74535,BELA VISTA DO PARAÍSO,0077,2026-10-04 18:37:21,-31.39038634321653,-21.002311409960075,-10.388074933256455
PR,74551,BITURUNA,0153,2026-10-04 20:11:58,-7.025125628140704,16.955982641041537,-23.98110826918224
PR,74578,BOA ESPERANÇA,0170,2026-10-04 18:59:34,-47.90265770092859,-39.43801652892562,-8.46464117200297
PR,74144,BOA ESPERANÇA DO IGUAÇU,0115,2026-10-04 18:26:02,2.1624472573839664,29.072164948453608,-26.90971769106964
PR,75140,BOA VENTURA DE SÃO ROQUE,0038,2026-10-04 19:29:00,0.09874105159219945,26.5748031496063,-26.4760620980141
PR,79812,BOA VISTA DA APARECIDA,0165,2026-10-04 19:22:41,-13.28053048443544,2.3958927552766687,-15.676423239712108
PR,74594,BOCAIÚVA DO SUL,0048,2026-10-04 19:09:55,-27.613683198241517,-9.548706659328564,-18.06497653891295
PR,75167,BOM JESUS DO SUL,0131,2026-10-04 18:34:03,0.6688963210702341,16.872005475701574,-16.20310915463134
PR,74616,BOM SUCESSO,0070,2026-10-04 17:49:52,-1.8770066683131637,11.15995115995116,-13.036957828264324
PR,74160,BOM SUCESSO DO SUL,0073,2026-10-04 18:21:49,-45.74383452665076,-20.911310008136695,-24.832524518514063
PR,74632,BORRAZÓPOLIS,0110,2026-10-04 18:37:21,-25.839328537170264,-13.715515554685972,-12.123812982484292
PR,79839,BRAGANEY,0126,2026-10-04 18:38:12,-21.563981042654028,-4.545454545454546,-17.01852649719948
PR,74187,BRASILÂNDIA DO SUL,0128,2026-10-04 18:26:26,-3.255813953488372,12.278533168520807,-15.53434712200918
PR,74659,CAFEARA,0159,2026-10-04 18:42:13,2.2688598979013044,17.887087758524316,-15.618227860623012
PR,79855,CAFELÂNDIA,0126,2026-10-04 19:09:23,-40.812106400977534,-30.29953917050691,-10.512567230470623
PR,74209,CAFEZAL DO SUL,0097,2026-10-04 18:26:59,-29.7339593114241,-16.499057196731616,-13.234902114692485
PR,74675,CALIFÓRNIA,0076,2026-10-04 17:57:31,-37.45576457440864,-27.454212454212453,-10.001552120196187
PR,74691,CAMBARÁ,0025,2026-10-04 19:16:43,-27.26041583685175,-17.182489372809307,-10.077926464042442
PR,74730,CAMBIRA,0028,2026-10-04 18:35:58,-38.88443017656501,-23.637103336045566,-15.247326840519445
PR,74713,CAMBÉ,0078,2026-10-04 19:07:18,-38.75745875745876,-32.80823356437723,-5.949225193081524
PR,74756,CAMPINA DA LAGOA,0169,2026-10-04 18:55:55,-25.900291986590247,-11.593250054788516,-14.30704193180173
PR,75183,CAMPINA DO SIMÃO,0044,2026-10-04 18:45:18,2.866356144750985,32.37645348837209,-29.51009734362111
PR,74772,CAMPINA GRANDE DO SUL,0195,2026-10-04 19:09:54,-28.620210889714436,-18.556342114424975,-10.06386877528946
PR,74780,CAMPO BONITO,0112,2026-10-04 18:16:17,-13.513513513513514,9.410944579993028,-22.924458093506544
PR,74799,CAMPO DO TENENTE,0011,2026-10-04 18:15:22,-32.58382642998028,-20.154095701540957,-12.42973072843932
PR,74810,CAMPO LARGO,0009,2026-10-04 18:32:28,-33.0266310672965,-23.621925509487,-9.4047055578095
PR,75205,CAMPO MAGRO,0182,2026-10-04 19:16:19,-21.857055589492976,-9.482758620689655,-12.374296968803321
PR,74837,CAMPO MOURÃO,0031,2026-10-04 19:11:26,-29.844697039479744,-18.1791216328952,-11.665575406584544
PR,74225,CANDÓI,0203,2026-10-04 18:55:26,-7.598299681190223,15.73900584150777,-23.337305522697996
PR,84514,CANTAGALO,0203,2026-10-04 18:09:59,-1.3333333333333333,19.605839416058394,-20.939172749391727
PR,74870,CAPANEMA,0107,2026-10-04 19:15:04,-17.14140816499028,0.5458154151505127,-17.687223580140795
PR,74896,CAPITÃO LEÔNIDAS MARQUES,0165,2026-10-04 19:14:07,-20.29291024076334,-4.656755574989068,-15.636154665774272
PR,75221,CARAMBEÍ,0139,2026-10-04 18:32:30,-44.228237015362105,-34.905588257778454,-9.32264875758365
PR,74918,CARLÓPOLIS,0056,2026-10-04 18:44:52,-32.02081918986196,-16.56371539693434,-15.457103792927619
PR,74934,CASCAVEL,0068,2026-10-04 18:50:06,-37.09623348451982,-27.58999586689382,-9.506237617626002
PR,74934,CASCAVEL,0143,2026-10-04 19:29:44,-37.40294941884504,-28.16959256477657,-9.233356854068472
PR,74950,CASTRO,0016,2026-10-04 18:57:42,-36.840985389380116,-20.4181693892464,-16.422816000133714
PR,74977,CATANDUVAS,0166,2026-10-04 19:16:19,-26.08286252354049,-9.131736526946108,-16.951125996594385
PR,74993,CENTENÁRIO DO SUL,0159,2026-10-04 18:00:43,5.915089839402131,18.783432676142443,-12.868342836740311
PR,75019,CERRO AZUL,0007,2026-10-04 20:44:16,0.04016870857601928,17.375395569620252,-17.335226861044234
PR,75035,CHOPINZINHO,0103,2026-10-04 18:43:21,-24.798526364264333,-9.377378596437813,-15.42114776782652
PR,75051,CIANORTE,0088,2026-10-04 18:51:30,-45.63283871113013,-39.890237515086646,-5.742601196043481
PR,75078,CIDADE GAÚCHA,0127,2026-10-04 21:12:06,-16.89608228709726,-6.001467351430668,-10.894614935666594
PR,75094,CLEVELÂNDIA,0047,2026-10-04 17:54:33,-17.493872549019606,4.023740066391711,-21.517612615411316
PR,75132,COLOMBO,0049,2026-10-04 18:54:47,-26.41111835833626,-17.49445788841318,-8.91666046992308
PR,75132,COLOMBO,0186,2026-10-04 19:22:18,-22.86906888864294,-13.966166018074809,-8.90290287056813
PR,75159,COLORADO,0095,2026-10-04 18:45:17,-20.002997826575733,-2.677564825253664,-17.325433001322068
PR,75175,CONGONHINHAS,0099,2026-10-04 18:28:28,5.23109243697479,20.872712648300823,-15.641620211326032
PR,75191,CONSELHEIRO MAIRINCK,0079,2026-10-04 20:51:41,-12.837837837837839,1.4379084967320261,-14.275746334569865
PR,75213,CONTENDA,0050,2026-10-04 18:57:43,-28.879917378649893,-9.887199607650809,-18.992717770999086
PR,75230,CORBÉLIA,0126,2026-10-04 19:13:35,-43.46178142766898,-28.206977373118182,-15.2548040545508
PR,75256,CORNÉLIO PROCÓPIO,0026,2026-10-04 19:01:44,-32.023272839363464,-22.74041805469122,-9.282854784672246
PR,75248,CORONEL DOMINGOS SOARES,0032,2026-10-04 19:30:47,0.3304524656837824,26.51691195455719,-26.18645948887341
PR,75272,CORONEL VIVIDA,0101,2026-10-04 19:01:44,-18.643338591710886,-0.4762935700368045,-18.16704502167408
PR,75280,CORUMBATAÍ DO SUL,0133,2026-10-04 22:34:17,-1.6345804576825282,9.955423476968797,-11.590003934651325
PR,75337,CRUZ MACHADO,0153,2026-10-04 19:25:22,-29.61329078280458,-10.18431446304307,-19.42897631976151
PR,74241,CRUZEIRO DO IGUAÇU,0115,2026-10-04 18:50:06,-9.82394366197183,13.807245386192754,-23.631189048164586
PR,75299,CRUZEIRO DO OESTE,0086,2026-10-04 20:50:03,-26.904722725028797,-20.921901122522094,-5.982821602506704
PR,75310,CRUZEIRO DO SUL,0091,2026-10-04 18:34:02,5.183659457603845,20.499513460914695,-15.31585400331085
PR,75264,CRUZMALTINA,0110,2026-10-04 18:15:23,-23.750594954783438,-14.35361216730038,-9.396982787483058
PR,75353,CURITIBA,0001,2026-10-04 18:43:20,-22.942759068559237,-22.71844837171997,-0.22431069683926808
PR,75353,CURITIBA,0002,2026-10-04 18:34:02,-27.642089681749738,-25.951216168747163,-1.6908735130025754
PR,75353,CURITIBA,0003,2026-10-04 19:05:06,-27.679308275189438,-24.41524382924104,-3.2640644459483994
PR,75353,CURITIBA,0004,2026-10-04 18:20:35,-27.592023288081183,-24.07894266194513,-3.513080626136052
PR,75353,CURITIBA,0145,2026-10-04 18:24:02,-29.13493898885066,-21.470051282992213,-7.6648877058584475
PR,75353,CURITIBA,0174,2026-10-04 18:39:16,-32.922305578938605,-30.001367677228174,-2.920937901710431
PR,75353,CURITIBA,0175,2026-10-04 18:27:01,-21.264507121457452,-12.87140317633959,-8.393103945117861
PR,75353,CURITIBA,0176,2026-10-04 18:32:30,-32.82294122826757,-29.677780242460482,-3.1451609858070846
PR,75353,CURITIBA,0177,2026-10-04 18:26:27,-16.698375910199424,-16.545732760748308,-0.1526431494511158
PR,75353,CURITIBA,0178,2026-10-04 18:15:23,-32.909368978597286,-30.548803777908955,-2.360565200688331
PR,75370,CURIÚVA,0119,2026-10-04 17:51:37,-24.619658685011245,-4.279191128506197,-20.340467556505047
PR,74853,CÂNDIDO DE ABREU,0106,2026-10-04 18:56:27,-18.795955882352942,-5.642597638510445,-13.153358243842497
PR,79570,CÉU AZUL,0118,2026-10-04 19:14:07,-55.23264137437366,-46.5036465036465,-8.728994870727156
PR,75400,DIAMANTE D'OESTE,0129,2026-10-04 19:21:02,9.780033840947546,22.06429780033841,-12.284263959390863
PR,75396,DIAMANTE DO NORTE,0096,2026-10-04 20:10:56,-22.48847926267281,-9.883894016076214,-12.604585246596598
PR,74268,DIAMANTE DO SUL,0112,2026-10-04 17:42:02,-12.402799377916018,2.628336755646817,-15.031136133562836
PR,75418,DOIS VIZINHOS,0115,2026-10-04 18:27:01,-18.532919579765956,1.0848240046162723,-19.61774358438223
PR,84654,DOURADINA,0142,2026-10-04 19:25:22,-37.40164684354986,-22.65774378585086,-14.743903057699
PR,75434,DOUTOR CAMARGO,0154,2026-10-04 18:57:43,-37.32045567112432,-26.30784708249497,-11.012608588629352
PR,74942,DOUTOR ULYSSES,0007,2026-10-04 18:17:18,-1.414245307276935,17.440633245382585,-18.85487855265952
PR,75477,ENGENHEIRO BELTRÃO,0116,2026-10-04 18:39:51,-28.30188679245283,-17.12659324341047,-11.175293549042362
PR,74284,ENTRE RIOS DO OESTE,0129,2026-10-04 19:21:03,-52.28525121555916,-45.68795260039499,-6.5972986151641635
PR,75450,ENÉAS MARQUES,0069,2026-10-04 18:37:20,-3.010411951109099,16.157205240174672,-19.16761719128377
PR,75302,ESPERANÇA NOVA,0135,2026-10-04 18:20:35,-39.7444089456869,-30.71017274472169,-9.03423620096521
PR,75329,ESPIGÃO ALTO DO IGUAÇU,0163,2026-10-04 18:45:17,-20.942094209420944,-16.07587064676617,-4.866223562654774
PR,74306,FAROL,0183,2026-10-04 18:54:47,-11.970534069981584,1.8181818181818181,-13.788715888163402
PR,75493,FAXINAL,0110,2026-10-04 18:22:18,-44.03191489361702,-34.78678038379531,-9.24513450982171
PR,74322,FAZENDA RIO GRANDE,0144,2026-10-04 20:51:41,-25.478393937185746,-13.6304546694699,-11.847939267715846
PR,75345,FERNANDES PINHEIRO,0053,2026-10-04 20:07:52,-12.926433047110699,4.698295716259788,-17.624728763370488
PR,84573,FIGUEIRA,0119,2026-10-04 20:14:18,4.025377379129293,19.830262885530946,-15.804885506401654
PR,74349,FLOR DA SERRA DO SUL,0140,2026-10-04 17:47:49,-10.504694835680752,9.81359649122807,-20.31829132690882
PR,75531,FLORAÍ,0071,2026-10-04 18:44:32,-26.86102462496462,-14.017141277301631,-12.84388334766299
PR,75558,FLORESTA,0154,2026-10-04 19:04:39,-35.9671709044094,-21.653756079985587,-14.313414824423813
PR,75574,FLORESTÓPOLIS,0065,2026-10-04 18:47:55,0.1486888348202217,8.165944597610608,-8.017255762790386
PR,75590,FLÓRIDA,0150,2026-10-04 18:15:09,-11.950336264873254,1.286008230452675,-13.236344495325929
PR,75612,FORMOSA DO OESTE,0120,2026-10-04 18:39:15,-37.025663522702345,-26.086035176944268,-10.939628345758077
PR,75639,FOZ DO IGUAÇU,0046,2026-10-04 18:44:52,-33.61827888648786,-32.01369268824516,-1.6045861982426999
PR,75639,FOZ DO IGUAÇU,0147,2026-10-04 18:46:39,-24.65872996629731,-24.079108619402458,-0.5796213468948537
PR,75361,FOZ DO JORDÃO,0168,2026-10-04 18:11:16,14.521657837332503,31.00091268634013,-16.479254849007624
PR,79774,FRANCISCO ALVES,0097,2026-10-04 17:58:56,-33.45339936965331,-22.50605593481612,-10.94734343483719
PR,75655,FRANCISCO BELTRÃO,0069,2026-10-04 18:44:52,-18.86624840375326,-2.057742976954763,-16.808505426798497
PR,75515,FÊNIX,0116,2026-10-04 20:50:03,-5.032523108524478,3.594009983361065,-8.626533091885543
PR,75671,GENERAL CARNEIRO,0153,2026-10-04 20:37:17,-8.468052347959969,12.352576039726877,-20.820628387686845
PR,74004,GODOY MOREIRA,0132,2026-10-04 18:44:53,12.744186046511627,24.116222760290558,-11.37203671377893
PR,75698,GOIOERÊ,0092,2026-10-04 19:02:55,-32.81617010755347,-24.566491450667634,-8.249678656885834
PR,75388,GOIOXIM,0203,2026-10-04 19:16:18,6.634026927784578,33.69460500963391,-27.060578081849332
PR,79596,GRANDES RIOS,0136,2026-10-04 18:57:42,-32.40689271817676,-25.128205128205128,-7.278687589971636
PR,75736,GUAIRAÇÁ,0105,2026-10-04 18:59:34,-28.30753869196206,-10.025062656641603,-18.282476035320457
PR,75426,GUAMIRANGA,0029,2026-10-04 18:34:03,-33.94119836248604,-17.3676304919264,-16.573567870559643
PR,75752,GUAPIRAMA,0055,2026-10-04 19:21:01,-16.292323164599395,-3.478854024556617,-12.813469140042779
PR,75779,GUAPOREMA,0127,2026-10-04 20:57:54,-23.693143245078073,-10.852713178294573,-12.8404300667835
PR,75795,GUARACI,0064,2026-10-04 18:27:21,-27.8403898872982,-20.285120285120286,-7.5552696021779155
PR,75817,GUARANIAÇU,0112,2026-10-04 19:00:48,-36.17580317687806,-21.729026260748316,-14.446776916129746
PR,75833,GUARAPUAVA,0043,2026-10-04 19:21:02,-19.90554456796017,-3.8147138964577656,-16.090830671502406
PR,75833,GUARAPUAVA,0044,2026-10-04 19:01:44,-15.790650861104899,1.5756466623518646,-17.366297523456762
PR,75850,GUARAQUEÇABA,0006,2026-10-04 19:10:32,-10.252970486776542,-5.614973262032086,-4.637997224744456
PR,75876,GUARATUBA,0161,2026-10-04 18:38:12,-35.28858084114149,-32.71715552202207,-2.5714253191194203
PR,75710,GUAÍRA,0090,2026-10-04 18:12:47,-40.15929104268327,-32.22091788249762,-7.938373160185648
PR,74365,HONÓRIO SERPA,0101,2026-10-04 18:48:51,2.483201869704937,22.350230414746544,-19.867028545041606
PR,75892,IBAITI,0079,2026-10-04 19:07:18,-29.20083921419035,-14.864353312302839,-14.33648590188751
PR,74020,IBEMA,0166,2026-10-04 18:34:02,-8.630101377696906,5.118212522733177,-13.748313900430084
PR,75914,IBIPORÃ,0080,2026-10-04 19:07:18,-37.68651561204753,-31.21251717090495,-6.47399844114258
PR,75930,ICARAÍMA,0172,2026-10-04 18:41:16,-35.34060971019947,-24.049925484351714,-11.290684225847759
PR,75957,IGUARAÇU,0067,2026-10-04 19:02:55,-32.245802977510294,-20.368542283645937,-11.877260693864358
PR,74381,IGUATU,0126,2026-10-04 18:35:23,-2.8554778554778553,7.019704433497537,-9.875182288975392
PR,75442,IMBAÚ,0111,2026-10-04 18:47:54,-7.42012541057032,7.21161191749427,-14.63173732806459
PR,75973,IMBITUVA,0029,2026-10-04 18:45:17,-35.546200345423145,-21.59728213977567,-13.948918205647477
PR,76015,INAJÁ,0091,2026-10-04 18:15:23,6.406970784213224,25.544344131704726,-19.1373733474915
PR,79618,INDIANÓPOLIS,0149,2026-10-04 17:53:58,-28.093412338794003,-18.78622570746676,-9.307186631327244
PR,75990,INÁCIO MARTINS,0034,2026-10-04 18:51:30,-4.911531421598536,13.503930938800679,-18.415462360399214
PR,76031,IPIRANGA,0036,2026-10-04 20:55:09,-43.38765103647046,-23.995584988962474,-19.392066047507985
PR,76058,IPORÃ,0097,2026-10-04 18:19:28,-33.61457981775228,-24.193370774143816,-9.421209043608464
PR,74403,IRACEMA DO OESTE,0120,2026-10-04 18:22:19,-8.806366047745358,5.297651556526488,-14.104017604271846
PR,76074,IRATI,0034,2026-10-04 19:09:54,-29.895598194130926,-15.414199546234299,-14.481398647896627
PR,76090,IRETAMA,0141,2026-10-04 18:47:54,-7.1803852889667255,12.786716877781581,-19.967102166748305
PR,76112,ITAGUAJÉ,0095,2026-10-04 19:21:02,-6.613372093023256,9.09771621115687,-15.711088304180127
PR,75000,ITAIPULÂNDIA,0122,2026-10-04 18:34:03,-29.325731284085276,-19.709294572609682,-9.616436711475593
PR,76139,ITAMBARACÁ,0057,2026-10-04 18:56:27,-30.654450261780106,-17.732793522267208,-12.921656739512898
PR,76155,ITAMBÉ,0081,2026-10-04 19:04:21,-27.299199223489445,-14.328136599851522,-12.971062623637923
PR,76171,ITAPEJARA D'OESTE,0073,2026-10-04 18:59:16,-14.522134877947869,7.262954796030871,-21.78508967397874
PR,74446,ITAPERUÇU,0156,2026-10-04 20:52:09,7.034427450306468,24.888066384096472,-17.853638933790005
PR,76198,ITAÚNA DO SUL,0096,2026-10-04 17:45:01,12.072336265884653,30.68288119738073,-18.61054493149608
PR,76236,IVAIPORÃ,0093,2026-10-04 22:41:06,-22.507456327226247,-8.877134178275899,-13.630322148950349
PR,76252,IVATUBA,0154,2026-10-04 18:43:20,-31.712658782303986,-21.06561420818944,-10.647044574114545
PR,74462,IVATÉ,0172,2026-10-04 18:33:02,-14.126833885470894,-4.9840691852526176,-9.142764700218276
PR,76210,IVAÍ,0036,2026-10-04 19:05:05,-36.045971674019036,-15.300224135897134,-20.745747538121904
PR,76279,JABOTI,0019,2026-10-04 19:15:26,-27.446504992867332,-13.233082706766917,-14.213422286100416
PR,76295,JACAREZINHO,0024,2026-10-04 19:21:02,-8.159889731219849,1.0267483364914292,-9.186638067711279
PR,76317,JAGUAPITÃ,0064,2026-10-04 18:54:47,-35.081925568398326,-22.979098463863007,-12.102827104535319
PR,76333,JAGUARIAÍVA,0018,2026-10-04 19:21:03,-39.666563435532154,-24.75212819228843,-14.914435243243723
PR,76350,JANDAIA DO SUL,0070,2026-10-04 18:37:56,-44.702376284213,-33.30516287645974,-11.397213407753263
PR,76376,JANIÓPOLIS,0183,2026-10-04 18:51:30,-8.996728462377318,1.2747491185245456,-10.271477580901863
PR,76392,JAPIRA,0079,2026-10-04 19:16:19,-14.22237380627558,1.408450704225352,-15.630824510500933
PR,76414,JAPURÁ,0149,2026-10-04 19:21:02,-42.65483705852244,-35.45279383429673,-7.2020432242257115
PR,76430,JARDIM ALEGRE,0093,2026-10-04 20:30:17,-14.087078651685394,-2.2141255605381165,-11.872953091147277
PR,76457,JARDIM OLINDA,0091,2026-10-04 17:36:05,17.69991015274034,38.12316715542522,-20.42325700268488
PR,76473,JATAIZINHO,0080,2026-10-04 18:24:01,-26.290414066931366,-19.518976782983454,-6.771437283947911
PR,79979,JESUÍTAS,0120,2026-10-04 19:16:42,-29.965576592082616,-18.540399652476108,-11.425176939606509
PR,76490,JOAQUIM TÁVORA,0055,2026-10-04 19:05:06,-30.846063454759108,-18.257499641165495,-12.588563813593613
PR,76511,JUNDIAÍ DO SUL,0082,2026-10-04 19:04:21,3.30188679245283,20.85427135678392,-17.55238456433109
PR,84638,JURANDA,0098,2026-10-04 18:44:53,-37.94840790004031,-21.03174603174603,-16.916661868294277
PR,76538,JUSSARA,0149,2026-10-04 18:25:04,-23.598466698610444,-14.943872778297473,-8.654593920312971
PR,76554,KALORÉ,0070,2026-10-04 18:37:21,-26.044226044226043,-10.268869452542923,-15.77535659168312
PR,76570,LAPA,0010,2026-10-04 19:15:04,-25.661659513590845,-12.988831705353078,-12.672827808237766
PR,74985,LARANJAL,0134,2026-10-04 18:56:27,14.79108635097493,35.92342342342342,-21.132337072448493
PR,76597,LARANJEIRAS DO SUL,0045,2026-10-04 20:46:57,-5.795479973148355,13.457491582491583,-19.252971555639938
PR,76619,LEÓPOLIS,0026,2026-10-04 19:14:07,-11.442965095358042,7.226194956718103,-18.669160052076144
PR,74489,LIDIANÓPOLIS,0093,2026-10-04 19:23:43,-31.716954022988507,-21.32295719844358,-10.393996824544928
PR,74047,LINDOESTE,0143,2026-10-04 19:21:03,2.8760498854670398,16.51705565529623,-13.641005769829189
PR,76635,LOANDA,0085,2026-10-04 17:55:32,-34.87196215951721,-25.29608006672227,-9.575882092794942
PR,76651,LOBATO,0150,2026-10-04 18:12:47,-12.804054054054054,-0.5287508261731659,-12.275303227880888
PR,76678,LONDRINA,0041,2026-10-04 18:44:30,-43.01182808603699,-42.9269182176954,-0.08490986834159031
PR,76678,LONDRINA,0042,2026-10-04 18:50:06,-39.85352965319105,-40.08356961647515,0.23003996328409926
PR,76678,LONDRINA,0146,2026-10-04 19:21:03,-41.66843981062822,-38.4898369680288,-3.1786028425994246
PR,76678,LONDRINA,0157,2026-10-04 19:13:35,-39.22188501095937,-37.78744389649249,-1.4344411144668783
PR,75809,LUIZIANA,0183,2026-10-04 18:35:22,-9.71111111111111,5.925085130533485,-15.636196241644594
PR,84590,LUNARDELLI,0132,2026-10-04 18:51:30,-16.325888644227746,-6.080449017773621,-10.245439626454125
PR,76694,LUPIONÓPOLIS,0159,2026-10-04 18:26:02,0.45103092783505155,12.91476903057905,-12.463738102744
PR,76716,MALLET,0037,2026-10-04 18:28:28,-39.30305973773677,-21.678736792116823,-17.624322945619944
PR,76732,MAMBORÊ,0170,2026-10-04 18:25:04,-44.00485436893204,-31.004006599104407,-13.00084776982763
PR,76775,MANDAGUARI,0060,2026-10-04 19:08:16,-39.32251166407465,-25.89870810709605,-13.423803556978605
PR,76759,MANDAGUAÇU,0102,2026-10-04 18:24:02,-29.83887415867836,-18.017199188981333,-11.821674969697028
PR,76791,MANDIRITUBA,0144,2026-10-04 19:02:36,-23.88177859875973,-10.258842661607265,-13.622935937152466
PR,75469,MANFRINÓPOLIS,0069,2026-10-04 19:05:05,16.593009240658898,37.0355078447564,-20.442498604097505
PR,75116,MANGUEIRINHA,0168,2026-10-04 18:34:02,-8.760377898654452,11.537373927797153,-20.297751826451606
PR,76813,MANOEL RIBAS,0196,2026-10-04 18:17:54,-42.183335264804725,-25.571799103984908,-16.611536160819817
PR,76830,MARECHAL CÂNDIDO RONDON,0121,2026-10-04 18:50:06,-53.25806847465947,-46.159559324131955,-7.098509150527512
PR,76856,MARIA HELENA,0142,2026-10-04 20:49:38,-13.656030286641428,-4.1688654353562,-9.487164851285229
PR,76872,MARIALVA,0081,2026-10-04 18:48:50,-42.66943291839557,-31.170562616656298,-11.498870301739274
PR,79758,MARILENA,0096,2026-10-04 19:15:04,1.204550524202543,18.311776718856365,-17.107226194653823
PR,76899,MARILUZ,0086,2026-10-04 18:17:52,-7.63852473343821,3.2778702163061566,-10.916394949744367
PR,74330,MARILÂNDIA DO SUL,0076,2026-10-04 20:07:52,-37.922660190547354,-26.00864553314121,-11.914014657406145
PR,76910,MARINGÁ,0066,2026-10-04 18:33:03,-41.357617131538625,-36.56453600986089,-4.793081121677737
PR,76910,MARINGÁ,0137,2026-10-04 19:10:32,-36.95174403710545,-29.16914588629848,-7.782598150806969
PR,76910,MARINGÁ,0192,2026-10-04 18:29:17,-30.64914674010965,-24.401668355196506,-6.247478384913144
PR,74500,MARIPÁ,0124,2026-10-04 19:02:55,-64.26579925650557,-58.829174664107484,-5.43662459239809
PR,76937,MARIÓPOLIS,0047,2026-10-04 17:46:21,-32.85148053159244,-12.757009345794392,-20.09447118579805
PR,76953,MARMELEIRO,0140,2026-10-04 18:19:05,-15.414634146341463,6.506258092360811,-21.920892238702272
PR,75485,MARQUINHO,0134,2026-10-04 18:39:16,-4.579124579124579,18.25944170771757,-22.83856628684215
PR,76970,MARUMBI,0070,2026-10-04 17:47:51,-13.86633354153654,3.8187702265372168,-17.685103768073756
PR,76996,MATELÂNDIA,0118,2026-10-04 19:21:02,-54.37614678899082,-49.597855227882036,-4.778291561108787
PR,79634,MATINHOS,0194,2026-10-04 19:21:02,-19.888282129309268,-13.689281413087114,-6.199000716222153
PR,74527,MATO RICO,0038,2026-10-04 18:12:29,1.0887096774193548,29.395274329195033,-28.306564651775677
PR,74543,MAUÁ DA SERRA,0076,2026-10-04 19:05:05,-28.00684345594525,-12.814245810055866,-15.192597645889386
PR,77011,MEDIANEIRA,0114,2026-10-04 18:28:28,-41.86737726760275,-32.141518115818535,-9.725859151784213
PR,74560,MERCEDES,0121,2026-10-04 19:00:47,-67.01645599809206,-61.33035492678084,-5.686101071311214
PR,77038,MIRADOR,0100,2026-10-04 19:21:02,12.868117797695263,28.79708383961118,-15.928966041915917
PR,77054,MIRASELVA,0065,2026-10-04 19:00:13,-17.124183006535947,-6.070713809206137,-11.053469197329811
PR,84697,MISSAL,0114,2026-10-04 18:15:08,-41.09950937224808,-31.278992710404243,-9.820516661843836
PR,77070,MOREIRA SALES,0092,2026-10-04 18:33:03,-22.737524668734142,-13.952203343003177,-8.785321325730965
PR,77097,MORRETES,0051,2026-10-04 19:16:18,-20.886017535763727,-15.432801822323462,-5.453215713440265
PR,77119,MUNHOZ DE MELLO,0150,2026-10-04 18:19:05,-22.679667750090285,-11.000369139904024,-11.679298610186262
PR,77135,NOSSA SENHORA DAS GRAÇAS,0095,2026-10-04 18:29:18,5.1419169066227886,19.31400571661903,-14.17208880999624
PR,77151,NOVA ALIANÇA DO IVAÍ,0072,2026-10-04 19:01:19,-15.454545454545455,5.063291139240507,-20.51783659378596
PR,77178,NOVA AMÉRICA DA COLINA,0035,2026-10-04 18:15:23,-17.305585980284775,-1.5252248728979272,-15.780361107386847
PR,79650,NOVA AURORA,0120,2026-10-04 19:21:02,-35.13513513513514,-25.773839241138294,-9.361295893996843
PR,77194,NOVA CANTU,0169,2026-10-04 18:44:53,3.1969309462915603,18.78381302748323,-15.58688208119167
PR,77216,NOVA ESPERANÇA,0071,2026-10-04 18:37:21,-32.47926143965748,-23.628526645768027,-8.850734793889451
PR,75027,NOVA ESPERANÇA DO SUDOESTE,0162,2026-10-04 19:09:22,-0.33183218772220907,21.091558275950014,-21.423390463672224
PR,77232,NOVA FÁTIMA,0108,2026-10-04 18:15:08,-16.651904340124002,-4.633456602131825,-12.018447737992176
PR,74586,NOVA LARANJEIRAS,0045,2026-10-04 19:29:44,3.1777406112209214,20.149135332381405,-16.971394721160483
PR,77259,NOVA LONDRINA,0096,2026-10-04 17:54:16,-19.55362156092083,-7.5095576187875475,-12.044063942133285
PR,79677,NOVA OLÍMPIA,0127,2026-10-04 20:10:56,-32.73905996758509,-23.2729183083793,-9.466141659205793
PR,79952,NOVA PRATA DO IGUAÇU,0162,2026-10-04 19:03:18,-8.322753561856397,12.21395881006865,-20.53671237192505
PR,74608,NOVA SANTA BÁRBARA,0063,2026-10-04 18:41:15,-6.412053258584443,9.624498724024791,-16.036551982609232
PR,79790,NOVA SANTA ROSA,0124,2026-10-04 19:09:22,-69.55503512880563,-67.36824093086926,-2.186794197936365
PR,75760,NOVA TEBAS,0196,2026-10-04 18:15:09,12.540055543687247,32.35876016706968,-19.818704623382438
PR,74420,NOVO ITACOLOMI,0028,2026-10-04 18:10:59,-33.614153327716934,-16.428880242109813,-17.185273085607122
PR,77275,ORTIGUEIRA,0167,2026-10-04 19:30:28,0.9972610436126133,17.68288314107616,-16.685622097463547
PR,77291,OURIZONA,0102,2026-10-04 18:22:19,-7.080419580419581,12.253141831238779,-19.33356141165836
PR,74063,OURO VERDE DO OESTE,0148,2026-10-04 19:12:51,-31.706172260032854,-21.785714285714285,-9.92045797431857
PR,77313,PAIÇANDU,0154,2026-10-04 18:54:47,-21.40278266995421,-9.514474583998176,-11.888308085956034
PR,77330,PALMAS,0032,2026-10-04 20:56:20,-4.9966982170372,12.58275298770527,-17.57945120474247
PR,77356,PALMEIRA,0013,2026-10-04 19:10:55,-44.47081158044613,-31.194731890874884,-13.276079689571247
PR,77372,PALMITAL,0134,2026-10-04 18:32:29,-5.516658619024626,13.20367238463397,-18.720331003658597
PR,77399,PALOTINA,0124,2026-10-04 19:11:27,-51.74360008062891,-44.24656128105112,-7.497038799577787
PR,77437,PARANACITY,0091,2026-10-04 18:29:17,-3.8300962062080233,9.507346585998272,-13.337442792206296
PR,77453,PARANAGUÁ,0005,2026-10-04 19:22:18,-30.661573022909383,-26.43192601917304,-4.229647003736343
PR,77470,PARANAPOEMA,0091,2026-10-04 18:12:29,10.37514654161782,21.84041933605125,-11.465272794433432
PR,77496,PARANAVAÍ,0072,2026-10-04 20:26:06,-39.17241954658269,-29.939717323123293,-9.232702223459395
PR,77410,PARAÍSO DO NORTE,0100,2026-10-04 19:09:54,-17.9270154016928,-4.864444156181087,-13.062571245511712
PR,74624,PATO BRAGADO,0121,2026-10-04 18:57:43,-60.37483266398929,-51.63912218910864,-8.735710474880648
PR,77518,PATO BRANCO,0073,2026-10-04 19:05:06,-31.719755217323083,-16.42990357525495,-15.289851642068133
PR,77534,PAULA FREITAS,0033,2026-10-04 18:35:59,-37.37210554658051,-14.925791094931391,-22.446314451649116
PR,77550,PAULO FRONTIN,0037,2026-10-04 18:39:16,-38.78402107111501,-12.07978484984312,-26.70423622127189
PR,77577,PEABIRU,0074,2026-10-04 18:25:04,-22.91282591519621,-10.089514066496164,-12.823311848700044
PR,75507,PEROBAL,0142,2026-10-04 20:13:59,-35.076852489103004,-27.45664739884393,-7.620205090259073
PR,75043,PINHAIS,0188,2026-10-04 19:13:35,-26.12274273750327,-19.271760833198424,-6.850981904304845
PR,74640,PINHAL DE SÃO BENTO,0083,2026-10-04 18:27:21,18.762088974854933,45.14435695538058,-26.382267980525647
PR,77631,PINHALÃO,0019,2026-10-04 19:02:54,-23.087013554875384,-8.51262862488307,-14.574384929992314
PR,77658,PINHÃO,0160,2026-10-04 19:23:09,7.695461200585652,26.35899202112393,-18.66353082053828
PR,77690,PIRAQUARA,0155,2026-10-04 19:31:12,-17.822419085077836,-7.350904157416368,-10.471514927661469
PR,77674,PIRAÍ DO SUL,0027,2026-10-04 19:23:43,-32.43166287015946,-18.06090304515226,-14.370759825007198
PR,77712,PITANGA,0038,2026-10-04 19:07:46,-12.637024894990267,7.878218751544506,-20.515243646534774
PR,74667,PITANGUEIRAS,0067,2026-10-04 18:35:58,-30.573248407643312,-23.505775991963837,-7.067472415679475
PR,77615,PIÊN,0144,2026-10-04 18:48:50,-54.84333627537511,-39.67534017665314,-15.167996098721972
PR,77739,PLANALTINA DO PARANÁ,0094,2026-10-04 19:10:55,-1.7228739002932552,8.026113671274961,-9.748987571568216
PR,77755,PLANALTO,0107,2026-10-04 18:48:50,-10.435315757204169,7.258064516129032,-17.6933802733332
PR,77771,PONTA GROSSA,0014,2026-10-04 18:32:29,-28.514305106753426,-22.01402761778387,-6.500277488969555
PR,77771,PONTA GROSSA,0015,2026-10-04 18:39:51,-30.308328035600763,-22.466812074211703,-7.84151596138906
PR,77771,PONTA GROSSA,0139,2026-10-04 18:20:16,-35.42222948794798,-25.836120401337794,-9.586109086610186
PR,75523,PONTAL DO PARANÁ,0194,2026-10-04 18:55:26,-19.019784172661872,-13.801266875679826,-5.218517296982046
PR,77798,PORECATU,0065,2026-10-04 19:09:54,-4.481165102926761,1.6885046602728624,-6.169669763199623
PR,77810,PORTO AMAZONAS,0013,2026-10-04 18:26:02,-32.481877804625476,-20.980926430517712,-11.500951374107764
PR,75540,PORTO BARREIRO,0045,2026-10-04 18:45:17,-17.98919817199834,10.332681017612524,-28.32187918961086
PR,77836,PORTO RICO,0085,2026-10-04 18:55:55,-38.198890311566366,-18.3547313361864,-19.844158975379965
PR,77852,PORTO VITÓRIA,0153,2026-10-04 18:25:04,-24.85253637436099,-9.124386252045827,-15.728150122315164
PR,75566,PRADO FERREIRA,0065,2026-10-04 18:58:14,-12.94024535021765,-1.9421323820848198,-10.99811296813283
PR,79910,PRANCHITA,0083,2026-10-04 18:15:23,-33.98963730569948,-14.229352972119937,-19.760284333579545
PR,77879,PRESIDENTE CASTELO BRANCO,0071,2026-10-04 19:07:47,-2.037351443123939,12.364709740898656,-14.402061184022594
PR,77917,PRUDENTÓPOLIS,0030,2026-10-04 19:12:50,-50.83216165843769,-43.24547223963316,-7.586689418804532
PR,79693,PÉROLA,0135,2026-10-04 18:11:15,-32.580414581844174,-18.155743582389217,-14.424670999454957
PR,77593,PÉROLA D'OESTE,0107,2026-10-04 19:11:52,-31.074873679375287,-13.372365339578455,-17.702508339796832
PR,75582,QUARTO CENTENÁRIO,0092,2026-10-04 18:48:51,-27.404193781634127,-5.3546099290780145,-22.04958385255611
PR,77933,QUATIGUÁ,0055,2026-10-04 18:43:21,-35.92445328031809,-24.737864077669904,-11.186589202648186
PR,77950,QUATRO BARRAS,0195,2026-10-04 19:09:23,-37.66345739330364,-30.241145440844008,-7.42231195245963
PR,74683,QUATRO PONTES,0121,2026-10-04 18:54:47,-72.51693002257336,-65.49580354367423,-7.021126478899134
PR,79553,QUEDAS DO IGUAÇU,0163,2026-10-04 18:37:20,-23.729686427100024,-15.227209367159187,-8.502477059940837
PR,77976,QUERÊNCIA DO NORTE,0085,2026-10-04 19:21:02,-1.9036771884152295,9.155039974917699,-11.058717163332929
PR,77992,QUINTA DO SOL,0116,2026-10-04 19:22:41,-11.684053651266765,3.0111412225233365,-14.695194873790102
PR,78018,QUITANDINHA,0011,2026-10-04 19:04:21,-43.84418789107253,-30.293070391673513,-13.551117499399016
PR,74705,RAMILÂNDIA,0118,2026-10-04 18:42:12,-1.4685314685314685,10.130353817504655,-11.598885286036124
PR,78034,RANCHO ALEGRE,0084,2026-10-04 18:44:31,-28.330658105939005,-16.529605263157894,-11.801052842781111
PR,74721,RANCHO ALEGRE D'OESTE,0092,2026-10-04 17:45:00,-21.774193548387096,-7.38512035010941,-14.389073198277686
PR,78050,REALEZA,0130,2026-10-04 18:33:02,-25.590237863648422,-11.34203748112621,-14.248200382522212
PR,78077,REBOUÇAS,0062,2026-10-04 19:10:55,-24.821127946127945,-3.305443652515236,-21.515684293612708
PR,78093,RENASCENÇA,0140,2026-10-04 18:14:11,-14.523809523809524,5.810684161199625,-20.33449368500915
PR,78115,RESERVA,0039,2026-10-04 20:50:29,-23.36031833150384,-4.925911093311974,-18.434407238191866
PR,75604,RESERVA DO IGUAÇU,0160,2026-10-04 19:11:27,2.8457314028956566,27.873704982733102,-25.027973579837447
PR,78131,RIBEIRÃO CLARO,0023,2026-10-04 18:12:48,-22.859963333803414,-7.8180025355683895,-15.041960798235024
PR,78158,RIBEIRÃO DO PINHAL,0082,2026-10-04 19:21:03,0.7710640684144119,17.52738654147105,-16.75632247305664
PR,78174,RIO AZUL,0062,2026-10-04 20:42:03,-50.76455915844269,-27.081254849794924,-23.683304308647763
PR,78190,RIO BOM,0076,2026-10-04 18:27:20,-18.05733846812152,-8.59611231101512,-9.461226157106402
PR,74748,RIO BONITO DO IGUAÇU,0045,2026-10-04 20:52:39,24.25999758366558,40.18089315997739,-15.920895576311807
PR,75620,RIO BRANCO DO IVAÍ,0136,2026-10-04 19:09:23,-8.790353947880202,-2.0662768031189085,-6.724077144761294
PR,78212,RIO BRANCO DO SUL,0156,2026-10-04 19:15:26,-9.002169197396963,6.72637284939901,-15.728542046795972
PR,78239,RIO NEGRO,0011,2026-10-04 19:13:35,-51.05132628854863,-40.268021182319245,-10.783305106229385
PR,78255,ROLÂNDIA,0059,2026-10-04 19:29:43,-44.50461237040464,-38.54648038688877,-5.9581319835158695
PR,78271,RONCADOR,0141,2026-10-04 19:00:13,-6.164685160722149,10.594546267322306,-16.759231428044455
PR,78298,RONDON,0100,2026-10-04 18:55:26,-31.897662433278114,-19.609223728216865,-12.28843870506125
PR,75744,ROSÁRIO DO IVAÍ,0136,2026-10-04 18:25:04,-16.804702110606467,-10.401618029471251,-6.403084081135216
PR,78310,SABÁUDIA,0061,2026-10-04 19:15:03,-47.869721643628104,-42.586100226850895,-5.283621416777208
PR,78336,SALGADO FILHO,0131,2026-10-04 18:20:34,-17.94871794871795,5.688518903919528,-23.63723685263748
PR,78352,SALTO DO ITARARÉ,0021,2026-10-04 19:10:55,-10.008678044547295,11.229783338419287,-21.238461382966584
PR,78379,SALTO DO LONTRA,0162,2026-10-04 18:39:50,3.732112192329708,28.072329501060388,-24.34021730873068
PR,78395,SANTA AMÉLIA,0058,2026-10-04 18:39:16,-19.623770842240273,-5.491698595146871,-14.1320722470934
PR,78417,SANTA CECÍLIA DO PAVÃO,0063,2026-10-04 19:07:19,-12.685668406262545,-1.1440677966101696,-11.541600609652376
PR,78433,SANTA CRUZ DE MONTE CASTELO,0094,2026-10-04 19:05:06,-23.904761904761905,-8.63768115942029,-15.267080745341616
PR,78450,SANTA FÉ,0150,2026-10-04 18:17:50,-29.614226301448443,-17.685997985321627,-11.928228316126816
PR,79715,SANTA HELENA,0129,2026-10-04 19:11:52,-31.908112333874556,-19.996402446336493,-11.911709887538063
PR,78476,SANTA INÊS,0095,2026-10-04 18:43:20,4.613200851667849,13.5,-8.886799148332152
PR,78492,SANTA ISABEL DO IVAÍ,0094,2026-10-04 18:25:03,-34.19172932330827,-25.24308152580404,-8.948647797504233
PR,78514,SANTA IZABEL DO OESTE,0130,2026-10-04 19:16:18,-17.599186164801626,-0.2913429522752497,-17.307843212526375
PR,74764,SANTA LÚCIA,0165,2026-10-04 20:58:19,-19.472616632860042,-5.949119373776908,-13.523497259083134
PR,74802,SANTA MARIA DO OESTE,0038,2026-10-04 18:58:14,-1.7543859649122806,23.800444868128377,-25.554830833040658
PR,78530,SANTA MARIANA,0109,2026-10-04 18:28:28,-9.163288940359005,1.1072763876905378,-10.270565328049543
PR,74829,SANTA MÔNICA,0094,2026-10-04 18:27:22,1.3164310092637739,12.26679104477612,-10.950360035512347
PR,74080,SANTA TEREZA DO OESTE,0143,2026-10-04 19:21:03,-27.53731343283582,-13.669162695711368,-13.868150737124452
PR,84670,SANTA TEREZINHA DE ITAIPU,0147,2026-10-04 19:21:03,-44.72678511565538,-36.885644768856444,-7.841140346798937
PR,78557,SANTANA DO ITARARÉ,0020,2026-10-04 19:21:02,-15.504322766570604,7.674144037780401,-23.178466804351004
PR,78590,SANTO ANTÔNIO DA PLATINA,0022,2026-10-04 19:31:12,-32.43600682593857,-23.362054950414567,-9.073951875524003
PR,78611,SANTO ANTÔNIO DO CAIUÁ,0087,2026-10-04 19:22:42,7.67590618336887,25.292479108635096,-17.616572925266226
PR,78638,SANTO ANTÔNIO DO PARAÍSO,0099,2026-10-04 17:59:30,-8.147713950762016,4.9883990719257545,-13.13611302268777
PR,78573,SANTO ANTÔNIO DO SUDOESTE,0083,2026-10-04 19:32:01,-12.923797223119147,4.896437448218724,-17.82023467133787
PR,78654,SANTO INÁCIO,0159,2026-10-04 18:39:51,-11.092806150466776,5.029585798816568,-16.122391949283344
PR,78999,SAPOPEMA,0119,2026-10-04 19:13:35,-8.713897803011601,8.047129606417649,-16.76102740942925
PR,84611,SARANDI,0206,2026-10-04 18:51:30,-22.14295303300539,-7.063883270163586,-15.079069762841804
PR,75060,SAUDADE DO IGUAÇU,0103,2026-10-04 18:16:16,-2.2623284189120487,16.906130268199234,-19.168458687111283
PR,79014,SENGÉS,0054,2026-10-04 19:01:44,-34.96830814236957,-17.22304283604136,-17.745265306328214
PR,75647,SERRANÓPOLIS DO IGUAÇU,0114,2026-10-04 18:15:23,-52.917009038619554,-39.1389983117614,-13.778010726858156
PR,79030,SERTANEJA,0026,2026-10-04 18:44:31,-28.096995255666844,-13.427747180697613,-14.66924807496923
PR,79057,SERTANÓPOLIS,0040,2026-10-04 18:39:16,-48.27891424075531,-40.00974184120799,-8.269172399547323
PR,79073,SIQUEIRA CAMPOS,0021,2026-10-04 19:04:39,-18.792502902637253,1.9583016797501478,-20.7508045823874
PR,75787,SULINA,0151,2026-10-04 18:24:01,-16.94036300777874,8.98876404494382,-25.92912705272256
PR,78670,SÃO CARLOS DO IVAÍ,0100,2026-10-04 18:12:46,-33.911320287342086,-18.303145853193517,-15.60817443414857
PR,78697,SÃO JERÔNIMO DA SERRA,0063,2026-10-04 19:07:18,5.76731852833941,17.090257412838056,-11.322938884498647
PR,78816,SÃO JORGE D'OESTE,0151,2026-10-04 19:07:19,-21.46453089244851,-4.112291350531108,-17.352239541917402
PR,78794,SÃO JORGE DO IVAÍ,0102,2026-10-04 18:27:22,-44.167091186958736,-23.035666398498257,-21.13142478846048
PR,79995,SÃO JORGE DO PATROCÍNIO,0123,2026-10-04 18:37:20,-28.39108910891089,-16.471467729877897,-11.919621379032993
PR,78832,SÃO JOSÉ DA BOA VISTA,0020,2026-10-04 18:31:58,-32.75672707303679,-22.914317925591885,-9.842409147444908
PR,84719,SÃO JOSÉ DAS PALMEIRAS,0148,2026-10-04 17:57:30,-3.3632286995515694,10.50037907505686,-13.86360777460843
PR,78859,SÃO JOSÉ DOS PINHAIS,0008,2026-10-04 18:59:16,-37.167683091370286,-30.863208033250512,-6.304475058119774
PR,78859,SÃO JOSÉ DOS PINHAIS,0199,2026-10-04 19:08:16,-27.378705451315643,-20.02909671438871,-7.349608736926932
PR,78719,SÃO JOÃO,0151,2026-10-04 18:27:00,-27.589518452462613,-7.59685647318351,-19.992661979279102
PR,78735,SÃO JOÃO DO CAIUÁ,0087,2026-10-04 17:59:29,7.586586036283673,22.121957888980038,-14.535371852696365
PR,78751,SÃO JOÃO DO IVAÍ,0132,2026-10-04 18:30:25,-9.484536082474227,4.685168606386154,-14.169704688860381
PR,78778,SÃO JOÃO DO TRIUNFO,0052,2026-10-04 18:35:58,-13.796162803593212,24.809707666850525,-38.60587047044373
PR,74845,SÃO MANOEL DO PARANÁ,0149,2026-10-04 18:28:28,-25.721301411909145,-21.028938906752412,-4.6923625051567335
PR,78875,SÃO MATEUS DO SUL,0012,2026-10-04 18:54:47,-22.417139160546444,-1.3778127223033434,-21.0393264382431
PR,78891,SÃO MIGUEL DO IGUAÇU,0122,2026-10-04 18:30:22,-33.30813074328254,-23.911157383307305,-9.396973359975235
PR,74861,SÃO PEDRO DO IGUAÇU,0148,2026-10-04 18:30:23,-22.07488299531981,-12.093023255813954,-9.981859739505857
PR,78913,SÃO PEDRO DO IVAÍ,0132,2026-10-04 18:32:28,-23.891625615763548,-10.25689105569098,-13.634734560072568
PR,78930,SÃO PEDRO DO PARANÁ,0085,2026-10-04 18:13:42,-40.978886756238005,-29.78072412034676,-11.198162635891244
PR,78956,SÃO SEBASTIÃO DA AMOREIRA,0035,2026-10-04 18:32:00,-4.506525285481239,6.68475101724472,-11.19127630272596
PR,75663,TAMARANA,0146,2026-10-04 20:54:01,-16.684491978609625,-17.51511294941139,0.830620970801764
PR,79090,TAMBOARA,0072,2026-10-04 18:39:16,-31.387096774193548,-16.672020558946354,-14.715076215247194
PR,79111,TAPEJARA,0086,2026-10-04 18:32:00,-29.901563404748117,-17.39513376637675,-12.506429638371369
PR,79731,TAPIRA,0127,2026-10-04 20:56:20,-19.67930029154519,-8.177312775330396,-11.501987516214793
PR,79138,TEIXEIRA SOARES,0053,2026-10-04 18:50:06,-29.721412374473598,-12.182254196642686,-17.539158177830913
PR,79154,TELÊMACO BORBA,0111,2026-10-04 18:59:16,-28.07286086024797,-13.643245389789284,-14.429615470458687
PR,79170,TERRA BOA,0173,2026-10-04 18:12:29,-38.80911738126318,-29.545010740089825,-9.264106641173353
PR,79197,TERRA RICA,0105,2026-10-04 18:42:13,-32.67485930860227,-23.699617203332583,-8.97524210526969
PR,79219,TERRA ROXA,0125,2026-10-04 19:14:07,-41.7358922944715,-34.96027241770715,-6.775619876764345
PR,79235,TIBAGI,0017,2026-10-04 18:58:14,-15.741778774289985,4.65664069577822,-20.398419470068205
PR,79251,TIJUCAS DO SUL,0199,2026-10-04 20:13:58,-20.97546671879582,-6.549571473918104,-14.425895244877715
PR,79278,TOLEDO,0075,2026-10-04 20:11:15,-40.0243081525804,-33.21516979499628,-6.809138357584125
PR,79294,TOMAZINA,0019,2026-10-04 19:14:07,-23.063345754069424,-6.84655658477648,-16.216789169292944
PR,79871,TRÊS BARRAS DO PARANÁ,0166,2026-10-04 19:02:36,-25.184360651175734,-10.52051776370146,-14.663842887474274
PR,74888,TUNAS DO PARANÁ,0048,2026-10-04 18:37:20,-18.124392614188533,2.385735811150176,-20.51012842533871
PR,79316,TUNEIRAS DO OESTE,0086,2026-10-04 19:29:44,-30.991655346400155,-21.207920792079207,-9.783734554320947
PR,79936,TUPÃSSI,0148,2026-10-04 18:20:34,-49.43328693577252,-43.0938123752495,-6.339474560523023
PR,84530,TURVO,0044,2026-10-04 21:45:53,-0.8429698476169891,23.381294964028775,-24.224264811645764
PR,79332,UBIRATÃ,0098,2026-10-04 19:16:19,-36.54067212117114,-26.721167488683196,-9.819504632487945
PR,79359,UMUARAMA,0089,2026-10-04 19:00:47,-45.28744684202237,-38.73000562655735,-6.557441215465019
PR,79391,UNIFLOR,0071,2026-10-04 18:00:41,-5.638665132336018,7.942857142857143,-13.581522275193162
PR,79375,UNIÃO DA VITÓRIA,0033,2026-10-04 19:07:17,-30.592511086659332,-17.533232925152248,-13.059278161507084
PR,79413,URAÍ,0084,2026-10-04 18:32:28,-25.00768521364894,-13.84159881569208,-11.16608639795686
PR,74900,VENTANIA,0017,2026-10-04 19:29:44,-11.62591896050607,12.356666096183467,-23.982585056689537
PR,79898,VERA CRUZ DO OESTE,0118,2026-10-04 19:00:47,-31.248786172072247,-19.121595703874185,-12.127190468198062
PR,79456,VERÊ,0115,2026-10-04 18:30:25,-11.657526976826464,12.82627484874676,-24.483801825573224
PR,74969,VIRMOND,0203,2026-10-04 18:30:52,-23.090461105244632,-1.5586255756287637,-21.53183552961587
PR,79472,VITORINO,0073,2026-10-04 17:51:36,-32.79603223806571,-15.986316989737743,-16.80971524832797
PR,79430,WENCESLAU BRAZ,0020,2026-10-04 18:30:23,-33.21766857357216,-23.407202216066484,-9.810466357505678
PR,79499,XAMBRÊ,0117,2026-10-04 17:57:30,-23.675086676572562,-13.228155339805825,-10.446931336766736
PR,74128,ÂNGULO,0150,2026-10-04 19:00:47,-39.1343150379295,-27.086247086247088,-12.048067951682409
RJ,58017,ANGRA DOS REIS,0116,2026-10-04 19:30:37,-26.288602160155637,-25.43193426604486,-0.8566678941107781
RJ,58017,ANGRA DOS REIS,0147,2026-10-04 21:00:45,-34.0859833007639,-32.3451922894672,-1.7407910112967002
RJ,58181,APERIBÉ,0034,2026-10-04 19:17:19,-28.487205218263924,-17.006891171499156,-11.480314046764768
RJ,58033,ARARUAMA,0092,2026-10-04 20:52:44,-36.45388517829118,-31.40754077525948,-5.0463444030317
RJ,58220,AREAL,0174,2026-10-04 19:04:46,-24.1234221598878,-15.125278761642399,-8.9981433982454
RJ,58408,ARMAÇÃO DOS BÚZIOS,0172,2026-10-04 19:20:55,-33.17603160667252,-29.553910945741507,-3.62212066093101
RJ,59277,ARRAIAL DO CABO,0146,2026-10-04 19:20:55,-27.641384528087762,-24.824952259707192,-2.81643226838057
RJ,58050,BARRA DO PIRAÍ,0093,2026-10-04 20:13:02,-5.074159263959391,2.826563160524192,-7.9007224244835825
RJ,58076,BARRA MANSA,0091,2026-10-04 19:20:56,-10.873161625206793,-2.4351854601609597,-8.437976165045832
RJ,58076,BARRA MANSA,0094,2026-10-04 19:01:37,-15.807842332169985,-9.390870065374148,-6.416972266795836
RJ,58041,BELFORD ROXO,0152,2026-10-04 20:11:34,-21.382944522874354,-16.23871031774164,-5.144234205132715
RJ,58041,BELFORD ROXO,0153,2026-10-04 19:20:55,-20.994328104988274,-15.28906118321254,-5.705266921775733
RJ,58041,BELFORD ROXO,0154,2026-10-04 20:37:09,-20.970042796005707,-16.994487170761587,-3.9755556252441195
RJ,58041,BELFORD ROXO,0155,2026-10-04 20:49:32,-20.33303429497773,-15.031178731480152,-5.301855563497577
RJ,58092,BOM JARDIM,0042,2026-10-04 19:14:08,-21.776401952613405,-12.36185272569229,-9.414549226921116
RJ,58114,BOM JESUS DO ITABAPOANA,0095,2026-10-04 20:42:20,-18.404879838561733,-9.977304080815273,-8.42757575774646
RJ,58130,CABO FRIO,0096,2026-10-04 19:20:55,-28.405199524774616,-27.361067339006198,-1.0441321857684187
RJ,58130,CABO FRIO,0256,2026-10-04 21:02:11,-36.14091894350933,-34.106926635412464,-2.033992308096863
RJ,58157,CACHOEIRAS DE MACACU,0049,2026-10-04 20:29:17,-25.448080066530927,-18.514693733034346,-6.933386333496582
RJ,58173,CAMBUCI,0097,2026-10-04 20:37:28,-7.0997920997921,1.549162187796396,-8.648954287588495
RJ,58190,CAMPOS DOS GOYTACAZES,0075,2026-10-04 20:56:54,-23.20775934776497,-20.882239133238745,-2.3255202145262253
RJ,58190,CAMPOS DOS GOYTACAZES,0076,2026-10-04 20:59:42,-34.09819377381591,-32.82073874196346,-1.2774550318524476
RJ,58190,CAMPOS DOS GOYTACAZES,0098,2026-10-04 19:12:57,-18.85674247511167,-17.061079545454547,-1.795662929657123
RJ,58190,CAMPOS DOS GOYTACAZES,0129,2026-10-04 20:37:29,-26.837291927100466,-25.515696998406614,-1.3215949286938518
RJ,58211,CANTAGALO,0101,2026-10-04 19:24:39,-13.607785720437516,-5.507802720520738,-8.099982999916778
RJ,58300,CARAPEBUS,0255,2026-10-04 19:09:44,-21.040702615922182,-10.627177700348431,-10.41352491557375
RJ,58068,CARDOSO MOREIRA,0141,2026-10-04 18:34:55,-30.354009701723605,-19.806763285024154,-10.547246416699451
RJ,58238,CARMO,0102,2026-10-04 19:10:58,-4.8667850799289525,9.983997155049787,-14.85078223497874
RJ,58254,CASIMIRO DE ABREU,0050,2026-10-04 19:30:38,-37.42058449809403,-32.564553521464546,-4.856030976629484
RJ,58165,COMENDADOR LEVY GASPARIAN,0040,2026-10-04 20:14:14,8.808686343477596,18.946085897045386,-10.13739955356779
RJ,58270,CONCEIÇÃO DE MACABU,0051,2026-10-04 20:39:28,0.4197761194029851,6.7147192716236725,-6.294943152220688
RJ,58297,CORDEIRO,0052,2026-10-04 19:02:28,-14.127937143280706,-6.1772810777709735,-7.950656065509732
RJ,58319,DUAS BARRAS,0042,2026-10-04 19:24:39,-8.578745198463508,3.5023523261892318,-12.08109752465274
RJ,58335,DUQUE DE CAXIAS,0078,2026-10-04 19:31:53,-20.548633933388924,-15.466786674404007,-5.081847258984917
RJ,58335,DUQUE DE CAXIAS,0079,2026-10-04 20:39:19,-21.534633810645563,-14.541329676104539,-6.993304134541024
RJ,58335,DUQUE DE CAXIAS,0103,2026-10-04 19:20:55,-6.25520089180575,-2.8238780060757525,-3.431322885729997
RJ,58335,DUQUE DE CAXIAS,0126,2026-10-04 20:55:25,-15.458317344589409,-9.473945175076146,-5.984372169513263
RJ,58335,DUQUE DE CAXIAS,0127,2026-10-04 21:01:30,-21.848948775756305,-15.3538485590703,-6.495100216686005
RJ,58335,DUQUE DE CAXIAS,0128,2026-10-04 19:29:36,-32.504858142246405,-26.48842606135065,-6.016432080895754
RJ,58335,DUQUE DE CAXIAS,0200,2026-10-04 19:11:44,-13.216584595216887,-10.037444720617192,-3.179139874599695
RJ,58351,ENGENHEIRO PAULO DE FRONTIN,0074,2026-10-04 21:16:21,-9.644842845795983,1.7582165019535738,-11.403059347749558
RJ,58106,GUAPIMIRIM,0149,2026-10-04 20:59:22,-24.336728650953454,-17.36442380115491,-6.972304849798544
RJ,58262,IGUABA GRANDE,0181,2026-10-04 18:43:13,-36.62715201273405,-33.66744405299459,-2.959707959739461
RJ,58378,ITABORAÍ,0104,2026-10-04 21:23:10,-14.302204144451162,-10.033260188520405,-4.268943955930757
RJ,58378,ITABORAÍ,0151,2026-10-04 21:00:23,-20.17055732621242,-15.604183320010659,-4.566374006201762
RJ,58394,ITAGUAÍ,0105,2026-10-04 20:10:30,-26.882791031104386,-25.002455761215813,-1.8803352698885725
RJ,59293,ITALVA,0141,2026-10-04 18:37:24,-39.335367921329265,-28.654902419072105,-10.68046550225716
RJ,58416,ITAOCARA,0106,2026-10-04 18:37:13,-36.49273226605935,-28.353498158863754,-8.139234107195595
RJ,58432,ITAPERUNA,0107,2026-10-04 19:16:36,-33.59930338356554,-28.348106365834006,-5.251197017731535
RJ,58440,ITATIAIA,0198,2026-10-04 21:00:23,-20.46451355661882,-10.278736668555824,-10.185776888062994
RJ,58149,JAPERI,0139,2026-10-04 19:20:55,-15.197391610856538,-12.23271560940841,-2.9646760014481277
RJ,58459,LAJE DO MURIAÉ,0112,2026-10-04 19:15:08,11.822936122525215,20.48522437066764,-8.662288248142426
RJ,58475,MACAÉ,0109,2026-10-04 19:29:37,-10.4680008919612,-5.332214172115215,-5.135786719845985
RJ,58475,MACAÉ,0254,2026-10-04 21:33:40,-13.00208226453813,-7.78225943124428,-5.21982283329385
RJ,58386,MACUCO,0052,2026-10-04 18:37:12,-7.6062639821029085,3.695108889682256,-11.301372871785166
RJ,58491,MAGÉ,0110,2026-10-04 20:13:49,-16.925980929645103,-11.045107830763321,-5.880873098881782
RJ,58491,MAGÉ,0148,2026-10-04 20:51:21,-28.42806264977294,-21.470011708523543,-6.958050941249397
RJ,58513,MANGARATIBA,0054,2026-10-04 19:04:12,-29.766241651487555,-24.06873770030925,-5.697503951178305
RJ,58530,MARICÁ,0055,2026-10-04 21:29:28,-6.639831789967885,-1.9837283595326654,-4.65610343043522
RJ,58556,MENDES,0056,2026-10-04 17:51:31,-4.976575620967029,1.2145056448853917,-6.1910812658524215
RJ,58467,MESQUITA,0083,2026-10-04 20:10:30,-22.637567232105916,-18.869916553306396,-3.7676506787995194
RJ,58467,MESQUITA,0150,2026-10-04 20:36:09,-22.10057000959422,-18.504734278364623,-3.5958357312295988
RJ,58572,MIGUEL PEREIRA,0048,2026-10-04 19:04:31,-20.71281551294551,-13.538769607297809,-7.174045905647702
RJ,58599,MIRACEMA,0112,2026-10-04 19:04:31,3.25078350642168,8.939997585415911,-5.689214078994231
RJ,58610,NATIVIDADE,0043,2026-10-04 19:10:58,-8.592817619615927,-1.9626464070908516,-6.630171212525076
RJ,58637,NILÓPOLIS,0201,2026-10-04 20:56:15,-21.548575602629658,-19.128351607850362,-2.4202239947792954
RJ,58637,NILÓPOLIS,0221,2026-10-04 19:30:19,-17.307692307692307,-14.597326307150725,-2.7103660005415815
RJ,58653,NITERÓI,0071,2026-10-04 19:07:42,12.090634096227385,8.87704508772541,3.213589008501975
RJ,58653,NITERÓI,0072,2026-10-04 19:07:23,1.485180412371134,1.2401827865221948,0.24499762584893925
RJ,58653,NITERÓI,0144,2026-10-04 21:00:45,12.037000998975078,11.303458415904878,0.7335425830702
RJ,58653,NITERÓI,0199,2026-10-04 19:11:44,-10.61220469209174,-10.18426921077782,-0.42793548131392
RJ,58670,NOVA FRIBURGO,0026,2026-10-04 19:29:36,-15.728523150440193,-11.706110154905335,-4.022412995534857
RJ,58670,NOVA FRIBURGO,0222,2026-10-04 20:59:21,-25.018294777401096,-19.2839252844081,-5.734369492992997
RJ,58696,NOVA IGUAÇU,0027,2026-10-04 19:11:44,-23.372491013226465,-20.44876950297571,-2.923721510250754
RJ,58696,NOVA IGUAÇU,0084,2026-10-04 20:59:22,-24.13288697342457,-20.041141630560084,-4.091745342864485
RJ,58696,NOVA IGUAÇU,0156,2026-10-04 20:49:56,-27.26657645466847,-21.617651930956036,-5.648924523712434
RJ,58696,NOVA IGUAÇU,0157,2026-10-04 19:20:55,-24.017373662328012,-19.157256349391474,-4.860117312936538
RJ,58696,NOVA IGUAÇU,0158,2026-10-04 20:46:18,-27.922416908723413,-24.072023621216914,-3.850393287506499
RJ,58696,NOVA IGUAÇU,0159,2026-10-04 19:20:55,-28.150442477876105,-24.33772295950527,-3.812719518370834
RJ,58718,PARACAMBI,0070,2026-10-04 19:24:38,-15.109486150300043,-16.894497020679985,1.785010870379942
RJ,58750,PARATY,0057,2026-10-04 22:05:19,-27.419788664745436,-24.400115640358486,-3.0196730243869503
RJ,58734,PARAÍBA DO SUL,0028,2026-10-04 19:23:22,-13.462219947237863,-8.880431335236283,-4.58178861200158
RJ,59315,PATY DO ALFERES,0048,2026-10-04 19:23:43,-31.38136511375948,-22.319449968748224,-9.061915145011255
RJ,58777,PETRÓPOLIS,0029,2026-10-04 19:11:44,-17.478325227320788,-17.37025973368437,-0.10806549363641693
RJ,58777,PETRÓPOLIS,0065,2026-10-04 20:14:14,-28.216307672284767,-26.194996577421314,-2.021311094863453
RJ,58246,PINHEIRAL,0030,2026-10-04 20:07:46,0.9976113530982156,11.040581984166607,-10.042970631068393
RJ,58793,PIRAÍ,0030,2026-10-04 20:10:30,-6.573386636207881,-0.25891829689298046,-6.3144683393149
RJ,58815,PORCIÚNCULA,0045,2026-10-04 19:22:10,2.5674852851633854,10.90155031104967,-8.334065025886284
RJ,58327,PORTO REAL,0183,2026-10-04 19:25:42,-21.71872811318112,-10.509554140127388,-11.20917397305373
RJ,58025,QUATIS,0183,2026-10-04 20:10:30,-8.471148126115407,2.870359387972957,-11.341507514088365
RJ,58122,QUEIMADOS,0138,2026-10-04 21:38:29,-18.25966183574879,-13.871449925261585,-4.388211910487206
RJ,58009,QUISSAMÃ,0255,2026-10-04 19:28:53,-10.51250172675784,7.102803738317757,-17.615305465075597
RJ,58831,RESENDE,0031,2026-10-04 20:19:47,-28.769661533393723,-19.566676454549267,-9.202985078844456
RJ,58831,RESENDE,0198,2026-10-04 20:55:25,-28.331575616958446,-18.926906426906427,-9.404669190052019
RJ,58858,RIO BONITO,0032,2026-10-04 20:11:11,-30.82536125714614,-27.16368970575546,-3.6616715513906826
RJ,58874,RIO CLARO,0108,2026-10-04 19:28:53,-1.3726175904878475,4.192184939187441,-5.564802529675289
RJ,58890,RIO DAS FLORES,0111,2026-10-04 19:28:53,19.707037148897616,29.593114241001565,-9.88607709210395
RJ,58203,RIO DAS OSTRAS,0184,2026-10-04 20:56:14,-28.754466244593495,-25.906913073237508,-2.8475531713559867
RJ,60011,RIO DE JANEIRO,0004,2026-10-04 19:20:56,27.084744970676883,21.663866690882674,5.420878279794209
RJ,60011,RIO DE JANEIRO,0005,2026-10-04 19:22:11,13.922259666092145,9.557950771517978,4.364308894574167
RJ,60011,RIO DE JANEIRO,0007,2026-10-04 20:58:12,18.780212274064734,13.955867127371612,4.824345146693123
RJ,60011,RIO DE JANEIRO,0008,2026-10-04 20:53:26,10.071564572253957,7.1940745410133164,2.87749003124064
RJ,60011,RIO DE JANEIRO,0009,2026-10-04 21:01:30,-24.386353196642585,-20.02348112099947,-4.362872075643114
RJ,60011,RIO DE JANEIRO,0010,2026-10-04 20:51:35,-4.027635619242579,-4.301092570840105,0.2734569515975256
RJ,60011,RIO DE JANEIRO,0014,2026-10-04 21:02:11,-3.5305616879286807,-3.8905079753063205,0.3599462873776398
RJ,60011,RIO DE JANEIRO,0016,2026-10-04 19:22:35,35.270652572767844,30.207744008689946,5.0629085640778975
RJ,60011,RIO DE JANEIRO,0017,2026-10-04 20:37:29,10.317523901084227,10.09313676661022,0.22438713447400715
RJ,60011,RIO DE JANEIRO,0021,2026-10-04 21:00:23,7.26768027253801,8.051920799796154,-0.7842405272581434
RJ,60011,RIO DE JANEIRO,0022,2026-10-04 21:00:23,-10.587877096389516,-8.3020850748764,-2.2857920215131156
RJ,60011,RIO DE JANEIRO,0023,2026-10-04 20:12:41,-16.81557229996412,-16.786146846050606,-0.029425453913514588
RJ,60011,RIO DE JANEIRO,0024,2026-10-04 20:49:32,-16.415346440160334,-14.768705158865734,-1.6466412812946007
RJ,60011,RIO DE JANEIRO,0025,2026-10-04 21:02:59,-15.548373498208388,-11.697908097308732,-3.8504654008996564
RJ,60011,RIO DE JANEIRO,0118,2026-10-04 20:36:21,-1.8996579247434435,-1.1899430618642441,-0.7097148628791994
RJ,60011,RIO DE JANEIRO,0119,2026-10-04 21:04:20,-14.574285425714574,-12.870331098336838,-1.7039543273777369
RJ,60011,RIO DE JANEIRO,0120,2026-10-04 21:02:11,-27.501326963906582,-24.824842849659507,-2.6764841142470743
RJ,60011,RIO DE JANEIRO,0122,2026-10-04 21:02:59,-23.20123307697197,-21.49671938888713,-1.704513688084841
RJ,60011,RIO DE JANEIRO,0123,2026-10-04 20:11:34,-19.193639090227443,-18.472445157838415,-0.7211939323890277
RJ,60011,RIO DE JANEIRO,0125,2026-10-04 21:32:31,-17.341104176139105,-14.977367711268077,-2.363736464871028
RJ,60011,RIO DE JANEIRO,0161,2026-10-04 21:17:58,14.716332009710143,16.928587760079264,-2.2122557503691205
RJ,60011,RIO DE JANEIRO,0162,2026-10-04 21:32:10,-2.3862825058386474,-1.3794037634469292,-1.0068787423917183
RJ,60011,RIO DE JANEIRO,0167,2026-10-04 20:51:21,-12.143852095732557,-11.965336758756878,-0.17851533697567845
RJ,60011,RIO DE JANEIRO,0169,2026-10-04 21:32:10,13.11174044815422,12.335884512475888,0.775855935678333
RJ,60011,RIO DE JANEIRO,0170,2026-10-04 21:00:45,19.136149422802543,15.515231385270415,3.620918037532128
RJ,60011,RIO DE JANEIRO,0176,2026-10-04 20:56:34,-8.839481063757665,-7.806315419122174,-1.033165644635491
RJ,60011,RIO DE JANEIRO,0179,2026-10-04 21:11:59,3.429033251231527,9.254650566008502,-5.825617314776975
RJ,60011,RIO DE JANEIRO,0180,2026-10-04 20:57:50,-13.118735305036505,-11.188997732560724,-1.9297375724757817
RJ,60011,RIO DE JANEIRO,0182,2026-10-04 21:01:52,-17.3562927323373,-13.030718312044268,-4.325574420293034
RJ,60011,RIO DE JANEIRO,0185,2026-10-04 21:01:30,-11.966488554654001,-11.158441171356897,-0.8080473832971045
RJ,60011,RIO DE JANEIRO,0188,2026-10-04 20:56:15,-1.7133079676700362,-1.720851098720892,0.0075431310508558
RJ,60011,RIO DE JANEIRO,0191,2026-10-04 20:14:28,-9.179501540184821,-8.80812006775477,-0.37138147243005193
RJ,60011,RIO DE JANEIRO,0192,2026-10-04 20:39:29,-10.417939492679837,-11.186911890504705,0.7689723978248679
RJ,60011,RIO DE JANEIRO,0204,2026-10-04 20:59:42,20.97443395108073,18.24503567105365,2.7293982800270804
RJ,60011,RIO DE JANEIRO,0211,2026-10-04 20:52:44,26.384053421608357,27.664998711742133,-1.2809452901337757
RJ,60011,RIO DE JANEIRO,0214,2026-10-04 21:41:09,10.344336158037251,7.15445137144216,3.1898847865950914
RJ,60011,RIO DE JANEIRO,0216,2026-10-04 20:37:29,2.9340385291311697,0.9506231318295412,1.9834153973016284
RJ,60011,RIO DE JANEIRO,0218,2026-10-04 20:56:15,-9.29257486098308,-9.559300512056092,0.2667256510730116
RJ,60011,RIO DE JANEIRO,0219,2026-10-04 20:52:44,-9.133320374330065,-8.501649476470512,-0.6316708978595535
RJ,60011,RIO DE JANEIRO,0229,2026-10-04 20:13:49,20.155613672144373,16.15250436082731,4.003109311317061
RJ,60011,RIO DE JANEIRO,0230,2026-10-04 21:49:00,-14.510890549410616,-13.191283505948062,-1.319607043462554
RJ,60011,RIO DE JANEIRO,0233,2026-10-04 19:23:22,-17.83862269238747,-18.02767139891429,0.18904870652681893
RJ,60011,RIO DE JANEIRO,0234,2026-10-04 21:00:44,-18.545385947762856,-17.724850532882765,-0.8205354148800907
RJ,60011,RIO DE JANEIRO,0238,2026-10-04 21:22:09,-21.970099710851496,-20.69414743258855,-1.2759522782629453
RJ,60011,RIO DE JANEIRO,0241,2026-10-04 20:56:14,-20.460513796384397,-19.855143388470196,-0.6053704079142008
RJ,60011,RIO DE JANEIRO,0242,2026-10-04 19:20:56,-25.32058800531707,-23.17233746159571,-2.1482505437213604
RJ,60011,RIO DE JANEIRO,0243,2026-10-04 21:01:52,-17.15829624920534,-14.30850242705957,-2.8497938221457684
RJ,60011,RIO DE JANEIRO,0245,2026-10-04 21:02:11,-25.14161792731813,-23.543999590939304,-1.5976183363788259
RJ,60011,RIO DE JANEIRO,0246,2026-10-04 21:01:30,-20.912754051561887,-19.428535145088578,-1.4842189064733091
RJ,58912,SANTA MARIA MADALENA,0060,2026-10-04 20:53:26,-6.492526045598671,3.879438973440764,-10.371965019039436
RJ,58939,SANTO ANTÔNIO DE PÁDUA,0034,2026-10-04 20:10:31,-26.23840576775082,-18.84740997974286,-7.3909957880079595
RJ,59072,SAPUCAIA,0061,2026-10-04 20:12:41,-19.288031273392665,-11.505567209940294,-7.782464063452371
RJ,59099,SAQUAREMA,0062,2026-10-04 20:49:55,-34.79685929465235,-28.111950409235167,-6.684908885417183
RJ,58424,SEROPÉDICA,0225,2026-10-04 20:53:49,-23.860447645772112,-20.466485507246375,-3.393962138525737
RJ,59110,SILVA JARDIM,0063,2026-10-04 20:11:51,-31.388752713775474,-22.100258686988745,-9.28849402678673
RJ,59137,SUMIDOURO,0064,2026-10-04 19:12:42,-35.396126760563384,-29.24214417744917,-6.153982583114214
RJ,58955,SÃO FIDÉLIS,0035,2026-10-04 20:11:51,-30.781037582774196,-25.77647879951143,-5.004558783262766
RJ,58289,SÃO FRANCISCO DE ITABAPOANA,0130,2026-10-04 21:01:30,-38.425141242937855,-29.538857247841264,-8.88628399509659
RJ,58971,SÃO GONÇALO,0036,2026-10-04 20:25:02,-9.753401099407302,-5.955418191360635,-3.7979829080466674
RJ,58971,SÃO GONÇALO,0068,2026-10-04 21:26:48,-4.4599972553863045,-1.3975080191492448,-3.0624892362370595
RJ,58971,SÃO GONÇALO,0069,2026-10-04 20:41:09,-14.399030882328537,-10.65849574928071,-3.7405351330478265
RJ,58971,SÃO GONÇALO,0087,2026-10-04 20:11:11,-0.9886960162313613,2.3269245383387793,-3.3156205545701405
RJ,58971,SÃO GONÇALO,0132,2026-10-04 20:14:13,-17.829354357679644,-12.225599459642012,-5.603754898037632
RJ,58971,SÃO GONÇALO,0133,2026-10-04 21:24:18,-19.677690658997804,-13.952310449622068,-5.725380209375736
RJ,58971,SÃO GONÇALO,0135,2026-10-04 20:22:48,-13.72076143201667,-9.8997465628995,-3.821014869117171
RJ,58343,SÃO JOSÉ DE UBÁ,0107,2026-10-04 20:55:25,-31.00563428376302,-21.215295966474596,-9.790338317288423
RJ,59331,SÃO JOSÉ DO VALE DO RIO PRETO,0196,2026-10-04 19:07:01,-55.5064308681672,-54.69087419019435,-0.8155566779728503
RJ,58998,SÃO JOÃO DA BARRA,0037,2026-10-04 20:53:26,-27.664990000606025,-18.81922603582661,-8.845763964779415
RJ,59013,SÃO JOÃO DE MERITI,0088,2026-10-04 19:29:36,-19.65775065251094,-15.99780801899717,-3.659942633513772
RJ,59013,SÃO JOÃO DE MERITI,0089,2026-10-04 19:16:37,-24.31259044862518,-18.782743677640514,-5.5298467709846655
RJ,59013,SÃO JOÃO DE MERITI,0186,2026-10-04 19:14:54,-15.860592495794698,-11.751510833135407,-4.109081662659291
RJ,59013,SÃO JOÃO DE MERITI,0187,2026-10-04 20:29:16,-19.890501783113166,-15.700210950234922,-4.190290832878244
RJ,59030,SÃO PEDRO DA ALDEIA,0059,2026-10-04 20:13:02,-42.4260186862766,-40.78314061631095,-1.6428780699656471
RJ,59056,SÃO SEBASTIÃO DO ALTO,0060,2026-10-04 20:53:26,-18.650585561964693,-5.540853456830963,-13.10973210513373
RJ,58360,TANGUÁ,0151,2026-10-04 19:30:38,-19.565431127716057,-12.778281454618716,-6.787149673097341
RJ,59153,TERESÓPOLIS,0038,2026-10-04 19:22:11,-32.102538931774575,-31.032892005351293,-1.0696469264232817
RJ,59153,TERESÓPOLIS,0195,2026-10-04 21:20:29,-35.841331254812836,-34.59224985540775,-1.2490813994050853
RJ,59170,TRAJANO DE MORAES,0051,2026-10-04 20:11:11,-6.174402250351617,6.9729649874427535,-13.14736723779437
RJ,59196,TRÊS RIOS,0040,2026-10-04 18:32:12,-5.963433795172119,1.2594458438287153,-7.222879639000833
RJ,59196,TRÊS RIOS,0174,2026-10-04 20:10:31,1.3787360044415657,11.114172023262933,-9.735436018821368
RJ,59218,VALENÇA,0111,2026-10-04 19:29:36,10.67121329889928,17.220402433317734,-6.549189134418453
RJ,58084,VARRE-SAI,0043,2026-10-04 19:11:44,-31.42814726840855,-26.414800995024876,-5.013346273383675
RJ,59234,VASSOURAS,0041,2026-10-04 20:10:31,-8.112014453477869,-0.5192712296879897,-7.5927432237898795
RJ,59250,VOLTA REDONDA,0090,2026-10-04 19:20:56,-10.81511429876909,-4.242706187279857,-6.572408111489234
RJ,59250,VOLTA REDONDA,0131,2026-10-04 19:29:36,-5.814417425998814,-1.3472407768985715,-4.467176649100242
RN,16012,ACARI,0022,2026-10-04 18:17:56,25.53370786516854,38.483185591670185,-12.949477726501645
RN,16055,AFONSO BEZERRA,0018,2026-10-04 20:58:31,38.30153846153846,45.45926984539431,-7.157731383855847
RN,16098,ALEXANDRIA,0041,2026-10-04 20:55:25,60.0065977567627,70.48083465638467,-10.474236899621971
RN,16110,ALMINO AFONSO,0037,2026-10-04 18:23:28,60.32621731830175,64.10194758355374,-3.775730265251987
RN,16136,ALTO DO RODRIGUES,0047,2026-10-04 19:30:37,55.40790763533384,61.21374986003807,-5.805842224704229
RN,16152,ANGICOS,0018,2026-10-04 20:07:45,35.01303214596003,39.285714285714285,-4.272682139754252
RN,16179,ANTÔNIO MARTINS,0038,2026-10-04 18:37:13,63.376131340770364,70.91181506849315,-7.535683727722791
RN,16195,APODI,0035,2026-10-04 20:42:19,46.47447593561205,55.724451555854984,-9.249975620242935
RN,16217,AREIA BRANCA,0032,2026-10-04 20:24:17,29.718292830371176,38.84378843788438,-9.125495607513201
RN,16233,AREZ,0067,2026-10-04 20:15:36,29.550149185219187,41.306578497320714,-11.756429312101528
RN,16039,ASSÚ,0029,2026-10-04 22:03:09,41.860267692917176,50.12212142358688,-8.261853730669706
RN,30031,BARAÚNA,0058,2026-10-04 21:00:42,27.911923651833966,39.94337764647957,-12.031453994645602
RN,16292,BARCELONA,0019,2026-10-04 19:20:54,18.576435696953357,26.00219659527732,-7.425760898323961
RN,16276,BAÍA FORMOSA,0011,2026-10-04 19:11:43,22.75703415324721,28.04720634335239,-5.290172190105178
RN,16314,BENTO FERNANDES,0062,2026-10-04 21:00:42,49.51115567811482,58.72894333843798,-9.217787660323161
RN,17035,BOA SAÚDE,0053,2026-10-04 19:20:56,23.733203820624897,26.391505394759378,-2.65830157413448
RN,16101,BODÓ,0020,2026-10-04 19:23:33,53.19073083778966,60.129228430254656,-6.938497592464998
RN,16330,BOM JESUS,0005,2026-10-04 19:20:54,26.361351577771572,30.296361502347416,-3.9350099245758443
RN,16357,BREJINHO,0044,2026-10-04 19:13:58,30.893877008898926,39.56958014259308,-8.675703133694157
RN,16390,CAICÓ,0025,2026-10-04 21:00:21,23.80663653400948,34.149747256123106,-10.343110722113625
RN,16047,CAIÇARA DO NORTE,0052,2026-10-04 19:09:25,25.28462998102467,37.738584199081906,-12.453954218057238
RN,16373,CAIÇARA DO RIO DO VENTO,0017,2026-10-04 19:32:14,35.04880212954747,48.577966655769856,-13.529164526222388
RN,16250,CAMPO GRANDE,0031,2026-10-04 19:30:37,37.22818208176283,43.29608938547486,-6.067907303712026
RN,16411,CAMPO REDONDO,0068,2026-10-04 19:25:19,57.083084279737,65.85216860109958,-8.769084321362577
RN,16438,CANGUARETAMA,0011,2026-10-04 19:16:11,43.89289069840276,52.486882378662,-8.593991680259244
RN,16454,CARAÚBAS,0036,2026-10-04 20:52:01,51.42610772088087,58.349521066380866,-6.923413345499995
RN,16497,CARNAUBAIS,0047,2026-10-04 20:07:45,46.65680473372781,55.43556515478762,-8.778760421059808
RN,16470,CARNAÚBA DOS DANTAS,0022,2026-10-04 19:29:36,6.507196432191364,16.83465580098649,-10.327459368795125
RN,16519,CEARÁ-MIRIM,0006,2026-10-04 20:51:51,40.19185466584605,47.448069893911025,-7.256215228064974
RN,16535,CERRO CORÁ,0020,2026-10-04 19:23:22,48.62668161434978,57.27997637330183,-8.65329475895205
RN,16551,CORONEL EZEQUIEL,0068,2026-10-04 18:27:08,41.988517745302715,55.88404133180253,-13.895523586499813
RN,16578,CORONEL JOÃO PESSOA,0043,2026-10-04 19:29:35,58.96136795440152,66.35483870967742,-7.3934707552759065
RN,16594,CRUZETA,0022,2026-10-04 19:07:23,40.292701000370506,53.31037122081898,-13.017670220448473
RN,16616,CURRAIS NOVOS,0020,2026-10-04 19:17:19,24.282025819265144,28.787690265853758,-4.505664446588614
RN,16632,DOUTOR SEVERIANO,0043,2026-10-04 20:10:29,65.17343904856294,70.89084065244667,-5.717401603883729
RN,16659,ENCANTO,0065,2026-10-04 19:20:54,59.022089848597666,72.18733647305076,-13.165246624453097
RN,16675,EQUADOR,0024,2026-10-04 19:24:40,36.486845601913366,40.08786381109281,-3.6010182091794434
RN,16691,ESPÍRITO SANTO,0009,2026-10-04 20:49:31,13.63711681855841,18.91750783153498,-5.280391012976571
RN,16713,EXTREMOZ,0064,2026-10-04 22:04:08,6.686241342993011,17.144731088762573,-10.458489745769562
RN,16730,FELIPE GUERRA,0045,2026-10-04 20:22:27,58.64218912365778,65.91068917018283,-7.268500046525055
RN,16144,FERNANDO PEDROZA,0018,2026-10-04 18:54:38,32.830327567169675,43.52850539291217,-10.698177825742498
RN,16756,FLORÂNIA,0021,2026-10-04 19:16:11,42.42562234365513,51.25728304201165,-8.831660698356522
RN,16772,FRANCISCO DANTAS,0040,2026-10-04 17:51:33,53.95744680851064,64.35331230283911,-10.395865494328476
RN,17515,FRUTUOSO GOMES,0039,2026-10-04 19:13:58,60.56791569086651,67.09796672828097,-6.530051037414452
RN,16799,GALINHOS,0052,2026-10-04 20:59:21,-2.130492676431425,16.194137433926,-18.324630110357425
RN,16810,GOIANINHA,0009,2026-10-04 20:59:21,22.44014998557831,31.175147425375403,-8.734997439797095
RN,16837,GOVERNADOR DIX-SEPT ROSADO,0049,2026-10-04 19:12:41,50.32804232804233,58.8153829764568,-8.487340648414474
RN,16853,GROSSOS,0032,2026-10-04 20:56:14,31.157651291275858,41.081528486687816,-9.923877195411958
RN,16870,GUAMARÉ,0030,2026-10-04 20:27:07,33.791850506099145,41.81166837256909,-8.019817866469943
RN,16896,IELMO MARINHO,0046,2026-10-04 21:00:21,35.173585306295784,38.78201479795105,-3.608429491655265
RN,16918,IPANGUAÇU,0054,2026-10-04 20:33:38,50.95238095238095,64.07496012759171,-13.12257917521076
RN,16934,IPUEIRA,0026,2026-10-04 19:16:11,46.64804469273743,58.21513002364066,-11.567085330903232
RN,16080,ITAJÁ,0054,2026-10-04 20:38:18,37.506493506493506,46.85491723466407,-9.348423728170566
RN,16950,ITAÚ,0045,2026-10-04 18:57:34,47.6469153864911,57.215836526181356,-9.568921139690254
RN,16993,JANDAÍRA,0062,2026-10-04 20:52:01,36.63793103448276,46.09745579991375,-9.459524765430992
RN,17019,JANDUÍS,0031,2026-10-04 18:27:08,53.89538119087368,64.04494382022472,-10.149562629351038
RN,17051,JAPI,0016,2026-10-04 20:11:50,58.98851590106007,66.04083548462802,-7.05231958356795
RN,17078,JARDIM DE ANGICOS,0010,2026-10-04 21:01:51,49.134948096885815,56.02182123373898,-6.886873136853168
RN,17094,JARDIM DE PIRANHAS,0026,2026-10-04 19:30:18,59.2176944868163,66.26072836928788,-7.043033882471576
RN,17116,JARDIM DO SERIDÓ,0023,2026-10-04 18:19:22,29.600982197667282,38.272841051314145,-8.671858853646864
RN,16977,JAÇANÃ,0068,2026-10-04 19:20:55,43.97035256410256,53.67207514944492,-9.70172258534236
RN,17175,JOSÉ DA PENHA,0042,2026-10-04 19:04:12,66.24172591321403,72.69825681315983,-6.456530899945804
RN,17132,JOÃO CÂMARA,0010,2026-10-04 21:01:51,39.47977665804167,46.43763419871169,-6.95785754067002
RN,17159,JOÃO DIAS,0041,2026-10-04 19:17:19,52.6431718061674,64.22832980972515,-11.585158003557751
RN,17191,JUCURUTU,0027,2026-10-04 19:12:55,42.98748486071861,49.04296393658096,-6.055479075862351
RN,16306,JUNDIÁ,0009,2026-10-04 20:11:33,26.020408163265305,36.83894230769231,-10.818534144427002
RN,17230,LAGOA D'ANTA,0015,2026-10-04 19:29:36,49.42950285248574,55.92567414457285,-6.496171292087112
RN,17256,LAGOA DE PEDRAS,0044,2026-10-04 20:11:33,42.4096784885648,54.42611318076991,-12.01643469220511
RN,17272,LAGOA DE VELHOS,0019,2026-10-04 19:22:34,31.525037936267072,36.8,-5.274962063732925
RN,17299,LAGOA NOVA,0020,2026-10-04 18:42:06,39.97711432435244,50.63414634146341,-10.657032017110971
RN,17310,LAGOA SALGADA,0044,2026-10-04 20:23:18,33.495212987373385,47.706550708374245,-14.21133772100086
RN,17337,LAJES,0017,2026-10-04 20:26:00,42.078597836505544,51.72908595207347,-9.650488115567924
RN,17353,LAJES PINTADAS,0068,2026-10-04 18:17:56,32.694151486097795,43.24786324786325,-10.553711761765456
RN,17370,LUCRÉCIA,0039,2026-10-04 18:38:43,57.58714969241285,67.21020914569301,-9.623059453280163
RN,17396,LUÍS GOMES,0042,2026-10-04 18:42:06,67.67015706806282,73.89340560072267,-6.223248532659852
RN,17434,MACAU,0030,2026-10-04 19:29:57,53.061104236638975,56.6540149448464,-3.5929107082074268
RN,17418,MACAÍBA,0005,2026-10-04 21:49:58,25.204640067355818,30.143414023774003,-4.938773956418185
RN,16160,MAJOR SALES,0042,2026-10-04 20:53:48,60.57924376508447,67.14975845410628,-6.570514689021806
RN,17450,MARCELINO VIEIRA,0065,2026-10-04 19:29:35,64.19360537007596,74.36604189636164,-10.17243652628568
RN,17477,MARTINS,0038,2026-10-04 20:13:50,47.96516496399263,55.02321262766945,-7.058047663676824
RN,17493,MAXARANGUAPE,0064,2026-10-04 22:00:08,26.362297496318114,37.56742179072276,-11.205124294404648
RN,17213,MESSIAS TARGINO,0037,2026-10-04 18:57:34,38.7946777980694,48.82209585702681,-10.027418058957409
RN,17531,MONTANHAS,0012,2026-10-04 18:31:52,46.8026838285636,56.267846944603086,-9.465163116039484
RN,17558,MONTE ALEGRE,0044,2026-10-04 20:57:49,20.367191581461302,28.907906694940927,-8.540715113479624
RN,17574,MONTE DAS GAMELEIRAS,0015,2026-10-04 19:25:41,24.553571428571427,42.298850574712645,-17.74527914614122
RN,17590,MOSSORÓ,0033,2026-10-04 20:54:17,19.886384824791477,28.297591639289134,-8.411206814497657
RN,17590,MOSSORÓ,0034,2026-10-04 20:36:09,21.78521737883156,29.620056476072374,-7.834839097240813
RN,17612,NATAL,0001,2026-10-04 20:56:32,8.281557618061415,11.337247856858655,-3.05569023879724
RN,17612,NATAL,0002,2026-10-04 21:04:37,-0.2681971193642735,2.7715690657130083,-3.0397661850772817
RN,17612,NATAL,0003,2026-10-04 20:53:23,0.7018004463248881,1.5241054484311547,-0.8223050021062666
RN,17612,NATAL,0004,2026-10-04 20:51:51,7.684811360155924,13.329175502058126,-5.644364141902202
RN,17612,NATAL,0069,2026-10-04 21:00:42,8.99269322726968,13.569756065386349,-4.577062838116669
RN,17655,NOVA CRUZ,0012,2026-10-04 19:11:18,27.87702143663031,37.98680359180434,-10.109782155174027
RN,17639,NÍSIA FLORESTA,0067,2026-10-04 20:56:14,14.01578184550969,21.32000957395883,-7.304227728449142
RN,17671,OLHO D'ÁGUA DO BORGES,0039,2026-10-04 18:54:38,48.5738022708391,65.10600706713781,-16.532204796298707
RN,17698,OURO BRANCO,0023,2026-10-04 18:43:13,40.106502242152466,51.315037164093766,-11.2085349219413
RN,17710,PARANÁ,0042,2026-10-04 18:44:43,69.06230721776681,77.48006379585327,-8.417756578086454
RN,17752,PARAZINHO,0052,2026-10-04 19:20:56,35.248161764705884,44.31818181818182,-9.070020053475936
RN,17736,PARAÚ,0054,2026-10-04 18:18:59,39.43006687990695,48.61626248216833,-9.186195602261378
RN,17779,PARELHAS,0024,2026-10-04 18:59:06,15.749358739465006,23.5996735662883,-7.850314826823293
RN,17795,PARNAMIRIM,0050,2026-10-04 20:24:18,-8.804475601280215,-4.953791296754475,-3.85068430452574
RN,17817,PASSA E FICA,0012,2026-10-04 20:42:19,19.802107427396557,33.90812525865637,-14.106017831259813
RN,17833,PASSAGEM,0013,2026-10-04 19:17:19,19.587912087912088,29.72514421445538,-10.137232126543292
RN,17850,PATU,0037,2026-10-04 20:19:47,42.38884702336097,52.58891213389121,-10.200065110530247
RN,17876,PAU DOS FERROS,0040,2026-10-04 20:13:49,42.758825274399285,52.95361198357091,-10.194786709171623
RN,17892,PEDRA GRANDE,0052,2026-10-04 19:24:40,44.566544566544565,52.5830258302583,-8.016481263713736
RN,17914,PEDRA PRETA,0017,2026-10-04 19:24:40,32.61199696279423,43.02147239263804,-10.409475429843809
RN,17930,PEDRO AVELINO,0017,2026-10-04 19:11:43,40.17743979721166,49.586250795671546,-9.408810998459884
RN,17957,PEDRO VELHO,0011,2026-10-04 19:29:36,41.03146286084982,49.18287937743191,-8.151416516582088
RN,17973,PENDÊNCIAS,0047,2026-10-04 19:23:22,53.37214944201844,59.39840823970037,-6.026258797681933
RN,17990,PILÕES,0041,2026-10-04 19:08:10,68.42105263157895,75.71059431524547,-7.289541683666528
RN,18031,PORTALEGRE,0063,2026-10-04 20:49:30,28.79017013232514,43.98211160801089,-15.191941475685748
RN,16284,PORTO DO MANGUE,0032,2026-10-04 21:44:48,53.790523690773064,59.63420917053065,-5.843685479757589
RN,18015,POÇO BRANCO,0062,2026-10-04 20:04:51,57.560494908573304,61.53147012042717,-3.970975211853869
RN,18074,PUREZA,0046,2026-10-04 19:23:33,45.89574595566207,51.891891891891895,-5.996145936229823
RN,18090,RAFAEL FERNANDES,0065,2026-10-04 20:14:28,58.51662404092072,66.18209640397858,-7.665472363057859
RN,18937,RAFAEL GODEIRO,0037,2026-10-04 18:49:57,11.099761661559414,28.207810320781032,-17.108048659221616
RN,18112,RIACHO DA CRUZ,0063,2026-10-04 20:33:31,53.24846356453029,63.63636363636363,-10.387900071833343
RN,18139,RIACHO DE SANTANA,0065,2026-10-04 20:55:00,65.09933774834437,70.58823529411765,-5.488897545773284
RN,18155,RIACHUELO,0008,2026-10-04 20:50:59,32.842256557671575,45.935508785479826,-13.09325222780825
RN,16268,RIO DO FOGO,0064,2026-10-04 20:50:59,16.379014744542232,24.5105421686747,-8.131527424132468
RN,18171,RODOLFO FERNANDES,0045,2026-10-04 18:55:35,37.3358348968105,61.33651551312649,-24.00068061631599
RN,18198,RUY BARBOSA,0019,2026-10-04 20:42:19,4.120541205412054,12.607176881549698,-8.486635676137645
RN,18236,SANTA CRUZ,0016,2026-10-04 19:22:34,32.56145842924224,40.421502452289616,-7.860044023047372
RN,16241,SANTA MARIA,0008,2026-10-04 19:23:22,29.692576855786054,45.12228634240176,-15.429709486615703
RN,18279,SANTANA DO MATOS,0018,2026-10-04 20:56:32,52.99125364431487,58.85766298782569,-5.866409343510824
RN,18252,SANTANA DO SERIDÓ,0024,2026-10-04 19:10:37,29.322595926101375,33.20736891828059,-3.8847729921792116
RN,18295,SANTO ANTÔNIO,0013,2026-10-04 20:56:14,40.55833733452226,46.847543403387924,-6.289206068865667
RN,18597,SENADOR ELÓI DE SOUZA,0005,2026-10-04 19:20:54,41.38311975254088,46.634725074150126,-5.251605321609247
RN,18619,SENADOR GEORGINO AVELINO,0067,2026-10-04 19:13:58,24.355400696864113,36.74738219895288,-12.391981502088765
RN,18058,SERRA CAIADA,0053,2026-10-04 20:14:12,37.219602800400054,42.13980463980464,-4.920201839404584
RN,18635,SERRA DE SÃO BENTO,0015,2026-10-04 19:24:40,31.95340128978573,46.05077574047955,-14.09737445069382
RN,16020,SERRA DO MEL,0058,2026-10-04 20:56:52,20.670391061452513,30.482246952835187,-9.811855891382674
RN,18651,SERRA NEGRA DO NORTE,0026,2026-10-04 20:33:38,14.429392446633827,40.9969481180061,-26.567555671372276
RN,18678,SERRINHA,0013,2026-10-04 19:29:37,35.61845249035104,44.249140236912496,-8.630687746561456
RN,16209,SERRINHA DOS PINTOS,0038,2026-10-04 19:06:59,58.230088495575224,66.92119731215638,-8.691108816581156
RN,18694,SEVERIANO MELO,0045,2026-10-04 18:44:42,52.46595509753404,64.01790710688304,-11.551952009349002
RN,18317,SÃO BENTO DO NORTE,0052,2026-10-04 20:45:57,39.17493796526055,53.10715485387974,-13.932216888619195
RN,18333,SÃO BENTO DO TRAIRÍ,0016,2026-10-04 19:25:19,42.917041030248576,50.899337330388136,-7.982296300139559
RN,18350,SÃO FERNANDO,0023,2026-10-04 19:08:11,37.50817527795945,48.66803278688525,-11.159857508925796
RN,18210,SÃO FRANCISCO DO OESTE,0040,2026-10-04 18:44:23,50.0,57.792,-7.792000000000002
RN,18376,SÃO GONÇALO DO AMARANTE,0051,2026-10-04 20:58:04,14.103928778788465,21.251980712545365,-7.1480519337569
RN,18414,SÃO JOSÉ DE MIPIBU,0007,2026-10-04 20:50:40,19.61622807017544,29.01022527560313,-9.393997205427691
RN,18430,SÃO JOSÉ DO CAMPESTRE,0015,2026-10-04 19:11:18,35.816125860373646,34.25176946410516,1.5643563962684865
RN,18457,SÃO JOSÉ DO SERIDÓ,0022,2026-10-04 19:24:39,41.630434782608695,54.724300360210584,-13.093865577601889
RN,18392,SÃO JOÃO DO SABUGI,0026,2026-10-04 20:56:14,42.81083584163001,53.14896583778759,-10.338129996157583
RN,18473,SÃO MIGUEL,0043,2026-10-04 20:52:01,50.536729109661124,63.64260643979856,-13.105877330137439
RN,16063,SÃO MIGUEL DO GOSTOSO,0014,2026-10-04 21:01:51,25.998167299384736,36.283822682786415,-10.285655383401679
RN,18490,SÃO PAULO DO POTENGI,0008,2026-10-04 21:01:51,7.376545917024822,16.76756558429646,-9.391019667271637
RN,18511,SÃO PEDRO,0008,2026-10-04 18:58:27,36.52565609087348,46.10483042137719,-9.579174330503704
RN,18538,SÃO RAFAEL,0027,2026-10-04 19:11:43,39.42769019876628,45.95205003474635,-6.524359835980071
RN,18554,SÃO TOMÉ,0019,2026-10-04 19:29:37,9.623430962343097,14.633129516397998,-5.009698554054902
RN,18570,SÃO VICENTE,0021,2026-10-04 19:16:12,39.49579831932773,44.22211105552776,-4.726312736200029
RN,18716,SÍTIO NOVO,0053,2026-10-04 18:55:35,53.29697570649479,62.38532110091743,-9.088345394422639
RN,18732,TABOLEIRO GRANDE,0063,2026-10-04 17:41:12,47.397512666973746,52.96122709842352,-5.563714431449775
RN,18759,TAIPU,0046,2026-10-04 19:24:40,51.798903979032644,58.26436222005842,-6.465458241025779
RN,18775,TANGARÁ,0053,2026-10-04 18:43:14,25.7849250629034,34.02084968052909,-8.235924617625688
RN,18791,TENENTE ANANIAS,0041,2026-10-04 22:07:48,32.97232250300842,55.23255813953488,-22.26023563652646
RN,16004,TENENTE LAURENTINO CRUZ,0021,2026-10-04 20:18:47,37.40283493369913,47.12643678160919,-9.72360184791006
RN,16225,TIBAU,0049,2026-10-04 20:10:30,19.985096870342772,37.96188253597822,-17.976785665635447
RN,18813,TIBAU DO SUL,0009,2026-10-04 22:51:30,20.096554335478984,33.188215045054164,-13.09166070957518
RN,18830,TIMBAÚBA DOS BATISTAS,0023,2026-10-04 18:47:43,32.45498462889767,41.582247949831164,-9.127263320933494
RN,18856,TOUROS,0014,2026-10-04 22:05:20,22.744799139167863,29.3039758919024,-6.559176752734537
RN,16128,TRIUNFO POTIGUAR,0031,2026-10-04 18:33:54,31.132348682305242,42.865985762921696,-11.733637080616454
RN,18872,UMARIZAL,0039,2026-10-04 18:59:28,54.354354354354356,61.20421177517426,-6.849857420819902
RN,18899,UPANEMA,0049,2026-10-04 20:50:59,18.871252204585538,25.010606703436572,-6.139354498851034
RN,16187,VENHA-VER,0043,2026-10-04 20:33:37,58.858336233901845,74.19825072886297,-15.339914494961128
RN,18953,VERA CRUZ,0007,2026-10-04 20:45:57,31.564625850340136,36.88006072874494,-5.315434878404801
RN,18996,VILA FLOR,0011,2026-10-04 18:44:23,41.36577708006279,51.69983416252073,-10.334057082457939
RN,18970,VIÇOSA,0063,2026-10-04 19:06:59,48.58870967741935,58.90125173852573,-10.312542061106377
RN,18910,VÁRZEA,0013,2026-10-04 19:29:35,25.711763407636283,34.20245398773006,-8.490690580093776
RN,16071,ÁGUA NOVA,0065,2026-10-04 18:28:21,60.89129529362766,74.22222222222223,-13.330926928594572
RO,00310,ALTA FLORESTA D'OESTE,0017,2026-10-04 18:47:42,-44.8433373777746,-36.87126403265782,-7.972073345116783
RO,00736,ALTO ALEGRE DOS PARECIS,0019,2026-10-04 19:07:06,-39.14053426248548,-31.870229007633586,-7.270305254851895
RO,00639,ALTO PARAÍSO,0025,2026-10-04 18:33:51,-58.140039020160415,-47.323340471092074,-10.816698549068342
RO,00337,ALVORADA DO OESTE,0018,2026-10-04 18:36:10,-31.8358684117439,-24.051883878937616,-7.783984532806283
RO,00078,ARIQUEMES,0007,2026-10-04 19:20:53,-58.09092907385698,-52.545476256816464,-5.545452817040513
RO,00779,BURITIS,0034,2026-10-04 19:17:16,-62.38700080100698,-53.73086324456452,-8.65613755644246
RO,00450,CABIXI,0008,2026-10-04 19:01:35,-41.343669250645995,-30.440967283072546,-10.90270196757345
RO,00620,CACAULÂNDIA,0026,2026-10-04 19:13:55,-55.35773161885921,-45.24623803009576,-10.111493588763452
RO,00094,CACOAL,0011,2026-10-04 20:38:45,-47.66789311331624,-45.511972085188305,-2.155921028127935
RO,00671,CAMPO NOVO DE RONDÔNIA,0034,2026-10-04 19:15:05,-50.60944206008584,-39.55278592375367,-11.056656136332172
RO,00477,CANDEIAS DO JAMARI,0021,2026-10-04 18:47:42,-29.25769939457752,-17.37798041707153,-11.879718977505991
RO,00531,CASTANHEIRAS,0015,2026-10-04 18:24:00,-27.769404672192916,-15.511111111111111,-12.258293561081805
RO,00272,CEREJEIRAS,0016,2026-10-04 18:33:14,-59.990229604298975,-54.80151035819981,-5.188719246099161
RO,00809,CHUPINGUAIA,0008,2026-10-04 19:20:53,-43.121987393400076,-28.906560636182903,-14.215426757217173
RO,00230,COLORADO DO OESTE,0008,2026-10-04 18:46:28,-48.884833738848336,-42.093334706912536,-6.7914990319358
RO,00655,CORUMBIARA,0016,2026-10-04 19:00:37,-36.19577308120134,-22.67536704730832,-13.520406033893018
RO,00213,COSTA MARQUES,0005,2026-10-04 18:44:20,-31.817523533671253,-19.74503409427809,-12.072489439393163
RO,00680,CUJUBIM,0026,2026-10-04 20:13:47,-60.92511534366497,-48.92930856553148,-11.995806778133492
RO,00256,ESPIGÃO DO OESTE,0012,2026-10-04 19:22:33,-55.01858736059479,-46.47522522522522,-8.54336213536957
RO,00612,GOVERNADOR JORGE TEIXEIRA,0027,2026-10-04 20:50:36,-46.33410260962187,-35.3875236294896,-10.946578980132273
RO,00019,GUAJARÁ-MIRIM,0001,2026-10-04 19:20:53,-21.903119026528042,-24.952566285575287,3.049447259047245
RO,00493,ITAPUÃ DO OESTE,0002,2026-10-04 18:09:23,-37.01274362818591,-17.303822937625753,-19.708920690560156
RO,00159,JARU,0010,2026-10-04 19:20:52,-54.146751065753776,-47.53570572319074,-6.611045342563038
RO,00051,JI-PARANÁ,0003,2026-10-04 20:10:46,-48.466851436364436,-44.04122927848763,-4.425622157876809
RO,00051,JI-PARANÁ,0030,2026-10-04 19:29:32,-48.891268373406014,-46.238966355379304,-2.6523020180267096
RO,00396,MACHADINHO D'OESTE,0032,2026-10-04 19:26:10,-46.952893378719665,-36.268343815513624,-10.68454956320604
RO,00604,MINISTRO ANDREAZZA,0011,2026-10-04 19:05:08,-33.70739817123857,-26.5825586542718,-7.124839516966773
RO,00574,MIRANTE DA SERRA,0028,2026-10-04 18:57:43,-28.914549653579677,-21.60551897146441,-7.309030682115267
RO,00663,MONTE NEGRO,0025,2026-10-04 18:42:03,-51.41853201457574,-44.0301633850021,-7.388368629573641
RO,00370,NOVA BRASILÂNDIA D'OESTE,0015,2026-10-04 18:22:47,-46.03512014787431,-40.17143970387688,-5.863680443997431
RO,00434,NOVA MAMORÉ,0001,2026-10-04 19:29:32,-59.70647098065377,-50.11787968666819,-9.58859129398558
RO,00744,NOVA UNIÃO,0028,2026-10-04 18:15:15,-18.483855872718763,-9.366526990386985,-9.117328882331778
RO,00515,NOVO HORIZONTE DO OESTE,0015,2026-10-04 18:31:49,-33.28083989501312,-23.96088019559902,-9.319959699414103
RO,00175,OURO PRETO DO OESTE,0013,2026-10-04 18:33:51,-45.96290745597602,-37.989944843071214,-7.972962612904809
RO,00701,PARECIS,0019,2026-10-04 18:39:48,-28.35975189524466,-15.923045435939418,-12.436706459305242
RO,00116,PIMENTA BUENO,0009,2026-10-04 19:07:06,-50.79365079365079,-45.02888415931894,-5.764766634331849
RO,00787,PIMENTEIRAS DO OESTE,0016,2026-10-04 18:34:52,-40.32258064516129,-26.972353337828725,-13.350227307332563
RO,00035,PORTO VELHO,0002,2026-10-04 18:31:49,-26.251567361723865,-24.076465714703446,-2.175101647020419
RO,00035,PORTO VELHO,0006,2026-10-04 20:12:08,-34.15884466281365,-27.090084251458197,-7.068760411355452
RO,00035,PORTO VELHO,0020,2026-10-04 18:32:08,-28.01204383260231,-21.700684392223366,-6.3113594403789435
RO,00035,PORTO VELHO,0021,2026-10-04 19:26:01,-21.557063784923564,-16.08462116629086,-5.472442618632705
RO,00191,PRESIDENTE MÉDICI,0003,2026-10-04 18:49:54,-46.401082635540895,-41.919372101320015,-4.4817105342208805
RO,00728,PRIMAVERA DE RONDÔNIA,0009,2026-10-04 18:10:49,-49.50738916256157,-41.24886052871468,-8.258528633846893
RO,00647,RIO CRESPO,0026,2026-10-04 17:57:25,-54.84975275770255,-44.16631310988545,-10.683439647817096
RO,00299,ROLIM DE MOURA,0029,2026-10-04 19:22:16,-47.50360372166164,-41.94259725045654,-5.561006471205104
RO,00353,SANTA LUZIA D'OESTE,0019,2026-10-04 18:59:03,-33.10144927536232,-27.198492462311556,-5.902956813050764
RO,00582,SERINGUEIRAS,0035,2026-10-04 19:16:07,-37.10553543714433,-26.77806932744096,-10.327466109703373
RO,00710,SÃO FELIPE D'OESTE,0019,2026-10-04 19:31:49,-36.64861783984041,-31.25748502994012,-5.3911328099002915
RO,00795,SÃO FRANCISCO DO GUAPORÉ,0005,2026-10-04 18:38:26,-50.01509509912449,-38.3212075143881,-11.693887584736387
RO,00418,SÃO MIGUEL DO GUAPORÉ,0035,2026-10-04 19:16:07,-38.962488835963086,-30.602696272799367,-8.359792563163719
RO,00752,TEIXEIRÓPOLIS,0013,2026-10-04 17:52:42,-29.082125603864736,-21.51260504201681,-7.569520561847927
RO,00590,THEOBROMA,0027,2026-10-04 19:03:29,-39.384198951108104,-30.56583818085669,-8.818360770251413
RO,00566,URUPÁ,0018,2026-10-04 19:00:37,-38.336600392047046,-29.332729468599034,-9.003870923448012
RO,00698,VALE DO ANARI,0032,2026-10-04 20:10:46,-44.32645034414946,-37.75005377500538,-6.57639656914408
RO,00558,VALE DO PARAÍSO,0028,2026-10-04 18:21:00,-32.3617857969003,-25.057471264367816,-7.304314532532484
RO,00132,VILHENA,0004,2026-10-04 19:20:53,-54.99389728663975,-49.63629994436317,-5.357597342276584
RR,03050,ALTO ALEGRE,0003,2026-10-04 20:54:57,-47.6679272465334,-41.543550165380374,-6.124377081153028
RR,03042,AMAJARI,0007,2026-10-04 18:44:40,-50.59120290083557,-51.2764405543399,0.6852376535043305
RR,03018,BOA VISTA,0001,2026-10-04 19:28:49,-51.61506052297198,-52.17485108578397,0.5597905628119904
RR,03018,BOA VISTA,0005,2026-10-04 20:23:15,-57.059531831689185,-54.41471163245357,-2.6448201992356175
RR,03069,CANTÁ,0005,2026-10-04 19:14:13,-44.356242601490145,-40.35500815069734,-4.001234450792808
RR,03034,CARACARAÍ,0002,2026-10-04 20:58:55,-46.10517666392769,-37.883690424136425,-8.221486239791268
RR,03000,CAROEBE,0004,2026-10-04 19:15:22,-58.52000617951491,-55.94418267488221,-2.5758235046327016
RR,03026,IRACEMA,0006,2026-10-04 18:28:19,-51.6296172488718,-35.09535655058043,-16.53426069829137
RR,03093,MUCAJAÍ,0006,2026-10-04 19:22:42,-61.32606101926027,-51.15890787664506,-10.167153142615213
RR,03123,PACARAIMA,0007,2026-10-04 20:58:45,-19.569323762750283,-27.353117505995204,7.783793743244921
RR,03085,RORAINÓPOLIS,0008,2026-10-04 20:10:45,-50.09142734215338,-40.357693493678696,-9.733733848474685
RR,03131,SÃO JOÃO DA BALIZA,0004,2026-10-04 18:48:39,-45.78134912243603,-27.73757838880849,-18.043770733627543
RR,03158,SÃO LUIZ,0004,2026-10-04 18:47:41,-45.61509131045555,-36.67073667073667,-8.944354639718874
RR,03107,UIRAMUTÃ,0007,2026-10-04 21:06:14,39.10198845413727,34.99259807549963,4.109390378637642
RS,88986,ACEGUÁ,0007,2026-10-04 19:21:07,-29.30327868852459,-12.656091798852515,-16.647186889672074
RS,85014,AGUDO,0119,2026-10-04 20:58:54,-34.69508003535304,-8.505833646970267,-26.18924638838277
RS,85030,AJURICABA,0023,2026-10-04 19:15:19,-44.2279792746114,-25.628448804414468,-18.59953047019693
RS,85057,ALECRIM,0102,2026-10-04 18:30:21,-11.586846170823218,0.0,-11.586846170823218
RS,85073,ALEGRETE,0005,2026-10-04 20:02:12,-3.649560677448109,10.916565900846432,-14.566126578294542
RS,85545,ALEGRIA,0089,2026-10-04 19:07:22,-16.97301525224873,2.2855001873360807,-19.25851543958481
RS,89001,ALMIRANTE TAMANDARÉ DO SUL,0015,2026-10-04 18:44:33,-41.25916870415648,-14.655172413793103,-26.603996290363376
RS,85090,ALPESTRE,0144,2026-10-04 18:29:17,-21.978947368421053,8.173374613003096,-30.15232198142415
RS,84808,ALTO ALEGRE,0004,2026-10-04 18:30:21,-26.147704590818364,-8.293677770224336,-17.85402682059403
RS,86282,ALTO FELIZ,0165,2026-10-04 19:05:31,-51.309574924860456,-42.169768497503405,-9.139806427357051
RS,85111,ALVORADA,0074,2026-10-04 18:44:50,-1.8700327255726976,7.679496669133975,-9.549529394706672
RS,85111,ALVORADA,0124,2026-10-04 19:23:46,-5.7333734318611445,4.047747801878668,-9.781121233739812
RS,86045,AMARAL FERRADOR,0019,2026-10-04 19:25:53,-19.249781913346904,7.902820441217537,-27.152602354564443
RS,86304,AMETISTA DO SUL,0064,2026-10-04 19:21:07,-31.808278867102395,-5.787847579814624,-26.02043128728777
RS,86100,ANDRÉ DA ROCHA,0075,2026-10-04 18:28:28,-52.303523035230356,-30.87686567164179,-21.426657363588564
RS,85138,ANTA GORDA,0145,2026-10-04 19:14:10,-68.23379923761118,-59.406194010749935,-8.827605226861245
RS,85154,ANTÔNIO PRADO,0006,2026-10-04 18:15:19,-64.16009019165728,-54.810859934113374,-9.349230257543901
RS,86320,ARAMBARÉ,0012,2026-10-04 19:07:21,-18.583739228175347,-0.4198473282442748,-18.163891899931073
RS,88862,ARARICÁ,0131,2026-10-04 18:57:45,-38.50810388595978,-24.35142794855025,-14.156675937409528
RS,85170,ARATIBA,0020,2026-10-04 19:04:54,-27.776673951917346,-9.867536955269726,-17.909136996647618
RS,85197,ARROIO DO MEIO,0104,2026-10-04 18:32:19,-42.84124887003686,-29.829545454545453,-13.011703415491404
RS,89028,ARROIO DO PADRE,0034,2026-10-04 19:21:09,-71.80451127819549,-60.723514211886304,-11.080997066309187
RS,85308,ARROIO DO SAL,0085,2026-10-04 18:27:21,-28.920107847310913,-21.08706592853548,-7.833041918775432
RS,85235,ARROIO DO TIGRE,0154,2026-10-04 19:02:27,-37.850350350350354,-8.007788730680296,-29.842561619670057
RS,85219,ARROIO DOS RATOS,0050,2026-10-04 20:51:30,3.4835238735709484,15.035952747817154,-11.552428874246205
RS,85251,ARROIO GRANDE,0092,2026-10-04 19:22:20,7.3451573962299195,29.14860412692908,-21.80344673069916
RS,85278,ARVOREZINHA,0145,2026-10-04 18:25:04,-49.14568345323741,-27.489807804309844,-21.655875648927566
RS,85294,AUGUSTO PESTANA,0155,2026-10-04 18:26:00,-50.434063662670525,-31.127450980392158,-19.306612682278367
RS,85316,BAGÉ,0007,2026-10-04 20:51:30,-2.5934879278956635,9.801783133844099,-12.395271061739763
RS,85316,BAGÉ,0142,2026-10-04 19:16:48,2.191519771319676,16.431924882629108,-14.240405111309432
RS,88927,BALNEÁRIO PINHAL,0110,2026-10-04 19:26:24,-9.598031173092698,1.2107950401167031,-10.808826213209402
RS,86363,BARRA DO GUARITA,0101,2026-10-04 19:09:56,-3.8226299694189603,13.313754282917278,-17.13638425233624
RS,88625,BARRA DO QUARAÍ,0057,2026-10-04 17:57:30,-0.7572570466975179,18.689956331877728,-19.447213378575245
RS,85375,BARRA DO RIBEIRO,0151,2026-10-04 18:31:58,-15.957012651339953,1.0661528580603725,-17.023165509400325
RS,86380,BARRA DO RIO AZUL,0020,2026-10-04 18:20:15,-25.182239893969516,-1.4613778705636744,-23.720862023405843
RS,86401,BARRA FUNDA,0083,2026-10-04 18:37:23,-33.40630472854641,-11.466666666666667,-21.93963806187974
RS,85359,BARRACÃO,0103,2026-10-04 19:16:23,-18.184663536776213,4.120633024783517,-22.30529656155973
RS,85391,BARROS CASSAL,0054,2026-10-04 19:17:23,-24.625760815923673,14.059861857252494,-38.68562267317617
RS,86223,BARÃO,0152,2026-10-04 19:00:13,-51.24179943767572,-36.40236686390533,-14.839432573770395
RS,85332,BARÃO DE COTEGIPE,0148,2026-10-04 19:25:53,-35.987114588127014,-16.74565560821485,-19.241458979912164
RS,86347,BARÃO DO TRIUNFO,0050,2026-10-04 19:24:49,-46.048970506399556,-14.852576467346376,-31.19639403905318
RS,88420,BENJAMIN CONSTANT DO SUL,0168,2026-10-04 18:38:50,11.662531017369727,26.573849878934624,-14.911318861564897
RS,85413,BENTO GONÇALVES,0008,2026-10-04 20:56:44,-53.1409983667083,-45.548924701611575,-7.592073665096727
RS,86428,BOA VISTA DAS MISSÕES,0032,2026-10-04 18:38:51,-13.953488372093023,7.845659163987138,-21.799147536080163
RS,85430,BOA VISTA DO BURICÁ,0089,2026-10-04 19:11:29,-46.09673313534154,-23.58732876712329,-22.50940436821825
RS,89044,BOA VISTA DO CADEADO,0017,2026-10-04 18:37:22,-51.42857142857143,-26.95035460992908,-24.478216818642352
RS,89060,BOA VISTA DO INCRA,0017,2026-10-04 19:21:08,-38.30022075055188,-12.002182214948173,-26.29803853560371
RS,88161,BOA VISTA DO SUL,0098,2026-10-04 18:54:50,-58.08644973288004,-40.713224368499255,-17.373225364380787
RS,85456,BOM JESUS,0063,2026-10-04 19:02:26,-19.96108318469272,5.493807557954907,-25.454890742647624
RS,98230,BOM PRINCÍPIO,0011,2026-10-04 19:07:21,-60.39879692547622,-48.58139534883721,-11.817401576639007
RS,86444,BOM PROGRESSO,0086,2026-10-04 18:12:46,-5.839416058394161,10.517799352750808,-16.35721541114497
RS,85472,BOM RETIRO DO SUL,0021,2026-10-04 19:21:07,-36.92406692406692,-21.808108788718208,-15.115958135348713
RS,84921,BOQUEIRÃO DO LEÃO,0093,2026-10-04 20:31:01,-31.987867475501634,-0.66711140760507,-31.320756067896564
RS,85499,BOSSOROCA,0052,2026-10-04 19:09:25,0.827357970215113,21.362704918032787,-20.535346947817672
RS,89087,BOZANO,0023,2026-10-04 18:50:05,-49.080882352941174,-24.325674325674324,-24.75520802726685
RS,85510,BRAGA,0140,2026-10-04 18:27:21,4.150943396226415,25.02206531332745,-20.871121917101036
RS,85065,BROCHIER,0031,2026-10-04 19:30:29,-33.658690176322416,-13.847583643122677,-19.81110653319974
RS,85537,BUTIÁ,0116,2026-10-04 18:33:51,4.859550561797753,18.645404363445195,-13.785853801647441
RS,85570,CACEQUI,0069,2026-10-04 21:05:17,-5.588331694526385,15.252679938744258,-20.841011633270643
RS,85596,CACHOEIRA DO SUL,0010,2026-10-04 20:50:07,-24.46182629668868,-13.19202518363064,-11.26980111305804
RS,85618,CACHOEIRINHA,0143,2026-10-04 19:21:06,-20.022276440012728,-11.168452418690167,-8.853824021322561
RS,85634,CACIQUE DOBLE,0103,2026-10-04 19:23:13,-30.93385214007782,-14.307645072152287,-16.626207067925534
RS,85650,CAIBATÉ,0052,2026-10-04 18:13:41,-9.792663476874003,11.056811240073305,-20.849474716947306
RS,85677,CAIÇARA,0094,2026-10-04 19:12:52,-35.84633160023108,-12.602199041443473,-23.24413255878761
RS,85693,CAMAQUÃ,0012,2026-10-04 20:58:25,-29.90395965232321,-12.078717581128632,-17.825242071194577
RS,85960,CAMARGO,0062,2026-10-04 19:04:22,-42.22941720629047,-20.461236506378803,-21.768180699911667
RS,85715,CAMBARÁ DO SUL,0048,2026-10-04 19:21:06,-45.012787723785166,-25.025667351129364,-19.987120372655802
RS,86460,CAMPESTRE DA SERRA,0058,2026-10-04 18:58:16,-65.625,-55.66914498141264,-9.955855018587357
RS,85731,CAMPINA DAS MISSÕES,0166,2026-10-04 18:41:16,-28.78265155248891,-6.602443609022556,-22.180207943466357
RS,85758,CAMPINAS DO SUL,0148,2026-10-04 21:00:34,-58.29469345698094,-41.61265232045631,-16.682041136524624
RS,85774,CAMPO BOM,0105,2026-10-04 18:46:39,-39.172247982139794,-29.282566288562965,-9.88968169357683
RS,85790,CAMPO NOVO,0140,2026-10-04 18:38:50,-10.418049104180492,7.012578616352202,-17.430627720532694
RS,85200,CAMPOS BORGES,0004,2026-10-04 18:41:15,-26.46937936703658,-5.32043530834341,-21.14894405869317
RS,85812,CANDELÁRIA,0013,2026-10-04 19:01:47,-33.34314475775593,-10.295188483728225,-23.047956274027705
RS,86487,CANDIOTA,0142,2026-10-04 21:01:03,21.949591053246536,39.48001925854598,-17.530428205299444
RS,85855,CANELA,0065,2026-10-04 18:38:51,-39.691372641881756,-26.069699134714615,-13.621673507167142
RS,85871,CANGUÇU,0014,2026-10-04 20:56:44,-32.23506269977871,-9.437677997939769,-22.79738470183894
RS,85898,CANOAS,0066,2026-10-04 19:04:54,-10.492978096283881,-0.7886020713947742,-9.704376024889108
RS,85898,CANOAS,0134,2026-10-04 18:44:50,-15.433950448949085,-6.693920254194598,-8.740030194754487
RS,89109,CANUDOS DO VALE,0029,2026-10-04 18:59:18,-18.338461538461537,19.389701207883025,-37.728162746344566
RS,84891,CAPELA DE SANTANA,0011,2026-10-04 19:21:07,-17.677089980855136,-3.0345911949685536,-14.642498785886582
RS,86509,CAPITÃO,0104,2026-10-04 19:02:55,-43.26797385620915,-15.00441306266549,-28.26356079354366
RS,88200,CAPIVARI DO SUL,0156,2026-10-04 18:47:55,-35.56168159889731,-9.554794520547945,-26.006887078349365
RS,89125,CAPÃO BONITO DO SUL,0028,2026-10-04 19:08:46,-18.24729891956783,4.813477737665464,-23.06077665723329
RS,89150,CAPÃO DA CANOA,0150,2026-10-04 20:51:56,-34.81910793774087,-22.479312539783578,-12.339795397957289
RS,89141,CAPÃO DO CIPÓ,0044,2026-10-04 20:58:26,-4.527296937416778,17.050487156775908,-21.577784094192687
RS,89737,CAPÃO DO LEÃO,0164,2026-10-04 19:24:49,2.6838315513855555,18.795283420940475,-16.11145186955492
RS,85910,CARAZINHO,0015,2026-10-04 19:07:22,-31.81623992480989,-12.457258527778537,-19.35898139703135
RS,88340,CARAÁ,0046,2026-10-04 18:56:27,-17.940749948207998,-2.0305631149256858,-15.910186833282312
RS,85936,CARLOS BARBOSA,0152,2026-10-04 19:00:14,-51.62900948154125,-40.88999533219231,-10.73901414934894
RS,86525,CARLOS GOMES,0003,2026-10-04 18:51:33,-23.663453111305873,5.391304347826087,-29.05475745913196
RS,85952,CASCA,0138,2026-10-04 18:21:59,-55.928885989235035,-36.925334202804045,-19.00355178643099
RS,85880,CASEIROS,0028,2026-10-04 18:30:23,-37.536291995022815,-12.306438467807661,-25.229853527215155
RS,85979,CATUÍPE,0023,2026-10-04 20:18:17,-28.38256895707524,-9.802663244023744,-18.579905713051495
RS,85995,CAXIAS DO SUL,0016,2026-10-04 19:29:49,-35.87452387279653,-27.157035464562792,-8.717488408233738
RS,85995,CAXIAS DO SUL,0136,2026-10-04 18:37:20,-33.591247123046855,-23.472840403306385,-10.11840671974047
RS,85995,CAXIAS DO SUL,0169,2026-10-04 18:46:38,-37.94816148915463,-26.56407752987252,-11.384083959282108
RS,85553,CAÇAPAVA DO SUL,0009,2026-10-04 20:10:40,11.442510256125956,28.912659673901754,-17.470149417775797
RS,86541,CENTENÁRIO,0003,2026-10-04 19:25:17,-26.622222222222224,-4.641909814323608,-21.980312407898616
RS,88641,CERRITO,0123,2026-10-04 18:44:50,2.7112397999473545,24.197053851726636,-21.485814051779283
RS,86088,CERRO BRANCO,0010,2026-10-04 20:46:39,-34.293097083794756,-11.710758377425044,-22.58233870636971
RS,85227,CERRO GRANDE,0064,2026-10-04 18:46:38,1.2979989183342346,25.233186057928325,-23.935187139594092
RS,85944,CERRO GRANDE DO SUL,0084,2026-10-04 20:17:47,-27.884965416818346,2.8273005582567983,-30.712265975075145
RS,86010,CERRO LARGO,0096,2026-10-04 18:12:46,-13.950617283950617,5.276564774381368,-19.227182058331984
RS,86037,CHAPADA,0015,2026-10-04 19:12:53,-37.61760484771169,-17.73822310879239,-19.8793817389193
RS,86932,CHARQUEADAS,0050,2026-10-04 20:55:37,3.0858960763520678,14.325771093550854,-11.239875017198786
RS,86568,CHARRUA,0100,2026-10-04 19:23:46,-12.618453865336658,0.7099391480730223,-13.32839301340968
RS,86053,CHIAPETTA,0107,2026-10-04 18:26:01,-30.598052851182196,-4.760225669957687,-25.837827181224508
RS,88269,CHUVISCA,0012,2026-10-04 20:36:20,-52.5229997212155,-24.582271311243275,-27.940728409972223
RS,88846,CHUÍ,0043,2026-10-04 18:58:16,15.834386852085967,33.925737860996506,-18.09135100891054
RS,85804,CIDREIRA,0110,2026-10-04 18:57:45,-3.9434256262735228,5.083890500819982,-9.027316127093505
RS,86070,CIRÍACO,0138,2026-10-04 18:34:40,-32.881002087682674,-9.780111585165736,-23.10089050251694
RS,86584,COLINAS,0021,2026-10-04 19:10:57,-42.00626959247649,-26.574907358390682,-15.43136223408581
RS,86096,COLORADO,0117,2026-10-04 18:15:07,-54.29654591406908,-36.4413680781759,-17.85517783589318
RS,86118,CONDOR,0115,2026-10-04 18:17:35,-43.53813559322034,-18.205574912891986,-25.332560680328353
RS,86134,CONSTANTINA,0146,2026-10-04 18:59:18,-28.596241907468816,-4.441721550007658,-24.15452035746116
RS,89168,COQUEIRO BAIXO,0104,2026-10-04 18:40:00,-59.906103286384976,-53.85296722763508,-6.0531360587498995
RS,86606,COQUEIROS DO SUL,0015,2026-10-04 18:35:14,-42.59443339960239,-25.63307493540052,-16.96135846420187
RS,86622,CORONEL BARROS,0023,2026-10-04 18:54:50,-43.69409660107335,-24.018475750577366,-19.67562085049598
RS,86150,CORONEL BICACO,0140,2026-10-04 18:21:58,-9.130836800739713,10.73326248671626,-19.86409928745597
RS,89184,CORONEL PILAR,0098,2026-10-04 19:08:46,-59.355828220858896,-48.450244698205545,-10.905583522653352
RS,89770,COTIPORÃ,0088,2026-10-04 18:44:50,-59.01173124777817,-48.604326587578505,-10.407404660199667
RS,86649,COXILHA,0033,2026-10-04 18:30:24,-34.71861471861472,-5.102954341987466,-29.61566037662725
RS,86177,CRISSIUMAL,0091,2026-10-04 19:10:58,-31.25614552605703,-5.034597947983775,-26.221547578073256
RS,85464,CRISTAL,0012,2026-10-04 19:16:49,-17.239950269374223,4.942272635203565,-22.182222904577788
RS,88528,CRISTAL DO SUL,0064,2026-10-04 18:38:48,-8.177570093457945,16.036821705426355,-24.2143917988843
RS,86193,CRUZ ALTA,0017,2026-10-04 19:14:46,-17.359427659197067,-1.9967468730719613,-15.362680786125106
RS,89206,CRUZALTENSE,0148,2026-10-04 18:33:49,-52.539184952978054,-29.904306220095695,-22.63487873288236
RS,86215,CRUZEIRO DO SUL,0029,2026-10-04 19:30:29,-36.96482137987456,-21.873404798366515,-15.091416581508042
RS,85839,CÂNDIDO GODÓI,0166,2026-10-04 18:59:18,-50.92631578947368,-34.29520448411875,-16.631111305354935
RS,86231,DAVID CANABARRO,0138,2026-10-04 18:46:39,-39.82487922705314,-15.76852418860992,-24.05635503844322
RS,86665,DERRUBADAS,0101,2026-10-04 19:04:22,-27.075289575289574,4.584657285519746,-31.65994686080932
RS,85049,DEZESSEIS DE NOVEMBRO,0052,2026-10-04 18:44:50,-0.41688379364252215,16.583416583416582,-17.000300377059105
RS,88188,DILERMANDO DE AGUIAR,0081,2026-10-04 20:35:18,-19.727610400330168,-0.8849557522123894,-18.84265464811778
RS,86258,DOIS IRMÃOS,0153,2026-10-04 19:14:10,-40.29248116598552,-26.39884508164078,-13.893636084344742
RS,86681,DOIS IRMÃOS DAS MISSÕES,0132,2026-10-04 18:18:47,-10.41147132169576,10.118675827607746,-20.530147149303506
RS,84824,DOIS LAJEADOS,0022,2026-10-04 19:09:25,-61.70385395537525,-45.60686554965264,-16.096988405722612
RS,86274,DOM FELICIANO,0012,2026-10-04 20:10:40,-21.125674633770238,14.467036352433764,-35.592710986204004
RS,86290,DOM PEDRITO,0018,2026-10-04 19:09:55,-9.505778214900419,15.024745541133626,-24.530523756034043
RS,88463,DOM PEDRO DE ALCÂNTARA,0085,2026-10-04 19:14:46,-35.027472527472526,-15.220552593310712,-19.80691993416181
RS,86312,DONA FRANCISCA,0119,2026-10-04 19:11:29,-24.496644295302012,-4.098360655737705,-20.39828363956431
RS,84883,DOUTOR MAURÍCIO CARDOSO,0120,2026-10-04 19:12:52,-42.007076230299134,-23.48461772768809,-18.522458502611045
RS,88307,DOUTOR RICARDO,0067,2026-10-04 18:41:17,-53.473945409429284,-33.495440729483285,-19.978504679946
RS,86240,ELDORADO DO SUL,0090,2026-10-04 19:21:06,-6.6462167689161555,4.551851312660746,-11.198068081576903
RS,86339,ENCANTADO,0067,2026-10-04 18:50:08,-44.70056329676846,-32.337871468306254,-12.362691828462204
RS,86355,ENCRUZILHADA DO SUL,0019,2026-10-04 20:51:30,0.9849276227428742,23.636237127748398,-22.651309505005525
RS,86703,ENGENHO VELHO,0146,2026-10-04 18:17:36,-5.96529284164859,16.0427807486631,-22.008073590311692
RS,85928,ENTRE RIOS DO SUL,0168,2026-10-04 18:33:48,-14.448857994041708,0.5899705014749262,-15.038828495516634
RS,85103,ENTRE-IJUÍS,0045,2026-10-04 19:10:33,-21.869062014164797,-3.153541271755988,-18.71552074240881
RS,85081,EREBANGO,0070,2026-10-04 18:31:58,-26.203473945409428,-12.151394422310757,-14.052079523098671
RS,86371,ERECHIM,0020,2026-10-04 18:57:45,-45.69526944822157,-33.692454903072615,-12.002814545148958
RS,86371,ERECHIM,0148,2026-10-04 19:16:24,-37.936627469153684,-22.185841707124307,-15.750785762029377
RS,85022,ERNESTINA,0128,2026-10-04 19:21:06,-30.32752020416844,-5.053078556263269,-25.27444164790517
RS,86410,ERVAL GRANDE,0168,2026-10-04 18:38:48,-9.35960591133005,12.602339181286549,-21.9619450926166
RS,86436,ERVAL SECO,0132,2026-10-04 18:30:48,-8.025830258302584,13.178294573643411,-21.204124831945997
RS,86452,ESMERALDA,0058,2026-10-04 20:38:59,-19.84948259642521,-2.319961333977767,-17.529521262447446
RS,88285,ESPERANÇA DO SUL,0086,2026-10-04 18:19:29,-5.125284738041002,18.283433133732537,-23.40871787177354
RS,86479,ESPUMOSO,0004,2026-10-04 19:13:18,-31.25506893755069,-8.538715311469048,-22.71635362608164
RS,85286,ESTAÇÃO,0070,2026-10-04 18:27:23,-42.7488630621526,-30.985209325645524,-11.763653736507077
RS,86517,ESTEIO,0097,2026-10-04 19:21:42,-5.296500155779416,3.6285398616037683,-8.925040017383184
RS,86533,ESTRELA,0021,2026-10-04 19:10:57,-46.49778727300473,-38.32819156750404,-8.16959570550069
RS,88404,ESTRELA VELHA,0154,2026-10-04 19:02:54,-32.005197055002164,-2.361872627583298,-29.643324427418865
RS,86495,ESTÂNCIA VELHA,0118,2026-10-04 19:21:42,-44.118858083996706,-36.54336295377833,-7.575495130218378
RS,85448,EUGÊNIO DE CASTRO,0045,2026-10-04 19:04:22,-29.703963873557452,-14.027849406910779,-15.676114466646673
RS,84930,FAGUNDES VARELA,0088,2026-10-04 18:32:17,-64.74423269809428,-52.335984095427435,-12.408248602666845
RS,86550,FARROUPILHA,0061,2026-10-04 19:24:49,-50.294318657818735,-41.78175580577059,-8.512562852048148
RS,86576,FAXINAL DO SOTURNO,0119,2026-10-04 18:37:20,-30.283475455174003,-13.126491646778042,-17.15698380839596
RS,86029,FAXINALZINHO,0168,2026-10-04 18:00:41,-30.016224986479177,-14.718614718614718,-15.297610267864458
RS,88366,FAZENDA VILANOVA,0021,2026-10-04 19:07:52,-24.705486368226186,-9.090909090909092,-15.614577277317094
RS,86592,FELIZ,0165,2026-10-04 18:40:01,-42.574916759156494,-29.77812816758644,-12.796788591570053
RS,86614,FLORES DA CUNHA,0068,2026-10-04 18:38:52,-66.54140842321019,-58.13296316493977,-8.408445258270419
RS,88242,FLORIANO PEIXOTO,0070,2026-10-04 19:21:07,-28.369795342272408,-3.2644903397734844,-25.105305002498923
RS,86630,FONTOURA XAVIER,0054,2026-10-04 19:16:24,-4.371494556252062,21.05922908179254,-25.430723638044604
RS,86657,FORMIGUEIRO,0157,2026-10-04 18:59:38,-8.3846518237802,10.354285714285714,-18.738937538065912
RS,89222,FORQUETINHA,0029,2026-10-04 19:09:25,-49.187180678123546,-30.951182687468545,-18.235997990655
RS,98272,FORTALEZA DOS VALOS,0017,2026-10-04 18:45:20,-32.66102797657775,-8.620145247868646,-24.040882728709104
RS,86673,FREDERICO WESTPHALEN,0094,2026-10-04 19:21:08,-36.95999176149529,-14.950931303825355,-22.009060457669932
RS,86690,GARIBALDI,0098,2026-10-04 19:09:55,-54.762122180622775,-44.78710518960216,-9.975016991020617
RS,86720,GARRUCHOS,0141,2026-10-04 18:42:13,15.64927857935627,26.653205451792026,-11.003926872435756
RS,86711,GAURAMA,0003,2026-10-04 19:12:52,-47.5139405204461,-30.834312573443007,-16.67962794700309
RS,86738,GENERAL CÂMARA,0050,2026-10-04 20:11:17,-5.48064375815572,8.870309951060358,-14.350953709216078
RS,86746,GENTIL,0062,2026-10-04 20:22:48,-50.07256894049347,-40.21164021164021,-9.86092872885326
RS,86770,GETÚLIO VARGAS,0070,2026-10-04 19:21:07,-48.582629674306396,-35.29470132962889,-13.287928344677503
RS,86797,GIRUÁ,0127,2026-10-04 18:14:11,-38.96129541864139,-24.243892981775883,-14.717402436865509
RS,85502,GLORINHA,0071,2026-10-04 19:21:07,-41.63073304586437,-28.63136863136863,-12.999364414495737
RS,86819,GRAMADO,0065,2026-10-04 19:01:47,-52.85360746240244,-44.39840574562961,-8.455201716772827
RS,86762,GRAMADO DOS LOUREIROS,0099,2026-10-04 19:29:49,11.11111111111111,21.134593993325918,-10.023482882214807
RS,86789,GRAMADO XAVIER,0040,2026-10-04 20:13:40,-21.96045435422802,12.17282924802659,-34.13328360225461
RS,86835,GRAVATAÍ,0071,2026-10-04 19:25:17,-25.99608576269206,-16.808233797751495,-9.187851964940567
RS,86835,GRAVATAÍ,0173,2026-10-04 19:21:42,-18.831681796133324,-10.496920346591502,-8.334761449541823
RS,84867,GUABIJU,0075,2026-10-04 19:04:23,-63.506261180679786,-44.98669032830524,-18.51957085237455
RS,86878,GUAPORÉ,0022,2026-10-04 18:46:38,-58.03896103896104,-44.589503767212264,-13.449457271748777
RS,86894,GUARANI DAS MISSÕES,0096,2026-10-04 19:25:18,-28.58654253068134,-2.6390580592773043,-25.947484471404035
RS,86851,GUAÍBA,0090,2026-10-04 19:22:20,-5.491645127234337,5.031424581005586,-10.523069708239923
RS,85189,HARMONIA,0011,2026-10-04 18:50:07,-48.57471926288511,-36.79160419790105,-11.78311506498406
RS,86398,HERVAL,0092,2026-10-04 18:56:27,23.89451251997869,41.30773222625843,-17.41321970627974
RS,88323,HERVEIRAS,0040,2026-10-04 19:09:56,-15.483870967741936,30.225852955309946,-45.70972392305188
RS,86916,HORIZONTINA,0120,2026-10-04 18:15:21,-49.105117217040586,-30.302530706454537,-18.80258651058605
RS,86800,HULHA NEGRA,0142,2026-10-04 19:05:32,11.394138592166529,27.88259958071279,-16.488460988546258
RS,86959,HUMAITÁ,0091,2026-10-04 18:46:38,-29.392298435619736,-10.205882352941176,-19.186416082678562
RS,84972,IBARAMA,0053,2026-10-04 18:13:41,-33.06078919303235,3.99453738477296,-37.05532657780531
RS,86975,IBIAÇÁ,0095,2026-10-04 19:14:46,-46.06190622126877,-26.092270088603726,-19.969636132665045
RS,86991,IBIRAIARAS,0028,2026-10-04 19:10:33,-54.986338797814206,-36.63967611336032,-18.346662684453882
RS,84964,IBIRAPUITÃ,0054,2026-10-04 18:30:49,-28.45314264207753,-2.773876404494382,-25.67926623758315
RS,87017,IBIRUBÁ,0121,2026-10-04 18:30:24,-49.45813539192399,-28.713458970173615,-20.744676421750373
RS,87033,IGREJINHA,0149,2026-10-04 19:00:14,-41.849293132634855,-28.073528073528074,-13.775765059106782
RS,87050,IJUÍ,0023,2026-10-04 19:07:21,-25.51909176461166,-11.185351124963475,-14.333740639648184
RS,87076,ILÓPOLIS,0145,2026-10-04 18:45:19,-61.240041565639075,-46.72245467224547,-14.517586893393606
RS,85685,IMBÉ,0110,2026-10-04 18:44:50,-22.14260542699401,-10.398812335515217,-11.743793091478793
RS,85782,IMIGRANTE,0125,2026-10-04 18:26:28,-42.40218380345769,-21.833013435700575,-20.569170367757113
RS,87092,INDEPENDÊNCIA,0089,2026-10-04 19:02:55,-36.577181208053695,-17.923280423280424,-18.65390078477327
RS,86827,INHACORÁ,0107,2026-10-04 17:57:29,-15.20356234096692,5.155951623169956,-20.359513964136877
RS,85243,IPIRANGA DO SUL,0070,2026-10-04 19:13:18,-68.38783706253585,-51.83374083129584,-16.55409623124001
RS,84999,IPÊ,0006,2026-10-04 19:04:23,-59.1786355475763,-50.236008091706005,-8.942627455870294
RS,87114,IRAÍ,0094,2026-10-04 18:50:05,-11.337406653088934,6.310575059228947,-17.64798171231788
RS,88382,ITAARA,0135,2026-10-04 19:15:19,-17.372881355932204,-6.351039260969977,-11.021842094962228
RS,85901,ITACURUBI,0044,2026-10-04 19:21:09,-5.2682926829268295,9.361497839654344,-14.629790522581175
RS,86843,ITAPUCA,0145,2026-10-04 18:44:30,-46.220302375809936,-17.403508771929825,-28.81679360388011
RS,87130,ITAQUI,0024,2026-10-04 19:14:46,-16.76912000886083,-2.441920495611771,-14.32719951324906
RS,89249,ITATI,0077,2026-10-04 19:21:07,-27.499097798628654,-6.464024624855714,-21.03507317377294
RS,87157,ITATIBA DO SUL,0020,2026-10-04 18:51:33,9.596344249809597,26.909841706813488,-17.31349745700389
RS,85626,IVORÁ,0119,2026-10-04 18:54:50,-19.3952802359882,7.064471879286694,-26.459752115274895
RS,87173,IVOTI,0118,2026-10-04 18:44:52,-44.67449454595984,-36.3791874554526,-8.295307090507237
RS,84786,JABOTICABA,0064,2026-10-04 18:33:22,-14.677849790316431,5.8301158301158305,-20.507965620432262
RS,89265,JACUIZINHO,0154,2026-10-04 18:41:17,-10.703547805171377,16.696914700544465,-27.400462505715844
RS,87190,JACUTINGA,0148,2026-10-04 18:28:27,-41.676942046855736,-22.24567327986492,-19.431268766990815
RS,87238,JAGUARI,0026,2026-10-04 19:01:20,-27.67077941619019,-5.9855072463768115,-21.685272169813377
RS,87211,JAGUARÃO,0025,2026-10-04 19:16:49,2.1016996967346073,20.487264673311184,-18.38556497657658
RS,84905,JAQUIRANA,0063,2026-10-04 20:10:41,-25.902255639097746,-0.3080477474008471,-25.5942078916969
RS,88587,JARI,0087,2026-10-04 19:04:56,-14.077897700610043,20.241827138378863,-34.319724838988904
RS,98299,JÓIA,0155,2026-10-04 19:11:57,-1.9703432866138533,16.100872938894277,-18.07121622550813
RS,87254,JÚLIO DE CASTILHOS,0027,2026-10-04 18:45:19,-6.992328718807865,18.021849720623802,-25.014178439431667
RS,89281,LAGOA BONITA DO SUL,0053,2026-10-04 18:19:07,-23.391158365976498,12.67454350161117,-36.06570186758767
RS,86886,LAGOA DOS TRÊS CANTOS,0117,2026-10-04 17:36:54,-57.417582417582416,-42.14445271779598,-15.273129699786438
RS,87270,LAGOA VERMELHA,0028,2026-10-04 19:29:50,-30.84628894815586,-11.400162591457695,-19.446126356698166
RS,85260,LAGOÃO,0053,2026-10-04 19:13:38,1.3662637940094589,37.32201533406353,-35.955751540054074
RS,87297,LAJEADO,0029,2026-10-04 19:11:29,-37.628351112709254,-25.33197344212463,-12.296377670584622
RS,86860,LAJEADO DO BUGRE,0032,2026-10-04 19:08:19,-1.2953367875647668,21.711366538952745,-23.006703326517513
RS,87319,LAVRAS DO SUL,0009,2026-10-04 19:13:38,7.389897984573277,28.843474222015793,-21.453576237442515
RS,87335,LIBERATO SALZANO,0146,2026-10-04 18:26:29,-10.395584176632935,20.275417521242307,-30.67100169787524
RS,86908,LINDOLFO COLLOR,0118,2026-10-04 18:33:21,-27.570828961175238,-7.614483493077742,-19.956345468097496
RS,86924,LINHA NOVA,0165,2026-10-04 18:37:22,-38.35390946502058,-28.165374677002585,-10.188534788017993
RS,87351,MACHADINHO,0103,2026-10-04 18:47:54,-30.420211394689353,-13.449986941760251,-16.970224452929102
RS,88943,MAMPITUBA,0085,2026-10-04 18:44:29,-18.40776699029126,13.69047619047619,-32.098243180767454
RS,86940,MANOEL VIANA,0079,2026-10-04 18:37:22,-6.98450536352801,14.460380907594638,-21.44488627112265
RS,86967,MAQUINÉ,0077,2026-10-04 19:07:21,-8.721934369602764,9.80185497470489,-18.52378934430765
RS,86983,MARATÁ,0031,2026-10-04 18:59:38,-51.54639175257732,-34.68445356593125,-16.86193818664607
RS,87378,MARAU,0062,2026-10-04 18:44:32,-48.77131782945737,-32.59765625,-16.173661579457367
RS,87394,MARCELINO RAMOS,0003,2026-10-04 20:10:40,-26.61778769525024,-10.906200317965023,-15.711587377285216
RS,87009,MARIANA PIMENTEL,0151,2026-10-04 18:57:41,-29.36185909258576,-14.163396361041741,-15.19846273154402
RS,87416,MARIANO MORO,0020,2026-10-04 18:21:58,-21.746674378253324,4.753722794959908,-26.500397173213234
RS,88820,MARQUES DE SOUZA,0029,2026-10-04 19:01:20,-43.570402298850574,-23.9572192513369,-19.613183047513676
RS,87432,MATA,0069,2026-10-04 18:44:33,-23.80952380952381,4.295865633074936,-28.105389442598746
RS,87025,MATO CASTELHANO,0128,2026-10-04 19:21:07,-49.979765277215705,-42.10756449497158,-7.8722007822441284
RS,87041,MATO LEITÃO,0093,2026-10-04 19:17:23,-39.179548156956,-21.97016780609074,-17.209380350865263
RS,89303,MATO QUEIMADO,0052,2026-10-04 18:56:27,-23.972602739726028,2.5210084033613445,-26.49361114308737
RS,87459,MAXIMILIANO DE ALMEIDA,0095,2026-10-04 18:51:33,-43.741721854304636,-26.915769474350856,-16.82595237995378
RS,88447,MAÇAMBARÁ,0024,2026-10-04 20:20:48,-14.311270125223613,3.3165829145728645,-17.627853039796477
RS,87068,MINAS DO LEÃO,0116,2026-10-04 19:00:14,-4.931794333683106,12.652315190901707,-17.58410952458481
RS,87475,MIRAGUAÍ,0101,2026-10-04 19:16:49,0.14184397163120568,20.195908959953904,-20.054064988322697
RS,85820,MONTAURI,0022,2026-10-04 19:04:54,-60.714285714285715,-48.78048780487805,-11.933797909407666
RS,88803,MONTE ALEGRE DOS CAMPOS,0058,2026-10-04 19:29:49,-37.857430527587596,-17.60268231349539,-20.254748214092206
RS,87084,MONTE BELO DO SUL,0008,2026-10-04 19:14:10,-71.29703763010409,-59.865824782951854,-11.431212847152231
RS,87491,MONTENEGRO,0031,2026-10-04 19:11:30,-24.13871260199456,-13.290827495621716,-10.847885106372843
RS,87106,MORMAÇO,0054,2026-10-04 20:51:56,-34.10326086956522,-9.68478757423481,-24.418473295330408
RS,87122,MORRINHOS DO SUL,0085,2026-10-04 18:26:00,-45.43031226199543,-24.669260700389106,-20.761051561606326
RS,86185,MORRO REDONDO,0164,2026-10-04 19:08:46,-25.056660790732813,-9.883864591055103,-15.17279619967771
RS,87149,MORRO REUTER,0153,2026-10-04 19:24:48,-57.478070175438596,-43.12458212614219,-14.35348804929641
RS,87513,MOSTARDAS,0122,2026-10-04 18:55:59,-27.229760634243025,-6.398699571449682,-20.831061062793342
RS,88544,MUITOS CAPÕES,0058,2026-10-04 19:25:53,-51.4726507713885,-32.57251545411317,-18.90013531727533
RS,87165,MULITERNO,0028,2026-10-04 18:48:49,-14.814814814814815,4.704463208685163,-19.51927802349998
RS,87530,MUÇUM,0067,2026-10-04 19:07:21,-51.46590184831103,-37.03923900118906,-14.426662847121968
RS,87181,NICOLAU VERGUEIRO,0062,2026-10-04 18:30:24,-42.57854821235103,-23.059229442208167,-19.519318770142863
RS,87572,NONOAI,0099,2026-10-04 19:13:38,-15.612512057323963,3.1178296666216765,-18.73034172394564
RS,86169,NOVA ALVORADA,0062,2026-10-04 18:34:11,-60.44776119402985,-40.55822067160925,-19.889540522420603
RS,87599,NOVA ARAÇÁ,0138,2026-10-04 18:11:26,-61.1877624475105,-50.8125,-10.3752624475105
RS,87610,NOVA BASSANO,0075,2026-10-04 18:50:06,-71.69717138103161,-62.966045272969374,-8.731126108062234
RS,87203,NOVA BOA VISTA,0083,2026-10-04 18:18:47,-49.25115207373272,-23.95772166764533,-25.29343040608739
RS,87637,NOVA BRÉSCIA,0104,2026-10-04 18:44:50,-59.28664636798608,-50.0,-9.28664636798608
RS,88226,NOVA CANDELÁRIA,0089,2026-10-04 20:13:40,-50.42543663233318,-27.23112128146453,-23.19431535086865
RS,85120,NOVA ESPERANÇA DO SUL,0026,2026-10-04 18:45:19,-23.554344535270967,-1.5264890751272073,-22.027855460143762
RS,84816,NOVA HARTZ,0131,2026-10-04 18:34:41,-27.69217815946788,-15.449131929883418,-12.243046229584461
RS,87653,NOVA PALMA,0119,2026-10-04 19:21:07,-29.192393183502098,-4.521902967498822,-24.670490216003277
RS,87670,NOVA PETRÓPOLIS,0129,2026-10-04 19:10:34,-51.56376381774063,-45.381526104417674,-6.182237713322955
RS,87696,NOVA PRATA,0075,2026-10-04 18:51:30,-57.79768861186859,-48.50373255436546,-9.293956057503124
RS,87220,NOVA PÁDUA,0068,2026-10-04 18:22:46,-79.63330029732408,-73.63134103465595,-6.001959262668137
RS,88560,NOVA RAMADA,0023,2026-10-04 19:16:24,-38.61740166865316,-15.845697329376854,-22.771704339276305
RS,84751,NOVA ROMA DO SUL,0006,2026-10-04 18:54:50,-63.54716981132076,-48.63494539781591,-14.912224413504845
RS,87246,NOVA SANTA RITA,0066,2026-10-04 19:21:09,-14.034630907433927,-4.247235226270439,-9.787395681163488
RS,87262,NOVO BARREIRO,0032,2026-10-04 19:25:53,-12.838941522378308,8.481262327416173,-21.32020384979448
RS,88684,NOVO CABRAIS,0010,2026-10-04 20:05:02,-30.33367037411527,-11.790393013100436,-18.54327736101483
RS,87718,NOVO HAMBURGO,0076,2026-10-04 19:21:42,-37.12619412845709,-32.56592777302579,-4.560266355431295
RS,87718,NOVO HAMBURGO,0172,2026-10-04 20:12:15,-35.626110258031495,-27.974568574023614,-7.651541684007881
RS,87289,NOVO MACHADO,0120,2026-10-04 19:11:57,-45.19774011299435,-23.006486074017552,-22.1912540389768
RS,87300,NOVO TIRADENTES,0064,2026-10-04 18:44:32,-15.247776365946633,14.960106382978724,-30.207882748925357
RS,89320,NOVO XINGU,0146,2026-10-04 18:22:46,-14.597970335675253,4.538461538461538,-19.13643187413679
RS,87556,NÃO-ME-TOQUE,0117,2026-10-04 18:09:59,-52.684746996723696,-29.755559639772102,-22.929187356951594
RS,87734,OSÓRIO,0077,2026-10-04 19:01:46,-10.447169130905158,2.5375306100720447,-12.984699740977202
RS,87750,PAIM FILHO,0095,2026-10-04 19:02:26,-17.446227381358824,-0.5087440381558028,-16.93748334320302
RS,89672,PALMARES DO SUL,0156,2026-10-04 18:41:16,-19.43900848010437,-2.692793931731985,-16.746214548372386
RS,87777,PALMEIRA DAS MISSÕES,0032,2026-10-04 18:55:27,-19.338746484105503,0.0206996481059822,-19.359446132211485
RS,87793,PALMITINHO,0094,2026-10-04 20:05:02,-11.988180666948079,16.505246166263117,-28.493426833211196
RS,87815,PANAMBI,0115,2026-10-04 18:32:00,-51.00546321050796,-33.47416566533587,-17.531297545172094
RS,84980,PANTANO GRANDE,0038,2026-10-04 18:22:46,2.9290035020694045,24.521604938271604,-21.5926014362022
RS,87831,PARAÍ,0138,2026-10-04 18:34:12,-61.30952380952381,-45.59471365638767,-15.714810153136142
RS,85987,PARAÍSO DO SUL,0157,2026-10-04 18:48:49,-41.3053613053613,-15.226708775095872,-26.07865253026543
RS,87327,PARECI NOVO,0031,2026-10-04 18:51:33,-54.92505353319058,-44.57657657657658,-10.348476956614
RS,98256,PAROBÉ,0055,2026-10-04 19:21:43,-32.620028317672805,-20.61901866017988,-12.001009657492926
RS,88889,PASSA SETE,0053,2026-10-04 18:57:45,-36.63129065388566,7.839262187088274,-44.47055284097393
RS,87343,PASSO DO SOBRADO,0162,2026-10-04 19:22:46,-30.60613044480295,-3.446636558117423,-27.159493886685528
RS,87858,PASSO FUNDO,0033,2026-10-04 19:13:38,-18.627433422282717,-3.803339517625232,-14.824093904657484
RS,87858,PASSO FUNDO,0128,2026-10-04 19:31:55,-24.62992598519704,-10.065010065010066,-14.564915920186975
RS,89346,PAULO BENTO,0148,2026-10-04 18:33:50,-46.0609243697479,-27.380281690140844,-18.680642679607057
RS,85146,PAVERAMA,0125,2026-10-04 19:25:17,-28.733498349834985,-13.425531914893616,-15.307966434941369
RS,89567,PEDRAS ALTAS,0035,2026-10-04 18:11:41,14.683368128044537,38.306188925081436,-23.6228207970369
RS,87874,PEDRO OSÓRIO,0123,2026-10-04 18:17:17,16.81016810168102,36.636120656739216,-19.825952555058198
RS,87890,PEJUÇARA,0017,2026-10-04 18:34:37,-37.45439805431698,-15.799765350019554,-21.654632704297427
RS,87912,PELOTAS,0034,2026-10-04 20:05:02,12.884255111183514,20.500635631696834,-7.616380520513321
RS,87912,PELOTAS,0060,2026-10-04 19:09:55,-2.628581442215018,9.737591661111448,-12.366173103326467
RS,87912,PELOTAS,0164,2026-10-04 19:21:09,7.996715927750411,18.414089079629093,-10.417373151878682
RS,87360,PICADA CAFÉ,0129,2026-10-04 20:36:20,-51.36217948717949,-34.6922024623803,-16.669977024799188
RS,85340,PINHAL,0064,2026-10-04 18:59:18,-30.305927342256215,-7.716049382716049,-22.589877959540168
RS,89362,PINHAL DA SERRA,0058,2026-10-04 20:12:41,-21.558441558441558,-6.948968512486428,-14.60947304595513
RS,87386,PINHAL GRANDE,0027,2026-10-04 18:59:18,-15.090172984909827,12.460401267159451,-27.55057425206928
RS,87408,PINHEIRINHO DO VALE,0094,2026-10-04 18:37:20,-17.475409836065573,0.7540983606557377,-18.229508196721312
RS,87939,PINHEIRO MACHADO,0035,2026-10-04 20:49:42,19.40947940947941,37.40005514199063,-17.990575732511218
RS,89540,PINTO BANDEIRA,0008,2026-10-04 18:26:29,-72.23880597014926,-58.72773536895674,-13.511070601192515
RS,84778,PIRAPÓ,0052,2026-10-04 18:33:50,1.915945611866502,23.990355635925255,-22.074410024058754
RS,87955,PIRATINI,0078,2026-10-04 20:50:35,9.245812760189757,30.541611624834875,-21.295798864645118
RS,87971,PLANALTO,0144,2026-10-04 18:33:21,-27.24032586558045,-4.194224874979835,-23.046100990600614
RS,87440,PONTE PRETA,0148,2026-10-04 18:42:12,-52.16836734693877,-27.781392322706573,-24.3869750242322
RS,87424,PONTÃO,0033,2026-10-04 18:38:35,-16.619013581129376,3.9535727239753355,-20.57258630510471
RS,88013,PORTO ALEGRE,0001,2026-10-04 19:08:47,19.37408637873754,16.738609711063425,2.6354766676741157
RS,88013,PORTO ALEGRE,0002,2026-10-04 20:44:20,2.388627249582045,2.2991829947220013,0.08944425486004359
RS,88013,PORTO ALEGRE,0111,2026-10-04 19:22:46,-10.767237107901055,-7.146983775456165,-3.6202533324448902
RS,88013,PORTO ALEGRE,0112,2026-10-04 19:16:24,-7.2733024297064155,-3.588249519225233,-3.6850529104811827
RS,88013,PORTO ALEGRE,0113,2026-10-04 19:07:21,14.702778290810269,18.32059213164963,-3.6178138408393608
RS,88013,PORTO ALEGRE,0114,2026-10-04 19:02:26,13.353200756490343,18.27705876213339,-4.923858005643046
RS,88013,PORTO ALEGRE,0158,2026-10-04 19:21:09,6.6001792917974,13.673671342918679,-7.073492051121279
RS,88013,PORTO ALEGRE,0159,2026-10-04 19:31:55,16.89214887258897,24.81366887549949,-7.921520002910523
RS,88013,PORTO ALEGRE,0160,2026-10-04 19:11:29,4.153095563093806,8.387096774193548,-4.234001211099742
RS,88013,PORTO ALEGRE,0161,2026-10-04 19:30:29,11.280612852436459,19.153051618976388,-7.872438766539929
RS,88030,PORTO LUCENA,0102,2026-10-04 18:27:22,-21.88666440447913,0.5398539218799618,-22.426518326359094
RS,87467,PORTO MAUÁ,0042,2026-10-04 18:26:29,-41.183035714285715,-24.179431072210065,-17.00360464207565
RS,87483,PORTO VERA CRUZ,0102,2026-10-04 18:12:48,-17.0,-2.112163146394756,-14.887836853605243
RS,88056,PORTO XAVIER,0096,2026-10-04 19:12:53,-15.898983481575604,1.2976736825447064,-17.19665716412031
RS,87998,PORTÃO,0011,2026-10-04 19:15:19,-27.496586944430398,-15.98260260960856,-11.513984334821838
RS,85421,POUSO NOVO,0104,2026-10-04 18:21:58,-26.574500768049155,-7.697947214076247,-18.876553553972908
RS,86126,POÇO DAS ANTAS,0125,2026-10-04 18:17:37,-47.24742891712039,-33.211233211233214,-14.036195705887174
RS,87505,PRESIDENTE LUCENA,0118,2026-10-04 19:14:10,-58.10154525386314,-45.677300046232084,-12.424245207631053
RS,84760,PROGRESSO,0029,2026-10-04 19:07:20,-26.442188660559545,0.5469678953626635,-26.989156555922207
RS,85405,PROTÁSIO ALVES,0075,2026-10-04 18:31:57,-69.49044585987261,-55.370843989769824,-14.119601870102784
RS,88072,PUTINGA,0145,2026-10-04 19:21:06,-65.02828854314002,-50.79474775397374,-14.233540789166284
RS,88099,QUARAÍ,0036,2026-10-04 19:13:19,-7.7701113376195705,8.783529942144414,-16.553641279763983
RS,89389,QUATRO IRMÃOS,0148,2026-10-04 18:50:07,-38.73546511627907,-18.434528163862474,-20.3009369524166
RS,87521,QUEVEDOS,0081,2026-10-04 20:19:16,-4.804270462633452,15.010917030567686,-19.815187493201137
RS,84875,QUINZE DE NOVEMBRO,0121,2026-10-04 18:41:15,-54.63399308828149,-31.732361709175223,-22.90163137910627
RS,88110,REDENTORA,0140,2026-10-04 20:14:28,19.15603532875368,29.93277975484381,-10.77674442609013
RS,85766,RELVADO,0067,2026-10-04 19:21:08,-48.61278648974668,-37.23270440251572,-11.38008208723096
RS,88137,RESTINGA SÊCA,0157,2026-10-04 19:04:24,-23.357898109580262,-5.736137667304015,-17.621760442276248
RS,87548,RIO DOS ÍNDIOS,0099,2026-10-04 18:51:33,0.7483629560336763,19.302120141342755,-18.553757185309077
RS,88153,RIO GRANDE,0037,2026-10-04 18:38:35,20.248145305704785,27.469795268249097,-7.221649962544312
RS,88153,RIO GRANDE,0163,2026-10-04 19:07:22,22.640840073790265,34.269026663215115,-11.62818658942485
RS,88170,RIO PARDO,0038,2026-10-04 18:47:55,5.045071241640011,22.18835447577211,-17.1432832341321
RS,85740,RIOZINHO,0055,2026-10-04 18:38:34,-29.345372460496613,-3.143118706133659,-26.202253754362953
RS,88196,ROCA SALES,0067,2026-10-04 19:01:20,-41.37193617371278,-24.992276799505714,-16.37965937420707
RS,88218,RODEIO BONITO,0064,2026-10-04 18:15:19,-21.674762896136944,2.2310944105213717,-23.905857306658316
RS,89400,ROLADOR,0052,2026-10-04 18:15:08,-9.962506695232994,14.656084656084657,-24.61859135131765
RS,88234,ROLANTE,0055,2026-10-04 19:14:46,-38.56596414910373,-21.138514268683405,-17.427449880420323
RS,88250,RONDA ALTA,0146,2026-10-04 19:13:38,-8.378961340633815,10.124101894186806,-18.503063234820623
RS,88277,RONDINHA,0083,2026-10-04 18:30:22,-26.677533279000272,-7.549148099606815,-19.128385179393458
RS,88293,ROQUE GONZALES,0096,2026-10-04 19:29:49,-15.78579743888242,2.6972804279982165,-18.483077866880638
RS,88315,ROSÁRIO DO SUL,0039,2026-10-04 19:21:08,-2.9951912067781086,11.584941749260999,-14.580132956039108
RS,87564,SAGRADA FAMÍLIA,0032,2026-10-04 19:23:46,-6.488332384746728,13.734142305570877,-20.222474690317604
RS,85561,SALDANHA MARINHO,0115,2026-10-04 18:16:16,-45.152091254752854,-19.850022055580062,-25.30206919917279
RS,89753,SALTO DO JACUÍ,0154,2026-10-04 18:48:51,-9.284300791556728,11.206896551724139,-20.491197343280867
RS,87580,SALVADOR DAS MISSÕES,0096,2026-10-04 18:41:16,-39.96463306808134,-17.546233649075326,-22.418399419006015
RS,88331,SALVADOR DO SUL,0152,2026-10-04 19:13:38,-52.22487518992837,-37.08035520901018,-15.14451998091819
RS,88358,SANANDUVA,0095,2026-10-04 18:44:29,-47.16429178069265,-32.304967844160686,-14.859323936531965
RS,88455,SANT'ANA DO LIVRAMENTO,0030,2026-10-04 19:25:53,7.486444298389747,20.18473832034495,-12.698294021955205
RS,88374,SANTA BÁRBARA DO SUL,0115,2026-10-04 18:30:22,-37.59805752708255,-17.137713771377136,-20.460343755705416
RS,89247,SANTA CECÍLIA DO SUL,0100,2026-10-04 20:05:02,-56.45569620253165,-30.606860158311346,-25.848836044220302
RS,87602,SANTA CLARA DO SUL,0029,2026-10-04 19:22:45,-51.14194236926361,-32.81036834924966,-18.331574020013953
RS,88390,SANTA CRUZ DO SUL,0040,2026-10-04 19:21:07,-36.38866295438904,-22.9548937580251,-13.43376919636394
RS,88390,SANTA CRUZ DO SUL,0162,2026-10-04 19:15:18,-17.908621564355844,-0.6704133740336062,-17.238208190322236
RS,89443,SANTA MARGARIDA DO SUL,0049,2026-10-04 20:07:44,-15.151515151515152,6.517602283539486,-21.669117435054638
RS,88412,SANTA MARIA,0041,2026-10-04 20:31:39,-5.497586885599504,3.3794557893112493,-8.877042674910754
RS,88412,SANTA MARIA,0135,2026-10-04 20:12:42,-9.653710247349823,-2.4514736727246276,-7.202236574625195
RS,86207,SANTA MARIA DO HERVAL,0153,2026-10-04 20:08:08,-42.71714922048998,-22.82363554352729,-19.89351367696269
RS,88471,SANTA ROSA,0042,2026-10-04 19:21:10,-41.777825898657426,-28.06604791711634,-13.711777981541086
RS,87629,SANTA TEREZA,0008,2026-10-04 17:49:28,-51.34943181818182,-39.62655601659751,-11.722875801584308
RS,88498,SANTA VITÓRIA DO PALMAR,0043,2026-10-04 19:26:23,9.919313524590164,30.736535662299854,-20.81722213770969
RS,88439,SANTANA DA BOA VISTA,0009,2026-10-04 19:22:45,-6.896551724137931,11.758541186334101,-18.65509291047203
RS,88510,SANTIAGO,0044,2026-10-04 20:50:35,-25.280252946248922,-4.636491087522532,-20.64376185872639
RS,88552,SANTO ANTÔNIO DA PATRULHA,0046,2026-10-04 18:37:20,-24.664483144272246,-6.4767041901188245,-18.187778954153423
RS,88579,SANTO ANTÔNIO DAS MISSÕES,0141,2026-10-04 19:10:58,6.531678641410843,25.769462884731443,-19.2377842433206
RS,87645,SANTO ANTÔNIO DO PALMA,0138,2026-10-04 18:15:06,-32.662721893491124,-0.37336652146857496,-32.28935537202255
RS,87661,SANTO ANTÔNIO DO PLANALTO,0015,2026-10-04 18:13:41,-56.85852608929532,-35.01144164759725,-21.847084441698065
RS,88595,SANTO AUGUSTO,0107,2026-10-04 18:47:54,-17.934293429342933,0.7619047619047619,-18.696198191247696
RS,88617,SANTO CRISTO,0102,2026-10-04 18:34:12,-26.619998108031407,-8.969235059020354,-17.650763049011054
RS,87688,SANTO EXPEDITO DO SUL,0103,2026-10-04 18:44:51,-36.15209988649262,-17.051705170517053,-19.10039471597557
RS,88536,SANTO ÂNGELO,0045,2026-10-04 18:59:18,-18.35850144092219,-2.8469129333682646,-15.511588507553926
RS,88994,SAPIRANGA,0131,2026-10-04 19:22:20,-32.52674897119341,-20.14969151410944,-12.377057457083975
RS,89010,SAPUCAIA DO SUL,0108,2026-10-04 19:21:07,-3.49893599607137,8.13380772103977,-11.63274371711114
RS,89036,SARANDI,0083,2026-10-04 20:53:02,-37.97738425432046,-21.803266892134992,-16.17411736218547
RS,89052,SEBERI,0132,2026-10-04 18:41:16,-28.100929614873838,-6.677371872072795,-21.423557742801044
RS,85707,SEDE NOVA,0091,2026-10-04 19:21:08,-18.253189401373895,1.906158357771261,-20.159347759145156
RS,85529,SEGREDO,0053,2026-10-04 18:19:28,-28.171223666517257,2.6825969341749323,-30.85382060069219
RS,89079,SELBACH,0004,2026-10-04 18:48:52,-52.83230510375771,-32.99310344827586,-19.83920165548185
RS,88765,SENADOR SALGADO FILHO,0127,2026-10-04 18:15:08,-48.9587948604342,-39.92853952657436,-9.030255333859841
RS,87882,SENTINELA DO SUL,0084,2026-10-04 19:29:50,-17.22940990848848,7.55706354102406,-24.786473449512542
RS,89095,SERAFINA CORRÊA,0022,2026-10-04 18:56:27,-54.19442031084081,-42.08095893102771,-12.113461379813103
RS,89117,SERTÃO,0070,2026-10-04 18:17:17,-40.58738565238325,-24.68955441928415,-15.897831233099097
RS,87920,SERTÃO SANTANA,0151,2026-10-04 18:16:16,-45.64434845212383,-24.96437054631829,-20.67997790580554
RS,88706,SETE DE SETEMBRO,0096,2026-10-04 18:38:52,-22.14435879467414,7.061197041022193,-29.205555835696334
RS,89133,SEVERIANO DE ALMEIDA,0020,2026-10-04 18:51:33,-36.04442852024364,-13.479511143062545,-22.564917377181096
RS,84956,SILVEIRA MARTINS,0041,2026-10-04 19:16:23,-28.70870870870871,-11.123658949745906,-17.585049758962803
RS,87947,SINIMBU,0040,2026-10-04 19:29:50,-27.668055807211452,3.125,-30.793055807211452
RS,89176,SOBRADINHO,0053,2026-10-04 18:29:17,-33.078138291408436,-6.32678837983695,-26.751349911571488
RS,89192,SOLEDADE,0054,2026-10-04 19:24:49,-20.932018191483078,5.553647085766633,-26.48566527724971
RS,88633,SÃO BORJA,0047,2026-10-04 19:22:46,-1.5616101669514133,16.321852092944273,-17.883462259895687
RS,84832,SÃO DOMINGOS DO SUL,0138,2026-10-04 18:19:28,-43.07243558580457,-21.16925978312117,-21.9031758026834
RS,88650,SÃO FRANCISCO DE ASSIS,0079,2026-10-04 18:51:33,-10.006728828222627,16.573407940314414,-26.58013676853704
RS,88676,SÃO FRANCISCO DE PAULA,0048,2026-10-04 19:09:55,-17.186204609517493,4.603475253232315,-21.789679862749807
RS,88692,SÃO GABRIEL,0049,2026-10-04 20:10:40,-7.571521456436931,8.45245305875227,-16.023974515189202
RS,88714,SÃO JERÔNIMO,0050,2026-10-04 20:21:10,-2.494041538985359,12.850217730671268,-15.344259269656627
RS,84794,SÃO JORGE,0075,2026-10-04 18:44:51,-67.81774580335731,-50.98227120268328,-16.835474600674033
RS,87769,SÃO JOSÉ DAS MISSÕES,0032,2026-10-04 18:54:50,-2.4612092027822365,25.111358574610247,-27.572567777392482
RS,85588,SÃO JOSÉ DO HERVAL,0054,2026-10-04 18:32:00,-9.114249037227214,10.78622482131254,-19.900473858539755
RS,85324,SÃO JOSÉ DO HORTÊNCIO,0011,2026-10-04 18:44:31,-59.15982312065698,-52.09698558322412,-7.062837537432863
RS,87742,SÃO JOSÉ DO INHACORÁ,0089,2026-10-04 18:34:40,-44.840425531914896,-18.10481736368449,-26.735608168230407
RS,88730,SÃO JOSÉ DO NORTE,0130,2026-10-04 19:24:48,-3.990734612839179,18.095117791953516,-22.085852404792696
RS,88757,SÃO JOSÉ DO OURO,0103,2026-10-04 18:12:28,-48.2426060865838,-30.82278481012658,-17.419821276457217
RS,89460,SÃO JOSÉ DO SUL,0031,2026-10-04 19:11:57,-49.26943308007014,-38.60182370820669,-10.667609371863449
RS,87726,SÃO JOSÉ DOS AUSENTES,0063,2026-10-04 20:25:59,-41.78272980501393,-19.821731748726656,-21.960998056287274
RS,84859,SÃO JOÃO DA URTIGA,0095,2026-10-04 19:09:56,-45.64240790655885,-19.864026012415017,-25.778381894143834
RS,87700,SÃO JOÃO DO POLÊSINE,0119,2026-10-04 18:48:52,-34.791252485089466,-22.84313725490196,-11.948115230187504
RS,88773,SÃO LEOPOLDO,0051,2026-10-04 18:37:21,-15.1761982337306,-5.389620695127758,-9.786577538602842
RS,88773,SÃO LEOPOLDO,0073,2026-10-04 18:44:29,-13.957325839759509,-5.597699362661277,-8.359626477098232
RS,88790,SÃO LOURENÇO DO SUL,0080,2026-10-04 19:05:32,-25.145866484807154,-2.7172717271727174,-22.428594757634436
RS,88811,SÃO LUIZ GONZAGA,0052,2026-10-04 19:07:52,-13.963609669131142,7.229529927602733,-21.193139596733875
RS,88838,SÃO MARCOS,0137,2026-10-04 18:11:26,-57.97348344567069,-45.54774019754564,-12.425743248125045
RS,88854,SÃO MARTINHO,0107,2026-10-04 18:13:16,-43.4363912823112,-24.48879034244888,-18.94760093986232
RS,87785,SÃO MARTINHO DA SERRA,0041,2026-10-04 19:16:24,-32.493595217762596,-14.689742507387082,-17.803852710375516
RS,85480,SÃO MIGUEL DAS MISSÕES,0045,2026-10-04 18:47:54,-8.72557726465364,10.65365025466893,-19.37922751932257
RS,88870,SÃO NICOLAU,0052,2026-10-04 20:48:30,11.17702154230409,24.01244167962675,-12.83542013732266
RS,88897,SÃO PAULO DAS MISSÕES,0166,2026-10-04 19:29:49,-23.554706163401814,-4.214202561117578,-19.340503602284237
RS,87807,SÃO PEDRO DA SERRA,0152,2026-10-04 19:09:25,-54.660230226513185,-39.68915845337377,-14.971071773139414
RS,89486,SÃO PEDRO DAS MISSÕES,0032,2026-10-04 19:21:07,-3.4345047923322682,7.915360501567398,-11.349865293899667
RS,87823,SÃO PEDRO DO BUTIÁ,0096,2026-10-04 18:28:28,-35.27204502814259,-17.90352504638219,-17.368519981760404
RS,88919,SÃO PEDRO DO SUL,0081,2026-10-04 19:26:23,-19.84489535748433,-3.078153108135119,-16.76674224934921
RS,88935,SÃO SEBASTIÃO DO CAÍ,0011,2026-10-04 18:35:14,-33.333333333333336,-19.879474854724155,-13.453858478609181
RS,88951,SÃO SEPÉ,0082,2026-10-04 19:21:08,-0.9485416172634574,20.096331974805484,-21.044873592068942
RS,88978,SÃO VALENTIM,0168,2026-10-04 18:15:07,-40.341602277348514,-16.561014263074483,-23.78058801427403
RS,87840,SÃO VALENTIM DO SUL,0022,2026-10-04 18:47:54,-56.33162975582056,-49.463579898362504,-6.868049857458054
RS,87866,SÃO VALÉRIO DO SUL,0107,2026-10-04 21:01:03,9.498399146211312,26.134405514072373,-16.63600636786106
RS,85383,SÃO VENDELINO,0165,2026-10-04 18:44:29,-45.46812749003984,-33.350622406639005,-12.117505083400836
RS,86754,SÃO VICENTE DO SUL,0069,2026-10-04 18:30:23,-8.3,8.88888888888889,-17.18888888888889
RS,87904,SÉRIO,0029,2026-10-04 19:04:55,-30.82107843137255,0.6056935190793459,-31.426771950451894
RS,88722,TABAÍ,0056,2026-10-04 19:09:56,-13.681903569192235,-5.00316656111463,-8.678737008077604
RS,89214,TAPEJARA,0100,2026-10-04 19:21:08,-57.13987328552531,-45.776954849736505,-11.362918435788806
RS,89230,TAPERA,0004,2026-10-04 19:12:52,-31.60955674316253,-9.108880778588809,-22.50067596457372
RS,89257,TAPES,0084,2026-10-04 19:03:22,-9.847785977859779,4.852057589842421,-14.6998435677022
RS,89273,TAQUARA,0055,2026-10-04 18:48:52,-38.19435617134867,-27.13683165860315,-11.057524512745523
RS,89290,TAQUARI,0056,2026-10-04 19:08:46,-21.830231624046057,-5.28769397790408,-16.542537646141977
RS,85669,TAQUARUÇU DO SUL,0094,2026-10-04 18:55:59,-17.697594501718214,0.30688294607628236,-18.004477447794496
RS,89710,TAVARES,0122,2026-10-04 19:07:52,-14.346375492872308,5.918013856812933,-20.264389349685242
RS,89311,TENENTE PORTELA,0101,2026-10-04 18:32:18,-8.094274491132008,13.247404224847834,-21.341678715979842
RS,85162,TERRA DE AREIA,0077,2026-10-04 18:56:26,-30.987821380243574,-13.072663198523243,-17.91515818172033
RS,98213,TEUTÔNIA,0125,2026-10-04 19:21:08,-36.338303593253485,-19.848410757946212,-16.489892835307273
RS,89508,TIO HUGO,0117,2026-10-04 18:46:39,-31.63587201442091,-11.22592766557069,-20.40994434885022
RS,87963,TIRADENTES DO SUL,0086,2026-10-04 18:15:19,-9.838846480067854,13.861663399607952,-23.700509879675806
RS,88900,TOROPI,0081,2026-10-04 19:21:06,-33.990610328638496,-12.64367816091954,-21.346932167718954
RS,89338,TORRES,0085,2026-10-04 18:41:16,-26.409228503640676,-15.428448089790633,-10.980780413850043
RS,89354,TRAMANDAÍ,0110,2026-10-04 19:25:18,-17.042717943018044,-6.957050089241636,-10.085667853776407
RS,87980,TRAVESSEIRO,0104,2026-10-04 19:04:55,-25.954653937947494,-7.793764988009593,-18.160888949937902
RS,85006,TRINDADE DO SUL,0099,2026-10-04 19:00:50,-12.870411322423706,11.733716475095786,-24.604127797519492
RS,89435,TRIUNFO,0133,2026-10-04 19:21:08,-25.1749110101878,-13.348335899561768,-11.826575110626031
RS,84743,TRÊS ARROIOS,0020,2026-10-04 18:15:05,-48.296007789678676,-26.92882030861125,-21.367187481067425
RS,85367,TRÊS CACHOEIRAS,0085,2026-10-04 18:36:19,-51.88790560471976,-38.4765625,-13.411343104719762
RS,89370,TRÊS COROAS,0149,2026-10-04 18:55:27,-40.567850281078776,-29.534040178571427,-11.03381010250735
RS,89397,TRÊS DE MAIO,0089,2026-10-04 18:50:07,-43.220227092685505,-26.217353550197046,-17.00287354248846
RS,88005,TRÊS FORQUILHAS,0085,2026-10-04 19:04:55,-24.62919594067135,1.1728931364031276,-25.80208907707448
RS,86142,TRÊS PALMEIRAS,0099,2026-10-04 19:21:07,-3.652392947103275,17.71356783919598,-21.365960786299254
RS,89419,TRÊS PASSOS,0086,2026-10-04 18:56:27,-20.71252735229759,-2.079894354572466,-18.632632997725125
RS,89451,TUCUNDUVA,0120,2026-10-04 19:21:43,-46.15384615384615,-31.102661596958175,-15.051184556887979
RS,84840,TUNAS,0154,2026-10-04 19:07:20,-0.5692599620493358,31.08558725453872,-31.654847216588056
RS,88021,TUPANCI DO SUL,0103,2026-10-04 18:15:20,-42.661804922515955,-19.076655052264808,-23.585149870251147
RS,89478,TUPANCIRETÃ,0087,2026-10-04 19:21:43,-16.291613990729036,4.753199268738574,-21.04481325946761
RS,85723,TUPANDI,0011,2026-10-04 18:34:39,-63.543956043956044,-48.739262953726794,-14.80469309022925
RS,89494,TUPARENDI,0042,2026-10-04 18:56:27,-53.41593529512993,-39.58979662185453,-13.826138673275395
RS,88501,TURUÇU,0060,2026-10-04 18:43:24,-44.198078344419805,-23.38196782641227,-20.816110518007534
RS,88609,UBIRETAMA,0096,2026-10-04 18:12:48,-45.54579673776662,-33.93188854489164,-11.61390819287498
RS,88480,UNISTALDA,0044,2026-10-04 18:25:05,-19.38414941948511,0.7763221737020863,-20.160471593187197
RS,88048,UNIÃO DA SERRA,0022,2026-10-04 18:44:30,-55.35858178887994,-50.04009623095429,-5.318485557925648
RS,89516,URUGUAIANA,0057,2026-10-04 20:13:12,-27.819318356015057,-21.210790770281477,-6.6085275857335795
RS,89532,VACARIA,0058,2026-10-04 20:54:03,-43.676375038842906,-29.14191979184343,-14.534455246999475
RS,88064,VALE DO SOL,0162,2026-10-04 18:59:39,-31.576433121019107,2.0534790958782687,-33.629912216897374
RS,88080,VALE REAL,0165,2026-10-04 18:57:45,-39.166250624063906,-24.378488077118213,-14.787762546945693
RS,88668,VALE VERDE,0162,2026-10-04 19:13:19,-24.96894409937888,3.869905310827501,-28.838849410206382
RS,84913,VANINI,0138,2026-10-04 18:00:41,-48.569651741293534,-25.95744680851064,-22.612204932782895
RS,89559,VENÂNCIO AIRES,0093,2026-10-04 20:19:16,-36.26403058118867,-19.638641516490196,-16.625389064698474
RS,89575,VERA CRUZ,0162,2026-10-04 20:07:44,-28.111145800811737,-5.210546045233038,-22.9005997555787
RS,89591,VERANÓPOLIS,0088,2026-10-04 18:59:39,-61.78132269857095,-51.6221057520069,-10.159216946564051
RS,88781,VESPASIANO CORRÊA,0067,2026-10-04 19:13:38,-72.690963554668,-60.70252469813392,-11.988438856534081
RS,89613,VIADUTOS,0003,2026-10-04 18:47:55,-48.67579908675799,-29.534278275961817,-19.141520810796173
RS,89630,VIAMÃO,0059,2026-10-04 19:07:21,-1.6561114111312942,8.824348148835483,-10.480459559966777
RS,89630,VIAMÃO,0072,2026-10-04 19:23:14,6.875996521234962,15.920406350057835,-9.044409828822873
RS,89656,VICENTE DUTRA,0094,2026-10-04 19:04:23,-29.421826890181322,-7.770826473493579,-21.651000416687744
RS,89699,VICTOR GRAEFF,0117,2026-10-04 18:22:45,-50.45783132530121,-25.616239729337845,-24.84159159596336
RS,86061,VILA FLORES,0088,2026-10-04 18:34:40,-60.56094182825485,-51.600284495021334,-8.960657333233513
RS,88749,VILA LÂNGARO,0100,2026-10-04 20:13:12,-55.88235294117647,-37.258153676064126,-18.624199265112345
RS,85642,VILA MARIA,0062,2026-10-04 18:59:38,-49.56953642384106,-30.45531197301855,-19.11422445082251
RS,88102,VILA NOVA DO SUL,0082,2026-10-04 19:02:55,2.478134110787172,21.31495227995758,-18.836818169170407
RS,85600,VISTA ALEGRE,0094,2026-10-04 20:19:16,-18.06020066889632,16.163996229971726,-34.224196898868044
RS,85863,VISTA ALEGRE DO PRATA,0075,2026-10-04 18:51:34,-58.81913303437967,-45.53030303030303,-13.288830004076637
RS,85847,VISTA GAÚCHA,0101,2026-10-04 18:30:24,-23.35243553008596,2.6552868658131814,-26.00772239589914
RS,88129,VITÓRIA DAS MISSÕES,0045,2026-10-04 18:28:27,-10.72234762979684,10.033320992225102,-20.755668622021943
RS,89524,WESTFALIA,0125,2026-10-04 18:34:12,-52.51101321585903,-30.839002267573697,-21.672010948285333
RS,88145,XANGRI-LÁ,0150,2026-10-04 19:16:49,-42.055177230661776,-27.565100114119723,-14.490077116542054
RS,84948,ÁGUA SANTA,0100,2026-10-04 20:10:40,-45.31077602059581,-27.978883861236802,-17.331892159359008
RS,84735,ÁUREA,0003,2026-10-04 19:21:10,-44.61367013372957,-17.56152125279642,-27.05214888093315
SC,80225,ABDON BATISTA,0052,2026-10-04 20:13:52,-35.17335766423358,-19.382835101253615,-15.790522562979962
SC,80012,ABELARDO LUZ,0071,2026-10-04 19:04:14,-25.80783222769099,-12.71706903854299,-13.090763189148001
SC,80039,AGROLÂNDIA,0057,2026-10-04 19:01:41,-62.94820717131474,-55.56231928169228,-7.38588788962246
SC,80055,AGRONÔMICA,0102,2026-10-04 19:02:51,-68.05095541401273,-60.08832459287883,-7.9626308211339065
SC,80136,ALFREDO WAGNER,0004,2026-10-04 18:48:44,-59.10753474762253,-38.481675392670155,-20.625859354952375
SC,81302,ALTO BELA VISTA,0009,2026-10-04 18:28:22,-36.38253638253638,-25.356900067980966,-11.025636314555413
SC,80152,ANCHIETA,0082,2026-10-04 19:09:29,-22.93986636971047,-5.85918266863614,-17.080683701074328
SC,80179,ANGELINA,0067,2026-10-04 18:57:36,-32.59995268511947,-11.168831168831169,-21.4311215162883
SC,80195,ANITA GARIBALDI,0052,2026-10-04 19:09:28,-14.563106796116505,2.0234869015356822,-16.586593697652187
SC,80217,ANITÁPOLIS,0067,2026-10-04 18:57:37,-39.8320554947061,-23.95553852050594,-15.876516974200158
SC,80233,ANTÔNIO CARLOS,0002,2026-10-04 20:07:50,-61.35070190970026,-59.72006220839813,-1.6306397013021297
SC,80063,APIÚNA,0015,2026-10-04 19:23:56,-53.45260978855538,-41.921940600217695,-11.530669188337683
SC,80489,ARABUTÃ,0090,2026-10-04 19:09:28,-43.54445797807552,-27.84565916398714,-15.69879881408838
SC,80250,ARAQUARI,0027,2026-10-04 20:49:00,-42.379871182985035,-35.16068052930057,-7.219190653684464
SC,80276,ARARANGUÁ,0001,2026-10-04 20:45:50,-42.813985620945644,-33.98954016183146,-8.824445459114187
SC,80292,ARMAZÉM,0099,2026-10-04 19:00:15,-52.39206534422404,-43.47587719298246,-8.916188151241577
SC,80314,ARROIO TRINTA,0036,2026-10-04 18:12:20,-57.48339194998046,-43.5570987654321,-13.926293184548356
SC,80802,ARVOREDO,0061,2026-10-04 18:13:31,-25.9645937358148,-11.207311207311207,-14.757282528503591
SC,80330,ASCURRA,0015,2026-10-04 19:07:25,-64.96742046761211,-60.275638427239564,-4.691782040372551
SC,80357,ATALANTA,0057,2026-10-04 18:59:08,-67.01361088871097,-53.11220311220311,-13.90140777650786
SC,80373,AURORA,0102,2026-10-04 20:10:31,-68.00918196994992,-54.3115438108484,-13.697638159101523
SC,81728,BALNEÁRIO ARROIO DO SILVA,0001,2026-10-04 19:23:56,-29.22203063190993,-19.54269381922115,-9.679336812688781
SC,80683,BALNEÁRIO BARRA DO SUL,0027,2026-10-04 19:29:39,-43.55384435888461,-39.44142550233793,-4.112418856546682
SC,80390,BALNEÁRIO CAMBORIÚ,0056,2026-10-04 19:21:01,-51.175736926961335,-45.857924505102666,-5.317812421858669
SC,80390,BALNEÁRIO CAMBORIÚ,0103,2026-10-04 20:25:41,-45.28312229348243,-38.9425521098119,-6.340570183670529
SC,81744,BALNEÁRIO GAIVOTA,0054,2026-10-04 19:29:38,-34.558670820353065,-23.188966228409384,-11.36970459194368
SC,82511,BALNEÁRIO PIÇARRAS,0068,2026-10-04 19:21:01,-47.43723849372385,-41.58938507633043,-5.8478534173934165
SC,83909,BALNEÁRIO RINCÃO,0079,2026-10-04 20:23:49,-34.860499265785606,-24.731182795698924,-10.129316470086682
SC,81582,BANDEIRANTE,0045,2026-10-04 18:14:07,-19.156928213689483,3.8494809688581313,-23.006409182547614
SC,81760,BARRA BONITA,0082,2026-10-04 18:27:07,-21.31578947368421,-3.011204481792717,-18.304584991891492
SC,80411,BARRA VELHA,0068,2026-10-04 20:56:18,-49.836286162816776,-45.489272632129776,-4.347013530687001
SC,81221,BELA VISTA DO TOLDO,0008,2026-10-04 19:23:06,-45.67319028531007,-23.39382050024522,-22.27936978506485
SC,80748,BELMONTE,0045,2026-10-04 17:51:33,-36.24873609706775,-13.388687078360146,-22.860049018707603
SC,80438,BENEDITO NOVO,0032,2026-10-04 19:20:59,-66.65680910838385,-62.98731080874484,-3.6694982996390166
SC,80454,BIGUAÇU,0002,2026-10-04 19:04:33,-34.398806429007394,-25.80213578535114,-8.596670643656253
SC,80470,BLUMENAU,0003,2026-10-04 19:07:01,-46.22129889200374,-42.75327479608964,-3.468024095914096
SC,80470,BLUMENAU,0088,2026-10-04 19:13:50,-50.27766475691963,-45.58580170814869,-4.691863048770934
SC,81280,BOCAINA DO SUL,0021,2026-10-04 21:01:03,-35.31202435312024,-14.945652173913043,-20.3663721792072
SC,83895,BOM JARDIM DA SERRA,0028,2026-10-04 19:29:38,-28.508623605005074,-6.7736185383244205,-21.735005066680653
SC,81388,BOM JESUS,0043,2026-10-04 19:14:56,-15.626466447677148,-2.0659124446630597,-13.560554003014088
SC,81469,BOM JESUS DO OESTE,0083,2026-10-04 18:54:42,-41.05461393596987,-27.015113350125944,-14.039500585843925
SC,80497,BOM RETIRO,0004,2026-10-04 19:08:13,-41.93735498839907,-20.321580782642386,-21.615774205756686
SC,80985,BOMBINHAS,0031,2026-10-04 20:56:36,-44.432975502339666,-38.69619077113658,-5.7367847312030875
SC,80519,BOTUVERÁ,0005,2026-10-04 19:21:01,-59.96045477014335,-51.72697368421053,-8.233481085932823
SC,80535,BRAÇO DO NORTE,0044,2026-10-04 19:13:50,-61.25269978401728,-54.24589998993863,-7.006799794078653
SC,80420,BRAÇO DO TROMBUDO,0057,2026-10-04 18:56:21,-64.26264800861141,-55.21771771771772,-9.044930290893689
SC,81787,BRUNÓPOLIS,0007,2026-10-04 19:21:01,-29.853951890034363,-3.6444444444444444,-26.209507445589917
SC,80551,BRUSQUE,0005,2026-10-04 19:07:49,-56.86370481927711,-52.41102878659055,-4.452676032686561
SC,80551,BRUSQUE,0086,2026-10-04 19:30:22,-55.97613142097128,-51.464298728447865,-4.511832692523413
SC,80594,CAIBI,0041,2026-10-04 19:29:38,-51.23141263940521,-37.612163509471586,-13.619249129933621
SC,80667,CALMON,0006,2026-10-04 19:25:45,17.494692144373673,37.60611205432937,-20.1114199099557
SC,80616,CAMBORIÚ,0103,2026-10-04 20:53:26,-47.08968648278225,-40.388448523617484,-6.701237959164764
SC,80632,CAMPO ALEGRE,0030,2026-10-04 20:10:31,-64.61919504643963,-53.276983094928475,-11.342211951511153
SC,80659,CAMPO BELO DO SUL,0052,2026-10-04 20:44:52,-20.299609205384282,-0.5105296745373324,-19.78907953084695
SC,80675,CAMPO ERÊ,0069,2026-10-04 18:44:26,-6.136129254039188,13.611357586512867,-19.747486840552057
SC,80691,CAMPOS NOVOS,0007,2026-10-04 20:17:01,-41.53671535728385,-25.054444664422885,-16.48227069286097
SC,80713,CANELINHA,0031,2026-10-04 19:13:48,-54.40050219711237,-45.311421074437234,-9.089081122675132
SC,80730,CANOINHAS,0008,2026-10-04 20:13:05,-43.44126320963382,-32.50546271504632,-10.935800494587497
SC,80756,CAPINZAL,0037,2026-10-04 18:45:12,-34.99297181327218,-21.33029210506953,-13.662679708202646
SC,81027,CAPIVARI DE BAIXO,0099,2026-10-04 18:59:30,-35.57938429609132,-26.081955427749822,-9.497428868341498
SC,81248,CAPÃO ALTO,0104,2026-10-04 20:56:54,-36.985205917632946,-18.75543951261967,-18.229766405013276
SC,80772,CATANDUVAS,0018,2026-10-04 19:21:00,-37.85310734463277,-18.551157580283792,-19.301949764348976
SC,80799,CAXAMBU DO SUL,0070,2026-10-04 18:42:08,-11.881735285990604,7.450331125827814,-19.332066411818417
SC,80578,CAÇADOR,0006,2026-10-04 20:07:50,-28.930067267419723,-11.74281217995154,-17.18725508746818
SC,80268,CELSO RAMOS,0052,2026-10-04 19:07:02,-23.278985507246375,-9.116809116809117,-14.162176390437258
SC,80381,CERRO NEGRO,0052,2026-10-04 20:49:24,1.1231603408210689,22.89108910891089,-21.76792876808982
SC,81701,CHAPADÃO DO LAGEADO,0039,2026-10-04 18:44:25,-51.43591941705958,-30.828429153463105,-20.607490263596475
SC,80810,CHAPECÓ,0035,2026-10-04 19:12:59,-37.5198157509048,-27.111048872706903,-10.408766878197895
SC,80810,CHAPECÓ,0094,2026-10-04 19:24:15,-25.8358138806204,-12.801379526571562,-13.034434354048837
SC,80306,COCAL DO SUL,0034,2026-10-04 19:20:59,-51.96095673584242,-43.68622448979592,-8.274732246046504
SC,80837,CONCÓRDIA,0009,2026-10-04 20:57:51,-46.269288365127935,-36.214248228811336,-10.055040136316599
SC,80837,CONCÓRDIA,0090,2026-10-04 18:50:16,-43.52458040709439,-30.982519590114528,-12.542060816979863
SC,81043,CORDILHEIRA ALTA,0035,2026-10-04 19:20:58,-39.43983995427265,-23.506571087216248,-15.933268867056402
SC,80853,CORONEL FREITAS,0094,2026-10-04 19:21:01,-32.040754257907544,-18.213058419243985,-13.827695838663558
SC,81108,CORONEL MARTINS,0049,2026-10-04 17:40:34,-22.317596566523605,-1.1390887290167866,-21.178507837506817
SC,83950,CORREIA PINTO,0093,2026-10-04 21:27:32,-22.66611467605051,-7.96118530884808,-14.704929367202428
SC,80870,CORUPÁ,0087,2026-10-04 20:11:13,-58.67132867132867,-51.2301918265221,-7.441136844806572
SC,80896,CRICIÚMA,0010,2026-10-04 20:35:22,-46.558803127167735,-42.24668925161688,-4.312113875550857
SC,80896,CRICIÚMA,0092,2026-10-04 19:20:59,-42.03337570659671,-34.933641394874,-7.099734311722706
SC,80896,CRICIÚMA,0098,2026-10-04 20:13:52,-41.17938377728254,-33.01836713026861,-8.16101664701393
SC,80918,CUNHA PORÃ,0083,2026-10-04 19:29:37,-68.86501007387508,-60.23519759332695,-8.629812480548132
SC,81620,CUNHATAÍ,0070,2026-10-04 18:44:47,-49.720670391061454,-28.14569536423841,-21.574975026823044
SC,80934,CURITIBANOS,0011,2026-10-04 19:21:00,-34.63069051471553,-15.740015661707126,-18.890674853008406
SC,80950,DESCANSO,0045,2026-10-04 18:58:09,-36.55391828533155,-20.278019113814075,-16.275899171517473
SC,80977,DIONÍSIO CERQUEIRA,0050,2026-10-04 18:30:17,-21.61060142711519,-5.963302752293578,-15.64729867482161
SC,80993,DONA EMMA,0014,2026-10-04 19:23:56,-51.50199058993847,-37.09118891881493,-14.410801671123544
SC,80080,DOUTOR PEDRINHO,0032,2026-10-04 19:02:50,-61.98147402335884,-55.318275154004105,-6.663198869354737
SC,81426,ENTRE RIOS,0048,2026-10-04 19:20:59,14.007936507936508,39.72198820556024,-25.71405169762373
SC,81167,ERMO,0042,2026-10-04 18:58:10,-56.6322136089578,-43.4850863422292,-13.147127266728596
SC,81019,ERVAL VELHO,0085,2026-10-04 18:56:21,-48.68505452212957,-37.47269890795632,-11.212355614173248
SC,81035,FAXINAL DOS GUEDES,0043,2026-10-04 19:12:58,-11.221309152734486,4.196094723722476,-15.417403876456962
SC,81604,FLOR DO SERTÃO,0058,2026-10-04 18:13:31,-23.697011813759556,4.659498207885305,-28.35651002164486
SC,81051,FLORIANÓPOLIS,0012,2026-10-04 18:38:46,-12.958696103797994,-10.745549837102791,-2.213146266695203
SC,81051,FLORIANÓPOLIS,0013,2026-10-04 18:32:14,3.7421740334205613,8.527939187954537,-4.785765154533976
SC,81051,FLORIANÓPOLIS,0100,2026-10-04 19:08:13,-14.663154900107372,-7.9261796042617965,-6.736975295845576
SC,80888,FORMOSA DO SUL,0078,2026-10-04 18:30:17,-16.923076923076923,7.515337423312883,-24.438414346389806
SC,81060,FORQUILHINHA,0098,2026-10-04 20:11:37,-46.97771894992279,-40.361766270615355,-6.6159526793074335
SC,81078,FRAIBURGO,0077,2026-10-04 19:28:57,-40.12836336706986,-22.090710647586707,-18.03765271948315
SC,81329,FREI ROGÉRIO,0011,2026-10-04 19:07:25,-44.40860215053763,-13.818386914833615,-30.590215235704015
SC,81094,GALVÃO,0049,2026-10-04 18:09:25,-30.913978494623656,-12.078152753108348,-18.835825741515308
SC,81132,GAROPABA,0073,2026-10-04 20:25:03,-26.237597211048538,-16.877159537709996,-9.360437673338541
SC,81159,GARUVA,0105,2026-10-04 18:43:17,-50.34317803660566,-43.03379170664108,-7.309386329964575
SC,81175,GASPAR,0064,2026-10-04 19:23:56,-50.487545977437115,-43.42737016947393,-7.060175807963184
SC,81116,GOVERNADOR CELSO RAMOS,0002,2026-10-04 20:42:23,-55.31475748194014,-48.87313243859205,-6.44162504334809
SC,81213,GRAVATAL,0099,2026-10-04 19:07:26,-54.74126943665562,-47.28067778081443,-7.460591655841192
SC,81191,GRÃO-PARÁ,0044,2026-10-04 19:22:12,-61.66422133724586,-47.92924935289042,-13.73497198435544
SC,81230,GUABIRUBA,0005,2026-10-04 20:54:13,-59.169333518853485,-53.260387402040514,-5.90894611681297
SC,81256,GUARACIABA,0082,2026-10-04 19:02:29,-33.51977626847783,-13.32521645021645,-20.194559818261375
SC,81272,GUARAMIRIM,0060,2026-10-04 18:44:25,-53.206382658437455,-44.81570925214775,-8.390673406289707
SC,81299,GUARUJÁ DO SUL,0050,2026-10-04 18:37:33,-32.01151263191557,-18.75,-13.261512631915572
SC,80527,GUATAMBÚ,0035,2026-10-04 18:54:42,-6.487434248977206,13.52077734132727,-20.008211590304477
SC,81310,HERVAL D'OESTE,0085,2026-10-04 19:29:37,-38.837990532905785,-26.866348990242795,-11.97164154266299
SC,81400,IBIAM,0047,2026-10-04 17:21:12,-41.48740012292563,-23.68766404199475,-17.799736080930877
SC,81337,IBICARÉ,0047,2026-10-04 18:17:14,-54.43089430894309,-40.971357409713576,-13.459536899229512
SC,81353,IBIRAMA,0014,2026-10-04 20:50:03,-55.07469056764831,-46.775181587468275,-8.299508980180036
SC,81396,ILHOTA,0064,2026-10-04 19:07:25,-56.85708393483193,-49.92058089403222,-6.936503040799707
SC,81418,IMARUÍ,0062,2026-10-04 19:22:12,-15.65873325529978,-4.120206690236606,-11.538526565063172
SC,81434,IMBITUBA,0073,2026-10-04 19:28:57,-22.520480523265228,-11.6120359838693,-10.908444539395928
SC,81450,IMBUIA,0039,2026-10-04 19:07:02,-61.524500907441016,-42.79559597893729,-18.728904928503724
SC,81477,INDAIAL,0015,2026-10-04 19:24:15,-55.58137185574301,-51.47090751194094,-4.1104643438020645
SC,81361,IOMERÊ,0036,2026-10-04 19:23:56,-55.61035758323058,-44.43959877889228,-11.170758804338298
SC,81493,IPIRA,0037,2026-10-04 19:08:40,-31.66357452071738,-13.659961064243998,-18.00361345647338
SC,80020,IPORÃ DO OESTE,0065,2026-10-04 19:31:56,-47.85014226999684,-28.5786205739218,-19.271521696075038
SC,80829,IPUAÇU,0071,2026-10-04 19:21:00,15.058876811594203,34.034459610651155,-18.97558279905695
SC,81515,IPUMIRIM,0090,2026-10-04 18:28:23,-21.734429065743946,-4.974619289340102,-16.759809776403845
SC,80187,IRACEMINHA,0058,2026-10-04 18:48:44,-48.22784810126582,-36.27677100494234,-11.95107709632348
SC,81531,IRANI,0090,2026-10-04 19:00:42,-33.424569312510066,-19.43120170968272,-13.993367602827345
SC,80861,IRATI,0078,2026-10-04 18:32:15,-16.902274124154886,3.4400948991696323,-20.34236902332452
SC,81558,IRINEÓPOLIS,0025,2026-10-04 20:56:18,-46.34330613478392,-22.345756341998122,-23.9975497927858
SC,81590,ITAIÓPOLIS,0038,2026-10-04 19:12:59,-60.33540749734406,-43.98849770731328,-16.34690979003078
SC,81612,ITAJAÍ,0016,2026-10-04 19:29:39,-44.31387285211628,-41.59865006144421,-2.7152227906720725
SC,81612,ITAJAÍ,0097,2026-10-04 20:39:21,-46.26566239617063,-40.22345650440999,-6.042205891760645
SC,81639,ITAPEMA,0091,2026-10-04 20:27:00,-55.227987421383645,-47.188665953505364,-8.039321467878281
SC,81655,ITAPIRANGA,0065,2026-10-04 19:20:59,-50.27817844632186,-35.21383075523203,-15.064347691089829
SC,81663,ITAPOÁ,0105,2026-10-04 19:21:00,-40.86526262369957,-35.05459508644222,-5.810667537257352
SC,81671,ITUPORANGA,0039,2026-10-04 18:46:33,-63.49584555229716,-52.55385012253321,-10.94199542976395
SC,81574,ITÁ,0061,2026-10-04 19:20:59,-22.467694872863692,-3.18882867861609,-19.278866194247602
SC,81370,IÇARA,0079,2026-10-04 19:29:39,-50.193375788769664,-42.10542370813251,-8.087952080637152
SC,81698,JABORÁ,0018,2026-10-04 18:44:26,-49.6328029375765,-37.73820681037176,-11.894596127204743
SC,81710,JACINTO MACHADO,0042,2026-10-04 19:23:05,-58.145802452499666,-44.4675540765391,-13.678248375960564
SC,81736,JAGUARUNA,0033,2026-10-04 19:14:09,-48.041855812879895,-40.43826380109566,-7.603592011784237
SC,81752,JARAGUÁ DO SUL,0017,2026-10-04 19:07:26,-56.395348837209305,-51.090986446240805,-5.3043623909685
SC,81752,JARAGUÁ DO SUL,0087,2026-10-04 19:12:44,-51.334753283635074,-45.49094053078716,-5.843812752847917
SC,81140,JARDINÓPOLIS,0078,2026-10-04 18:33:43,-30.275862068965516,-18.922749822820695,-11.353112246144821
SC,81779,JOAÇABA,0018,2026-10-04 18:50:16,-48.18782767266925,-38.692678551407106,-9.495149121262145
SC,81795,JOINVILLE,0019,2026-10-04 19:29:38,-49.15690416746687,-48.82261431477616,-0.3342898526907092
SC,81795,JOINVILLE,0076,2026-10-04 20:17:21,-48.335949182495646,-46.504423127169574,-1.8315260553260728
SC,81795,JOINVILLE,0095,2026-10-04 19:13:49,-47.882332849457775,-45.80198315810454,-2.080349691353234
SC,81795,JOINVILLE,0096,2026-10-04 19:14:56,-51.7688134810711,-50.77130031729321,-0.9975131637778887
SC,81795,JOINVILLE,0105,2026-10-04 19:32:17,-48.56732204389246,-45.51975917504644,-3.047562868846022
SC,80101,JOSÉ BOITEUX,0014,2026-10-04 20:13:05,-28.677891250345017,-19.86482515427564,-8.813066096069377
SC,81540,JUPIÁ,0049,2026-10-04 18:12:41,-25.56390977443609,-6.945198046663049,-18.618711727773043
SC,81817,LACERDÓPOLIS,0085,2026-10-04 18:56:21,-57.27810650887574,-40.91995221027479,-16.358154298600944
SC,81833,LAGES,0021,2026-10-04 18:50:16,-46.63077130165567,-38.8175838280122,-7.813187473643474
SC,81833,LAGES,0093,2026-10-04 20:22:20,-36.656156869520146,-25.56471241299799,-11.091444456522154
SC,81833,LAGES,0104,2026-10-04 20:56:17,-30.526135975401434,-15.418365911967374,-15.10777006343406
SC,81850,LAGUNA,0020,2026-10-04 19:28:57,-23.138854790959638,-16.78014495936745,-6.358709831592186
SC,80586,LAJEADO GRANDE,0048,2026-10-04 17:21:55,-39.68609865470852,-21.37285491419657,-18.313243740511954
SC,81876,LAURENTINO,0102,2026-10-04 18:27:08,-58.55122990509394,-49.605343047966,-8.945886857127938
SC,81892,LAURO MÜLLER,0023,2026-10-04 19:10:39,-37.533706699854804,-22.668859874575922,-14.864846825278882
SC,81914,LEBON RÉGIS,0077,2026-10-04 20:13:53,-5.242424242424242,17.290006131207846,-22.53243037363209
SC,81930,LEOBERTO LEAL,0039,2026-10-04 19:25:22,-52.31107850330154,-30.52912066996574,-21.7819578333358
SC,80047,LINDÓIA DO SUL,0090,2026-10-04 19:29:38,-39.47633434038268,-25.12998266897747,-14.346351671405209
SC,81957,LONTRAS,0102,2026-10-04 19:29:38,-58.62115127175368,-47.47076229392701,-11.150388977826672
SC,81973,LUIZ ALVES,0106,2026-10-04 20:10:31,-64.58595808040316,-56.484848484848484,-8.101109595554675
SC,81809,LUZERNA,0018,2026-10-04 18:44:47,-59.65963566634708,-51.61366872330328,-8.045966943043801
SC,80900,MACIEIRA,0006,2026-10-04 20:13:52,-24.665596575708935,1.8736988202637057,-26.53929539597264
SC,81990,MAFRA,0022,2026-10-04 19:20:59,-53.02952773680884,-43.80548283229515,-9.22404490451369
SC,82015,MAJOR GERCINO,0053,2026-10-04 19:28:57,-47.85373608903021,-37.230514096185736,-10.62322199284447
SC,82031,MAJOR VIEIRA,0008,2026-10-04 19:02:29,-41.87026116259478,-10.068114091102597,-31.802147071492183
SC,83917,MARACAJÁ,0001,2026-10-04 20:46:01,-42.92143258953685,-26.221786064769383,-16.699646524767466
SC,82058,MARAVILHA,0058,2026-10-04 18:44:25,-47.60907295469507,-34.62543554006969,-12.983637414625385
SC,82066,MAREMA,0048,2026-10-04 18:19:23,-40.010946907498635,-24.715261958997722,-15.295684948500913
SC,82074,MASSARANDUBA,0060,2026-10-04 19:08:13,-66.59370725034199,-57.87015413358244,-8.723553116759554
SC,82090,MATOS COSTA,0025,2026-10-04 18:55:38,-6.911684037301152,12.383561643835616,-19.29524568113677
SC,82112,MELEIRO,0042,2026-10-04 18:58:09,-62.59450855551134,-56.094627105052126,-6.499881450459213
SC,80365,MIRIM DOCE,0046,2026-10-04 19:24:41,-52.65370467682607,-35.03419253024724,-17.619512146578828
SC,82139,MODELO,0083,2026-10-04 18:11:01,-36.336032388663966,-18.101933216168717,-18.23409917249525
SC,82155,MONDAÍ,0041,2026-10-04 20:35:22,-29.05502968073159,-12.28356746161385,-16.771462219117737
SC,80004,MONTE CARLO,0077,2026-10-04 19:25:45,-15.421364418115804,8.475519287833828,-23.896883705949634
SC,82171,MONTE CASTELO,0081,2026-10-04 20:55:04,-32.978147011016794,-12.020938493176295,-20.9572085178405
SC,82198,MORRO DA FUMAÇA,0034,2026-10-04 19:21:00,-62.12467076382792,-54.05907486531674,-8.065595898511184
SC,81086,MORRO GRANDE,0042,2026-10-04 18:50:01,-60.051993067590985,-50.723327305605785,-9.3286657619852
SC,82210,NAVEGANTES,0106,2026-10-04 20:07:50,-40.132873027979606,-34.52327055414705,-5.60960247383256
SC,82236,NOVA ERECHIM,0066,2026-10-04 18:20:09,-31.556760012044563,-14.655970379512496,-16.900789632532067
SC,80322,NOVA ITABERABA,0066,2026-10-04 19:04:48,-16.26380185019397,1.159678858162355,-17.423480708356326
SC,82252,NOVA TRENTO,0053,2026-10-04 19:25:45,-58.60495436766623,-51.48251100301135,-7.1224433646548775
SC,82279,NOVA VENEZA,0098,2026-10-04 20:05:06,-58.67356905645634,-48.6505468044547,-10.023022252001638
SC,80764,NOVO HORIZONTE,0049,2026-10-04 18:28:21,-31.71077504725898,-8.480228680323965,-23.230546366935016
SC,82295,ORLEANS,0023,2026-10-04 19:10:39,-63.0098544671409,-52.673477510946,-10.336376956194897
SC,83976,OTACÍLIO COSTA,0093,2026-10-04 18:58:09,-40.42655857942482,-24.741298212605834,-15.685260366818987
SC,82317,OURO,0037,2026-10-04 18:46:33,-50.16322089227421,-37.11799660441426,-13.045224287859952
SC,80845,OURO VERDE,0071,2026-10-04 19:14:56,-39.74820143884892,-20.409429280397024,-19.3387721584519
SC,81442,PAIAL,0094,2026-10-04 17:21:55,-9.196811771919068,9.922680412371134,-19.119492184290202
SC,81264,PAINEL,0021,2026-10-04 20:50:25,-26.68918918918919,-5.620848237097598,-21.068340952091592
SC,82333,PALHOÇA,0024,2026-10-04 19:16:39,-34.294177022487716,-25.47112184893103,-8.823055173556686
SC,82350,PALMA SOLA,0069,2026-10-04 18:39:55,-14.308681672025724,10.113636363636363,-24.422318035662087
SC,81566,PALMEIRA,0093,2026-10-04 19:30:02,-38.50247054351957,-20.517316966242877,-17.985153577276694
SC,82376,PALMITOS,0041,2026-10-04 18:57:36,-50.598984771573605,-34.269317483090795,-16.32966728848281
SC,82392,PAPANDUVA,0081,2026-10-04 19:09:48,-33.97923875432526,-9.042689708272736,-24.936549046052523
SC,80705,PARAÍSO,0082,2026-10-04 19:11:49,-17.981072555205046,5.118384401114207,-23.09945695631925
SC,80403,PASSO DE TORRES,0054,2026-10-04 20:36:11,-35.763195435092726,-21.047925608011443,-14.715269827081283
SC,80624,PASSOS MAIA,0063,2026-10-04 19:12:45,-8.093994778067884,13.082706766917294,-21.17670154498518
SC,82430,PEDRAS GRANDES,0033,2026-10-04 19:24:14,-56.83734939759036,-46.977174583590376,-9.860174813999983
SC,82457,PENHA,0068,2026-10-04 20:10:31,-48.581346211892544,-46.44588517025875,-2.1354610416337962
SC,82473,PERITIBA,0009,2026-10-04 18:45:12,-55.2112676056338,-40.25294374182294,-14.958323863810861
SC,83925,PESCARIA BRAVA,0020,2026-10-04 19:21:01,-30.437219730941703,-13.02162656107219,-17.41559316986951
SC,82490,PETROLÂNDIA,0039,2026-10-04 18:43:18,-61.554666104908364,-51.345984112974406,-10.208681991933958
SC,82538,PINHALZINHO,0066,2026-10-04 18:30:18,-32.017268445839875,-17.438800733593812,-14.578467712246063
SC,82554,PINHEIRO PRETO,0047,2026-10-04 18:57:36,-40.0,-20.02606429192007,-19.97393570807993
SC,82570,PIRATUBA,0037,2026-10-04 18:54:42,-43.3550185873606,-26.647632643349986,-16.70738594401061
SC,80543,PLANALTO ALEGRE,0070,2026-10-04 18:17:31,-7.98494983277592,9.782608695652174,-17.767558528428093
SC,82597,POMERODE,0055,2026-10-04 19:07:01,-58.80605460461169,-54.54768325569993,-4.2583713489117585
SC,82619,PONTE ALTA,0011,2026-10-04 18:42:08,-26.223337515683813,-12.987012987012987,-13.236324528670826
SC,80926,PONTE ALTA DO NORTE,0011,2026-10-04 17:28:51,-24.112734864300627,-5.803108808290156,-18.309626056010472
SC,82635,PONTE SERRADA,0063,2026-10-04 18:45:12,-17.609961190168175,3.852226081465109,-21.462187271633283
SC,82651,PORTO BELO,0031,2026-10-04 19:08:40,-52.59830993412736,-43.71887550200803,-8.879434432119325
SC,82678,PORTO UNIÃO,0025,2026-10-04 19:10:39,-40.43882210907564,-28.43648888425008,-12.00233322482556
SC,82694,POUSO REDONDO,0057,2026-10-04 19:20:59,-60.31048922479828,-50.116180819602874,-10.194308405195407
SC,82716,PRAIA GRANDE,0054,2026-10-04 19:22:13,-34.554584340710434,-11.764705882352942,-22.789878458357492
SC,82732,PRESIDENTE CASTELLO BRANCO,0009,2026-10-04 18:46:33,-60.22099447513812,-52.87691187181355,-7.344082603324573
SC,82759,PRESIDENTE GETÚLIO,0014,2026-10-04 20:13:05,-61.04326587578507,-51.58759460956249,-9.45567126622258
SC,82775,PRESIDENTE NEREU,0102,2026-10-04 18:30:38,-53.270509977827054,-35.660267597440374,-17.61024238038668
SC,81647,PRINCESA,0050,2026-10-04 19:11:49,-42.218080149114634,-17.357762777242044,-24.86031737187259
SC,82791,QUILOMBO,0078,2026-10-04 18:42:07,-21.948212083847103,-4.4826572604350385,-17.465554823412063
SC,82813,RANCHO QUEIMADO,0067,2026-10-04 19:21:00,-53.151397011046136,-37.41861355802374,-15.732783453022392
SC,82830,RIO DAS ANTAS,0006,2026-10-04 18:24:58,-45.78010948905109,-34.22655298416565,-11.553556504885442
SC,82856,RIO DO CAMPO,0046,2026-10-04 19:22:12,-58.01660113586719,-46.82882473289384,-11.187776402973348
SC,82872,RIO DO OESTE,0102,2026-10-04 19:28:57,-53.03845387527396,-39.16513198281154,-13.873321892462421
SC,82910,RIO DO SUL,0026,2026-10-04 19:11:00,-54.094822239313274,-47.24950884086444,-6.84531339844883
SC,82899,RIO DOS CEDROS,0055,2026-10-04 19:22:36,-60.04290694556181,-53.37721808815112,-6.665688857410693
SC,82937,RIO FORTUNA,0044,2026-10-04 19:22:13,-69.5551555669838,-63.43717001055966,-6.117985556424138
SC,82953,RIO NEGRINHO,0074,2026-10-04 20:52:24,-53.1059632837429,-43.95111000249439,-9.154853281248513
SC,80608,RIO RUFINO,0004,2026-10-04 19:23:05,-33.833833833833836,-17.070543887991384,-16.763289945842452
SC,80560,RIQUEZA,0041,2026-10-04 19:24:15,-27.9794313369631,-11.662075298438936,-16.317356038524164
SC,82970,RODEIO,0015,2026-10-04 19:13:50,-58.76354365838113,-54.61327051433059,-4.150273144050544
SC,82996,ROMELÂNDIA,0082,2026-10-04 20:14:31,-25.7479601087942,-7.005200367084735,-18.742759741709463
SC,83011,SALETE,0046,2026-10-04 18:37:33,-56.03780864197531,-43.58087487283825,-12.45693376913706
SC,81523,SALTINHO,0069,2026-10-04 18:48:43,0.2716336825766395,27.498063516653758,-27.22642983407712
SC,83038,SALTO VELOSO,0036,2026-10-04 18:44:45,-44.765342960288805,-31.759656652360515,-13.00568630792829
SC,81000,SANGÃO,0033,2026-10-04 19:13:49,-61.0254272613589,-53.44165435745938,-7.583772903899522
SC,83054,SANTA CECÍLIA,0051,2026-10-04 20:44:51,-32.01451082643691,-8.559797557487073,-23.45471326894984
SC,80721,SANTA HELENA,0045,2026-10-04 17:58:49,-30.860855441256092,-6.302521008403361,-24.55833443285273
SC,83070,SANTA ROSA DE LIMA,0044,2026-10-04 19:12:45,-45.09345794392523,-28.370098039215687,-16.723359904709543
SC,80241,SANTA ROSA DO SUL,0054,2026-10-04 20:10:31,-47.467532467532465,-36.28422644045019,-11.183306027082274
SC,80349,SANTA TEREZINHA,0038,2026-10-04 19:30:42,-54.76280834914611,-35.02643504531722,-19.73637330382889
SC,81507,SANTA TEREZINHA DO PROGRESSO,0058,2026-10-04 19:07:01,-3.28125,17.84366576819407,-21.12491576819407
SC,81205,SANTIAGO DO SUL,0078,2026-10-04 18:44:45,-14.401952807160294,-0.8250825082508251,-13.57687029890947
SC,83097,SANTO AMARO DA IMPERATRIZ,0067,2026-10-04 18:28:22,-42.15621825135959,-31.913528770286742,-10.242689481072848
SC,83410,SAUDADES,0066,2026-10-04 18:38:30,-36.391578300292,-22.509282178217823,-13.882296122074173
SC,83437,SCHROEDER,0017,2026-10-04 18:44:25,-55.13059701492537,-47.03938554970081,-8.09121146522456
SC,83453,SEARA,0061,2026-10-04 20:53:27,-24.259927797833935,-7.51490705015784,-16.745020747676094
SC,80284,SERRA ALTA,0083,2026-10-04 18:57:36,-41.35213604313563,-25.516659637283848,-15.835476405851782
SC,83470,SIDERÓPOLIS,0092,2026-10-04 19:22:12,-39.966517857142854,-26.72209026128266,-13.244427595860195
SC,83496,SOMBRIO,0054,2026-10-04 19:28:57,-46.783364923625825,-34.24233743912919,-12.541027484496638
SC,80446,SUL BRASIL,0083,2026-10-04 18:59:30,-16.948334138097536,-1.936108422071636,-15.0122257160259
SC,83119,SÃO BENTO DO SUL,0030,2026-10-04 20:27:00,-55.96394732616027,-47.94155355216834,-8.022393773991936
SC,81485,SÃO BERNARDINO,0069,2026-10-04 19:01:13,-11.928811928811928,9.614446071254271,-21.5432580000662
SC,83135,SÃO BONIFÁCIO,0067,2026-10-04 18:57:37,-62.99706990372541,-54.59340659340659,-8.40366331031882
SC,83151,SÃO CARLOS,0070,2026-10-04 18:44:26,-34.904684498300576,-18.844405338026103,-16.060279160274472
SC,80942,SÃO CRISTÓVÃO DO SUL,0011,2026-10-04 17:21:55,-28.066843904291684,-8.399847966552642,-19.666995937739042
SC,83178,SÃO DOMINGOS,0049,2026-10-04 19:09:28,-30.464364687872088,-10.41182331451345,-20.052541373358636
SC,83194,SÃO FRANCISCO DO SUL,0027,2026-10-04 20:31:52,-39.509668286091184,-34.762380673398354,-4.74728761269283
SC,83259,SÃO JOAQUIM,0028,2026-10-04 20:21:29,-37.4702505949881,-13.991062220694397,-23.479188374293706
SC,83275,SÃO JOSÉ,0029,2026-10-04 19:12:59,-28.94959308560974,-21.995566580461286,-6.954026505148455
SC,83275,SÃO JOSÉ,0084,2026-10-04 19:21:01,-26.945326133256387,-20.070486299747866,-6.874839833508521
SC,83291,SÃO JOSÉ DO CEDRO,0050,2026-10-04 19:31:56,-50.65482796892342,-34.75929855914219,-15.895529409781233
SC,83313,SÃO JOSÉ DO CERRITO,0104,2026-10-04 21:53:42,-10.251177394034537,11.963696369636963,-22.2148737636715
SC,83216,SÃO JOÃO BATISTA,0053,2026-10-04 20:26:40,-58.564840232787965,-51.76011925237931,-6.8047209804086535
SC,81124,SÃO JOÃO DO ITAPERIÚ,0068,2026-10-04 19:01:41,-62.92198581560284,-59.354194407456724,-3.567791408146114
SC,80640,SÃO JOÃO DO OESTE,0065,2026-10-04 19:01:40,-56.611098424297786,-46.3167804189221,-10.294318005375686
SC,83232,SÃO JOÃO DO SUL,0054,2026-10-04 20:55:28,-52.5065963060686,-34.94063926940639,-17.565957036662212
SC,83330,SÃO LOURENÇO DO OESTE,0049,2026-10-04 19:01:41,-35.70660212451257,-20.931174089068826,-14.775428035443746
SC,83356,SÃO LUDGERO,0044,2026-10-04 19:08:39,-59.82485604606526,-52.28047182175622,-7.544384224309034
SC,83372,SÃO MARTINHO,0099,2026-10-04 18:37:14,-63.35470085470085,-57.99418604651163,-5.360514808189222
SC,80780,SÃO MIGUEL DA BOA VISTA,0058,2026-10-04 18:44:26,-14.40677966101695,8.092485549132949,-22.4992652101499
SC,83399,SÃO MIGUEL DO OESTE,0045,2026-10-04 18:59:09,-38.98216580976864,-24.597036795831976,-14.385129013936663
SC,81183,SÃO PEDRO DE ALCÂNTARA,0029,2026-10-04 19:10:39,-46.90927218344965,-39.180611656087706,-7.728660527361946
SC,83518,TAIÓ,0046,2026-10-04 19:02:51,-66.75034626038781,-54.860691796773914,-11.889654463613901
SC,83534,TANGARÁ,0047,2026-10-04 18:37:16,-51.5260663507109,-37.27988010490821,-14.24618624580269
SC,81680,TIGRINHOS,0058,2026-10-04 18:28:23,-23.012048192771083,-1.6019716574245224,-21.410076535346562
SC,83550,TIJUCAS,0031,2026-10-04 19:29:39,-48.970957332377196,-37.067022786077956,-11.90393454629924
SC,83933,TIMBÉ DO SUL,0042,2026-10-04 20:43:30,-49.31506849315068,-38.64265927977839,-10.67240921337229
SC,83577,TIMBÓ,0032,2026-10-04 19:14:56,-60.24482963066299,-58.86382994482094,-1.380999685842049
SC,80209,TIMBÓ GRANDE,0051,2026-10-04 21:10:31,-18.088338396821687,2.779086198775318,-20.867424595597004
SC,81345,TREVISO,0092,2026-10-04 19:23:55,-37.570977917981075,-18.904991948470208,-18.665985969510867
SC,83615,TREZE DE MAIO,0033,2026-10-04 18:50:00,-67.13742531233025,-59.46948618067149,-7.667939131658763
SC,83631,TREZE TÍLIAS,0047,2026-10-04 18:36:13,-59.83867942224723,-50.78264315434912,-9.056036267898115
SC,83658,TROMBUDO CENTRAL,0057,2026-10-04 18:25:55,-59.29125138427464,-54.08569421681105,-5.2055571674635885
SC,83593,TRÊS BARRAS,0008,2026-10-04 19:07:02,-31.979558902635826,-19.030616799071677,-12.94894210356415
SC,83674,TUBARÃO,0033,2026-10-04 19:24:15,-47.00643125834243,-41.64890014798465,-5.357531110357783
SC,83674,TUBARÃO,0099,2026-10-04 19:16:39,-54.155658538698084,-47.076295606685285,-7.079362932012799
SC,83682,TUNÁPOLIS,0065,2026-10-04 19:08:40,-54.97996565540927,-45.66403881140085,-9.315926844008423
SC,83690,TURVO,0042,2026-10-04 20:43:30,-65.01371115173674,-59.385055416517694,-5.6286557352190485
SC,80144,UNIÃO DO OESTE,0078,2026-10-04 17:57:27,-32.32971372161895,-20.81120231772091,-11.518511403898042
SC,83712,URUBICI,0004,2026-10-04 18:37:15,-52.83446712018141,-38.44802810154878,-14.386439018632629
SC,80160,URUPEMA,0028,2026-10-04 20:32:12,-34.855403348554034,-11.19832548403977,-23.657077864514264
SC,83739,URUSSANGA,0034,2026-10-04 19:16:13,-54.473287290624754,-47.42041712403952,-7.052870166585237
SC,80462,VARGEM,0007,2026-10-04 20:19:41,-19.980833732630572,6.416040100250626,-26.396873832881198
SC,80969,VARGEM BONITA,0063,2026-10-04 19:14:55,-27.87293677981937,-12.453760789149198,-15.41917599067017
SC,83755,VARGEÃO,0063,2026-10-04 18:57:36,-22.519083969465647,-3.7835638730675347,-18.735520096398112
SC,83771,VIDAL RAMOS,0039,2026-10-04 18:57:37,-56.95319531953195,-40.496054114994365,-16.457141204537585
SC,83798,VIDEIRA,0036,2026-10-04 19:28:57,-48.49939975990396,-37.67492291532545,-10.824476844578506
SC,80128,VITOR MEIRELES,0014,2026-10-04 20:35:22,-46.94901086653664,-32.2014714204867,-14.747539446049942
SC,83810,WITMARSUM,0014,2026-10-04 18:12:04,-54.21436004162331,-37.13566030946384,-17.07869973215947
SC,83836,XANXERÊ,0043,2026-10-04 19:22:37,-31.194932946463325,-16.87605872388481,-14.318874222578515
SC,83852,XAVANTINA,0061,2026-10-04 19:04:33,-27.636234961075726,-8.872581721147432,-18.763653239928296
SC,83879,XAXIM,0048,2026-10-04 18:33:18,-40.24911995667479,-27.343280319178007,-12.905839637496783
SC,81825,ZORTÉA,0037,2026-10-04 19:04:47,-28.71174914998111,-11.879139072847682,-16.832610077133427
SC,80071,ÁGUA DOCE,0085,2026-10-04 18:48:44,-50.41782729805014,-37.855327016408594,-12.562500281641547
SC,80098,ÁGUAS DE CHAPECÓ,0070,2026-10-04 19:14:56,-11.84,11.780313080392677,-23.620313080392677
SC,80500,ÁGUAS FRIAS,0066,2026-10-04 18:42:08,-27.346938775510203,-8.188235294117646,-19.158703481392557
SC,80110,ÁGUAS MORNAS,0067,2026-10-04 20:56:36,-50.19448045934433,-36.99146656082556,-13.203013898518769
SE,31011,AMPARO DE SÃO FRANCISCO,0019,2026-10-04 19:17:09,36.5002030044661,42.963307013469574,-6.463104009003473
SE,31038,AQUIDABÃ,0003,2026-10-04 20:32:25,44.64115882654181,53.14374756525127,-8.502588738709456
SE,31054,ARACAJU,0001,2026-10-04 20:51:31,19.153015146146227,17.81171842318407,1.3412967229621557
SE,31054,ARACAJU,0002,2026-10-04 19:16:54,12.459783818849663,10.978016509069692,1.481767309779972
SE,31054,ARACAJU,0027,2026-10-04 19:28:51,18.770116282197257,17.929262478317735,0.8408538038795221
SE,31070,ARAUÁ,0004,2026-10-04 20:54:58,52.7994705493051,56.24215371739434,-3.442683168089239
SE,31097,AREIA BRANCA,0013,2026-10-04 19:29:33,39.88972101061641,44.08294601358598,-4.1932250029695695
SE,31119,BARRA DOS COQUEIROS,0002,2026-10-04 19:20:53,23.514821778613435,24.43196725612636,-0.9171454775129249
SE,31151,BOQUIM,0004,2026-10-04 20:54:58,38.28906111341182,43.952267899537674,-5.663206786125855
SE,31135,BREJO GRANDE,0015,2026-10-04 21:00:18,51.91956124314442,57.689477557027224,-5.769916313882803
SE,31194,CAMPO DO BRITO,0024,2026-10-04 20:10:27,43.5762026569849,48.52139730188511,-4.945194644900212
SE,31216,CANHOBA,0008,2026-10-04 20:11:32,56.13713687516357,59.63979923235902,-3.5026623571954474
SE,31232,CANINDÉ DE SÃO FRANCISCO,0028,2026-10-04 20:55:20,46.51459651459651,56.438989683386694,-9.924393168790182
SE,31259,CAPELA,0005,2026-10-04 20:48:56,37.49303621169916,41.0194556610205,-3.526419449321338
SE,31275,CARIRA,0029,2026-10-04 20:24:58,39.69604863221885,45.78350675570741,-6.08745812348856
SE,31291,CARMÓPOLIS,0014,2026-10-04 20:32:25,34.462151394422314,35.70357678303705,-1.2414253886147364
SE,31313,CEDRO DE SÃO JOÃO,0003,2026-10-04 20:10:27,33.36380255941499,39.93937980881324,-6.5755772493982505
SE,31330,CRISTINÁPOLIS,0030,2026-10-04 19:14:51,51.175223522905334,61.63956771492552,-10.464344192020185
SE,31372,CUMBE,0016,2026-10-04 21:00:39,22.996130458817024,28.144927536231883,-5.148797077414859
SE,31399,DIVINA PASTORA,0014,2026-10-04 20:33:55,53.60556038227628,57.05086928525434,-3.445308902978063
SE,31410,ESTÂNCIA,0006,2026-10-04 20:56:09,45.07876042417379,46.55228580736236,-1.4735253831885728
SE,31437,FEIRA NOVA,0016,2026-10-04 19:10:03,47.94572902732658,53.725574404122824,-5.779845376796246
SE,31453,FREI PAULO,0024,2026-10-04 20:56:09,18.560211900482454,25.560756777842794,-7.0005448773603405
SE,31496,GARARU,0008,2026-10-04 21:05:05,61.48936170212766,67.70775237032906,-6.218390668201401
SE,31470,GENERAL MAYNARD,0014,2026-10-04 19:29:33,47.46526473901615,49.71020954079358,-2.2449448017774287
SE,31518,GRACCHO CARDOSO,0003,2026-10-04 19:22:08,54.012112036336106,62.50763281090983,-8.495520774573727
SE,31534,ILHA DAS FLORES,0015,2026-10-04 19:11:43,51.258777187874635,57.25865880619013,-5.9998816183154915
SE,31550,INDIAROBA,0035,2026-10-04 20:34:06,59.02296042989741,61.21637182037056,-2.193411390473152
SE,31577,ITABAIANA,0009,2026-10-04 19:20:53,18.792996641778878,24.142926122646063,-5.349929480867186
SE,31593,ITABAIANINHA,0030,2026-10-04 21:55:16,21.751467330042367,28.402293634751043,-6.650826304708676
SE,31615,ITABI,0008,2026-10-04 19:24:34,37.5,46.50112866817156,-9.00112866817156
SE,31631,ITAPORANGA D'AJUDA,0031,2026-10-04 20:56:24,40.42581503659348,40.21641966596095,0.209395370632528
SE,31658,JAPARATUBA,0011,2026-10-04 21:17:16,48.178246115377746,51.15928369462771,-2.981037579249964
SE,31674,JAPOATÃ,0019,2026-10-04 19:29:34,49.191192990339246,52.88270377733598,-3.691510786996737
SE,31690,LAGARTO,0012,2026-10-04 19:29:33,36.976969991200654,41.78175772440699,-4.804787733206332
SE,31712,LARANJEIRAS,0013,2026-10-04 18:47:41,36.98414548845885,35.336595846264025,1.647549642194825
SE,31739,MACAMBIRA,0024,2026-10-04 19:10:20,40.107347769757546,43.10549190043461,-2.998144130677062
SE,31755,MALHADA DOS BOIS,0005,2026-10-04 18:59:25,49.39357186173439,57.314228590469845,-7.920656728735459
SE,31771,MALHADOR,0026,2026-10-04 19:22:08,43.55977599220842,47.9519595448799,-4.392183552671476
SE,31798,MARUIM,0014,2026-10-04 19:11:43,54.96993987975952,54.85620714358817,0.11373273617135027
SE,31810,MOITA BONITA,0026,2026-10-04 19:10:45,25.936752591017804,32.491936614780535,-6.555184023762731
SE,31836,MONTE ALEGRE DE SERGIPE,0018,2026-10-04 20:59:38,37.40165422634658,47.782016348773844,-10.380362122427265
SE,31852,MURIBECA,0005,2026-10-04 20:25:58,40.78043878747278,45.738231098430816,-4.957792310958034
SE,31879,NEÓPOLIS,0015,2026-10-04 20:59:38,48.43679202537381,49.898403483309146,-1.4616114579353336
SE,31356,NOSSA SENHORA APARECIDA,0026,2026-10-04 18:55:46,27.128016085790886,30.193570687867265,-3.0655546020763786
SE,31895,NOSSA SENHORA DA GLÓRIA,0017,2026-10-04 20:53:19,46.18107227607288,55.12436055741753,-8.94328828134465
SE,31917,NOSSA SENHORA DAS DORES,0016,2026-10-04 20:19:06,28.958419589519135,29.243593701759803,-0.2851741122406679
SE,31933,NOSSA SENHORA DE LOURDES,0008,2026-10-04 20:57:06,55.162990435291825,59.96919014084507,-4.806199705553247
SE,31950,NOSSA SENHORA DO SOCORRO,0034,2026-10-04 20:59:19,18.67635189669088,17.941425167191944,0.7349267294989339
SE,31976,PACATUBA,0015,2026-10-04 20:59:19,62.01123595505618,63.093949236136176,-1.0827132810799966
SE,31992,PEDRA MOLE,0029,2026-10-04 19:02:27,38.69516310461192,43.5515484123873,-4.856385307775376
SE,32018,PEDRINHAS,0004,2026-10-04 20:33:55,42.596848325673015,47.805413313825895,-5.2085649881528795
SE,32034,PINHÃO,0029,2026-10-04 20:14:26,49.307604994324635,53.25099044511769,-3.943385450793052
SE,32050,PIRAMBU,0011,2026-10-04 19:03:46,45.59544520006326,45.41858932102834,0.1768558790349175
SE,32115,PORTO DA FOLHA,0018,2026-10-04 21:56:46,50.59387164387663,57.51321279554937,-6.919341151672739
SE,32077,POÇO REDONDO,0028,2026-10-04 21:02:06,43.61659050153295,55.294563364273536,-11.677972862740589
SE,32093,POÇO VERDE,0022,2026-10-04 20:36:07,48.80312976593064,55.91146549353863,-7.108335727607987
SE,32131,PROPRIÁ,0019,2026-10-04 20:10:27,23.519415948140225,29.714955095665754,-6.19553914752553
SE,32174,RIACHUELO,0013,2026-10-04 18:48:39,47.51567776169802,50.177763413057534,-2.6620856513595115
SE,32158,RIACHÃO DO DANTAS,0004,2026-10-04 19:29:33,59.85046201594131,61.45297232788842,-1.602510311947107
SE,32190,RIBEIRÓPOLIS,0026,2026-10-04 18:32:09,29.93990809473312,37.926123720516244,-7.9862156257831245
SE,32212,ROSÁRIO DO CATETE,0014,2026-10-04 19:29:33,50.892725394717424,49.524996106525464,1.3677292881919598
SE,32239,SALGADO,0031,2026-10-04 21:07:17,49.7896508203618,55.261366215296164,-5.471715394934364
SE,32255,SANTA LUZIA DO ITANHY,0035,2026-10-04 20:11:09,55.85201793721973,60.02239641657335,-4.170378479353623
SE,32298,SANTA ROSA DE LIMA,0026,2026-10-04 19:10:03,40.783034257748774,47.684759276295615,-6.901725018546841
SE,31003,SANTANA DO SÃO FRANCISCO,0015,2026-10-04 19:20:52,41.18988391376451,47.61796216093002,-6.428078247165509
SE,32310,SANTO AMARO DAS BROTAS,0011,2026-10-04 19:03:46,63.87364475973765,65.85330845414094,-1.9796636944032926
SE,32417,SIMÃO DIAS,0022,2026-10-04 19:24:34,41.69943282647274,52.19336534264513,-10.493932516172393
SE,32433,SIRIRI,0005,2026-10-04 20:56:25,50.018628912071534,50.173210161662816,-0.15458124959128128
SE,32336,SÃO CRISTÓVÃO,0021,2026-10-04 20:03:58,29.67544073442197,29.76527420144283,-0.08983346702085981
SE,32352,SÃO DOMINGOS,0024,2026-10-04 19:30:21,29.701230228471,36.30300957592339,-6.601779347452389
SE,32379,SÃO FRANCISCO,0019,2026-10-04 19:31:50,42.52761533463288,50.948800572860726,-8.42118523822785
SE,32395,SÃO MIGUEL DO ALEIXO,0017,2026-10-04 20:52:18,45.321915635902315,50.3295978905735,-5.007682254671188
SE,32450,TELHA,0019,2026-10-04 19:02:44,34.006054490413725,36.240444753300906,-2.2343902628871817
SE,32476,TOBIAS BARRETO,0023,2026-10-04 20:59:38,32.59350235400766,39.27927367701014,-6.685771323002477
SE,32492,TOMAR DO GERU,0030,2026-10-04 21:01:57,39.28164917162008,42.241379310344826,-2.959730138724744
SE,32514,UMBAÚBA,0035,2026-10-04 20:07:44,33.56825894022448,41.82414604578193,-8.255887105557449
SP,61018,ADAMANTINA,0157,2026-10-04 18:29:14,-51.14726299613163,-44.91684890403295,-6.230414092098677
SP,61034,ADOLFO,0064,2026-10-04 18:39:50,-37.31493943472409,-23.378728923476004,-13.936210511248085
SP,61050,AGUAÍ,0122,2026-10-04 19:29:43,-25.080385852090032,-16.065977929091336,-9.014407922998696
SP,61131,AGUDOS,0007,2026-10-04 19:13:54,-38.124493975329806,-28.902789826948542,-9.221704148381264
SP,61581,ALAMBARI,0052,2026-10-04 20:44:51,-38.55888429752066,-28.029700344736145,-10.529183952784518
SP,61158,ALFREDO MARCONDES,0182,2026-10-04 18:46:40,-30.486593843098312,-19.410801963993453,-11.075791879104859
SP,61174,ALTAIR,0080,2026-10-04 18:55:29,-24.496056091148116,-7.084233261339093,-17.411822829809022
SP,61190,ALTINÓPOLIS,0202,2026-10-04 18:09:56,-16.029873362918064,-1.4944629609719384,-14.535410401946125
SP,61212,ALTO ALEGRE,0289,2026-10-04 18:41:18,-43.19164265129683,-34.17627370769803,-9.015368943598801
SP,61220,ALUMÍNIO,0131,2026-10-04 20:57:31,-11.988689915174364,-1.3234077750206783,-10.665282140153685
SP,61298,ALVINLÂNDIA,0047,2026-10-04 19:14:53,-11.711711711711711,-3.490136570561457,-8.221575141150254
SP,61310,AMERICANA,0158,2026-10-04 19:23:28,-37.04496424264044,-32.40090919648931,-4.644055046151131
SP,61310,AMERICANA,0384,2026-10-04 19:29:45,-35.097786927431805,-29.077912794853468,-6.019874132578337
SP,61379,AMPARO,0008,2026-10-04 21:19:49,-39.24609722045945,-31.806206088992973,-7.439891131466474
SP,61336,AMÉRICO BRASILIENSE,0239,2026-10-04 19:11:48,2.7568552158716093,13.384709942792304,-10.627854726920695
SP,61352,AMÉRICO DE CAMPOS,0138,2026-10-04 17:49:26,-35.754189944134076,-23.366182572614107,-12.388007371519969
SP,61395,ANALÂNDIA,0245,2026-10-04 18:33:24,-39.52153110047847,-29.746423927178153,-9.775107173300317
SP,61417,ANDRADINA,0009,2026-10-04 20:12:59,-30.94153135228804,-22.127013065937405,-8.814518286350637
SP,61433,ANGATUBA,0215,2026-10-04 21:08:58,-18.564965473450275,-7.78312878670188,-10.781836686748395
SP,61450,ANHEMBI,0041,2026-10-04 18:38:14,-31.18101545253863,-16.9054441260745,-14.275571326464132
SP,61476,ANHUMAS,0182,2026-10-04 20:14:05,-28.39700669554943,-14.865392118611002,-13.531614576938427
SP,61492,APARECIDA,0190,2026-10-04 19:20:46,-26.185314355735695,-22.0109439124487,-4.174370443286996
SP,61514,APARECIDA D'OESTE,0232,2026-10-04 18:09:26,-14.22082459818309,-2.751031636863824,-11.469792961319264
SP,61530,APIAÍ,0010,2026-10-04 19:17:17,-14.072446195816914,-2.287083424090612,-11.785362771726302
SP,61590,ARAMINA,0050,2026-10-04 18:11:14,-12.455726092089728,7.144974799881411,-19.60070089197114
SP,61611,ARANDU,0301,2026-10-04 19:20:45,-34.90909090909091,-14.278937381404175,-20.63015352768673
SP,61646,ARAPEÍ,0018,2026-10-04 19:17:17,-4.543025120256547,4.1034288926363125,-8.64645401289286
SP,61638,ARARAQUARA,0013,2026-10-04 19:22:55,-6.249639665609686,-3.856458246858609,-2.3931814187510767
SP,61638,ARARAQUARA,0385,2026-10-04 19:08:28,2.730361455646977,8.144114168367148,-5.4137527127201714
SP,61654,ARARAS,0014,2026-10-04 20:04:44,-38.48929747530187,-32.11731234544923,-6.371985129852639
SP,61263,ARAÇARIGUAMA,0131,2026-10-04 20:53:48,-21.2730451366815,-9.413925263494091,-11.859119873187408
SP,61557,ARAÇATUBA,0011,2026-10-04 19:23:59,-41.051887143601576,-37.124247612659524,-3.927639530942052
SP,61557,ARAÇATUBA,0299,2026-10-04 19:25:08,-36.48813034503097,-31.964441345651036,-4.523688999379932
SP,61573,ARAÇOIABA DA SERRA,0294,2026-10-04 20:49:42,-36.55318708609271,-28.802210649378257,-7.750976436714456
SP,62065,ARCO-ÍRIS,0143,2026-10-04 19:01:25,-42.384105960264904,-24.83582089552239,-17.548285064742515
SP,61670,AREALVA,0300,2026-10-04 18:45:11,-39.8980948161276,-27.387041773231033,-12.51105304289657
SP,61697,AREIAS,0042,2026-10-04 19:03:33,13.825757575757576,26.840670042851578,-13.014912467094002
SP,61719,AREIÓPOLIS,0129,2026-10-04 18:41:18,-14.472199838839645,-6.747787610619469,-7.724412228220175
SP,61735,ARIRANHA,0111,2026-10-04 19:07:50,-33.93636930754835,-23.70471367354889,-10.231655633999456
SP,61778,ARUJÁ,0335,2026-10-04 19:14:55,-17.290396907982757,-9.403207758299143,-7.887189149683614
SP,61522,ASPÁSIA,0427,2026-10-04 18:21:57,-18.20054945054945,-14.472777394900069,-3.72777205564938
SP,61794,ASSIS,0015,2026-10-04 20:52:06,-30.124435936004375,-21.401681868409717,-8.722754067594657
SP,61816,ATIBAIA,0016,2026-10-04 20:45:58,-31.258705126477064,-23.37376593173579,-7.884939194741275
SP,61832,AURIFLAMA,0225,2026-10-04 18:30:50,-40.193003618817855,-30.7230334432407,-9.469970175577156
SP,61875,AVANHANDAVA,0289,2026-10-04 19:10:01,-14.426588750913075,1.934809133693568,-16.361397884606642
SP,61891,AVARÉ,0017,2026-10-04 19:07:53,-32.848925219497424,-22.98785594639866,-9.861069273098764
SP,61859,AVAÍ,0300,2026-10-04 19:20:46,-7.557944239166947,4.319155951203429,-11.877100190370376
SP,61913,BADY BASSITT,0126,2026-10-04 19:02:29,-39.85685884691849,-34.6981965403018,-5.158662306616691
SP,61930,BALBINOS,0095,2026-10-04 19:13:20,-22.24448897795591,-12.154696132596685,-10.089792845359225
SP,61972,BANANAL,0018,2026-10-04 18:47:55,1.8410852713178294,13.8849487785658,-12.04386350724797
SP,61999,BARBOSA,0289,2026-10-04 19:04:03,-22.55118981737687,-9.393702836325787,-13.157486981051083
SP,62030,BARIRI,0019,2026-10-04 18:16:02,-43.38014644100348,-39.10997732426304,-4.2701691167404405
SP,62057,BARRA BONITA,0200,2026-10-04 19:05:24,-36.16123740332787,-26.691372531296604,-9.469864872031263
SP,61360,BARRA DO CHAPÉU,0010,2026-10-04 18:48:56,-21.28489942960072,4.6893317702227435,-25.974231199823464
SP,62073,BARRA DO TURVO,0228,2026-10-04 18:28:26,-5.2504234212436485,5.763097949886105,-11.013521371129753
SP,62090,BARRETOS,0021,2026-10-04 19:07:49,-28.065939019285874,-21.058486967577878,-7.007452051707997
SP,62111,BARRINHA,0135,2026-10-04 21:25:58,-5.304821065361992,7.21375494928676,-12.518576014648751
SP,62138,BARUERI,0199,2026-10-04 21:01:13,-5.283928404722097,3.001792506448651,-8.285720911170749
SP,62138,BARUERI,0386,2026-10-04 21:27:50,-10.790500172813903,-2.014363987859726,-8.776136184954177
SP,62014,BARÃO DE ANTONINA,0056,2026-10-04 18:32:01,-14.965652600588813,1.3151239251390996,-16.280776525727912
SP,62154,BASTOS,0184,2026-10-04 19:12:20,-49.25974666886001,-39.717509787364705,-9.542236881495306
SP,62170,BATATAIS,0022,2026-10-04 19:13:55,-20.14368176684653,-8.212873733629849,-11.930808033216682
SP,62197,BAURU,0023,2026-10-04 19:12:53,-26.062872353910507,-21.636146741603433,-4.426725612307074
SP,62197,BAURU,0300,2026-10-04 19:20:43,-23.719812381284644,-17.31842569586979,-6.4013866854148525
SP,62197,BAURU,0387,2026-10-04 18:44:33,-21.921585262392437,-15.110993033415987,-6.81059222897645
SP,62219,BEBEDOURO,0024,2026-10-04 20:04:44,-40.210110356127416,-34.417566932832315,-5.7925434232951005
SP,62235,BENTO DE ABREU,0146,2026-10-04 18:39:17,-22.2007722007722,-15.747549019607844,-6.453223181164356
SP,62251,BERNARDINO DE CAMPOS,0114,2026-10-04 18:21:06,-31.411495869221305,-20.99884621724081,-10.412649651980495
SP,61280,BERTIOGA,0272,2026-10-04 21:18:37,-16.779118840891375,-10.198438985052274,-6.580679855839101
SP,62278,BILAC,0210,2026-10-04 18:10:54,-41.09328830730266,-36.388422818791945,-4.704865488510713
SP,62294,BIRIGUI,0025,2026-10-04 19:24:27,-47.08162444712505,-42.04681412399914,-5.03481032312591
SP,62316,BIRITIBA MIRIM,0319,2026-10-04 20:59:24,-24.083922622874173,-14.601744683277268,-9.482177939596905
SP,62332,BOA ESPERANÇA DO SUL,0107,2026-10-04 19:12:23,-3.701047195524315,18.296488946684004,-21.997536142208318
SP,62359,BOCAINA,0241,2026-10-04 18:13:33,-42.42088607594937,-31.696361730798024,-10.724524345151345
SP,62375,BOFETE,0041,2026-10-04 18:16:01,-25.920471281296024,-18.57267188859878,-7.347799392697244
SP,62391,BOITUVA,0369,2026-10-04 21:07:03,-33.68691090421699,-28.633054731733623,-5.053856172483364
SP,62413,BOM JESUS DOS PERDÕES,0016,2026-10-04 20:45:26,-30.295978474292777,-19.73403864521343,-10.561939829079346
SP,61786,BOM SUCESSO DE ITARARÉ,0057,2026-10-04 18:38:14,-7.833537331701346,13.899920571882447,-21.733457903583794
SP,62456,BORACÉIA,0086,2026-10-04 19:04:48,-29.564919492977047,-12.640545144804088,-16.92437434817296
SP,62472,BORBOREMA,0055,2026-10-04 20:10:45,-42.595134123518406,-34.29158110882957,-8.303553014688838
SP,61026,BOREBI,0161,2026-10-04 18:43:21,-28.006681514476615,-12.828162291169452,-15.178519223307163
SP,62430,BORÁ,0012,2026-10-04 17:54:31,-35.27980535279806,-15.451174289245984,-19.828631063552073
SP,62499,BOTUCATU,0026,2026-10-04 19:15:28,-19.284368644966502,-13.12427979503273,-6.160088849933771
SP,62510,BRAGANÇA PAULISTA,0027,2026-10-04 19:07:53,-35.28232294477313,-29.487430304215984,-5.794892640557144
SP,62510,BRAGANÇA PAULISTA,0298,2026-10-04 19:01:53,-34.54091539528433,-28.30188679245283,-6.2390286028315
SP,62553,BRAÚNA,0289,2026-10-04 18:57:46,-41.12977099236641,-35.004530353367564,-6.1252406389988465
SP,62081,BREJO ALEGRE,0025,2026-10-04 19:24:27,-6.367226061204343,11.284451378055122,-17.651677439259466
SP,62570,BRODOWSKI,0204,2026-10-04 19:17:16,-42.63278761389733,-31.024660820028483,-11.608126793868845
SP,62596,BROTAS,0028,2026-10-04 18:34:14,-42.968997152799744,-35.5632183908046,-7.405778761995144
SP,62634,BURITAMA,0214,2026-10-04 18:47:55,-34.07376362112322,-24.887868989256283,-9.185894631866937
SP,62650,BURITIZAL,0050,2026-10-04 18:12:43,-42.38578680203046,-36.429809358752166,-5.955977443278293
SP,61956,BÁLSAMO,0072,2026-10-04 19:12:23,-44.06020426446873,-27.95925535651563,-16.1009489079531
SP,62693,CABREÚVA,0059,2026-10-04 21:02:49,-30.809859154929576,-19.735345415939943,-11.074513738989634
SP,62677,CABRÁLIA PAULISTA,0159,2026-10-04 18:09:27,-18.5751585229392,-2.322834645669291,-16.25232387726991
SP,62731,CACHOEIRA PAULISTA,0145,2026-10-04 18:46:41,-21.819807735300692,-13.521537298931232,-8.29827043636946
SP,62758,CACONDE,0030,2026-10-04 18:47:57,-19.77895944114274,-8.430261457401333,-11.348697983741406
SP,62774,CAFELÂNDIA,0031,2026-10-04 19:12:22,-29.55447228205419,-20.293267687038423,-9.261204595015766
SP,62812,CAIEIRAS,0192,2026-10-04 19:22:55,-7.947830410586908,0.9907628128724673,-8.938593223459375
SP,62839,CAIUÁ,0102,2026-10-04 19:29:43,0.6844106463878327,16.924157303370787,-16.239746656982955
SP,62855,CAJAMAR,0354,2026-10-04 21:00:34,-10.68063428834074,2.9555208739758094,-13.636155162316548
SP,61484,CAJATI,0228,2026-10-04 19:15:29,-39.291265153870064,-31.022961973028792,-8.268303180841272
SP,62871,CAJOBI,0171,2026-10-04 19:03:06,-31.53153153153153,-18.87480465358569,-12.65672687794584
SP,62898,CAJURU,0032,2026-10-04 18:17:52,-14.251675353685778,-1.042431361033622,-13.209243992652157
SP,61506,CAMPINA DO MONTE ALEGRE,0215,2026-10-04 18:45:08,-27.74122807017544,-16.516516516516518,-11.22471155365892
SP,62910,CAMPINAS,0033,2026-10-04 20:56:58,-14.916251697600725,-13.344725803945938,-1.571525893654787
SP,62910,CAMPINAS,0274,2026-10-04 21:02:49,-19.690414383232383,-20.256045122019323,0.5656307387869397
SP,62910,CAMPINAS,0275,2026-10-04 20:30:06,-6.499964564976023,-6.989578024218352,0.4896134592423289
SP,62910,CAMPINAS,0378,2026-10-04 20:58:03,-10.180370645486924,-1.3925965773459301,-8.787774068140994
SP,62910,CAMPINAS,0379,2026-10-04 20:51:31,-9.414573584184891,-5.035507872747919,-4.379065711436972
SP,62910,CAMPINAS,0380,2026-10-04 20:52:42,-18.983167634609707,-15.9444495286904,-3.0387181059193065
SP,62910,CAMPINAS,0423,2026-10-04 21:02:49,-18.934827149235524,-14.921431784216711,-4.0133953650188126
SP,62936,CAMPO LIMPO PAULISTA,0344,2026-10-04 19:29:45,-18.01394126385556,-11.887433284813197,-6.126507979042364
SP,62952,CAMPOS DO JORDÃO,0035,2026-10-04 19:15:27,-29.718875502008032,-19.623626672468184,-10.095248829539848
SP,62979,CAMPOS NOVOS PAULISTA,0083,2026-10-04 19:20:44,-32.78227224762575,-23.69735902926481,-9.084913218360938
SP,62995,CANANÉIA,0036,2026-10-04 20:40:26,-15.682531024137461,-12.63586956521739,-3.0466614589200702
SP,62103,CANAS,0068,2026-10-04 19:20:08,-22.298400261181847,-14.251861882193635,-8.046538378988211
SP,61344,CANITAR,0313,2026-10-04 17:41:12,-15.76086956521739,1.3297872340425532,-17.090656799259943
SP,63070,CAPELA DO ALTO,0140,2026-10-04 20:53:48,-41.62003485918723,-31.133547498852685,-10.486487360334543
SP,63096,CAPIVARI,0038,2026-10-04 20:10:46,-38.287153652392945,-32.194752427518765,-6.09240122487418
SP,63053,CAPÃO BONITO,0037,2026-10-04 19:24:27,-27.787805069449895,-17.552596023933603,-10.235209045516292
SP,63118,CARAGUATATUBA,0206,2026-10-04 19:09:05,-20.828614085667216,-15.455732567249935,-5.37288151841728
SP,63134,CARAPICUÍBA,0303,2026-10-04 20:56:25,3.692230225277492,10.843729966960895,-7.151499741683403
SP,63134,CARAPICUÍBA,0388,2026-10-04 21:15:25,2.3892306320763126,12.227248869004473,-9.83801823692816
SP,63150,CARDOSO,0224,2026-10-04 18:18:46,-15.124118908979467,-4.035940491972308,-11.088178417007159
SP,63177,CASA BRANCA,0039,2026-10-04 18:35:13,-35.38304243043891,-29.5558639833449,-5.827178447094013
SP,63215,CASTILHO,0009,2026-10-04 19:20:44,2.120456165359943,13.844950460629237,-11.724494295269293
SP,63231,CATANDUVA,0040,2026-10-04 18:41:17,-41.404223491780584,-34.01138392516519,-7.392839566615393
SP,63258,CATIGUÁ,0179,2026-10-04 18:45:42,-35.717592592592595,-29.703196347031962,-6.014396245560633
SP,62715,CAÇAPAVA,0029,2026-10-04 19:31:41,-31.069913704841305,-28.43856455363097,-2.6313491512103333
SP,63274,CEDRAL,0312,2026-10-04 18:45:09,-43.26612282591965,-38.85841618100788,-4.4077066449117694
SP,63290,CERQUEIRA CÉSAR,0205,2026-10-04 18:28:27,-31.60198424277794,-15.753676470588236,-15.848307772189706
SP,63312,CERQUILHO,0355,2026-10-04 19:12:53,-46.97840375586854,-39.72520684362248,-7.253196912246061
SP,63339,CESÁRIO LANGE,0355,2026-10-04 19:22:54,-45.04965700829323,-35.64625850340136,-9.403398504891868
SP,63355,CHARQUEADA,0244,2026-10-04 19:03:33,-42.44545915778792,-34.78129103949894,-7.664168118288984
SP,63371,CHAVANTES,0313,2026-10-04 18:10:53,-27.186253451979134,-16.899582192767614,-10.28667125921152
SP,63398,CLEMENTINA,0025,2026-10-04 18:13:34,-35.5783308931186,-24.195871339414307,-11.38245955370429
SP,63410,COLINA,0178,2026-10-04 18:45:10,-17.320007762468464,-2.1460843373493974,-15.173923425119067
SP,63436,COLÔMBIA,0021,2026-10-04 19:21:28,-9.847936278059377,-0.8978403300169862,-8.95009594804239
SP,63452,CONCHAL,0075,2026-10-04 20:49:08,-47.46627779803135,-41.72189384440862,-5.74438395362273
SP,63479,CONCHAS,0041,2026-10-04 19:08:27,-42.44836737048575,-35.12410013967981,-7.324267230805937
SP,63495,CORDEIRÓPOLIS,0243,2026-10-04 19:09:05,-38.54700286075444,-27.183427998663547,-11.363574862090893
SP,63517,COROADOS,0025,2026-10-04 19:26:09,-41.19922630560929,-33.830845771144276,-7.368380534465011
SP,63533,CORONEL MACEDO,0236,2026-10-04 19:22:56,10.051635111876076,25.392058725392058,-15.340423613515982
SP,63550,CORUMBATAÍ,0245,2026-10-04 18:42:17,-45.46534653465346,-36.21955933513723,-9.245787199516236
SP,63592,COSMORAMA,0138,2026-10-04 18:59:23,-29.353512705530644,-18.708364174685418,-10.645148530845226
SP,63576,COSMÓPOLIS,0360,2026-10-04 19:00:23,-17.63003138425912,-12.529698265621288,-5.100333118637831
SP,63614,COTIA,0227,2026-10-04 20:23:04,-3.6564570787195927,4.91948175135275,-8.575938830072342
SP,63614,COTIA,0286,2026-10-04 20:10:48,-5.868467506876309,6.405207419348256,-12.273674926224565
SP,63630,CRAVINHOS,0293,2026-10-04 20:52:42,-35.13697553821172,-28.931435963777492,-6.20553957443423
SP,63657,CRISTAIS PAULISTA,0240,2026-10-04 18:13:33,-24.61767997016039,-12.192902638762511,-12.424777331397877
SP,63690,CRUZEIRO,0042,2026-10-04 20:20:34,-22.988973138469635,-14.538251929197866,-8.45072120927177
SP,63673,CRUZÁLIA,0290,2026-10-04 18:46:40,-38.48600508905852,-22.35441452723857,-16.13159056181995
SP,63711,CUBATÃO,0119,2026-10-04 20:28:02,1.8696916982180187,7.557125168842863,-5.687433470624844
SP,63738,CUNHA,0043,2026-10-04 19:12:22,-20.806427391500225,-6.4350840177831365,-14.371343373717089
SP,63193,CÁSSIA DOS COQUEIROS,0032,2026-10-04 17:52:44,-14.388489208633093,-2.8272251308900525,-11.56126407774304
SP,63010,CÂNDIDO MOTA,0226,2026-10-04 18:56:03,-42.54023997658765,-34.15821960473413,-8.382020371853521
SP,63037,CÂNDIDO RODRIGUES,0139,2026-10-04 17:51:50,-44.06204556471158,-29.188619599578505,-14.873425965133077
SP,63754,DESCALVADO,0044,2026-10-04 19:02:30,-41.666666666666664,-32.44903658196035,-9.217630084706315
SP,63770,DIADEMA,0222,2026-10-04 19:00:27,7.316573410040192,13.622839120473683,-6.306265710433491
SP,63770,DIADEMA,0329,2026-10-04 20:10:47,17.467188658744803,26.227285490793854,-8.76009683204905
SP,63770,DIADEMA,0426,2026-10-04 19:04:05,18.06031186621006,28.076631670094166,-10.016319803884105
SP,61123,DIRCE REIS,0152,2026-10-04 18:32:19,-13.220599538816295,1.521216973578863,-14.741816512395157
SP,63797,DIVINOLÂNDIA,0229,2026-10-04 18:51:31,-43.32575972735018,-31.792795308573023,-11.532964418777158
SP,63819,DOBRADA,0170,2026-10-04 19:05:25,-1.1345218800648298,14.648637574267568,-15.783159454332397
SP,63835,DOIS CÓRREGOS,0241,2026-10-04 18:41:18,-37.77087437490529,-27.72973765205921,-10.04113672284608
SP,63851,DOLCINÓPOLIS,0233,2026-10-04 18:45:10,13.067552602436324,24.46043165467626,-11.392879052239936
SP,63878,DOURADO,0107,2026-10-04 18:41:18,-28.123101842478235,-10.25440313111546,-17.868698711362775
SP,63894,DRACENA,0149,2026-10-04 18:57:46,-48.80055673816931,-38.398373347931496,-10.402183390237816
SP,63916,DUARTINA,0159,2026-10-04 18:09:55,-26.08878898567013,-14.795032714648151,-11.29375627102198
SP,63932,DUMONT,0293,2026-10-04 20:14:35,-37.35047312979825,-24.701341665135086,-12.649131464663167
SP,63959,ECHAPORÃ,0015,2026-10-04 19:29:47,-35.4054054054054,-22.564766839378237,-12.840638566027167
SP,63975,ELDORADO,0148,2026-10-04 19:13:21,-12.054237288135592,-5.897987596506772,-6.156249691628821
SP,63991,ELIAS FAUSTO,0358,2026-10-04 20:10:46,-40.257335022906716,-31.662804171494784,-8.594530851411932
SP,61760,ELISIÁRIO,0040,2026-10-04 18:09:27,-41.534772182254194,-31.379962192816635,-10.15480998943756
SP,61182,EMBAÚBA,0171,2026-10-04 19:00:57,-26.963350785340314,-12.015503875968992,-14.947846909371322
SP,64017,EMBU DAS ARTES,0341,2026-10-04 20:49:07,3.6414792078941347,13.329211665197775,-9.68773245730364
SP,64017,EMBU DAS ARTES,0391,2026-10-04 19:29:47,12.984024718953389,24.480095825475306,-11.496071106521917
SP,64033,EMBU-GUAÇU,0370,2026-10-04 18:57:45,-4.4008796395623255,6.648685784076741,-11.049565423639066
SP,61387,EMILIANÓPOLIS,0165,2026-10-04 19:21:27,-16.150330116810565,-1.5318334131163236,-14.618496703694241
SP,61689,ENGENHEIRO COELHO,0075,2026-10-04 20:11:24,-34.20279533517315,-23.990219163195075,-10.212576171978075
SP,68659,ESPÍRITO SANTO DO PINHAL,0091,2026-10-04 19:29:10,-29.28239172650499,-22.22932923969127,-7.053062486813719
SP,61140,ESPÍRITO SANTO DO TURVO,0114,2026-10-04 18:30:23,-18.134715025906736,0.039541320680110716,-18.174256346586848
SP,61662,ESTIVA GERBI,0216,2026-10-04 20:50:18,-38.343047460449625,-26.308501800055385,-12.03454566039424
SP,64050,ESTRELA D'OESTE,0233,2026-10-04 18:23:58,-42.39212717638153,-29.267826419422672,-13.124300756958856
SP,64076,ESTRELA DO NORTE,0261,2026-10-04 19:14:54,-0.6482982171799028,13.206577595066804,-13.854875812246707
SP,61000,EUCLIDES DA CUNHA PAULISTA,0330,2026-10-04 18:51:34,22.138278388278387,31.07027027027027,-8.931991881991884
SP,64092,FARTURA,0234,2026-10-04 18:44:31,-18.576598311218337,-3.9023877143157675,-14.674210596902569
SP,64130,FERNANDO PRESTES,0139,2026-10-04 18:20:34,-39.60129310344828,-27.924327204902745,-11.676965898545532
SP,64114,FERNANDÓPOLIS,0150,2026-10-04 18:31:58,-31.900668576886343,-20.748727635237945,-11.151940941648398
SP,62286,FERNÃO,0047,2026-10-04 19:07:51,-41.288782816229116,-25.659050966608085,-15.629731849621031
SP,64157,FERRAZ DE VASCONCELOS,0401,2026-10-04 19:13:21,7.365665672944085,14.843390833316676,-7.47772516037259
SP,64173,FLORA RICA,0196,2026-10-04 18:25:05,-11.045364891518737,4.84304932735426,-15.888414218872997
SP,64190,FLOREAL,0162,2026-10-04 18:26:00,-20.50489438433797,-8.98379970544919,-11.52109467888878
SP,64238,FLORÍNEA,0290,2026-10-04 18:59:56,-8.673978065802592,5.655777669429547,-14.329755735232139
SP,64211,FLÓRIDA PAULISTA,0157,2026-10-04 20:53:21,-34.88713525417508,-21.406727828746178,-13.4804074254289
SP,64254,FRANCA,0046,2026-10-04 19:31:41,-32.92570193903349,-26.205048898956676,-6.720653040076812
SP,64254,FRANCA,0291,2026-10-04 19:24:00,-27.244650341936907,-19.81684706084676,-7.427803281090146
SP,64270,FRANCISCO MORATO,0367,2026-10-04 19:25:38,13.831705740242947,24.426064532360527,-10.59435879211758
SP,64297,FRANCO DA ROCHA,0192,2026-10-04 19:24:00,4.256157367784706,13.65129656802275,-9.395139200238043
SP,64319,GABRIEL MONTEIRO,0210,2026-10-04 18:37:23,-48.70317002881844,-38.34927025666835,-10.353899772150093
SP,64351,GARÇA,0047,2026-10-04 20:07:48,-36.9628125944802,-31.375716939978997,-5.587095654501201
SP,64378,GASTÃO VIDIGAL,0162,2026-10-04 18:45:08,4.087193460490464,15.583259127337488,-11.496065666847024
SP,62308,GAVIÃO PEIXOTO,0013,2026-10-04 19:11:14,1.95822454308094,18.122767132185775,-16.164542589104833
SP,64394,GENERAL SALGADO,0225,2026-10-04 19:03:34,-34.87847222222222,-24.292414685427786,-10.586057536794435
SP,64416,GETULINA,0297,2026-10-04 19:11:47,-20.77922077922078,-9.158134243458475,-11.621086535762304
SP,64432,GLICÉRIO,0289,2026-10-04 19:12:22,-28.85791978246091,-13.156978767838496,-15.700941014622416
SP,64475,GUAIMBÊ,0297,2026-10-04 19:00:26,-15.827564505978604,0.32689450222882616,-16.15445900820743
SP,64459,GUAIÇARA,0297,2026-10-04 18:59:23,-29.133170220202725,-15.092470277410833,-14.040699942791893
SP,64530,GUAPIARA,0037,2026-10-04 20:29:35,3.9227704566349986,16.70047329276538,-12.777702836130382
SP,64513,GUAPIAÇU,0312,2026-10-04 18:43:22,-32.46050824175824,-23.40036563071298,-9.060142611045261
SP,64599,GUARACI,0080,2026-10-04 19:12:22,-7.338842975206612,6.636378387149116,-13.975221362355729
SP,64610,GUARANI D'OESTE,0302,2026-10-04 19:29:09,-1.529051987767584,9.252120277563609,-10.781172265331193
SP,64637,GUARANTÃ,0031,2026-10-04 19:24:28,-29.988365328679464,-18.719611021069692,-11.268754307609772
SP,64653,GUARARAPES,0151,2026-10-04 18:21:07,-38.447429146204364,-30.805342871514,-7.642086274690364
SP,64670,GUARAREMA,0319,2026-10-04 21:08:21,-33.83786557208825,-23.314518657886484,-10.523346914201763
SP,64696,GUARATINGUETÁ,0048,2026-10-04 19:13:22,-29.717274158829223,-26.981242022309782,-2.736032136519441
SP,64572,GUARAÇAÍ,0153,2026-10-04 18:59:56,-34.978589136804146,-25.108853410740203,-9.869735726063944
SP,64718,GUAREÍ,0140,2026-10-04 20:12:59,-40.44151464050284,-24.745269286754002,-15.696245353748836
SP,64734,GUARIBA,0197,2026-10-04 21:10:28,-15.572926418273731,-4.639530081226194,-10.933396337047537
SP,64750,GUARUJÁ,0212,2026-10-04 19:21:28,-14.455093996681848,-9.269390367266046,-5.185703629415801
SP,64750,GUARUJÁ,0310,2026-10-04 20:16:32,-12.63317525799694,-7.79864339421296,-4.8345318637839805
SP,64777,GUARULHOS,0176,2026-10-04 19:29:45,-19.07009496983423,-15.944521497919556,-3.1255734719146737
SP,64777,GUARULHOS,0185,2026-10-04 20:52:06,7.346077002940175,17.17382597803209,-9.827748975091916
SP,64777,GUARULHOS,0278,2026-10-04 20:55:04,-19.503902035080674,-15.944094068668145,-3.5598079664125297
SP,64777,GUARULHOS,0279,2026-10-04 19:20:45,-9.719100525155257,-4.344846918117544,-5.374253607037713
SP,64777,GUARULHOS,0393,2026-10-04 20:11:24,-20.277656207061504,-14.735902783348038,-5.541753423713466
SP,64777,GUARULHOS,0394,2026-10-04 21:02:18,-2.8365451043182133,4.980686316936738,-7.8172314212549505
SP,64777,GUARULHOS,0395,2026-10-04 20:58:03,-4.62905851542514,3.155633934641038,-7.784692450066178
SP,64556,GUARÁ,0060,2026-10-04 18:42:19,-10.61171204774338,5.831356086877167,-16.443068134620546
SP,61107,GUATAPARÁ,0293,2026-10-04 19:22:51,-7.859281437125748,11.604015876721924,-19.463297313847672
SP,64491,GUAÍRA,0169,2026-10-04 19:20:43,-34.07448303553503,-20.06083574349257,-14.01364729204246
SP,64793,GUZOLÂNDIA,0225,2026-10-04 18:25:05,-6.516587677725118,5.2272727272727275,-11.743860404997847
SP,64335,GÁLIA,0047,2026-10-04 18:50:09,-8.286140089418778,6.192536506219578,-14.478676595638355
SP,64815,HERCULÂNDIA,0184,2026-10-04 19:03:33,-36.97190216292702,-17.656041229242224,-19.3158609336848
SP,61727,HORTOLÂNDIA,0361,2026-10-04 19:24:01,-14.569952305246423,-5.096510411714367,-9.473441893532055
SP,64831,IACANGA,0049,2026-10-04 18:50:09,-40.54530874097835,-28.64462040055892,-11.900688340419428
SP,64858,IACRI,0184,2026-10-04 19:07:54,-42.667453526113896,-29.837636412030875,-12.82981711408302
SP,61085,IARAS,0205,2026-10-04 18:39:18,-2.458176852167975,11.20345744680851,-13.661634298976486
SP,64874,IBATÉ,0410,2026-10-04 19:22:55,-18.02954083270898,-1.1360016986941288,-16.89353913401485
SP,64912,IBIRAREMA,0083,2026-10-04 19:20:46,-42.92889241342849,-35.101725469997426,-7.827166943431067
SP,64890,IBIRÁ,0179,2026-10-04 18:57:46,-42.93178929529727,-33.03727431566686,-9.894514979630408
SP,64939,IBITINGA,0049,2026-10-04 18:33:51,-36.193737769080236,-26.622745098039214,-9.570992671041022
SP,64955,IBIÚNA,0191,2026-10-04 20:19:03,-35.21057126162974,-26.77073520836137,-8.439836053268369
SP,64971,ICÉM,0078,2026-10-04 18:59:56,-12.993854258121159,-1.5774888083564271,-11.416365449764731
SP,64998,IEPÊ,0106,2026-10-04 18:12:07,-29.042832167832167,-17.214137214137214,-11.828694953694953
SP,65030,IGARAPAVA,0050,2026-10-04 18:10:55,-11.076531333993493,3.8524478385381156,-14.928979172531609
SP,65056,IGARATÁ,0115,2026-10-04 19:11:13,-31.144708423326133,-20.035858359480052,-11.10885006384608
SP,65013,IGARAÇU DO TIETÊ,0200,2026-10-04 18:34:39,-25.866480576878345,-13.082863082863083,-12.783617494015262
SP,65072,IGUAPE,0051,2026-10-04 19:11:47,-17.742755465175392,-14.507511471494123,-3.2352439936812694
SP,62006,ILHA COMPRIDA,0051,2026-10-04 19:11:14,-13.802083333333334,-10.423452768729641,-3.378630564603693
SP,61204,ILHA SOLTEIRA,0368,2026-10-04 18:26:00,-16.50167473018236,-9.96604061265507,-6.535634117527289
SP,65099,ILHABELA,0132,2026-10-04 20:58:51,-16.12414162133238,-10.544864363552051,-5.57927725778033
SP,65110,INDAIATUBA,0211,2026-10-04 19:24:28,-31.060866285452573,-23.991641422641084,-7.069224862811488
SP,65137,INDIANA,0071,2026-10-04 18:26:25,-35.10502864417568,-24.07932011331445,-11.025708530861234
SP,65153,INDIAPORÃ,0302,2026-10-04 18:56:33,-9.40677966101695,1.7543859649122806,-11.16116562592923
SP,65170,INÚBIA PAULISTA,0069,2026-10-04 18:12:43,-49.70978441127695,-44.13243922883487,-5.57734518244208
SP,65196,IPAUSSU,0114,2026-10-04 18:28:27,-34.40105890138981,-20.748949178448605,-13.652109722941205
SP,65218,IPERÓ,0369,2026-10-04 20:59:24,-13.21846639484414,-0.9459021703919663,-12.272564224452175
SP,65234,IPEÚNA,0245,2026-10-04 19:04:47,-44.98594189315839,-36.090584028605484,-8.895357864552906
SP,62243,IPIGUÁ,0312,2026-10-04 19:13:22,-42.74443505212736,-35.295902883156295,-7.448532168971063
SP,65250,IPORANGA,0148,2026-10-04 19:20:45,14.291701592623637,18.409680207433016,-4.117978614809379
SP,65277,IPUÃ,0123,2026-10-04 20:07:49,-5.72555582118097,11.40893470790378,-17.13449052908475
SP,65293,IRACEMÁPOLIS,0243,2026-10-04 19:20:44,-40.20846719497394,-34.272663387210116,-5.9358038077638255
SP,65331,IRAPURU,0196,2026-10-04 18:28:28,-27.543805717798953,-17.65038124823496,-9.893424469563993
SP,65315,IRAPUÃ,0207,2026-10-04 21:02:49,-47.28043912175649,-39.20583061070621,-8.074608511050279
SP,65390,ITAJOBI,0079,2026-10-04 18:56:31,-51.60029576423366,-45.191796833492724,-6.408498930740933
SP,65412,ITAJU,0019,2026-10-04 18:16:54,-27.136109918419923,-23.029229406554474,-4.106880511865448
SP,65439,ITANHAÉM,0189,2026-10-04 20:02:18,-10.560655225667633,-6.5704572261153125,-3.9901979995523202
SP,61603,ITAOCA,0010,2026-10-04 19:23:28,8.192990441511151,13.692162417374883,-5.499171975863732
SP,65455,ITAPECERICA DA SERRA,0201,2026-10-04 20:53:20,8.226085233340307,18.754468444656283,-10.528383211315976
SP,65471,ITAPETININGA,0052,2026-10-04 21:29:24,-39.27995446352338,-30.1088933451476,-9.171061118375782
SP,65498,ITAPEVA,0053,2026-10-04 20:22:33,-31.122066013429897,-21.352499563522088,-9.76956644990781
SP,65510,ITAPEVI,0359,2026-10-04 20:10:47,5.362022719437648,17.046417628267815,-11.684394908830168
SP,65536,ITAPIRA,0054,2026-10-04 18:41:17,-39.69053889789303,-30.576465684231174,-9.114073213661854
SP,61948,ITAPIRAPUÃ PAULISTA,0010,2026-10-04 20:50:52,-13.519134775374376,20.016373311502253,-33.53550808687663
SP,65579,ITAPORANGA,0056,2026-10-04 18:16:29,-28.007045797684953,-13.095384615384615,-14.911661182300337
SP,65617,ITAPURA,0368,2026-10-04 18:47:58,31.225296442687746,45.15357000398883,-13.928273561301086
SP,65595,ITAPUÍ,0241,2026-10-04 18:21:59,-29.37543859649123,-13.669835319319855,-15.705603277171374
SP,65633,ITAQUAQUECETUBA,0377,2026-10-04 19:24:28,0.839030453697949,9.089865717892804,-8.250835264194855
SP,65633,ITAQUAQUECETUBA,0419,2026-10-04 20:57:31,2.7802874360813314,12.854983766839572,-10.07469633075824
SP,65650,ITARARÉ,0057,2026-10-04 20:31:17,-33.26674158238648,-21.121017071123017,-12.145724511263463
SP,65676,ITARIRI,0295,2026-10-04 20:10:45,-24.44737227345923,-20.027002700270028,-4.420369573189202
SP,65692,ITATIBA,0058,2026-10-04 19:12:23,-34.119419505595864,-28.065352777648357,-6.054066727947507
SP,65714,ITATINGA,0026,2026-10-04 20:46:28,-27.562368500150285,-13.743378457916421,-13.818990042233864
SP,65374,ITAÍ,0301,2026-10-04 20:58:51,-13.010454099967331,5.994766473713425,-19.005220573680756
SP,65730,ITIRAPINA,0245,2026-10-04 18:57:46,-22.786706619449742,-13.830925628678438,-8.955780990771304
SP,65757,ITIRAPUÃ,0046,2026-10-04 18:51:31,-0.6595218466611706,10.112052473353375,-10.771574320014546
SP,65773,ITOBI,0039,2026-10-04 18:42:20,-24.510906228918373,-6.024096385542169,-18.486809843376204
SP,65790,ITU,0059,2026-10-04 21:43:26,-31.348235166149998,-24.00854244527496,-7.339692720875039
SP,65811,ITUPEVA,0065,2026-10-04 19:13:55,-30.458152755107783,-22.146125461254613,-8.31202729385317
SP,65838,ITUVERAVA,0060,2026-10-04 19:11:14,-26.36111810627046,-16.5408109278053,-9.82030717846516
SP,65552,ITÁPOLIS,0055,2026-10-04 19:29:09,-45.23776321294101,-35.41333820240106,-9.824425010539954
SP,65854,JABORANDI,0178,2026-10-04 18:57:47,-14.937978358405912,-1.1063615790797083,-13.831616779326204
SP,65870,JABOTICABAL,0061,2026-10-04 19:14:22,-31.399882497463015,-24.464635025223927,-6.935247472239087
SP,65897,JACAREÍ,0062,2026-10-04 20:11:58,-25.87086573100559,-19.87467280082494,-5.996192930180651
SP,65897,JACAREÍ,0396,2026-10-04 19:29:45,-26.19664589763,-21.273420179391692,-4.923225718238307
SP,65919,JACI,0072,2026-10-04 20:13:31,-25.943176525384256,-15.627906976744185,-10.315269548640071
SP,65935,JACUPIRANGA,0228,2026-10-04 18:28:28,-39.05199462124608,-32.25211542633977,-6.79987919490631
SP,65951,JAGUARIÚNA,0333,2026-10-04 19:14:54,-34.492395493189775,-24.538061352628116,-9.95433414056166
SP,65978,JALES,0152,2026-10-04 18:42:20,-40.98968766228949,-32.78062144041525,-8.209066221874238
SP,65994,JAMBEIRO,0029,2026-10-04 19:29:45,-28.25278810408922,-19.397463002114165,-8.855325101975055
SP,66010,JANDIRA,0304,2026-10-04 19:31:06,-1.7254567123823754,6.0732674244542775,-7.798724136836653
SP,66036,JARDINÓPOLIS,0204,2026-10-04 18:30:21,-33.63078375826251,-27.982368832646095,-5.6484149256164145
SP,66079,JAÚ,0063,2026-10-04 19:03:33,-45.35596729666596,-39.910238934183795,-5.445728362482164
SP,66095,JERIQUARA,0155,2026-10-04 18:59:22,-8.23852491173009,7.237936772046589,-15.47646168377668
SP,66117,JOANÓPOLIS,0092,2026-10-04 19:11:13,-40.15025041736227,-30.1153529250206,-10.034897492341674
SP,66150,JOSÉ BONIFÁCIO,0064,2026-10-04 18:39:51,-38.36136733586544,-27.04834728742196,-11.313020048443477
SP,66133,JOÃO RAMALHO,0106,2026-10-04 18:12:04,-17.227235438884332,-5.312136487010469,-11.915098951873862
SP,62324,JUMIRIM,0142,2026-10-04 18:26:58,-39.48940793047257,-25.75418994413408,-13.735217986338487
SP,66192,JUNDIAÍ,0065,2026-10-04 21:45:38,-24.316186402521385,-19.314812940172672,-5.001373462348713
SP,66192,JUNDIAÍ,0281,2026-10-04 19:20:43,-29.398806020348104,-24.81127077676975,-4.587535243578355
SP,66192,JUNDIAÍ,0424,2026-10-04 19:20:43,-27.607957302280447,-23.792982006787476,-3.814975295492971
SP,66214,JUNQUEIRÓPOLIS,0196,2026-10-04 18:21:56,-40.35191192371965,-29.437060203283817,-10.91485172043583
SP,66257,JUQUITIBA,0201,2026-10-04 20:39:29,-8.144850103888395,3.735548713181897,-11.880398817070292
SP,66230,JUQUIÁ,0223,2026-10-04 20:07:49,-25.064698552669416,-20.2906548933039,-4.7740436593655176
SP,66176,JÚLIO MESQUITA,0031,2026-10-04 19:31:06,-3.561853695901953,12.273991655076495,-15.835845350978449
SP,66273,LAGOINHA,0128,2026-10-04 19:12:20,-22.348297977306363,-8.598646277262471,-13.749651700043891
SP,66290,LARANJAL PAULISTA,0142,2026-10-04 18:48:56,-50.89998022021494,-39.48302078053725,-11.41695943967769
SP,66338,LAVRINHAS,0042,2026-10-04 20:22:05,-12.927918349989369,3.000625130235466,-15.928543480224835
SP,66311,LAVÍNIA,0146,2026-10-04 19:20:43,-19.091229306093695,-4.426002766251729,-14.665226539841965
SP,66354,LEME,0188,2026-10-04 19:07:12,-34.211896878836356,-26.46277079919898,-7.749126079637374
SP,66370,LENÇÓIS PAULISTA,0161,2026-10-04 19:16:40,-49.814459036239704,-43.872809863724854,-5.94164917251485
SP,66397,LIMEIRA,0066,2026-10-04 19:07:56,-46.80335790049716,-43.50750778141354,-3.2958501190836245
SP,66397,LIMEIRA,0399,2026-10-04 18:57:46,-46.14728328833725,-41.749232486742955,-4.3980508015942945
SP,66419,LINDÓIA,0134,2026-10-04 19:07:52,-44.76148016049933,-36.182144459398835,-8.579335701100497
SP,66435,LINS,0067,2026-10-04 19:22:50,-43.65143497640956,-39.55079322266631,-4.100641753743254
SP,66451,LORENA,0068,2026-10-04 19:31:05,-29.2140091067705,-26.437714642522636,-2.776294464247865
SP,62022,LOURDES,0214,2026-10-04 18:34:12,-28.81118881118881,-19.295774647887324,-9.515414163301486
SP,66478,LOUVEIRA,0345,2026-10-04 20:53:21,-31.14516672280229,-23.59876965140123,-7.54639707140106
SP,66516,LUCIANÓPOLIS,0159,2026-10-04 18:10:55,-11.772151898734178,0.8009858287122612,-12.573137727446438
SP,66494,LUCÉLIA,0069,2026-10-04 17:58:53,-35.13997053251947,-23.63306817037559,-11.50690236214388
SP,66559,LUIZIÂNIA,0289,2026-10-04 19:07:55,-23.09285467725233,-9.012727898176815,-14.080126779075515
SP,66575,LUPÉRCIO,0180,2026-10-04 18:45:43,-11.968306922435362,-1.4007782101167314,-10.56752871231863
SP,66591,LUTÉCIA,0012,2026-10-04 18:46:40,-12.250554323725055,-2.9047875201721354,-9.34576680355292
SP,66532,LUÍS ANTÔNIO,0133,2026-10-04 18:26:55,-16.08089260808926,-1.1290100509431364,-14.951882557146124
SP,66613,MACATUBA,0086,2026-10-04 19:20:45,-38.41129372102824,-32.339105194675206,-6.072188526353031
SP,66630,MACAUBAL,0077,2026-10-04 20:07:50,-43.67143476376246,-36.63280743462287,-7.038627329139594
SP,66656,MACEDÔNIA,0302,2026-10-04 18:48:54,-31.782415326719125,-16.14100185528757,-15.641413471431555
SP,66672,MAGDA,0162,2026-10-04 18:45:44,-20.59518186112423,-10.421601136901943,-10.173580724222289
SP,66699,MAIRINQUE,0131,2026-10-04 20:55:04,-15.900771226498916,-5.586209260084307,-10.314561966414608
SP,66710,MAIRIPORÃ,0237,2026-10-04 19:13:53,-23.9512995782344,-16.669750231267344,-7.281549346967058
SP,66737,MANDURI,0094,2026-10-04 19:00:23,-29.365685899885364,-15.605976757055894,-13.75970914282947
SP,66753,MARABÁ PAULISTA,0102,2026-10-04 20:22:04,3.367158671586716,22.625448028673834,-19.25828935708712
SP,66770,MARACAÍ,0290,2026-10-04 19:13:22,-32.9512893982808,-22.80130293159609,-10.149986466684709
SP,61867,MARAPOAMA,0079,2026-10-04 18:44:33,-54.76839237057221,-47.05035971223022,-7.71803265834199
SP,66834,MARINÓPOLIS,0232,2026-10-04 17:21:55,-13.580246913580247,-4.392386530014641,-9.187860383565607
SP,66796,MARIÁPOLIS,0157,2026-10-04 18:47:56,-22.14673913043478,-11.592300962379703,-10.554438168055079
SP,66850,MARTINÓPOLIS,0071,2026-10-04 18:45:11,-29.366223908918407,-21.23925760092439,-8.126966307994017
SP,66818,MARÍLIA,0070,2026-10-04 20:36:55,-39.31690245472704,-33.04474206504243,-6.272160389684615
SP,66818,MARÍLIA,0400,2026-10-04 19:14:53,-41.55924353531455,-35.60479742577154,-5.954446109543014
SP,66877,MATÃO,0170,2026-10-04 19:12:22,-27.822393169618326,-17.067145744441948,-10.755247425176378
SP,66893,MAUÁ,0217,2026-10-04 19:14:54,-4.498174764399505,2.194352811242062,-6.6925275756415665
SP,66893,MAUÁ,0339,2026-10-04 21:08:21,4.053417124901807,11.785417838112833,-7.732000713211026
SP,66893,MAUÁ,0365,2026-10-04 19:24:00,7.216660359399548,15.241743075096023,-8.025082715696474
SP,66915,MENDONÇA,0064,2026-10-04 19:22:03,-28.424569519403754,-15.838675213675213,-12.58589430572854
SP,66931,MERIDIANO,0302,2026-10-04 18:50:12,-25.5371609721733,-11.063829787234043,-14.473331184939257
SP,61964,MESÓPOLIS,0427,2026-10-04 18:43:23,-21.92667145938174,-8.389012620638455,-13.537658838743285
SP,66958,MIGUELÓPOLIS,0208,2026-10-04 18:33:24,-15.098232708352024,1.4398720113767665,-16.53810471972879
SP,66974,MINEIROS DO TIETÊ,0241,2026-10-04 18:25:59,-42.673847616030415,-33.93948427485467,-8.734363341175744
SP,67016,MIRA ESTRELA,0224,2026-10-04 19:14:22,-21.270588235294117,-8.962739174219537,-12.30784906107458
SP,66990,MIRACATU,0218,2026-10-04 18:55:29,-23.866415804327374,-22.476103777878926,-1.3903120264484485
SP,67032,MIRANDÓPOLIS,0153,2026-10-04 18:46:41,-41.9578745811393,-33.82916053019146,-8.128714050947842
SP,67059,MIRANTE DO PARANAPANEMA,0165,2026-10-04 19:10:40,6.363019891500904,21.036204744069913,-14.673184852569008
SP,67075,MIRASSOL,0072,2026-10-04 18:57:47,-37.49160407889113,-31.473924263337935,-6.017679815553194
SP,67091,MIRASSOLÂNDIA,0072,2026-10-04 19:22:55,-29.598170532505716,-22.835917312661497,-6.762253219844219
SP,67113,MOCOCA,0073,2026-10-04 21:13:03,-34.290652455710784,-25.98145371758565,-8.309198738125133
SP,67130,MOGI DAS CRUZES,0074,2026-10-04 20:51:31,-17.186055442559063,-12.708611254798399,-4.477444187760664
SP,67130,MOGI DAS CRUZES,0319,2026-10-04 21:45:38,-18.392248993789725,-12.025600920482534,-6.366648073307191
SP,67156,MOGI GUAÇU,0216,2026-10-04 20:32:59,-41.256066558816734,-37.22010602344271,-4.0359605353740236
SP,67172,MOGI MIRIM,0075,2026-10-04 19:10:40,-41.69805398618958,-36.82707521321345,-4.87097877297613
SP,67199,MOMBUCA,0038,2026-10-04 19:11:48,-44.19795221843003,-31.278257295519936,-12.919694922910097
SP,67237,MONGAGUÁ,0189,2026-10-04 19:30:36,-4.516030998328522,0.04772984905435237,-4.563760847382874
SP,67253,MONTE ALEGRE DO SUL,0008,2026-10-04 21:20:27,-38.329135180520574,-31.198175787728026,-7.130959392792548
SP,67270,MONTE ALTO,0076,2026-10-04 18:39:17,-42.10586269744836,-34.04192282053181,-8.06393987691655
SP,67296,MONTE APRAZÍVEL,0077,2026-10-04 18:39:52,-31.21693121693122,-24.204465883451334,-7.012465333479884
SP,67318,MONTE AZUL PAULISTA,0171,2026-10-04 18:26:55,-40.588179847299465,-27.092001849283402,-13.496177998016062
SP,67334,MONTE CASTELO,0175,2026-10-04 18:26:55,-18.603728679095596,-0.6615214994487321,-17.942207179646864
SP,67377,MONTE MOR,0358,2026-10-04 19:20:43,-14.814922087702021,-5.393462292587282,-9.421459795114739
SP,67350,MONTEIRO LOBATO,0282,2026-10-04 19:22:56,-13.03754266211604,-3.397893306150187,-9.639649355965854
SP,67210,MONÇÕES,0162,2026-10-04 18:46:40,-26.379624014554274,-15.121630506245891,-11.257993508308383
SP,67393,MORRO AGUDO,0336,2026-10-04 19:04:03,-22.76597171012938,-9.501078924998366,-13.264892785131016
SP,67415,MORUNGABA,0058,2026-10-04 19:11:12,-41.62879253163002,-29.266789895255698,-12.36200263637432
SP,61069,MOTUCA,0239,2026-10-04 18:43:23,-5.842336934773909,6.092515983452426,-11.934852918226335
SP,67431,MURUTINGA DO SUL,0009,2026-10-04 18:36:20,-34.05383360522023,-20.802778849864918,-13.251054755355309
SP,67458,NARANDIBA,0261,2026-10-04 20:59:25,-8.437590922315973,10.33981992448446,-18.777410846800436
SP,67474,NATIVIDADE DA SERRA,0084,2026-10-04 18:37:22,-27.945402298850574,-16.361862960253596,-11.583539338596978
SP,67490,NAZARÉ PAULISTA,0016,2026-10-04 20:50:17,-32.085210210210214,-18.868986214011066,-13.216223996199147
SP,67512,NEVES PAULISTA,0072,2026-10-04 18:48:57,-27.886255924170616,-17.360986947970677,-10.52526897619994
SP,67539,NHANDEARA,0162,2026-10-04 18:25:59,-44.89939992940346,-34.1446923597025,-10.754707569700955
SP,67555,NIPOÃ,0077,2026-10-04 18:51:32,-24.60097154753643,-12.189141856392295,-12.411829691144137
SP,67571,NOVA ALIANÇA,0126,2026-10-04 18:42:17,-35.74660633484163,-26.88821752265861,-8.85838881218302
SP,61980,NOVA CAMPINA,0053,2026-10-04 20:10:45,-21.358851674641148,-1.9618834080717489,-19.3969682665694
SP,61425,NOVA CANAÃ PAULISTA,0187,2026-10-04 18:47:57,-10.829639012032933,0.6373937677053825,-11.467032779738316
SP,62367,NOVA CASTILHO,0225,2026-10-04 19:00:27,-32.02676864244742,-21.906693711967545,-10.120074930479877
SP,67598,NOVA EUROPA,0013,2026-10-04 19:20:44,-1.9459663706782544,13.558432470258923,-15.504398840937178
SP,67610,NOVA GRANADA,0078,2026-10-04 19:00:57,-18.249202477012574,-3.9077627178313676,-14.341439759181206
SP,67636,NOVA GUATAPORANGA,0175,2026-10-04 18:16:54,-12.887663680220538,4.122990915443745,-17.010654595664285
SP,67652,NOVA INDEPENDÊNCIA,0009,2026-10-04 18:59:56,-20.16739736946991,-3.708133971291866,-16.459263398178045
SP,67679,NOVA LUZITÂNIA,0162,2026-10-04 18:46:40,-4.2478760619690155,10.501193317422434,-14.74906937939145
SP,67695,NOVA ODESSA,0292,2026-10-04 18:47:57,-28.640241112994808,-21.684957504744617,-6.955283608250191
SP,61409,NOVAIS,0179,2026-10-04 18:30:49,-26.911210147411726,-18.099383387740296,-8.81182675967143
SP,67717,NOVO HORIZONTE,0079,2026-10-04 18:45:10,-43.736761024456,-34.840940525587826,-8.895820498868176
SP,67733,NUPORANGA,0081,2026-10-04 18:26:56,-33.98692810457516,-21.57526517716091,-12.411662927414252
SP,67750,OCAUÇU,0180,2026-10-04 18:42:18,-23.29093799682035,-5.616653574234093,-17.674284422586258
SP,67792,OLÍMPIA,0080,2026-10-04 19:03:06,-36.31837579206,-26.352820775233464,-9.965555016826539
SP,67814,ONDA VERDE,0078,2026-10-04 18:45:44,-20.453134698944755,-11.107564634535589,-9.345570064409166
SP,67830,ORIENTE,0180,2026-10-04 20:13:00,-34.599044078597984,-18.71181262729124,-15.887231451306743
SP,67857,ORINDIÚVA,0164,2026-10-04 18:33:52,-14.855756268535993,0.7177033492822966,-15.57345961781829
SP,67873,ORLÂNDIA,0081,2026-10-04 20:51:31,-27.55880337976707,-19.524972253052166,-8.033831126714905
SP,67890,OSASCO,0213,2026-10-04 20:14:35,-10.976082968816142,-8.521176940857506,-2.4549060279586357
SP,67890,OSASCO,0276,2026-10-04 20:10:45,0.5303286274625024,8.804698808595925,-8.274370181133422
SP,67890,OSASCO,0277,2026-10-04 19:20:46,-8.695950937108107,-4.48897730237412,-4.206973634733987
SP,67890,OSASCO,0315,2026-10-04 21:02:18,-1.8310051608698852,6.459686489882357,-8.290691650752242
SP,67890,OSASCO,0331,2026-10-04 20:38:24,10.817220816769064,19.25927498991272,-8.442054173143655
SP,67890,OSASCO,0332,2026-10-04 20:07:48,-10.635980833454335,-5.881122173208028,-4.754858660246307
SP,67911,OSCAR BRESSANE,0012,2026-10-04 18:58:17,-47.548209366391184,-33.653333333333336,-13.894876033057848
SP,67938,OSVALDO CRUZ,0163,2026-10-04 19:10:02,-47.192716236722305,-36.532776908363765,-10.65993932835854
SP,67954,OURINHOS,0082,2026-10-04 20:35:24,-30.07535022569101,-20.446517370280187,-9.628832855410824
SP,67970,OURO VERDE,0149,2026-10-04 19:20:46,-13.04247990815155,3.2250938811574996,-16.26757378930905
SP,62383,OUROESTE,0302,2026-10-04 19:23:27,-27.1374829001368,-13.174603174603174,-13.962879725533625
SP,67997,PACAEMBU,0196,2026-10-04 18:31:58,-36.357012750455375,-26.757713707637834,-9.599299042817542
SP,68012,PALESTINA,0224,2026-10-04 18:25:05,-26.058282208588956,-17.249171437179875,-8.809110771409081
SP,68039,PALMARES PAULISTA,0111,2026-10-04 19:23:27,-16.897215899142008,-1.555444054189664,-15.341771844952344
SP,68055,PALMEIRA D'OESTE,0232,2026-10-04 18:26:56,-28.611214259190493,-17.034757422157856,-11.576456837032637
SP,68071,PALMITAL,0083,2026-10-04 19:01:26,-38.41004184100419,-24.383979452604542,-14.026062388399644
SP,68098,PANORAMA,0175,2026-10-04 19:04:48,-27.190738995827164,-17.517694641051566,-9.673044354775598
SP,68110,PARAGUAÇU PAULISTA,0012,2026-10-04 18:37:54,-24.2516086915975,-14.124170450576319,-10.127438241021181
SP,68136,PARAIBUNA,0084,2026-10-04 18:14:41,-12.843862644659458,-1.2074748442740777,-11.63638780038538
SP,68179,PARANAPANEMA,0301,2026-10-04 19:24:28,-26.7718049812482,-8.632955200922899,-18.1388497803253
SP,68195,PARANAPUÃ,0427,2026-10-04 19:00:57,-25.112951807228917,-10.584343991179713,-14.528607816049204
SP,68217,PARAPUÃ,0163,2026-10-04 19:14:53,-36.74201650520273,-24.373615135503666,-12.368401369699061
SP,68152,PARAÍSO,0171,2026-10-04 18:20:35,-39.32455638236978,-24.836971930819395,-14.487584451550383
SP,68233,PARDINHO,0026,2026-10-04 19:14:55,-33.977193390737725,-17.238072404699114,-16.73912098603861
SP,68250,PARIQUERA-AÇU,0228,2026-10-04 19:05:26,-39.081979599546656,-32.77457176880095,-6.307407830745703
SP,61824,PARISI,0147,2026-10-04 19:17:17,-33.87607417458164,-21.16222760290557,-12.713846571676068
SP,68276,PATROCÍNIO PAULISTA,0046,2026-10-04 19:08:27,-27.565907345789608,-16.581892166836216,-10.984015178953392
SP,68292,PAULICÉIA,0175,2026-10-04 20:13:31,-33.19405756731662,-19.714417319207737,-13.479640248108883
SP,62405,PAULISTÂNIA,0007,2026-10-04 19:13:53,-30.571030640668525,-20.44002838892832,-10.131002251740206
SP,68330,PAULO DE FARIA,0164,2026-10-04 18:30:50,-7.046583116576023,5.167844522968198,-12.21442763954422
SP,68314,PAULÍNIA,0323,2026-10-04 20:43:07,-22.487386767572527,-15.036940460669275,-7.4504463069032525
SP,68357,PEDERNEIRAS,0086,2026-10-04 19:22:56,-41.01291364003228,-33.558311097159,-7.454602542873282
SP,68373,PEDRA BELA,0298,2026-10-04 19:20:46,-29.571984435797667,-10.752401280683031,-18.819583155114636
SP,68390,PEDRANÓPOLIS,0302,2026-10-04 18:39:18,-22.92929292929293,-8.767123287671232,-14.162169641621698
SP,68411,PEDREGULHO,0155,2026-10-04 19:05:25,-4.731756081306231,12.13746306227427,-16.8692191435805
SP,68438,PEDREIRA,0333,2026-10-04 19:26:09,-46.541431186818436,-38.39177038752994,-8.149660799288498
SP,61247,PEDRINHAS PAULISTA,0290,2026-10-04 17:57:25,-44.3019943019943,-27.234440804866637,-17.067553497127662
SP,68454,PEDRO DE TOLEDO,0295,2026-10-04 20:11:58,-14.36140018921476,-6.435006435006435,-7.926393754208324
SP,68470,PENÁPOLIS,0087,2026-10-04 19:22:03,-36.223118279569896,-27.35753457319981,-8.865583706370085
SP,68497,PEREIRA BARRETO,0088,2026-10-04 19:13:55,-19.924242424242426,-12.18583943702427,-7.738402987218155
SP,68519,PEREIRAS,0041,2026-10-04 18:56:31,-30.931122448979593,-14.13951545530493,-16.791606993674662
SP,68535,PERUÍBE,0295,2026-10-04 19:25:07,-15.499829243303898,-12.585330428467683,-2.9144988148362145
SP,68551,PIACATU,0210,2026-10-04 18:50:09,-31.605450236966824,-20.460358056265985,-11.14509218070084
SP,68578,PIEDADE,0089,2026-10-04 19:20:46,-30.114078738025118,-22.606857369359847,-7.50722136866527
SP,68616,PINDAMONHANGABA,0090,2026-10-04 19:25:37,-27.973506359148516,-23.408194031836118,-4.565312327312398
SP,68632,PINDORAMA,0111,2026-10-04 19:29:47,-38.43664426188698,-28.24260138838144,-10.194042873505541
SP,68675,PINHALZINHO,0136,2026-10-04 19:26:10,-37.99542223828455,-28.86901115059429,-9.126411087690258
SP,68691,PIQUEROBI,0117,2026-10-04 20:10:46,-11.502029769959405,1.8356643356643356,-13.33769410562374
SP,68713,PIQUETE,0068,2026-10-04 19:30:35,-29.980441464096117,-25.922509225092252,-4.057932239003865
SP,68730,PIRACAIA,0092,2026-10-04 18:50:12,-37.87449143138947,-30.275786660187098,-7.5987047712023745
SP,68756,PIRACICABA,0093,2026-10-04 19:03:06,-39.147497668635374,-36.548287710311776,-2.5992099583235984
SP,68756,PIRACICABA,0244,2026-10-04 18:37:23,-34.02316198879633,-27.95164421436555,-6.071517774430781
SP,68756,PIRACICABA,0270,2026-10-04 19:00:23,-34.008708172151195,-29.46862856394359,-4.540079608207606
SP,68772,PIRAJU,0094,2026-10-04 18:25:05,-25.04846839860411,-14.229035166816953,-10.819433231787158
SP,68799,PIRAJUÍ,0095,2026-10-04 19:25:07,-32.52663053634834,-27.233518176216883,-5.29311236013146
SP,68810,PIRANGI,0076,2026-10-04 19:10:02,-47.5016880486158,-31.815972784707597,-15.6857152639082
SP,68853,PIRAPOZINHO,0261,2026-10-04 19:14:52,-25.59851403412218,-16.36351697419397,-9.234997059928208
SP,68870,PIRASSUNUNGA,0096,2026-10-04 19:07:52,-39.51829825037633,-35.47566319558969,-4.042635054786643
SP,68896,PIRATININGA,0023,2026-10-04 18:47:54,-41.16642585051885,-33.19816166531495,-7.9682641852039
SP,68918,PITANGUEIRAS,0098,2026-10-04 18:55:28,-17.07225153440293,-4.906627608934456,-12.165623925468473
SP,68934,PLANALTO,0214,2026-10-04 19:24:00,-14.393939393939394,-1.027170311464546,-13.366769082474848
SP,68950,PLATINA,0083,2026-10-04 18:45:43,-39.468503937007874,-25.705794947994058,-13.762708989013817
SP,68993,POLONI,0077,2026-10-04 18:36:20,-29.886064855390007,-21.806100875868317,-8.07996397952169
SP,69019,POMPÉIA,0099,2026-10-04 19:01:54,-52.13235294117647,-38.158836155497255,-13.973516785679216
SP,69035,PONGAÍ,0095,2026-10-04 18:56:33,-41.29353233830846,-36.21061717738455,-5.0829151609239105
SP,69051,PONTAL,0135,2026-10-04 20:12:25,-15.5609847772975,-0.7926384839650146,-14.768346293332486
SP,61808,PONTALINDA,0152,2026-10-04 18:39:17,-8.150337837837839,5.480607082630692,-13.63094492046853
SP,69078,PONTES GESTAL,0224,2026-10-04 18:26:57,-25.258323765786454,-12.631578947368421,-12.626744818418032
SP,69094,POPULINA,0233,2026-10-04 19:01:53,1.3573000733675715,15.541264737406216,-14.183964664038644
SP,69116,PORANGABA,0140,2026-10-04 20:30:06,-24.770298143633976,-14.493586061650392,-10.276712081983584
SP,69132,PORTO FELIZ,0100,2026-10-04 18:43:22,-39.29656688433439,-32.48520901361094,-6.811357870723448
SP,69159,PORTO FERREIRA,0194,2026-10-04 18:26:56,-40.11295519905755,-31.97799648739106,-8.134958711666492
SP,61565,POTIM,0190,2026-10-04 18:32:18,-21.696772884107975,-15.16678423863751,-6.529988645470466
SP,69175,POTIRENDABA,0126,2026-10-04 19:07:13,-35.260059828235065,-27.17695950517058,-8.083100323064485
SP,68977,POÁ,0219,2026-10-04 19:25:37,-3.335523913837167,1.0169967692091586,-4.3525206830463254
SP,62120,PRACINHA,0069,2026-10-04 18:30:22,-20.164986251145738,-6.1845861084681255,-13.980400142677613
SP,69191,PRADÓPOLIS,0197,2026-10-04 22:23:59,-23.0885406834057,-12.186656382568454,-10.901884300837246
SP,69213,PRAIA GRANDE,0317,2026-10-04 20:47:30,-23.024379155537876,-19.396238598756963,-3.628140556780913
SP,69213,PRAIA GRANDE,0406,2026-10-04 19:13:22,-12.922362379268487,-7.501909692751655,-5.420452686516832
SP,62146,PRATÂNIA,0129,2026-10-04 18:45:10,-24.92616656822209,-9.420289855072463,-15.505876713149627
SP,69230,PRESIDENTE ALVES,0095,2026-10-04 18:43:23,-20.01624035728786,-15.44146246596655,-4.574777891321309
SP,69256,PRESIDENTE BERNARDES,0165,2026-10-04 19:21:28,-29.86425339366516,-17.931122124793493,-11.933131268871666
SP,69272,PRESIDENTE EPITÁCIO,0195,2026-10-04 19:00:27,-20.046764649742318,-14.180827484299963,-5.8659371654423555
SP,69299,PRESIDENTE PRUDENTE,0101,2026-10-04 19:29:45,-34.914920891355116,-30.110359912507455,-4.804560978847661
SP,69299,PRESIDENTE PRUDENTE,0402,2026-10-04 18:45:10,-39.906645854595666,-34.91191650087939,-4.994729353716274
SP,69310,PRESIDENTE VENCESLAU,0102,2026-10-04 18:43:22,-41.04091550399749,-30.602539589155267,-10.438375914842222
SP,69337,PROMISSÃO,0103,2026-10-04 18:59:55,-26.112727073157345,-14.8930727514581,-11.219654321699245
SP,62162,QUADRA,0355,2026-10-04 19:11:12,-30.04996431120628,-11.860637509266123,-18.189326801940158
SP,69353,QUATÁ,0106,2026-10-04 18:19:04,-35.328859060402685,-22.686762778505898,-12.642096281896787
SP,69370,QUEIROZ,0099,2026-10-04 19:04:04,-23.00170068027211,-6.177105831533478,-16.82459484873863
SP,69396,QUELUZ,0042,2026-10-04 19:04:04,-1.161904761904762,11.385233918128655,-12.547138680033417
SP,69418,QUINTANA,0099,2026-10-04 19:02:30,-37.9854997410668,-16.613496932515336,-21.372002808551468
SP,69434,RAFARD,0038,2026-10-04 19:20:44,-42.43055555555556,-36.09893001227855,-6.331625543277006
SP,69450,RANCHARIA,0106,2026-10-04 18:28:27,-22.23690533397405,-11.012884959842838,-11.224020374131213
SP,69477,REDENÇÃO DA SERRA,0128,2026-10-04 20:02:18,-17.170418006430868,-4.92184901895577,-12.248568987475098
SP,69493,REGENTE FEIJÓ,0167,2026-10-04 18:29:14,-31.586510016059506,-22.568452880900388,-9.018057135159118
SP,69515,REGINÓPOLIS,0095,2026-10-04 19:13:21,-45.57648401826484,-34.775465498357065,-10.801018519907778
SP,69531,REGISTRO,0172,2026-10-04 19:07:56,-25.91131498470948,-22.319209373890402,-3.592105610819079
SP,69558,RESTINGA,0240,2026-10-04 18:19:25,-14.609469850263052,2.911062035735796,-17.52053188599885
SP,69574,RIBEIRA,0010,2026-10-04 19:23:28,6.064880112834979,21.73913043478261,-15.67425032194763
SP,69590,RIBEIRÃO BONITO,0107,2026-10-04 18:32:18,-14.610169491525424,-6.305874840357599,-8.304294651167826
SP,69612,RIBEIRÃO BRANCO,0053,2026-10-04 20:57:31,-12.994565735532463,7.365202890494719,-20.359768626027183
SP,69639,RIBEIRÃO CORRENTE,0240,2026-10-04 18:14:41,-12.957656797198345,-6.056742110296462,-6.900914686901883
SP,69655,RIBEIRÃO DO SUL,0313,2026-10-04 18:51:31,-15.636244684331043,0.0,-15.636244684331043
SP,62421,RIBEIRÃO DOS ÍNDIOS,0117,2026-10-04 19:03:33,-7.229778095919828,7.8417765440666205,-15.071554639986449
SP,61700,RIBEIRÃO GRANDE,0037,2026-10-04 18:38:14,-0.6001655629139073,14.663951120162933,-15.26411668307684
SP,69671,RIBEIRÃO PIRES,0183,2026-10-04 19:10:39,-7.278506316967856,-0.7389493483810291,-6.539556968586827
SP,69671,RIBEIRÃO PIRES,0382,2026-10-04 20:16:08,-1.4471578654421484,5.229783617702817,-6.676941483144965
SP,69698,RIBEIRÃO PRETO,0108,2026-10-04 19:12:54,-15.930939262164987,-11.397838728193866,-4.533100533971121
SP,69698,RIBEIRÃO PRETO,0265,2026-10-04 18:58:17,-19.953373560065824,-13.726355825720786,-6.227017734345038
SP,69698,RIBEIRÃO PRETO,0266,2026-10-04 19:12:23,-19.37280416395576,-13.720151079768613,-5.652653084187147
SP,69698,RIBEIRÃO PRETO,0305,2026-10-04 20:35:24,-28.00925925925926,-23.7291893204396,-4.280069938819661
SP,69736,RIFAINA,0155,2026-10-04 19:07:14,-25.85034013605442,-2.81136638452237,-23.03897375153205
SP,69752,RINCÃO,0239,2026-10-04 19:07:13,-2.751572327044025,11.825004576240161,-14.576576903284186
SP,69779,RINÓPOLIS,0210,2026-10-04 18:51:30,-45.72254335260116,-31.693302208655055,-14.029241143946102
SP,69795,RIO CLARO,0110,2026-10-04 19:22:55,-36.04482658680321,-31.559693525089493,-4.485133061713718
SP,69795,RIO CLARO,0288,2026-10-04 19:10:39,-34.69849145692449,-30.387279289825383,-4.311212167099111
SP,69817,RIO DAS PEDRAS,0244,2026-10-04 19:14:21,-37.53627011342654,-28.581833315992093,-8.954436797434447
SP,69833,RIO GRANDE DA SERRA,0382,2026-10-04 20:17:35,7.928378432874944,15.487702733571918,-7.559324300696974
SP,69850,RIOLÂNDIA,0164,2026-10-04 19:00:28,-7.13878868426049,5.607129595246937,-12.745918279507427
SP,69710,RIVERSUL,0056,2026-10-04 18:51:33,-15.835777126099707,0.7422802850356295,-16.578057411135337
SP,61166,ROSANA,0330,2026-10-04 20:10:47,4.708639607968467,13.199195171026156,-8.49055556305769
SP,69876,ROSEIRA,0190,2026-10-04 18:33:24,-28.223583460949463,-20.156791798582844,-8.066791662366619
SP,69914,RUBINÉIA,0187,2026-10-04 19:00:57,-31.08298171589311,-20.27610008628128,-10.80688162961183
SP,69892,RUBIÁCEA,0151,2026-10-04 18:32:19,-32.93033966609096,-18.820224719101123,-14.110114946989835
SP,69930,SABINO,0297,2026-10-04 19:00:24,-25.87248322147651,-10.99006728612624,-14.88241593535027
SP,69957,SAGRES,0163,2026-10-04 18:13:52,-12.940379403794038,3.9507772020725387,-16.891156605866577
SP,69973,SALES,0207,2026-10-04 20:46:29,-47.00576296667502,-41.27026308796173,-5.735499878713291
SP,69990,SALES OLIVEIRA,0081,2026-10-04 18:30:20,-36.11499611499612,-23.9005439005439,-12.214452214452216
SP,70017,SALESÓPOLIS,0112,2026-10-04 20:23:37,-25.639654096460728,-15.738456115615087,-9.901197980845641
SP,70033,SALMOURÃO,0069,2026-10-04 19:10:03,-30.04338394793926,-12.311809969889595,-17.731573978049667
SP,61441,SALTINHO,0270,2026-10-04 19:12:23,-63.45848757271285,-59.1441111923921,-4.314376380320745
SP,70050,SALTO,0221,2026-10-04 21:01:13,-26.058563889778473,-18.244800507873418,-7.813763381905055
SP,70076,SALTO DE PIRAPORA,0294,2026-10-04 20:58:03,-24.66630345954781,-12.688286372496899,-11.97801708705091
SP,70092,SALTO GRANDE,0313,2026-10-04 18:14:40,-28.808290155440414,-13.393590797041906,-15.414699358398508
SP,70114,SANDOVALINA,0261,2026-10-04 20:47:30,23.158212560386474,27.347417840375588,-4.189205279989114
SP,70130,SANTA ADÉLIA,0111,2026-10-04 18:56:32,-30.921136450503248,-19.200096665055582,-11.721039785447665
SP,70157,SANTA ALBERTINA,0427,2026-10-04 19:04:48,-33.222845486996434,-19.386439804073216,-13.836405682923218
SP,70211,SANTA BRANCA,0112,2026-10-04 18:31:58,-28.009179575444637,-18.615940392865205,-9.393239182579432
SP,70173,SANTA BÁRBARA D'OESTE,0186,2026-10-04 19:29:45,-35.63397497504035,-27.48282607706656,-8.151148897973794
SP,70238,SANTA CLARA D'OESTE,0187,2026-10-04 18:34:39,-25.293788472299944,-11.014994232987313,-14.278794239312631
SP,70254,SANTA CRUZ DA CONCEIÇÃO,0188,2026-10-04 18:58:16,-46.7511371020143,-36.43711606854187,-10.314021033472429
SP,62189,SANTA CRUZ DA ESPERANÇA,0032,2026-10-04 17:51:34,-23.259964306960143,-9.846547314578006,-13.413416992382137
SP,70270,SANTA CRUZ DAS PALMEIRAS,0039,2026-10-04 19:13:54,-28.928220255653883,-19.775860983441415,-9.152359272212468
SP,70297,SANTA CRUZ DO RIO PARDO,0114,2026-10-04 19:07:50,-48.48472620152536,-40.57373832509222,-7.91098787643314
SP,70319,SANTA ERNESTINA,0139,2026-10-04 18:57:46,-19.91701244813278,-2.8359734287174247,-17.081039019415357
SP,70335,SANTA FÉ DO SUL,0187,2026-10-04 18:42:17,-42.39499649539009,-32.481234580861894,-9.913761914528195
SP,70351,SANTA GERTRUDES,0243,2026-10-04 18:48:55,-37.547814207650276,-28.26447422965317,-9.283339977997105
SP,70378,SANTA ISABEL,0115,2026-10-04 18:54:53,-26.22657199513849,-18.012402807945353,-8.214169187193136
SP,70394,SANTA LÚCIA,0239,2026-10-04 18:32:02,5.1130129471143295,19.983851433185304,-14.870838486070975
SP,70416,SANTA MARIA DA SERRA,0130,2026-10-04 19:20:46,-37.524818001323624,-22.98335467349552,-14.541463327828104
SP,70432,SANTA MERCEDES,0175,2026-10-04 18:32:01,-18.050541516245488,-1.105263157894737,-16.945278358350752
SP,70491,SANTA RITA D'OESTE,0187,2026-10-04 18:50:10,-20.48832271762208,-10.0109409190372,-10.47738179858488
SP,70513,SANTA RITA DO PASSA QUATRO,0116,2026-10-04 18:24:01,-43.52457874947779,-35.47486033519553,-8.04971841428226
SP,70530,SANTA ROSA DE VITERBO,0133,2026-10-04 18:45:44,-18.769801406382815,-8.678909952606634,-10.09089145377618
SP,62200,SANTA SALETE,0427,2026-10-04 19:20:45,-45.49731182795699,-31.420161883738043,-14.077149944218949
SP,70459,SANTANA DA PONTE PENSA,0187,2026-10-04 18:34:38,-27.571115973741794,-15.40447504302926,-12.166640930712534
SP,70556,SANTO ANASTÁCIO,0117,2026-10-04 18:45:10,-26.82538194769894,-16.19265651140266,-10.63272543629628
SP,70572,SANTO ANDRÉ,0156,2026-10-04 20:14:35,-11.560061361968918,-8.128360085710254,-3.4317012762586643
SP,70572,SANTO ANDRÉ,0263,2026-10-04 20:41:29,-3.747547768133079,1.633532689781813,-5.381080457914892
SP,70572,SANTO ANDRÉ,0264,2026-10-04 19:24:00,-11.66941437889757,-7.315625212022526,-4.353789166875045
SP,70572,SANTO ANDRÉ,0306,2026-10-04 19:10:03,-12.413216862894037,-8.927684441197954,-3.4855324216960835
SP,70572,SANTO ANDRÉ,0307,2026-10-04 19:17:16,-0.1633457927421491,5.511799004792869,-5.675144797535018
SP,70572,SANTO ANDRÉ,0383,2026-10-04 19:30:37,1.9265770563412563,10.0108724879292,-8.084295431587943
SP,70599,SANTO ANTÔNIO DA ALEGRIA,0202,2026-10-04 18:37:23,-18.166862514688603,-6.389622868123949,-11.777239646564654
SP,70610,SANTO ANTÔNIO DE POSSE,0333,2026-10-04 20:04:44,-38.772563176895304,-28.256418333595843,-10.516144843299461
SP,61328,SANTO ANTÔNIO DO ARACANGUÁ,0299,2026-10-04 19:20:46,-22.506714413607877,-14.873934337021586,-7.632780076586291
SP,70637,SANTO ANTÔNIO DO JARDIM,0091,2026-10-04 18:32:01,-34.850489547499336,-22.35929067077872,-12.491198876720617
SP,70653,SANTO ANTÔNIO DO PINHAL,0314,2026-10-04 19:10:40,-25.56648140230868,-14.012053379250968,-11.55442802305771
SP,70670,SANTO EXPEDITO,0182,2026-10-04 22:48:09,-14.57905544147844,-2.521823472356935,-12.057231969121505
SP,70718,SANTOS,0118,2026-10-04 21:01:13,0.8731957239272871,3.849873574066953,-2.9766778501396662
SP,70718,SANTOS,0272,2026-10-04 20:58:50,-15.822933835648692,-16.549417736637803,0.7264839009891109
SP,70718,SANTOS,0273,2026-10-04 19:20:46,-16.55291423767436,-17.7500324576968,1.197118220022439
SP,70696,SANTÓPOLIS DO AGUAPEÍ,0025,2026-10-04 18:35:15,-30.155642023346303,-14.784053156146179,-15.371588867200124
SP,71234,SARAPUÍ,0052,2026-10-04 20:14:05,-19.653695108889682,-7.6923076923076925,-11.961387416581989
SP,71250,SARUTAIÁ,0234,2026-10-04 19:14:21,-0.796107916850951,16.3265306122449,-17.12263852909585
SP,71277,SEBASTIANÓPOLIS DO SUL,0077,2026-10-04 18:45:09,-37.36454269614217,-25.79064587973274,-11.573896816409434
SP,71293,SERRA AZUL,0109,2026-10-04 19:14:53,-6.37318106465279,9.574654297216874,-15.947835361869664
SP,71331,SERRA NEGRA,0134,2026-10-04 19:02:29,-38.26648787029136,-31.35115693561923,-6.915330934672127
SP,71315,SERRANA,0109,2026-10-04 19:07:15,-15.559468544901552,-4.732938267728896,-10.826530277172656
SP,71358,SERTÃOZINHO,0135,2026-10-04 19:20:44,-19.74790515752359,-9.136984174043173,-10.610920983480417
SP,71374,SETE BARRAS,0172,2026-10-04 19:20:43,-26.881571665744328,-17.19967750604676,-9.681894159697567
SP,71390,SEVERÍNIA,0080,2026-10-04 19:20:44,-25.39492319424774,-13.660302830809743,-11.734620363437996
SP,71412,SILVEIRAS,0145,2026-10-04 18:39:17,-16.98851136641408,-1.2534469791927803,-15.7350643872213
SP,71439,SOCORRO,0136,2026-10-04 19:04:48,-50.23670405595598,-44.9947127247092,-5.24199133124678
SP,71455,SOROCABA,0137,2026-10-04 18:51:31,-28.081342758551376,-26.01839026750997,-2.062952491041404
SP,71455,SOROCABA,0271,2026-10-04 19:29:44,-28.244118370358226,-23.937140833946128,-4.306977536412099
SP,71455,SOROCABA,0342,2026-10-04 19:10:02,-23.97928445639077,-18.75291266660453,-5.2263717897862385
SP,71455,SOROCABA,0343,2026-10-04 18:28:28,-22.356538232879426,-17.714333885969594,-4.642204346909832
SP,71455,SOROCABA,0356,2026-10-04 18:50:11,-18.594349460873893,-9.676899295380618,-8.917450165493275
SP,71471,SUD MENNUCCI,0088,2026-10-04 18:51:33,-11.619958988380041,0.9993482511405605,-12.619307239520602
SP,71498,SUMARÉ,0230,2026-10-04 20:14:05,-28.369565217391305,-21.719657272341028,-6.649907945050277
SP,71498,SUMARÉ,0362,2026-10-04 19:25:08,-13.755135397800062,-3.206238224371331,-10.548897173428731
SP,71510,SUZANO,0181,2026-10-04 20:34:24,-8.895131086142323,-1.8563462015554046,-7.038784884586918
SP,71510,SUZANO,0415,2026-10-04 19:20:45,-8.880478447886123,-2.3043760253328753,-6.576102422553248
SP,61301,SUZANÁPOLIS,0088,2026-10-04 18:59:23,-7.061503416856492,10.80218778486782,-17.86369120172431
SP,70734,SÃO BENTO DO SAPUCAÍ,0314,2026-10-04 18:22:16,-28.78299120234604,-21.867250182348652,-6.915741019997387
SP,70750,SÃO BERNARDO DO CAMPO,0174,2026-10-04 20:53:48,11.019771458284328,18.738785369220153,-7.719013910935825
SP,70750,SÃO BERNARDO DO CAMPO,0283,2026-10-04 21:23:09,4.33404766543282,-3.2243237261878415,7.558371391620661
SP,70750,SÃO BERNARDO DO CAMPO,0284,2026-10-04 19:30:35,-11.994623372515946,-9.120871840736692,-2.873751531779254
SP,70750,SÃO BERNARDO DO CAMPO,0296,2026-10-04 19:29:09,7.264042388075677,16.97122885096811,-9.707186462892434
SP,70750,SÃO BERNARDO DO CAMPO,0409,2026-10-04 20:36:26,15.12201001794659,20.271127023196836,-5.149117005250247
SP,70750,SÃO BERNARDO DO CAMPO,0414,2026-10-04 19:30:34,3.758998638043972,6.923354175481485,-3.164355537437513
SP,70777,SÃO CAETANO DO SUL,0166,2026-10-04 19:09:30,-18.93180821517322,-15.150712907983813,-3.781095307189407
SP,70777,SÃO CAETANO DO SUL,0269,2026-10-04 20:10:47,-21.650978705783043,-18.559763640200647,-3.0912150655823964
SP,70793,SÃO CARLOS,0121,2026-10-04 19:07:56,-7.528715453679089,-2.455039257942959,-5.07367619573613
SP,70793,SÃO CARLOS,0410,2026-10-04 19:07:52,-9.452334662404851,-1.1920123878959934,-8.260322274508859
SP,70815,SÃO FRANCISCO,0232,2026-10-04 17:39:54,-19.535374868004222,-6.552863436123348,-12.982511431880873
SP,70890,SÃO JOAQUIM DA BARRA,0123,2026-10-04 18:29:14,-15.807428418107248,-3.7939983186519974,-12.01343009945525
SP,70912,SÃO JOSÉ DA BELA VISTA,0240,2026-10-04 18:09:55,-5.9228946801636875,8.837696335078535,-14.760591015242223
SP,70939,SÃO JOSÉ DO BARREIRO,0018,2026-10-04 19:20:08,2.049944092433843,18.156228008444756,-16.106283916010913
SP,70955,SÃO JOSÉ DO RIO PARDO,0124,2026-10-04 18:43:22,-33.34639638034843,-23.12398593834505,-10.22241044200338
SP,70971,SÃO JOSÉ DO RIO PRETO,0125,2026-10-04 19:03:06,-37.515477913204336,-35.91538048291783,-1.6000974302865032
SP,70971,SÃO JOSÉ DO RIO PRETO,0267,2026-10-04 21:35:01,-31.23058128685347,-28.66444026604552,-2.566141020807951
SP,70971,SÃO JOSÉ DO RIO PRETO,0268,2026-10-04 19:22:51,-34.8713464901324,-31.730994874328413,-3.14035161580399
SP,70998,SÃO JOSÉ DOS CAMPOS,0127,2026-10-04 19:25:37,-25.368468066100938,-23.77668516476564,-1.5917829013352964
SP,70998,SÃO JOSÉ DOS CAMPOS,0282,2026-10-04 19:23:27,-22.776242408195014,-15.527485305595821,-7.248757102599193
SP,70998,SÃO JOSÉ DOS CAMPOS,0411,2026-10-04 19:29:45,-19.669000046358537,-14.77877863422207,-4.8902214121364675
SP,70998,SÃO JOSÉ DOS CAMPOS,0412,2026-10-04 20:16:33,-29.25474866642206,-26.09264062641252,-3.1621080400095387
SP,70831,SÃO JOÃO DA BOA VISTA,0122,2026-10-04 19:29:44,-33.49774436090225,-27.050370858105623,-6.44737350279663
SP,70858,SÃO JOÃO DAS DUAS PONTES,0233,2026-10-04 18:18:46,-2.3576768257619323,17.6056338028169,-19.96331062857883
SP,61883,SÃO JOÃO DE IRACEMA,0225,2026-10-04 19:00:23,2.800908402725208,15.461538461538462,-12.660630058813254
SP,70874,SÃO JOÃO DO PAU D'ALHO,0175,2026-10-04 18:13:52,-6.462585034013605,12.436224489795919,-18.898809523809526
SP,61905,SÃO LOURENÇO DA SERRA,0201,2026-10-04 20:43:07,-9.428996452683373,1.6577722266379016,-11.086768679321274
SP,71013,SÃO LUÍS DO PARAITINGA,0128,2026-10-04 18:42:17,-10.41721332983469,0.6880127017729558,-11.105226031607646
SP,71030,SÃO MANUEL,0129,2026-10-04 18:41:17,-30.845096756099842,-20.17798846205447,-10.667108294045374
SP,71056,SÃO MIGUEL ARCANJO,0318,2026-10-04 20:38:57,-30.989965046792197,-16.494340444057467,-14.495624602734729
SP,71072,SÃO PAULO,0001,2026-10-04 19:22:55,29.934194444172835,26.85788181006252,3.076312634110316
SP,71072,SÃO PAULO,0002,2026-10-04 21:04:38,11.616387435013984,11.05961356239443,0.5567738726195532
SP,71072,SÃO PAULO,0003,2026-10-04 20:56:58,8.344384268866731,9.124060839288987,-0.7796765704222555
SP,71072,SÃO PAULO,0004,2026-10-04 19:20:08,-17.455127173213135,-14.143044990762164,-3.312082182450972
SP,71072,SÃO PAULO,0005,2026-10-04 19:21:28,-10.247569456660685,-6.155378917502328,-4.092190539158357
SP,71072,SÃO PAULO,0006,2026-10-04 20:13:31,3.3697443499432715,2.494136169392411,0.8756081805508606
SP,71072,SÃO PAULO,0020,2026-10-04 19:31:05,23.758917249648487,32.98431021868141,-9.22539296903292
SP,71072,SÃO PAULO,0246,2026-10-04 19:22:04,-11.27743996702051,-11.242966866124855,-0.034473100895654696
SP,71072,SÃO PAULO,0247,2026-10-04 20:22:05,3.4823898373768873,9.313294625945504,-5.830904788568617
SP,71072,SÃO PAULO,0248,2026-10-04 19:22:05,5.221098924673513,11.073521622499017,-5.852422697825504
SP,71072,SÃO PAULO,0249,2026-10-04 19:12:54,-15.31700711557378,-15.260442468252721,-0.056564647321058814
SP,71072,SÃO PAULO,0250,2026-10-04 19:11:15,-4.872805446076675,-5.029924171210127,0.15711872513345249
SP,71072,SÃO PAULO,0251,2026-10-04 20:16:08,13.476555471589478,14.036125392420038,-0.55956992083056
SP,71072,SÃO PAULO,0252,2026-10-04 18:51:34,-7.791064669860551,-5.92922172919513,-1.8618429406654204
SP,71072,SÃO PAULO,0253,2026-10-04 20:43:39,-19.948600993941046,-14.841056951854087,-5.107544042086959
SP,71072,SÃO PAULO,0254,2026-10-04 19:20:46,-13.126897051042857,-8.485646609630205,-4.641250441412652
SP,71072,SÃO PAULO,0255,2026-10-04 20:50:18,-3.588181727745085,-0.46891206638239025,-3.119269661362695
SP,71072,SÃO PAULO,0256,2026-10-04 21:51:59,-7.799000833987838,-3.268982871610408,-4.53001796237743
SP,71072,SÃO PAULO,0257,2026-10-04 20:07:49,-11.229198602967903,-9.128403782613649,-2.1007948203542544
SP,71072,SÃO PAULO,0258,2026-10-04 20:43:07,-17.104284818707995,-14.85999465037377,-2.244290168334226
SP,71072,SÃO PAULO,0259,2026-10-04 19:26:10,-0.5779941850281991,-2.7120830257206623,2.1340888406924634
SP,71072,SÃO PAULO,0260,2026-10-04 19:14:52,2.0709785739591196,5.5767312359483645,-3.505752661989245
SP,71072,SÃO PAULO,0280,2026-10-04 20:47:01,10.043890390841428,10.947314743990914,-0.9034243531494859
SP,71072,SÃO PAULO,0320,2026-10-04 20:55:04,8.1797217192119,11.933943348765995,-3.7542216295540953
SP,71072,SÃO PAULO,0325,2026-10-04 20:52:42,-5.0987084870848705,-2.51305962671512,-2.5856488603697505
SP,71072,SÃO PAULO,0326,2026-10-04 19:29:45,3.500804152350318,9.161290322580646,-5.660486170230328
SP,71072,SÃO PAULO,0327,2026-10-04 20:59:24,0.4670858047936903,1.0722605398985978,-0.6051747351049075
SP,71072,SÃO PAULO,0328,2026-10-04 19:24:01,13.52001818766218,21.007660358573137,-7.4876421709109575
SP,71072,SÃO PAULO,0346,2026-10-04 20:10:47,1.5483178187147657,0.3294394024207831,1.2188784162939825
SP,71072,SÃO PAULO,0347,2026-10-04 20:02:17,-6.940931827123026,-2.742996645145441,-4.197935181977585
SP,71072,SÃO PAULO,0348,2026-10-04 19:16:12,-15.911624607276782,-14.357603396760497,-1.554021210516284
SP,71072,SÃO PAULO,0349,2026-10-04 20:15:05,-4.032953243493917,0.3363170153431582,-4.369270258837075
SP,71072,SÃO PAULO,0350,2026-10-04 20:54:28,-1.4067767644911213,0.7262481149297564,-2.1330248794208777
SP,71072,SÃO PAULO,0351,2026-10-04 19:29:45,8.884848616811645,15.642384240661453,-6.757535623849808
SP,71072,SÃO PAULO,0352,2026-10-04 20:10:47,9.009300444803882,16.149036292142075,-7.139735847338192
SP,71072,SÃO PAULO,0353,2026-10-04 21:02:18,13.901450913887318,22.30121251735053,-8.39976160346321
SP,71072,SÃO PAULO,0371,2026-10-04 20:10:46,25.3291370876441,34.395854648668276,-9.066717561024177
SP,71072,SÃO PAULO,0372,2026-10-04 20:37:57,24.962719062787063,35.21542993487057,-10.252710872083508
SP,71072,SÃO PAULO,0373,2026-10-04 20:07:48,18.617856711368855,26.794306740528082,-8.176450029159227
SP,71072,SÃO PAULO,0374,2026-10-04 19:22:54,10.729400700141074,15.476990214917693,-4.747589514776619
SP,71072,SÃO PAULO,0375,2026-10-04 19:32:06,14.951159705752302,19.511681861943067,-4.560522156190766
SP,71072,SÃO PAULO,0376,2026-10-04 20:59:25,12.686291608726735,18.00690458913297,-5.320612980406233
SP,71072,SÃO PAULO,0381,2026-10-04 21:01:42,22.455577876531184,31.88630548201646,-9.430727605485277
SP,71072,SÃO PAULO,0389,2026-10-04 20:07:49,12.657044673539518,21.27860375778441,-8.621559084244891
SP,71072,SÃO PAULO,0390,2026-10-04 19:10:03,-2.8951423242235017,2.1382529450989107,-5.033395269322412
SP,71072,SÃO PAULO,0392,2026-10-04 20:34:58,-0.4106959510736128,4.317809255600857,-4.72850520667447
SP,71072,SÃO PAULO,0397,2026-10-04 18:59:56,8.894089665108975,16.26481130086443,-7.370721635755455
SP,71072,SÃO PAULO,0403,2026-10-04 19:20:44,10.391602670187249,13.620773548854155,-3.229170878666906
SP,71072,SÃO PAULO,0404,2026-10-04 19:22:55,24.141280353200884,31.86376186486078,-7.722481511659897
SP,71072,SÃO PAULO,0405,2026-10-04 19:12:23,13.294964406046384,18.55533383736351,-5.260369431317125
SP,71072,SÃO PAULO,0408,2026-10-04 20:50:51,14.259999192799773,22.754655413143404,-8.49465622034363
SP,71072,SÃO PAULO,0413,2026-10-04 19:29:46,1.611098073902919,5.968558951965066,-4.357460878062147
SP,71072,SÃO PAULO,0417,2026-10-04 19:16:11,2.5341520936234594,8.691528024982148,-6.157375931358688
SP,71072,SÃO PAULO,0418,2026-10-04 20:36:25,11.50516065502024,19.69945430492779,-8.19429364990755
SP,71072,SÃO PAULO,0420,2026-10-04 19:07:16,-10.87950705242382,-6.659709382125072,-4.219797670298748
SP,71072,SÃO PAULO,0421,2026-10-04 21:09:59,5.810867665620247,16.49532667502769,-10.684459009407444
SP,71072,SÃO PAULO,0422,2026-10-04 21:25:30,-3.858676564116681,0.5086966342895867,-4.367373198406268
SP,71099,SÃO PEDRO,0130,2026-10-04 19:20:09,-43.572095767169756,-39.68407151564405,-3.8880242515257066
SP,71110,SÃO PEDRO DO TURVO,0114,2026-10-04 19:20:43,-26.48295189163942,-12.32427366447985,-14.15867822715957
SP,71137,SÃO ROQUE,0131,2026-10-04 21:09:28,-18.282079443529195,-8.84216589861751,-9.439913544911684
SP,71153,SÃO SEBASTIÃO,0132,2026-10-04 21:27:50,-8.01306955153109,1.6583477640827136,-9.671417315613805
SP,71170,SÃO SEBASTIÃO DA GRAMA,0229,2026-10-04 18:32:18,-29.15276851234156,-17.17235901509134,-11.980409497250218
SP,71196,SÃO SIMÃO,0133,2026-10-04 18:51:33,-22.731201382886777,-15.2428422394807,-7.488359143406077
SP,71218,SÃO VICENTE,0177,2026-10-04 20:54:28,-11.491419614987876,-9.406252704189486,-2.0851669107983906
SP,71218,SÃO VICENTE,0340,2026-10-04 20:50:52,-4.9223474768977695,-0.6185249583423893,-4.30382251855538
SP,71536,TABAPUÃ,0179,2026-10-04 19:16:10,-42.32153569286143,-32.60137607963695,-9.720159613224482
SP,71552,TABATINGA,0049,2026-10-04 18:59:55,-28.42224458983392,-10.805263793311601,-17.61698079652232
SP,71579,TABOÃO DA SERRA,0324,2026-10-04 19:22:51,0.5618758866234597,7.186221283196491,-6.624345396573031
SP,71579,TABOÃO DA SERRA,0416,2026-10-04 20:54:28,18.57990447991469,28.77811278139416,-10.198208301479472
SP,71595,TACIBA,0167,2026-10-04 19:01:52,-11.049584696702743,4.674746475389562,-15.724331172092306
SP,71617,TAGUAÍ,0234,2026-10-04 19:22:04,-29.731628495152453,-13.049706345795732,-16.681922149356723
SP,71633,TAIAÇU,0061,2026-10-04 19:07:12,-17.188422917897224,-1.0051694428489375,-16.183253475048286
SP,71650,TAIÚVA,0061,2026-10-04 19:07:52,-40.00596658711217,-30.02906976744186,-9.976896819670309
SP,71676,TAMBAÚ,0116,2026-10-04 19:14:53,-18.10611263736264,-9.754262788365095,-8.351849848997544
SP,71692,TANABI,0138,2026-10-04 18:51:34,-34.16978109983983,-28.1524926686217,-6.01728843121813
SP,71730,TAPIRATIBA,0030,2026-10-04 18:47:57,-13.2918715649407,1.8701576275714666,-15.162029192512168
SP,71714,TAPIRAÍ,0089,2026-10-04 18:56:00,-21.54231119199272,-17.862875487273563,-3.6794357047191575
SP,62260,TAQUARAL,0098,2026-10-04 19:03:33,-25.971830985915492,-12.856311809191391,-13.115519176724101
SP,71757,TAQUARITINGA,0139,2026-10-04 18:42:19,-28.734338115126203,-17.063310718177664,-11.671027396948539
SP,71773,TAQUARITUBA,0236,2026-10-04 20:58:03,-23.90835379007662,-4.114354863106943,-19.793998926969678
SP,61840,TAQUARIVAÍ,0053,2026-10-04 20:33:26,-19.449589838581634,-4.253589813058792,-15.196000025522842
SP,71790,TARABAI,0261,2026-10-04 19:15:29,-4.954268292682927,11.722606120434353,-16.67687441311728
SP,61042,TARUMÃ,0290,2026-10-04 19:10:39,-29.37891737891738,-19.116662948918137,-10.262254429999242
SP,71811,TATUÍ,0140,2026-10-04 20:55:43,-38.75965258713416,-28.995770014099953,-9.76388257303421
SP,71838,TAUBATÉ,0141,2026-10-04 19:07:49,-32.67020823809449,-29.390311461282778,-3.279896776811711
SP,71838,TAUBATÉ,0407,2026-10-04 19:26:10,-30.642732854296455,-27.37255465794416,-3.270178196352294
SP,71854,TEJUPÁ,0094,2026-10-04 18:37:54,-7.849961330239752,9.652366863905325,-17.50232819414508
SP,71870,TEODORO SAMPAIO,0330,2026-10-04 19:22:56,1.2688872193004423,10.509852987175478,-9.240965767875036
SP,71897,TERRA ROXA,0178,2026-10-04 19:05:24,-24.301209845640383,-11.464435146443515,-12.836774699196868
SP,71919,TIETÊ,0142,2026-10-04 18:33:24,-41.573493318789204,-35.42484826847554,-6.148645050313661
SP,71935,TIMBURI,0094,2026-10-04 19:04:48,-20.69351230425056,-2.8144744399770247,-17.879037864273535
SP,62049,TORRE DE PEDRA,0140,2026-10-04 17:52:44,-37.705788635156665,-32.22464558342421,-5.481143051732452
SP,71951,TORRINHA,0028,2026-10-04 18:36:20,-48.42629482071713,-38.12615955473098,-10.30013526598615
SP,62448,TRABIJU,0107,2026-10-04 19:00:27,0.0,14.167357083678542,-14.167357083678542
SP,71978,TREMEMBÉ,0314,2026-10-04 18:37:23,-30.34163288940359,-25.73000798792935,-4.61162490147424
SP,71994,TRÊS FRONTEIRAS,0187,2026-10-04 18:44:33,-26.810639978930734,-16.76332504832919,-10.047314930601544
SP,61620,TUIUTI,0298,2026-10-04 18:47:56,-42.82936315021877,-30.131779016725798,-12.69758413349297
SP,72036,TUPI PAULISTA,0175,2026-10-04 18:32:19,-36.83818046234153,-26.49378585086042,-10.344394611481114
SP,72010,TUPÃ,0143,2026-10-04 19:07:13,-44.562781900189144,-37.845018037417155,-6.717763862771989
SP,72052,TURIÚBA,0214,2026-10-04 18:34:39,-37.942122186495176,-25.845410628019323,-12.096711558475853
SP,72079,TURMALINA,0233,2026-10-04 18:54:52,-2.8893587033121917,9.919177075679647,-12.808535778991839
SP,61468,UBARANA,0064,2026-10-04 18:44:34,-16.956389143031412,-2.3367285799880166,-14.619660563043396
SP,72095,UBATUBA,0144,2026-10-04 19:32:06,-26.209519048809227,-22.957322207046232,-3.252196841762995
SP,72117,UBIRAJARA,0159,2026-10-04 18:37:23,-24.210891432535554,-10.3086014445174,-13.902289988018154
SP,72133,UCHOA,0312,2026-10-04 18:46:41,-27.69409038238702,-17.414423396477236,-10.279666985909785
SP,72150,UNIÃO PAULISTA,0077,2026-10-04 18:30:22,-17.478731631863884,-9.312080536912752,-8.166651094951131
SP,72192,URU,0095,2026-10-04 19:07:55,-39.54081632653061,-29.396325459317584,-10.144490867213026
SP,72214,URUPÊS,0207,2026-10-04 18:20:14,-46.25534053782357,-36.314397279254315,-9.940943258569256
SP,72176,URÂNIA,0427,2026-10-04 18:12:23,-34.71433976541809,-22.452940034931107,-12.261399730486982
SP,72230,VALENTIM GENTIL,0147,2026-10-04 18:33:23,-33.77288439380361,-21.02834541858932,-12.744538975214287
SP,72257,VALINHOS,0034,2026-10-04 20:07:48,-30.8565023647448,-25.6068572067789,-5.249645157965897
SP,72273,VALPARAÍSO,0146,2026-10-04 19:12:23,-30.844848372438097,-18.910525432264564,-11.934322940173534
SP,61549,VARGEM,0298,2026-10-04 19:01:52,-36.96287025448477,-25.993485342019543,-10.969384912465227
SP,72311,VARGEM GRANDE DO SUL,0229,2026-10-04 18:32:19,-36.1465040873179,-26.466713507816618,-9.679790579501283
SP,72737,VARGEM GRANDE PAULISTA,0286,2026-10-04 19:08:28,-15.238942552109812,-3.3178414665633875,-11.921101085546425
SP,72354,VERA CRUZ,0180,2026-10-04 20:02:18,-32.45794713353931,-21.318022965551673,-11.139924167987633
SP,72370,VINHEDO,0345,2026-10-04 20:53:20,-34.90041779905083,-30.394066216384203,-4.506351582666625
SP,72397,VIRADOURO,0098,2026-10-04 18:32:20,-40.33951525856148,-28.327444051825676,-12.0120712067358
SP,72419,VISTA ALEGRE DO ALTO,0076,2026-10-04 19:01:54,-30.405252433778582,-15.723408940761948,-14.681843493016634
SP,62227,VITÓRIA BRASIL,0233,2026-10-04 18:45:10,-23.581429624170966,-9.03377847604085,-14.547651148130116
SP,72435,VOTORANTIM,0220,2026-10-04 19:31:05,-24.525184567754227,-16.80118668469962,-7.723997883054608
SP,72451,VOTUPORANGA,0147,2026-10-04 20:10:46,-39.22491990581696,-32.35243634976638,-6.872483556050582
SP,72338,VÁRZEA PAULISTA,0242,2026-10-04 19:04:04,-22.17151823742274,-11.975681025544349,-10.195837211878393
SP,61921,ZACARIAS,0214,2026-10-04 18:33:49,-28.817204301075268,-19.1289966923925,-9.688207608682767
SP,61077,ÁGUAS DA PRATA,0122,2026-10-04 19:10:39,-30.14003111802623,-22.604369457062514,-7.535661660963715
SP,61093,ÁGUAS DE LINDÓIA,0134,2026-10-04 20:26:03,-44.83645718485851,-38.00274851122309,-6.833708673635421
SP,70190,ÁGUAS DE SANTA BÁRBARA,0205,2026-10-04 18:48:55,-39.952718676122934,-26.52232746955345,-13.430391206569485
SP,61115,ÁGUAS DE SÃO PEDRO,0130,2026-10-04 19:20:08,-35.241057542768274,-31.16370808678501,-4.0773494559832635
SP,61239,ÁLVARES FLORENCE,0147,2026-10-04 19:23:59,-37.203358890105875,-27.8407014979905,-9.362657392115374
SP,61255,ÁLVARES MACHADO,0182,2026-10-04 19:13:22,-28.297168076498714,-17.236477361575094,-11.06069071492362
SP,61271,ÁLVARO DE CARVALHO,0047,2026-10-04 18:43:22,-13.855103120042306,1.6260162601626016,-15.481119380204909
SP,67776,ÓLEO,0094,2026-10-04 19:02:29,-30.61446438281675,-22.83205268935236,-7.78241169346439
TO,73008,ABREULÂNDIA,0007,2026-10-04 18:16:10,-6.54158215010142,17.071853052404105,-23.613435202505524
TO,73512,AGUIARNÓPOLIS,0009,2026-10-04 18:23:53,14.402887139107612,30.219224283305227,-15.816337144197615
TO,96954,ALIANÇA DO TOCANTINS,0002,2026-10-04 19:02:47,-11.452004860267314,12.834058421379739,-24.286063281647053
TO,92070,ALMAS,0019,2026-10-04 18:24:57,19.906976744186046,37.23459347488348,-17.327616730697436
TO,92134,ALVORADA,0014,2026-10-04 18:22:48,-24.368200836820083,-5.082293362271659,-19.285907474548424
TO,92193,ANANÁS,0012,2026-10-04 18:44:23,13.795357960117686,24.3661212012228,-10.570763241105114
TO,73075,ANGICO,0009,2026-10-04 18:54:39,5.244122965641953,19.794721407624632,-14.550598441982679
TO,96970,APARECIDA DO RIO NEGRO,0035,2026-10-04 18:13:32,-8.113695090439277,15.138327634442026,-23.252022724881304
TO,73334,ARAGOMINAS,0034,2026-10-04 19:12:41,11.310031258880363,28.59162895927602,-17.281597700395658
TO,92371,ARAGUACEMA,0028,2026-10-04 18:57:35,11.179329751854695,30.840336134453782,-19.661006382599087
TO,73318,ARAGUANÃ,0012,2026-10-04 18:43:13,-2.678886147338738,2.4156305506216698,-5.094516697960408
TO,92436,ARAGUATINS,0010,2026-10-04 19:22:33,9.165929855585029,19.93458001604641,-10.768650160461382
TO,92398,ARAGUAÇU,0014,2026-10-04 19:11:44,-47.66429136975455,-35.665774850792346,-11.998516518962205
TO,92410,ARAGUAÍNA,0001,2026-10-04 20:55:40,-23.334730248356788,-14.259176608243568,-9.07555364011322
TO,92410,ARAGUAÍNA,0034,2026-10-04 19:07:09,-10.19000226193169,3.807314410480349,-13.99731667241204
TO,92452,ARAPOEMA,0031,2026-10-04 19:11:18,-0.5778676683039584,16.154496757823512,-16.73236442612747
TO,92479,ARRAIAS,0022,2026-10-04 19:03:09,38.577476714648604,47.49293785310734,-8.915461138458738
TO,96857,AUGUSTINÓPOLIS,0021,2026-10-04 19:14:52,11.10474006116208,22.138273649347962,-11.033533588185882
TO,92533,AURORA DO TOCANTINS,0017,2026-10-04 17:29:32,12.238193018480493,32.19324497648568,-19.955051958005185
TO,92576,AXIXÁ DO TOCANTINS,0011,2026-10-04 18:56:33,13.872269375260888,22.403495994173344,-8.531226618912456
TO,92592,BABAÇULÂNDIA,0008,2026-10-04 19:16:10,25.064886911383017,38.16764132553606,-13.102754414153043
TO,73580,BANDEIRANTES DO TOCANTINS,0031,2026-10-04 18:27:07,-17.260626878488623,-0.5057471264367817,-16.754879752051842
TO,73610,BARRA DO OURO,0032,2026-10-04 19:25:18,15.885750962772786,33.82090617195862,-17.935155209185833
TO,96997,BARROLÂNDIA,0028,2026-10-04 18:30:15,-7.480916030534351,8.677218767665348,-16.158134798199697
TO,92002,BERNARDO SAYÃO,0004,2026-10-04 17:52:43,-15.45643153526971,-0.6266126059712496,-14.82981892929846
TO,73121,BOM JESUS DO TOCANTINS,0023,2026-10-04 18:10:51,-3.103103103103103,13.623978201634877,-16.72708130473798
TO,73245,BRASILÂNDIA DO TOCANTINS,0004,2026-10-04 18:41:08,-0.6261740763932373,19.91842284160435,-20.544596917997588
TO,92738,BREJINHO DE NAZARÉ,0003,2026-10-04 20:15:27,1.4889815366289458,13.903225806451612,-12.414244269822666
TO,92045,BURITI DO TOCANTINS,0010,2026-10-04 19:08:19,9.35265336846067,23.39705296694544,-14.044399598484771
TO,73067,CACHOEIRINHA,0010,2026-10-04 17:31:46,25.648949320148333,30.070921985815602,-4.421972665667269
TO,73091,CAMPOS LINDOS,0032,2026-10-04 19:08:19,5.060065526028395,34.929977674041,-29.869912148012602
TO,73300,CARIRI DO TOCANTINS,0002,2026-10-04 18:46:30,-14.813559322033898,6.988472622478386,-21.802031944512283
TO,73326,CARMOLÂNDIA,0034,2026-10-04 18:38:42,9.95260663507109,24.69069392146315,-14.73808728639206
TO,73423,CARRASCO BONITO,0021,2026-10-04 19:07:09,20.328849028400597,35.53754266211604,-15.208693633715441
TO,92088,CASEARA,0028,2026-10-04 18:50:13,-1.530612244897959,25.597040026908846,-27.127652271806806
TO,73210,CENTENÁRIO,0033,2026-10-04 18:12:20,16.95026178010471,34.59244532803181,-17.642183547927097
TO,73482,CHAPADA DA NATIVIDADE,0019,2026-10-04 18:38:42,36.5874363327674,53.59508041627247,-17.007644083505063
TO,73474,CHAPADA DE AREIA,0013,2026-10-04 18:31:50,-15.078960774325013,3.6219581211092247,-18.70091889543424
TO,93114,COLINAS DO TOCANTINS,0004,2026-10-04 19:20:54,-24.436475409836067,-11.761076836791924,-12.675398573044143
TO,95290,COLMÉIA,0016,2026-10-04 20:33:56,-26.265152972868965,-17.69876148621654,-8.566391486652424
TO,92142,COMBINADO,0022,2026-10-04 18:39:52,-6.688,6.263048016701461,-12.95104801670146
TO,93130,CONCEIÇÃO DO TOCANTINS,0022,2026-10-04 17:35:02,33.294392523364486,50.50761421319797,-17.21322168983348
TO,93211,COUTO MAGALHÃES,0016,2026-10-04 18:18:42,9.790772532188841,28.50299401197605,-18.71222147978721
TO,93238,CRISTALÂNDIA,0013,2026-10-04 18:10:51,-11.209640745793543,13.505203405865657,-24.7148441516592
TO,73555,CRIXÁS DO TOCANTINS,0002,2026-10-04 18:15:16,0.0,13.465952563121652,-13.465952563121652
TO,73032,DARCINÓPOLIS,0027,2026-10-04 19:02:27,8.88468809073724,28.696194635059264,-19.81150654432202
TO,93416,DIANÓPOLIS,0025,2026-10-04 18:21:52,14.317114596862824,31.822405782137327,-17.5052911852745
TO,92185,DIVINÓPOLIS DO TOCANTINS,0007,2026-10-04 18:25:54,-1.5005599104143337,23.819793913251857,-25.320353823666192
TO,93459,DOIS IRMÃOS DO TOCANTINS,0028,2026-10-04 18:38:42,6.9666920925502165,33.55614973262032,-26.5894576400701
TO,93475,DUERÉ,0015,2026-10-04 17:55:44,1.5706806282722514,25.08604206500956,-23.515361436737308
TO,73296,ESPERANTINA,0010,2026-10-04 20:23:17,35.18407960199005,44.62342185459295,-9.439342252602898
TO,96679,FIGUEIRÓPOLIS,0014,2026-10-04 18:59:45,-18.614958448753463,0.8215297450424929,-19.436488193795956
TO,93556,FILADÉLFIA,0008,2026-10-04 18:44:22,14.15270018621974,27.704102776626605,-13.551402590406866
TO,93653,FORMOSO DO ARAGUAIA,0015,2026-10-04 18:38:42,-21.332716335030078,-5.418161223333962,-15.914555111696115
TO,96830,FÁTIMA,0013,2026-10-04 17:53:53,-18.022145857197405,-0.7001166861143524,-17.322029171083052
TO,92240,GOIANORTE,0016,2026-10-04 18:49:57,-10.357142857142858,11.680672268907562,-22.03781512605042
TO,95338,GOIATINS,0032,2026-10-04 19:20:54,33.972524327418434,46.289808917197455,-12.317284589779021
TO,96270,GUARAÍ,0006,2026-10-04 18:17:48,-17.648312611012432,-3.9761130848892585,-13.672199526123174
TO,93858,GURUPI,0002,2026-10-04 18:36:12,-28.300892047491512,-13.430050432116595,-14.870841615374918
TO,73598,IPUEIRAS,0003,2026-10-04 18:12:02,28.131021194605008,47.816901408450704,-19.685880213845696
TO,94056,ITACAJÁ,0033,2026-10-04 18:31:50,18.08582341046956,30.665722379603398,-12.57989896913384
TO,94099,ITAGUATINS,0011,2026-10-04 18:25:54,24.632647608869892,34.618755477651185,-9.986107868781293
TO,73202,ITAPIRATINS,0033,2026-10-04 18:37:13,12.113495816660604,29.641065225781553,-17.52756940912095
TO,94170,ITAPORÃ DO TOCANTINS,0016,2026-10-04 18:15:02,-1.5179392824287028,14.925373134328359,-16.44331241675706
TO,73369,JAÚ DO TOCANTINS,0020,2026-10-04 18:18:42,-3.4997865983781478,15.144561725562184,-18.64434832394033
TO,73253,JUARINA,0004,2026-10-04 18:10:51,4.922566371681416,16.347305389221557,-11.42473901754014
TO,73385,LAGOA DA CONFUSÃO,0013,2026-10-04 19:20:54,-16.602699021914077,4.107330235347025,-20.7100292572611
TO,73113,LAGOA DO TOCANTINS,0035,2026-10-04 18:57:34,14.447378347793286,36.195286195286194,-21.747907847492908
TO,73407,LAJEADO,0005,2026-10-04 18:21:52,-8.835196538045437,9.192200557103064,-18.0273970951485
TO,73601,LAVANDEIRA,0017,2026-10-04 18:22:11,11.223842739378567,30.835734870317,-19.611892130938436
TO,95699,LIZARDA,0035,2026-10-04 18:31:51,30.525846702317292,46.34146341463415,-15.815616712316857
TO,73520,LUZINÓPOLIS,0009,2026-10-04 18:42:04,11.419015766841854,27.47143566815698,-16.052419901315126
TO,92304,MARIANÓPOLIS DO TOCANTINS,0007,2026-10-04 18:36:12,-8.991452991452991,14.383822968332698,-23.37527595978569
TO,73270,MATEIROS,0026,2026-10-04 19:14:52,32.17334208798424,36.263020833333336,-4.089678745349097
TO,73059,MAURILÂNDIA DO TOCANTINS,0011,2026-10-04 19:31:51,38.98488120950324,50.975706889685384,-11.990825680182141
TO,94617,MIRACEMA DO TOCANTINS,0005,2026-10-04 18:17:12,10.821230051999283,24.583064590435825,-13.761834538436542
TO,94633,MIRANORTE,0028,2026-10-04 19:13:45,-14.775323686214776,4.091566899092225,-18.866890585307
TO,94692,MONTE DO CARMO,0003,2026-10-04 19:09:24,6.836734693877551,29.795467108899945,-22.958732415022396
TO,73563,MONTE SANTO DO TOCANTINS,0007,2026-10-04 18:36:12,-24.98743086978381,-8.122362869198312,-16.8650680005855
TO,73342,MURICILÂNDIA,0034,2026-10-04 18:48:41,13.743455497382199,30.776383077638307,-17.032927580256107
TO,94811,NATIVIDADE,0019,2026-10-04 19:09:24,6.584119496855346,24.386317907444667,-17.80219841058932
TO,94838,NAZARÉ,0009,2026-10-04 18:55:47,35.39982030548068,45.70730216926367,-10.30748186378299
TO,96636,NOVA OLINDA,0031,2026-10-04 19:07:09,0.6195786864931846,10.465116279069768,-9.845537592576584
TO,92401,NOVA ROSALÂNDIA,0013,2026-10-04 18:31:50,-17.616802400342905,-0.7870370370370371,-16.829765363305867
TO,94994,NOVO ACORDO,0035,2026-10-04 20:36:08,-2.791411042944785,16.510695187165776,-19.30210623011056
TO,73148,NOVO ALEGRE,0022,2026-10-04 18:00:37,16.18798955613577,27.71007055805003,-11.522081001914263
TO,73172,NOVO JARDIM,0025,2026-10-04 17:59:26,24.068767908309457,41.32180358245831,-17.25303567414885
TO,73466,OLIVEIRA DE FÁTIMA,0013,2026-10-04 18:28:20,-1.8573551263001487,19.41176470588235,-21.2691198321825
TO,73440,PALMAS,0029,2026-10-04 20:07:30,-24.801321897867652,-16.641708039991798,-8.159613857875854
TO,73083,PALMEIRANTE,0008,2026-10-04 18:27:07,15.17987715706347,35.90682196339434,-20.726944806330874
TO,73040,PALMEIRAS DO TOCANTINS,0027,2026-10-04 17:52:43,15.215426333232902,26.705955334987593,-11.490529001754691
TO,96490,PALMEIRÓPOLIS,0018,2026-10-04 19:02:27,-22.141068447412355,-5.9636196177757315,-16.177448829636624
TO,95214,PARANÃ,0018,2026-10-04 19:04:35,42.87836276613302,56.81456602439456,-13.936203258261536
TO,95192,PARAÍSO DO TOCANTINS,0007,2026-10-04 20:10:49,-42.057633614876856,-30.75588121866564,-11.301752396211217
TO,73261,PAU D'ARCO,0031,2026-10-04 19:10:58,0.07125044531528323,11.233396584440227,-11.162146139124944
TO,95257,PEDRO AFONSO,0023,2026-10-04 18:35:05,-13.869477673812625,4.774294263041499,-18.643771936854122
TO,95273,PEIXE,0020,2026-10-04 18:50:13,20.965118380625338,34.47501403705783,-13.509895656432494
TO,92487,PEQUIZEIRO,0016,2026-10-04 19:07:09,4.81859410430839,17.877260598873406,-13.058666494565015
TO,95370,PINDORAMA DO TOCANTINS,0026,2026-10-04 17:51:33,6.258692628650904,23.181655320673595,-16.922962692022693
TO,73016,PIRAQUÊ,0027,2026-10-04 18:33:54,8.237145855194123,22.35632183908046,-14.119175983886338
TO,95478,PIUM,0013,2026-10-04 18:12:20,-15.205959684487292,3.8565022421524664,-19.06246192663976
TO,95516,PONTE ALTA DO BOM JESUS,0017,2026-10-04 18:33:54,21.26518942101501,38.11764705882353,-16.85245763780852
TO,95532,PONTE ALTA DO TOCANTINS,0026,2026-10-04 18:37:14,-8.52981969486824,7.739109272329034,-16.268928967197272
TO,92509,PORTO ALEGRE DO TOCANTINS,0025,2026-10-04 17:36:53,22.003034901365705,43.0,-20.996965098634295
TO,95591,PORTO NACIONAL,0003,2026-10-04 20:10:49,-6.434582194350646,8.983898157298146,-15.418480351648792
TO,92525,PRAIA NORTE,0021,2026-10-04 18:44:42,29.00471804088969,38.548698167791706,-9.543980126902017
TO,96296,PRESIDENTE KENNEDY,0004,2026-10-04 18:24:57,-0.7133303611234953,10.163934426229508,-10.877264787353003
TO,73571,PUGMIL,0007,2026-10-04 17:51:50,-15.775401069518717,-2.6315789473684212,-13.143822122150295
TO,73229,RECURSOLÂNDIA,0033,2026-10-04 17:51:49,34.225700164744644,47.20744680851064,-12.981746643765995
TO,73024,RIACHINHO,0027,2026-10-04 18:16:11,11.029411764705882,26.64554734248504,-15.61613557777916
TO,73431,RIO DA CONCEIÇÃO,0025,2026-10-04 17:39:54,24.16063199473338,36.717205009887934,-12.556573015154555
TO,73415,RIO DOS BOIS,0028,2026-10-04 17:38:22,14.55421686746988,28.60759493670886,-14.053378069238981
TO,96792,RIO SONO,0023,2026-10-04 20:10:48,2.5711915952446778,15.695600475624257,-13.12440888037958
TO,92541,SAMPAIO,0021,2026-10-04 19:20:54,32.15122114419538,40.97273397199705,-8.82151282780167
TO,73156,SANDOLÂNDIA,0014,2026-10-04 18:23:28,-19.498502994011975,0.5341472720335749,-20.03265026604555
TO,73350,SANTA FÉ DO ARAGUAIA,0034,2026-10-04 19:10:58,2.887921155168462,17.816935878609886,-14.929014723441425
TO,73130,SANTA MARIA DO TOCANTINS,0033,2026-10-04 17:44:56,-7.514734774066798,15.757575757575758,-23.272310531642557
TO,73547,SANTA RITA DO TOCANTINS,0003,2026-10-04 17:44:56,-15.58679706601467,7.330482590103848,-22.917279656118517
TO,92584,SANTA ROSA DO TOCANTINS,0019,2026-10-04 20:11:07,20.07189934092271,42.74832419256551,-22.676424851642803
TO,92606,SANTA TEREZA DO TOCANTINS,0035,2026-10-04 18:17:48,-9.911717495987158,3.897736797988265,-13.809454293975424
TO,73539,SANTA TEREZINHA DO TOCANTINS,0009,2026-10-04 19:11:44,19.03599755948749,31.610576923076923,-12.574579363589432
TO,96598,SILVANÓPOLIS,0003,2026-10-04 19:13:45,0.18013381369016984,26.698891100369632,-26.518757286679463
TO,73377,SUCUPIRA,0020,2026-10-04 19:10:36,-8.286118980169972,11.002260738507912,-19.288379718677884
TO,73288,SÃO BENTO DO TOCANTINS,0010,2026-10-04 18:57:35,24.639394655947033,41.54589371980676,-16.90649906385973
TO,73105,SÃO FÉLIX DO TOCANTINS,0035,2026-10-04 17:31:45,24.58249832999332,44.15584415584416,-19.573345825850836
TO,73180,SÃO MIGUEL DO TOCANTINS,0011,2026-10-04 19:32:13,14.373163565132224,30.928792569659443,-16.55562900452722
TO,73393,SÃO SALVADOR DO TOCANTINS,0018,2026-10-04 17:54:12,30.21773765268189,43.309859154929576,-13.092121502247686
TO,96032,SÃO SEBASTIÃO DO TOCANTINS,0021,2026-10-04 18:36:12,34.298780487804876,46.45544554455446,-12.156665056749581
TO,92681,SÃO VALÉRIO,0020,2026-10-04 18:38:27,23.05428384565075,46.673706441393875,-23.619422595743124
TO,96130,SÍTIO NOVO DO TOCANTINS,0011,2026-10-04 18:27:07,27.752152521525215,38.69346733668342,-10.941314815158204
TO,73199,TABOCÃO,0006,2026-10-04 18:20:11,-0.7136859781696053,12.916842549598988,-13.630528527768593
TO,96156,TAGUATINGA,0017,2026-10-04 18:43:13,14.0289924523781,29.294616471797507,-15.265624019419407
TO,73164,TAIPAS DO TOCANTINS,0025,2026-10-04 18:15:01,43.20284697508897,50.592592592592595,-7.389745617503628
TO,73504,TALISMÃ,0014,2026-10-04 19:23:51,-13.108614232209737,12.2279792746114,-25.33659350682114
TO,96210,TOCANTINÓPOLIS,0009,2026-10-04 18:49:57,27.876106194690266,36.321128546520846,-8.44502235183058
TO,96199,TOCANTÍNIA,0005,2026-10-04 18:31:50,43.21718167872014,45.49774887443722,-2.280567195717083
TO,73458,TUPIRAMA,0023,2026-10-04 17:36:53,10.420979986197377,24.863387978142075,-14.442407991944698
TO,73237,TUPIRATINS,0006,2026-10-04 17:47:45,19.54022988505747,35.5956678700361,-16.05543798497863
TO,96652,WANDERLÂNDIA,0027,2026-10-04 18:47:43,7.242827151854444,24.452416918429,-17.20958976657456
TO,96431,XAMBIOÁ,0012,2026-10-04 17:49:25,-8.191225768838361,1.2642614862781376,-9.455487255116498
