uf,cd_tse,municipio,zona,secoes,eleitores,validos,flavio,lula,margin_lula_minus_flavio_2026_pp,primeira_secao_gerado_brt,completa_gerado_brt,validos_2022_1t,bolsonaro_2022_1t,lula_2022_1t,margin_lula_minus_bolsonaro_2022_pp
AC,01120,ACRELÂNDIA,0008,45,10207,7791,5940,1508,-56.88615068668977,2026-10-04 17:21:11,2026-10-04 19:04:33,7118,5238,1516,-52.289969092441694
AC,01570,ASSIS BRASIL,0006,28,7294,5521,3274,2015,-22.803839884078972,2026-10-04 17:23:11,2026-10-04 20:22:14,4871,2694,2003,-14.185998768220077
AC,01058,BRASILÉIA,0006,74,19978,15387,10709,3965,-43.82920647299669,2026-10-04 17:21:11,2026-10-04 19:17:09,14138,9143,4171,-35.16763332861791
AC,01007,BUJARI,0009,41,11152,8308,5531,2394,-37.75878671160327,2026-10-04 17:28:50,2026-10-04 19:20:50,7263,4505,2130,-32.699986231584745
AC,01015,CAPIXABA,0002,34,8170,6298,4227,1732,-39.615751032073675,2026-10-04 17:29:29,2026-10-04 18:56:30,6011,3944,1630,-38.49609050074863
AC,01074,CRUZEIRO DO SUL,0004,256,63851,49656,34218,12368,-44.0027388432415,2026-10-04 17:27:43,2026-10-04 20:42:45,45201,30977,10770,-44.70476316895644
AC,01112,EPITACIOLÂNDIA,0006,54,14599,11282,8129,2656,-48.510902322283286,2026-10-04 17:29:29,2026-10-04 20:24:14,9666,6494,2592,-40.36830126215601
AC,01139,FEIJÓ,0007,88,24197,17296,9069,7435,-9.4472710453284,2026-10-04 17:30:39,2026-10-04 20:10:45,15220,6191,7930,11.4257555847569
AC,01104,JORDÃO,0005,24,5999,4299,1935,2147,4.931379390555943,2026-10-04 17:33:45,2026-10-04 19:08:53,4018,1515,2213,17.371826779492284
AC,01554,MANOEL URBANO,0003,31,8602,6432,3823,2415,-21.890547263681594,2026-10-04 17:21:54,2026-10-04 19:16:07,5534,3141,2095,-18.90133718829057
AC,01040,MARECHAL THAUMATURGO,0004,47,11897,9078,5369,3365,-22.075346992729678,2026-10-04 17:24:22,2026-10-04 18:17:46,8059,4146,3238,-11.266906564089837
AC,01090,MÂNCIO LIMA,0004,57,14657,11689,7749,3481,-36.512960903413465,2026-10-04 17:21:11,2026-10-04 20:52:46,10244,6469,3236,-31.55993752440453
AC,01511,PLÁCIDO DE CASTRO,0008,54,12291,9568,6580,2473,-42.92433110367893,2026-10-04 18:13:34,2026-10-04 18:49:54,9390,6209,2442,-40.1171458998935
AC,01023,PORTO ACRE,0001,60,14284,11128,7926,2658,-47.34004313443566,2026-10-04 17:23:40,2026-10-04 19:12:39,10259,7062,2490,-44.56574714884491
AC,01066,PORTO WALTER,0004,34,8032,6296,2780,3208,6.797966963151207,2026-10-04 17:26:34,2026-10-04 19:07:40,5503,2143,2660,9.394875522442304
AC,01392,RIO BRANCO,0001,475,136433,103748,66129,28568,-36.204071403786095,2026-10-04 17:27:43,2026-10-04 20:42:26,102430,65672,27010,-37.74480132773601
AC,01392,RIO BRANCO,0009,433,133741,103106,65766,27855,-36.76895621981262,2026-10-04 17:28:20,2026-10-04 20:40:28,101199,64721,26550,-37.71875216158262
AC,01082,RODRIGUES ALVES,0004,55,12185,9931,7154,2355,-48.32343167858222,2026-10-04 17:28:50,2026-10-04 19:14:14,8866,6551,1839,-53.14685314685315
AC,01031,SANTA ROSA DO PURUS,0003,16,3927,2742,1258,1384,4.595185995623632,2026-10-04 17:21:11,2026-10-04 18:48:39,2518,1028,1357,13.0659253375695
AC,01457,SENA MADUREIRA,0003,120,30864,23642,16640,5787,-45.905591743507316,2026-10-04 17:21:11,2026-10-04 20:55:40,21786,14317,5811,-39.04342238134582
AC,01538,SENADOR GUIOMARD,0008,81,18638,14556,10111,3536,-45.170376477054134,2026-10-04 17:32:43,2026-10-04 19:02:56,13755,9134,3523,-40.7924391130498
AC,01473,TARAUACÁ,0005,110,29970,21508,12435,8099,-20.159940487260553,2026-10-04 17:20:29,2026-10-04 20:41:25,18508,9146,8042,-5.964988113248325
AC,01490,XAPURI,0002,53,12774,9804,6055,3366,-27.427580579355364,2026-10-04 17:29:29,2026-10-04 20:19:36,9360,5142,3774,-14.615384615384615
AL,27030,ANADIA,0048,46,13090,9441,2600,6524,41.56339370829361,2026-10-04 17:34:11,2026-10-04 19:07:07,8593,1797,6234,51.63505178633772
AL,27057,ARAPIRACA,0022,211,79297,61655,27431,30768,5.412375314248641,2026-10-04 17:51:31,2026-10-04 21:01:48,74343,29198,39502,13.860080976016572
AL,27057,ARAPIRACA,0055,235,79693,62166,29082,29536,0.7303027378309687,2026-10-04 17:33:45,2026-10-04 20:58:12,42584,19258,19929,1.5757091865489385
AL,27073,ATALAIA,0006,113,32403,23754,8726,14076,22.52252252252252,2026-10-04 18:57:32,2026-10-04 21:00:40,22604,7105,13894,30.03450716687312
AL,27090,BARRA DE SANTO ANTÔNIO,0017,41,14944,10903,4637,5771,10.400807117307163,2026-10-04 19:00:10,2026-10-04 21:17:00,9283,3400,5358,21.092319293331897
AL,27111,BARRA DE SÃO MIGUEL,0026,27,8063,6393,3227,2858,-5.771938057250117,2026-10-04 17:43:12,2026-10-04 20:57:29,5905,2769,2739,-0.5080440304826418
AL,27138,BATALHA,0029,36,13574,10159,3579,6197,25.770252977655282,2026-10-04 19:32:20,2026-10-04 20:55:22,9597,2727,6244,36.646868813170784
AL,27170,BELO MONTE,0029,16,6030,4607,1314,3116,39.11439114391144,2026-10-04 18:30:14,2026-10-04 20:10:27,4461,1006,3192,49.002465814839724
AL,27154,BELÉM,0028,20,5054,3596,956,2501,42.96440489432703,2026-10-04 17:57:23,2026-10-04 20:10:27,3488,790,2442,47.362385321100916
AL,27197,BOCA DA MATA,0048,59,19738,14070,5779,7804,14.392324093816631,2026-10-04 18:35:04,2026-10-04 19:23:20,13532,4872,7789,21.556310966597696
AL,27219,BRANQUINHA,0009,26,9119,6191,1877,4114,36.133096430302054,2026-10-04 19:07:06,2026-10-04 20:12:40,6123,1471,4230,45.05961130164952
AL,27235,CACIMBINHAS,0046,24,8774,5914,1698,4073,40.158944876564085,2026-10-04 18:29:08,2026-10-04 20:47:15,5955,1310,4189,48.34592779177162
AL,27251,CAJUEIRO,0005,42,14474,10170,3135,6630,34.365781710914455,2026-10-04 18:23:27,2026-10-04 20:12:41,10006,2840,6482,36.398161103338
AL,27081,CAMPESTRE,0053,17,6077,4242,1276,2798,35.87930221593588,2026-10-04 19:32:20,2026-10-04 20:05:01,4044,1074,2685,39.83679525222552
AL,27278,CAMPO ALEGRE,0047,78,27042,19043,6532,11781,27.56393425405661,2026-10-04 18:14:07,2026-10-04 20:57:07,18067,5279,11834,36.28161842032435
AL,27294,CAMPO GRANDE,0020,26,9154,6614,1720,4622,43.87662534018748,2026-10-04 18:15:15,2026-10-04 20:33:36,6562,1136,5082,60.13410545565377
AL,27316,CANAPI,0027,53,14793,10380,2051,8006,57.369942196531795,2026-10-04 17:39:12,2026-10-04 19:20:52,9304,1239,7512,67.4226139294927
AL,27332,CAPELA,0006,46,12900,9614,3700,5533,19.065945496151446,2026-10-04 18:56:32,2026-10-04 20:56:11,9481,3392,5477,21.99135112329923
AL,27359,CARNEIROS,0019,23,7751,5564,1143,4217,55.24802300503235,2026-10-04 18:39:50,2026-10-04 20:50:21,5041,726,3945,63.85637770283674
AL,27375,CHÃ PRETA,0028,23,6923,5085,1422,3457,40.0196656833825,2026-10-04 18:26:02,2026-10-04 19:01:36,4373,909,3193,52.22959067002058
AL,27391,COITÉ DO NÓIA,0045,30,9481,7025,1712,4983,46.562277580071175,2026-10-04 18:31:49,2026-10-04 20:25:56,6613,1109,5049,59.579615908059885
AL,27413,COLÔNIA LEOPOLDINA,0016,55,15416,10822,5068,5409,3.1509887266678986,2026-10-04 18:18:59,2026-10-04 18:49:56,10290,4190,5517,12.896015549076774
AL,27430,COQUEIRO SECO,0008,17,5554,4346,1798,2300,11.55085135757018,2026-10-04 19:32:20,2026-10-04 20:33:29,3959,1300,2367,26.951250315736296
AL,27456,CORURIPE,0007,122,41885,30378,15184,13895,-4.243202317466587,2026-10-04 18:45:09,2026-10-04 21:00:19,28689,13580,13124,-1.5894593746732197
AL,28894,CRAÍBAS,0031,59,21887,16393,4159,11551,45.09241749527237,2026-10-04 18:43:11,2026-10-04 21:08:56,14721,2625,11172,58.059914407988586
AL,27472,DELMIRO GOUVEIA,0040,151,41407,30417,5750,23510,58.388401223000294,2026-10-04 18:17:47,2026-10-04 21:42:15,28603,4486,22645,63.486347585917564
AL,27499,DOIS RIACHOS,0046,27,9497,6321,1799,4352,40.389178927384904,2026-10-04 18:27:05,2026-10-04 22:35:09,6543,1399,4778,51.64297722757145
AL,27049,ESTRELA DE ALAGOAS,0046,41,13040,8736,1613,6859,60.0503663003663,2026-10-04 17:35:01,2026-10-04 20:58:12,7878,1077,6284,66.09545569941609
AL,27510,FEIRA GRANDE,0049,53,19459,14623,3614,10417,46.52260138138549,2026-10-04 17:57:23,2026-10-04 20:30:08,13409,2657,9890,53.94138265344172
AL,27537,FELIZ DESERTO,0007,11,3975,2766,1030,1653,22.5234996384671,2026-10-04 18:29:07,2026-10-04 19:22:08,2444,709,1629,37.64320785597381
AL,27553,FLEXEIRAS,0053,26,8538,6154,2989,2943,-0.7474813129671758,2026-10-04 20:13:00,2026-10-04 21:24:26,6099,2685,3001,5.181177242170848
AL,27570,GIRAU DO PONCIANO,0044,76,28504,20688,4370,15661,54.57753286929621,2026-10-04 17:47:42,2026-10-04 21:40:45,19488,3102,15297,62.57697044334975
AL,27596,IBATEGUARA,0016,33,11536,8037,3064,4702,20.38073908174692,2026-10-04 17:39:53,2026-10-04 20:16:37,7922,2590,4787,27.732895733400657
AL,27618,IGACI,0045,82,20525,14198,3134,10470,51.66924919002676,2026-10-04 18:27:05,2026-10-04 20:41:27,13778,2325,10652,60.43692843663812
AL,27634,IGREJA NOVA,0037,55,17729,12921,3533,8952,41.93947836854733,2026-10-04 18:44:41,2026-10-04 21:38:27,12847,2704,9392,52.05884642328948
AL,27650,INHAPI,0039,43,14561,9914,1691,7926,62.89086140810974,2026-10-04 17:38:20,2026-10-04 20:56:23,9046,1213,7310,67.3999557815609
AL,27677,JACARÉ DOS HOMENS,0029,14,5258,3995,809,3067,56.520650813516895,2026-10-04 18:38:41,2026-10-04 20:27:05,3633,610,2829,61.078998073217726
AL,27693,JACUÍPE,0014,17,6044,4709,1434,3113,35.655128477383734,2026-10-04 19:04:45,2026-10-04 19:22:32,4237,1107,2904,42.412084021713476
AL,27715,JAPARATINGA,0014,27,9190,6926,3709,2992,-10.35229569737222,2026-10-04 18:43:11,2026-10-04 20:59:20,5455,2754,2426,-6.012832263978002
AL,27731,JARAMATAIA,0044,16,5223,4064,994,2962,48.425196850393704,2026-10-04 19:07:07,2026-10-04 20:29:14,3759,702,2843,56.95663740356478
AL,27065,JEQUIÁ DA PRAIA,0018,24,8245,6244,2915,3053,2.210121716848174,2026-10-04 18:57:32,2026-10-04 19:13:17,6123,2669,3064,6.451086068920464
AL,27758,JOAQUIM GOMES,0053,53,15470,11147,3430,7394,35.56113752579169,2026-10-04 18:37:11,2026-10-04 21:34:17,10324,2685,7065,42.42541650523053
AL,27774,JUNDIÁ,0014,14,4851,3561,1399,2027,17.63549564729009,2026-10-04 17:57:23,2026-10-04 19:20:52,3158,1037,1899,27.295756808106397
AL,27790,JUNQUEIRO,0034,63,20177,14684,5637,8286,18.040043584854264,2026-10-04 18:10:50,2026-10-04 20:54:09,14246,4195,9073,34.241190509616736
AL,27812,LAGOA DA CANOA,0044,46,17008,12453,3911,8122,33.81514494499317,2026-10-04 19:28:50,2026-10-04 20:52:29,11435,2722,8047,46.56755574989069
AL,27839,LIMOEIRO DE ANADIA,0047,64,20414,15143,4249,10464,41.04206564089018,2026-10-04 18:10:59,2026-10-04 20:07:45,14158,2946,10502,53.36911993219381
AL,27855,MACEIÓ,0001,303,111053,88647,46905,35644,-12.70319356549009,2026-10-04 18:12:00,2026-10-04 20:39:26,87778,44285,34346,-11.322882726879172
AL,27855,MACEIÓ,0002,415,166770,129092,67710,53052,-11.354692777244136,2026-10-04 17:27:43,2026-10-04 21:54:57,128797,64064,51420,-9.816998843140757
AL,27855,MACEIÓ,0003,350,118696,92254,47502,39237,-8.958961129056735,2026-10-04 18:16:07,2026-10-04 21:19:36,92156,45114,38308,-7.385303181561699
AL,27855,MACEIÓ,0033,255,96662,74794,39362,30359,-12.037061796400781,2026-10-04 17:57:23,2026-10-04 21:03:56,73769,36226,30249,-8.102319402459027
AL,27855,MACEIÓ,0054,338,153282,111329,58310,45558,-11.454338043097486,2026-10-04 17:38:20,2026-10-04 22:54:06,101575,50364,41391,-8.83386660103372
AL,27871,MAJOR ISIDORO,0031,46,15675,11373,4009,7056,26.791523784401654,2026-10-04 17:47:42,2026-10-04 21:13:10,10919,3012,7253,38.840553164209176
AL,27979,MAR VERMELHO,0005,11,3653,2867,811,1933,39.13498430415068,2026-10-04 17:26:36,2026-10-04 20:40:36,2806,659,1942,45.72344975053457
AL,27898,MARAGOGI,0014,69,26019,19005,10898,7431,-18.242567745330177,2026-10-04 19:00:38,2026-10-04 20:58:12,16735,8865,6966,-11.347475351060652
AL,27910,MARAVILHA,0050,26,8963,6162,1473,4409,47.646867900032454,2026-10-04 19:00:38,2026-10-04 22:50:26,5647,1005,4282,58.03081282096689
AL,27936,MARECHAL DEODORO,0026,142,47095,36124,19001,15178,-10.58299191673126,2026-10-04 18:28:19,2026-10-04 21:00:40,31641,15343,13719,-5.132581144717297
AL,27952,MARIBONDO,0048,37,11142,8527,3067,5141,24.322739533247333,2026-10-04 18:33:14,2026-10-04 20:59:19,7773,2356,4974,33.68068956644796
AL,27995,MATA GRANDE,0027,63,18418,12724,2337,10073,60.79849104055329,2026-10-04 18:32:09,2026-10-04 20:51:32,11801,1814,9432,64.55385136852809
AL,28010,MATRIZ DE CAMARAGIBE,0012,53,18656,13632,7489,5701,-13.116197183098592,2026-10-04 20:45:10,2026-10-04 20:57:07,13026,6749,5531,-9.350529709811147
AL,28037,MESSIAS,0009,39,14073,10565,4282,5892,15.238996687174634,2026-10-04 19:22:32,2026-10-04 20:52:18,10005,3675,5776,20.999500249875062
AL,28053,MINADOR DO NEGRÃO,0046,18,5111,3617,1106,2356,34.55902681780481,2026-10-04 19:24:38,2026-10-04 20:07:45,3543,793,2486,47.78436353372848
AL,28070,MONTEIRÓPOLIS,0029,19,6417,4686,1141,3332,46.75629534784464,2026-10-04 19:29:34,2026-10-04 19:29:34,4167,783,3008,53.395728341732664
AL,28096,MURICI,0009,63,20644,15142,5628,8996,22.242768458591996,2026-10-04 18:15:15,2026-10-04 19:29:51,14390,4630,8770,28.76997915218902
AL,28118,NOVO LINO,0053,30,10016,7298,3612,3432,-2.466429158673609,2026-10-04 20:13:00,2026-10-04 20:13:00,6961,3075,3437,5.200402241057319
AL,28134,OLHO D'ÁGUA DAS FLORES,0011,47,16240,11897,4518,6905,20.063881650836347,2026-10-04 18:32:09,2026-10-04 21:01:48,11588,3652,7204,30.652399033482915
AL,28150,OLHO D'ÁGUA DO CASADO,0040,21,7631,5299,752,4368,68.239290432157,2026-10-04 19:31:12,2026-10-04 20:59:20,5320,523,4522,75.16917293233082
AL,28177,OLHO D'ÁGUA GRANDE,0037,15,5133,3727,889,2711,48.88650389052857,2026-10-04 18:16:07,2026-10-04 20:47:55,3444,557,2689,61.904761904761905
AL,28193,OLIVENÇA,0019,38,10337,7917,2379,5213,35.79638752052545,2026-10-04 18:17:47,2026-10-04 20:16:37,7075,1564,5042,49.159010600706715
AL,28215,OURO BRANCO,0050,27,10029,7329,1771,5183,46.55478237140128,2026-10-04 18:41:06,2026-10-04 21:36:47,6959,1252,5283,57.92498922258945
AL,28231,PALESTINA,0011,14,4992,3518,737,2636,53.979533826037525,2026-10-04 18:15:15,2026-10-04 21:24:16,3303,600,2442,55.76748410535876
AL,28258,PALMEIRA DOS ÍNDIOS,0010,170,54544,40222,14385,23887,23.623887424792404,2026-10-04 17:48:33,2026-10-04 21:17:00,39379,12279,24549,31.15873942964524
AL,27022,PARICONHA,0039,29,9772,7161,658,6310,78.92752408881441,2026-10-04 18:10:59,2026-10-04 20:58:29,6510,495,5663,79.38556067588326
AL,27006,PARIPUEIRA,0017,33,12721,9605,4999,4101,-9.349297241020302,2026-10-04 19:03:46,2026-10-04 20:56:11,8518,3924,3984,0.704390702042733
AL,28290,PASSO DE CAMARAGIBE,0012,38,12513,9622,4176,5161,10.236956973602162,2026-10-04 19:09:43,2026-10-04 20:59:39,8980,3278,5249,21.948775055679288
AL,28312,PAULO JACINTO,0028,26,6620,5071,1472,3368,37.38907513310984,2026-10-04 18:22:48,2026-10-04 18:50:12,4712,1147,3234,44.29117147707979
AL,28339,PENEDO,0013,138,44742,32595,12036,18884,21.009357263383954,2026-10-04 18:13:00,2026-10-04 21:37:07,30365,9757,18665,29.336407047587684
AL,28355,PIAÇABUÇU,0013,44,13930,10304,3508,6409,28.154114906832298,2026-10-04 17:57:23,2026-10-04 20:42:27,9994,2830,6621,37.932759655793475
AL,28371,PILAR,0008,84,29494,22381,10026,11359,5.955944774585586,2026-10-04 18:17:47,2026-10-04 20:53:20,20519,7913,10993,15.01047809347434
AL,28398,PINDOBA,0005,8,2895,2276,827,1393,24.868189806678384,2026-10-04 18:17:47,2026-10-04 19:29:33,2045,586,1364,38.044009779951104
AL,28410,PIRANHAS,0040,56,20101,14440,2561,11382,61.08725761772853,2026-10-04 18:59:25,2026-10-04 21:44:06,13414,1800,10900,67.83957059788281
AL,28452,PORTO CALVO,0014,69,21598,16131,8667,6941,-10.699894612857232,2026-10-04 18:44:41,2026-10-04 20:07:45,15152,7327,6865,-3.0491024287222808
AL,28479,PORTO DE PEDRAS,0012,23,8457,6493,3285,2989,-4.558755582935469,2026-10-04 20:30:26,2026-10-04 21:46:16,5366,2235,2832,11.125605665300037
AL,28495,PORTO REAL DO COLÉGIO,0037,53,17563,13261,3236,9542,47.55297488877159,2026-10-04 18:59:04,2026-10-04 21:41:26,12234,2237,9354,58.173941474579046
AL,28436,POÇO DAS TRINCHEIRAS,0050,34,11257,8177,1471,6344,59.593983123394885,2026-10-04 18:35:04,2026-10-04 21:18:26,7683,880,6285,70.35012364961604
AL,28274,PÃO DE AÇÚCAR,0011,64,18843,13659,3331,9813,47.45588988945018,2026-10-04 18:15:14,2026-10-04 20:57:29,13632,2810,9991,52.6775234741784
AL,28517,QUEBRANGULO,0028,37,10425,7774,2236,5305,39.477746333933624,2026-10-04 17:50:03,2026-10-04 19:20:51,7323,1672,5252,48.88706814147208
AL,28533,RIO LARGO,0015,205,68061,53751,24885,26017,2.106007330096184,2026-10-04 17:55:49,2026-10-04 20:57:29,48489,20242,24603,8.993792406525191
AL,28550,ROTEIRO,0018,17,5776,4220,1615,2463,20.09478672985782,2026-10-04 18:57:33,2026-10-04 20:16:37,4040,1380,2381,24.777227722772277
AL,28576,SANTA LUZIA DO NORTE,0008,18,6471,5078,1928,2912,19.37770775896022,2026-10-04 18:00:36,2026-10-04 19:20:53,4861,1544,3033,30.63155729273812
AL,28592,SANTANA DO IPANEMA,0019,115,33109,24853,7218,16402,36.953285317667884,2026-10-04 18:14:06,2026-10-04 20:10:27,24173,5387,17264,49.1333305754354
AL,28614,SANTANA DO MUNDAÚ,0021,28,9415,6773,1753,4749,44.234460357301046,2026-10-04 18:23:27,2026-10-04 19:29:33,6392,1295,4696,53.207133917396746
AL,28770,SATUBA,0008,41,15433,12524,6429,5435,-7.936761418077292,2026-10-04 17:40:31,2026-10-04 19:29:33,10028,4519,4732,2.124052652572796
AL,28916,SENADOR RUI PALMEIRA,0051,30,9681,6975,1415,5297,55.655913978494624,2026-10-04 18:42:03,2026-10-04 20:57:28,6512,867,5175,66.15479115479116
AL,28630,SÃO BRÁS,0037,23,7353,5534,1467,3881,43.6212504517528,2026-10-04 18:10:50,2026-10-04 20:56:10,5058,1218,3630,47.686832740213525
AL,28657,SÃO JOSÉ DA LAJE,0016,50,17824,12592,4848,7218,18.821473951715376,2026-10-04 18:17:47,2026-10-04 20:13:48,12263,4277,7207,23.89301149800212
AL,28673,SÃO JOSÉ DA TAPERA,0051,64,23495,16315,3713,11832,49.76402083971805,2026-10-04 18:17:46,2026-10-04 22:16:17,14694,2324,11182,60.28310875187151
AL,28690,SÃO LUÍS DO QUITUNDE,0017,71,23573,16834,8292,7992,-1.782107639301414,2026-10-04 17:54:10,2026-10-04 21:27:26,16318,6839,8611,10.859173918372349
AL,28711,SÃO MIGUEL DOS CAMPOS,0018,137,43051,31858,15362,14939,-1.327766965911231,2026-10-04 19:25:17,2026-10-04 20:51:18,31726,13946,15501,4.90134274727353
AL,28738,SÃO MIGUEL DOS MILAGRES,0012,22,8255,6202,3235,2743,-7.932924862947436,2026-10-04 21:00:40,2026-10-04 21:00:40,5457,2407,2718,5.699102070734836
AL,28754,SÃO SEBASTIÃO,0049,74,27082,19994,5637,13514,39.39681904571371,2026-10-04 19:01:36,2026-10-04 21:01:48,18737,3872,13823,53.108822116667554
AL,28797,TANQUE D'ARCA,0048,19,6000,4216,982,3097,50.16603415559772,2026-10-04 19:08:18,2026-10-04 19:13:26,3800,585,3014,63.921052631578945
AL,28819,TAQUARANA,0045,54,15528,11408,2862,8217,46.94074333800842,2026-10-04 17:51:50,2026-10-04 19:25:17,10065,1948,7510,55.26080476900149
AL,28932,TEOTÔNIO VILELA,0034,89,31106,21220,7879,12294,20.80584354382658,2026-10-04 17:54:29,2026-10-04 20:58:29,20506,6515,12651,29.922949380669074
AL,28835,TRAIPU,0020,72,19176,13587,3046,10086,51.81423419445058,2026-10-04 17:57:23,2026-10-04 19:17:09,13029,2204,9935,59.33686391895004
AL,28851,UNIÃO DOS PALMARES,0021,140,48373,35381,12989,20994,22.625137785817248,2026-10-04 18:31:49,2026-10-04 21:19:35,33038,11002,19983,27.18384890126521
AL,28878,VIÇOSA,0005,60,20902,15512,5490,9372,25.02578648788035,2026-10-04 17:21:54,2026-10-04 21:23:06,15043,4648,9441,31.861995612577278
AL,27014,ÁGUA BRANCA,0039,46,16513,11106,1230,9576,75.14856834143706,2026-10-04 19:22:08,2026-10-04 20:57:07,10781,890,9295,77.96122808644839
AM,02895,ALVARÃES,0060,34,12444,9700,2691,6537,39.649484536082475,2026-10-04 17:24:22,2026-10-04 21:01:26,8494,1997,6014,47.292206263244644
AM,02917,AMATURÁ,0022,23,7522,6252,1348,4735,54.174664107485604,2026-10-04 18:09:45,2026-10-04 23:39:28,5282,1148,3857,51.2873911397198
AM,02933,ANAMÃ,0006,25,9177,6734,2182,4272,31.036531036531038,2026-10-04 18:12:02,2026-10-04 20:37:06,6367,2041,3927,29.6214857860845
AM,02038,ANORI,0033,31,11109,8576,3499,4628,13.16464552238806,2026-10-04 17:39:12,2026-10-04 22:21:07,8089,3066,4574,18.642601063172208
AM,02003,APUÍ,0067,32,11540,8306,5895,2042,-46.38815314230676,2026-10-04 17:21:55,2026-10-04 21:18:57,7804,4600,2885,-21.975909789851357
AM,02054,ATALAIA DO NORTE,0042,32,9508,6815,1732,4854,45.810711665443876,2026-10-04 17:21:11,2026-10-04 20:33:28,6063,1051,4724,60.58057067458354
AM,02070,AUTAZES,0035,103,32340,23389,9013,13259,18.15383299841806,2026-10-04 17:21:12,2026-10-04 22:41:27,21477,6885,13625,31.382409088792663
AM,02097,BARCELOS,0018,36,12648,7771,3161,4187,13.202933985330073,2026-10-04 17:27:43,2026-10-04 21:49:57,7388,2299,4675,32.16025988088793
AM,02119,BARREIRINHA,0026,68,22727,18105,1612,15878,78.7959127312897,2026-10-04 17:21:54,2026-10-05 00:46:39,16471,1207,14691,81.86509622973712
AM,02135,BENJAMIN CONSTANT,0020,76,24218,19688,3717,15294,58.8023161316538,2026-10-04 18:14:05,2026-10-04 23:13:22,16657,2372,13665,67.79732244701927
AM,02950,BERURI,0054,44,15139,11350,4072,6883,24.766519823788546,2026-10-04 17:25:24,2026-10-04 21:00:39,10265,3427,6423,29.186556259132978
AM,02976,BOA VISTA DO RAMOS,0005,43,13666,10470,1339,8778,71.05062082139446,2026-10-04 18:00:36,2026-10-04 22:39:32,9566,985,8269,76.14467907171232
AM,02151,BOCA DO ACRE,0014,68,23223,17058,9804,6531,-19.18747801618009,2026-10-04 17:57:23,2026-10-04 20:54:09,15734,7640,7234,-2.5803991356298464
AM,02178,BORBA,0015,76,24462,18589,4560,13307,47.05470977459788,2026-10-04 17:21:54,2026-10-04 20:52:18,16265,3231,12422,56.507838917921916
AM,02992,CAAPIRANGA,0006,26,9486,6906,2313,4291,28.641760787720823,2026-10-04 18:17:30,2026-10-04 20:58:11,7036,2125,4577,34.849346219442864
AM,02194,CANUTAMA,0013,34,10740,7728,3655,3653,-0.025879917184265012,2026-10-04 17:24:52,2026-10-04 22:08:56,6828,2657,3835,17.252489748096075
AM,02216,CARAUARI,0021,76,20927,14456,3935,9690,39.81045932484781,2026-10-04 17:26:35,2026-10-04 20:43:35,13768,2690,10185,54.43782684485764
AM,02232,CAREIRO,0023,97,27452,19526,7072,11262,21.45856806309536,2026-10-04 17:29:30,2026-10-04 22:34:08,17050,5472,10450,29.19648093841642
AM,02046,CAREIRO DA VÁRZEA,0031,63,18436,13739,5092,7982,21.035009826042653,2026-10-04 17:23:41,2026-10-04 20:57:07,12805,4226,7716,27.254978524014057
AM,02259,COARI,0008,161,51479,37373,14023,21874,21.00714419500709,2026-10-04 17:21:11,2026-10-04 23:00:33,35076,12717,20449,22.043562549891664
AM,02275,CODAJÁS,0007,54,17092,12868,4984,7344,18.34006838669568,2026-10-04 17:29:30,2026-10-04 20:58:29,11670,4334,6895,21.94515852613539
AM,02291,EIRUNEPÉ,0011,65,22838,14942,5334,8665,22.292865747557222,2026-10-04 17:57:23,2026-10-04 20:41:06,14068,3243,10000,48.03099232300256
AM,02313,ENVIRA,0046,35,10870,7513,2465,4354,25.14308531878078,2026-10-04 17:57:23,2026-10-04 19:25:18,7293,1668,5052,46.40065816536405
AM,02330,FONTE BOA,0010,54,17120,12798,3063,9303,48.757618377871545,2026-10-04 17:22:30,2026-10-04 21:21:45,11424,2446,8484,52.853641456582636
AM,02020,GUAJARÁ,0045,38,12171,8894,5489,3049,-27.434225320440746,2026-10-04 17:28:21,2026-10-04 21:19:56,7760,4154,3135,-13.131443298969073
AM,02356,HUMAITÁ,0017,106,34907,26839,14741,10608,-15.399232460225791,2026-10-04 17:21:54,2026-10-04 21:52:35,23945,9836,12604,11.559824598037169
AM,02399,IPIXUNA,0045,36,11575,8135,3302,4479,14.468346650276583,2026-10-04 17:24:22,2026-10-04 21:08:56,7437,2061,4784,36.614226166464974
AM,98353,IRANDUBA,0056,205,45948,36777,15886,18677,7.588982244337494,2026-10-04 17:21:12,2026-10-04 20:58:29,30167,11829,16381,15.089336029436138
AM,02410,ITACOATIARA,0003,248,76067,57153,20163,33740,23.755533392822773,2026-10-04 17:25:25,2026-10-04 21:46:46,53963,16981,33435,30.49126253173471
AM,98370,ITAMARATI,0069,25,7343,5375,1863,3274,26.251162790697673,2026-10-04 17:40:33,2026-10-04 19:24:39,4956,1124,3609,50.14124293785311
AM,02437,ITAPIRANGA,0024,30,9689,7336,3096,3895,10.891494002181025,2026-10-04 18:14:05,2026-10-04 20:27:06,6360,2450,3679,19.32389937106918
AM,02453,JAPURÁ,0048,17,5709,3842,1856,1775,-2.108276939094222,2026-10-04 17:23:11,2026-10-04 20:52:18,3322,1152,1872,21.673690547862734
AM,02470,JURUÁ,0050,28,7620,5409,2202,2919,13.255684969495286,2026-10-04 17:21:12,2026-10-04 20:54:09,5145,1706,3019,25.519922254616134
AM,02496,JUTAÍ,0041,43,15903,10662,4178,6095,17.979741136747325,2026-10-04 19:10:03,2026-10-05 00:11:48,9225,2080,6454,47.41463414634146
AM,02518,LÁBREA,0012,91,29351,22007,8489,12464,18.062434679874585,2026-10-04 17:21:12,2026-10-04 20:54:09,18813,5785,12010,33.08882155955988
AM,02534,MANACAPURU,0006,234,81115,62561,27295,32183,7.813174341842362,2026-10-04 17:26:34,2026-10-04 21:50:06,56436,22942,30532,13.448862428237295
AM,98396,MANAQUIRI,0023,46,15304,11396,3563,7301,32.8009828009828,2026-10-04 17:51:50,2026-10-04 21:58:55,10737,3025,7207,38.94942721430567
AM,02550,MANAUS,0001,318,99443,79974,43121,29824,-16.626653662440294,2026-10-04 17:30:40,2026-10-04 18:59:25,82044,43740,29247,-17.66491151089659
AM,02550,MANAUS,0002,268,93824,74595,42966,24687,-24.504323346068773,2026-10-04 17:29:30,2026-10-04 19:04:44,74956,42520,23842,-24.918618923101555
AM,02550,MANAUS,0031,233,82623,66844,35234,26305,-13.357967805637006,2026-10-04 17:25:24,2026-10-04 19:32:20,66744,35021,25858,-13.728574853170322
AM,02550,MANAUS,0032,334,120634,98436,53157,36757,-16.660571335690193,2026-10-04 17:24:52,2026-10-04 19:20:51,100235,53538,37012,-16.487254950865466
AM,02550,MANAUS,0037,257,96953,78533,42965,28645,-18.23437281142959,2026-10-04 17:30:40,2026-10-04 20:51:31,79681,42570,28896,-17.160929205205758
AM,02550,MANAUS,0040,311,126213,101285,57129,35241,-21.610307548008095,2026-10-04 17:26:34,2026-10-04 20:51:31,102692,57213,35135,-21.49924044716239
AM,02550,MANAUS,0058,316,120499,95714,53702,33585,-21.017823933802788,2026-10-04 17:30:40,2026-10-04 19:17:10,96893,53780,33707,-20.716666838677718
AM,02550,MANAUS,0059,292,109078,88452,46263,34641,-13.139329805996473,2026-10-04 17:25:24,2026-10-04 21:32:07,86696,44613,34506,-11.657977299990772
AM,02550,MANAUS,0062,389,149819,118650,64057,44223,-16.71639275179098,2026-10-04 17:30:40,2026-10-04 19:16:08,108326,58346,40162,-16.786367077155994
AM,02550,MANAUS,0063,360,134768,108396,57791,41481,-15.04668068932433,2026-10-04 17:30:40,2026-10-04 20:23:45,105984,55445,41544,-13.116130736714975
AM,02550,MANAUS,0065,364,132690,105122,56522,39820,-15.888206084359126,2026-10-04 17:30:40,2026-10-04 19:32:20,98838,52443,37910,-14.703858839717517
AM,02550,MANAUS,0068,261,94731,74566,38728,29899,-11.840517125767777,2026-10-04 17:29:30,2026-10-04 20:07:43,70399,35657,29144,-9.251551868634497
AM,02550,MANAUS,0070,310,115990,91972,50229,33919,-17.733658069847344,2026-10-04 17:30:04,2026-10-04 19:22:08,89609,47960,33599,-16.02629200191945
AM,02577,MANICORÉ,0016,107,33789,26326,10039,15214,19.657372939299552,2026-10-04 17:21:11,2026-10-04 21:57:16,24220,7486,15479,33.001651527663086
AM,02593,MARAÃ,0049,32,9995,6872,2282,4369,30.369615832363213,2026-10-04 17:26:35,2026-10-04 22:24:16,5972,1535,4184,44.356999330207636
AM,02615,MAUÉS,0005,113,38063,28189,4655,22574,63.567348965908685,2026-10-04 17:41:56,2026-10-04 22:03:07,26857,3705,22284,69.17749562497673
AM,02631,NHAMUNDÁ,0043,52,15833,12063,1952,9762,64.74343032413164,2026-10-04 17:21:12,2026-10-04 23:00:34,11010,1440,9242,70.86285195277021
AM,02658,NOVA OLINDA DO NORTE,0035,64,19945,15318,3902,10308,41.82008095051573,2026-10-04 17:22:30,2026-10-04 21:46:54,14063,2531,10813,58.89212827988338
AM,02011,NOVO AIRÃO,0034,39,13332,9497,4377,4507,1.3688533221017163,2026-10-04 17:21:55,2026-10-04 19:29:51,8709,3677,4505,9.507406131588013
AM,02674,NOVO ARIPUANÃ,0029,39,13283,9702,2938,6403,35.714285714285715,2026-10-04 17:22:30,2026-10-04 20:59:39,9218,2021,6804,51.88761119548709
AM,02690,PARINTINS,0004,235,73020,55711,9489,43822,61.62696774425159,2026-10-04 17:25:25,2026-10-04 20:59:19,54336,7930,43220,64.94773262661955
AM,02712,PAUINI,0044,33,11565,8377,3345,4710,16.294616211054077,2026-10-04 17:21:12,2026-10-04 19:20:51,7576,2045,5206,41.72386483632524
AM,98418,PRESIDENTE FIGUEIREDO,0051,90,28343,19841,9206,9258,0.26208356433647495,2026-10-04 19:11:42,2026-10-04 22:54:07,18104,7515,9350,10.135881573133009
AM,98434,RIO PRETO DA EVA,0068,73,23243,17017,7738,8281,3.190926720338485,2026-10-04 18:27:06,2026-10-04 20:59:40,14079,5848,7313,10.40556857731373
AM,02372,SANTA ISABEL DO RIO NEGRO,0030,31,9379,6337,1730,4355,41.423386460470255,2026-10-04 17:21:55,2026-10-04 20:53:21,5388,1253,3824,47.71714922048998
AM,02739,SANTO ANTÔNIO DO IÇÁ,0047,51,18469,14685,3983,10172,42.14504596527068,2026-10-04 17:21:12,2026-10-04 21:01:27,12459,3027,8905,47.17874628782406
AM,02771,SILVES,0024,33,9656,7415,1480,5612,55.72488199595415,2026-10-04 17:20:29,2026-10-04 22:18:55,6448,1043,5151,63.70967741935484
AM,02836,SÃO GABRIEL DA CACHOEIRA,0019,103,32420,23789,4638,18454,58.077262600361514,2026-10-04 17:24:22,2026-10-04 21:36:46,21310,3733,16860,61.60018770530267
AM,02755,SÃO PAULO DE OLIVENÇA,0022,62,21421,17612,3067,13914,61.588689529866,2026-10-04 17:25:24,2026-10-04 22:16:16,14582,2022,11870,67.53531751474421
AM,98450,SÃO SEBASTIÃO DO UATUMÃ,0027,23,7748,5717,2539,2895,6.227042154976386,2026-10-04 17:29:30,2026-10-04 21:00:39,5512,2323,2834,9.270682148040638
AM,98477,TABATINGA,0036,121,40230,30828,10073,19470,30.482029323991178,2026-10-04 17:22:30,2026-10-05 02:59:41,26853,7795,17437,35.906602614233044
AM,02798,TAPAUÁ,0038,41,14621,10501,5234,4807,-4.066279401961718,2026-10-04 18:10:49,2026-10-04 20:54:59,9487,4204,4747,5.723621798250237
AM,02810,TEFÉ,0009,145,49827,38748,14319,22775,21.823061835449572,2026-10-04 17:53:50,2026-10-04 22:25:47,33205,10897,20784,29.775636199367565
AM,98515,TONANTINS,0047,35,11653,9254,1855,7157,57.294143073265616,2026-10-04 18:31:50,2026-10-04 20:42:27,7932,1237,6363,64.62430660615229
AM,98493,UARINI,0060,32,9798,7616,2576,4761,28.689600840336134,2026-10-04 17:58:48,2026-10-04 20:48:06,6592,1859,4335,37.560679611650485
AM,02852,URUCARÁ,0027,38,12648,9178,2309,6578,46.51340161255175,2026-10-04 17:21:11,2026-10-04 21:19:05,8823,1764,6686,55.78601382749632
AM,02879,URUCURITUBA,0003,49,14200,10593,2490,7749,49.645992636646845,2026-10-04 17:27:43,2026-10-04 20:21:54,9638,1810,7577,59.83606557377049
AP,06017,AMAPÁ,0001,27,7523,6114,2277,3379,18.024206738632646,2026-10-04 17:29:29,2026-10-04 20:14:16,5348,1767,3159,26.028421839940165
AP,06033,CALÇOENE,0001,30,8907,6869,2832,3476,9.375454942495269,2026-10-04 17:23:40,2026-10-04 19:20:51,6128,2117,3556,23.482375979112273
AP,06068,CUTIAS,0010,23,6300,5092,2125,2645,10.21209740769835,2026-10-04 17:57:24,2026-10-04 19:29:32,4084,1475,2316,20.592556317335944
AP,06114,FERREIRA GOMES,0012,26,7861,6117,2889,2788,-1.6511361778649665,2026-10-04 17:52:41,2026-10-04 19:07:36,4923,2009,2491,9.790777980905952
AP,06041,ITAUBAL,0010,31,8881,7228,3107,3646,7.457111234089651,2026-10-04 17:21:11,2026-10-04 19:07:36,5873,2373,3026,11.11867869913162
AP,06130,LARANJAL DO JARI,0007,106,28170,20556,8386,10748,11.490562366219109,2026-10-04 17:21:54,2026-10-04 20:14:16,20721,7198,12198,24.13010955069736
AP,06050,MACAPÁ,0002,451,135544,111854,53728,47378,-5.677043288572603,2026-10-04 17:46:28,2026-10-04 21:00:10,141638,65006,57858,-5.046668266990497
AP,06050,MACAPÁ,0010,277,93219,75879,35817,32824,-3.9444378550059964,2026-10-04 17:22:29,2026-10-04 21:02:55,105727,48727,43271,-5.160460431110312
AP,06050,MACAPÁ,0014,299,92834,75985,34833,33977,-1.1265381325261565,2026-10-04 17:31:42,2026-10-04 21:00:56,,,,
AP,06076,MAZAGÃO,0005,90,22212,18653,6402,11092,25.143408566986544,2026-10-04 17:33:45,2026-10-04 20:40:27,16113,4924,9808,30.31092906348911
AP,06092,OIAPOQUE,0004,91,24220,16941,6109,9792,21.740157015524467,2026-10-04 17:21:11,2026-10-04 19:11:04,14076,4353,8885,32.19664677465189
AP,06084,PEDRA BRANCA DO AMAPARI,0011,31,9909,6951,3026,3492,6.704071356639332,2026-10-04 17:54:10,2026-10-04 19:30:43,7433,2967,4050,14.57016009686533
AP,06025,PORTO GRANDE,0012,45,15533,12013,5300,5770,3.912428202780321,2026-10-04 18:28:19,2026-10-04 20:58:10,10317,4058,5510,14.073858679848794
AP,06009,PRACUÚBA,0001,16,4022,3265,1469,1612,4.3797856049004595,2026-10-04 17:21:11,2026-10-04 19:16:07,3039,1231,1660,14.116485686080948
AP,06157,SANTANA,0006,274,85900,71428,35791,29279,-9.11687293498348,2026-10-04 18:15:14,2026-10-04 20:59:48,68161,32615,28840,-5.53835771188803
AP,06106,SERRA DO NAVIO,0011,12,4111,2971,1693,1054,-21.507909794681925,2026-10-04 18:12:01,2026-10-04 19:13:43,2968,1619,1173,-15.026954177897574
AP,06173,TARTARUGALZINHO,0008,44,11437,9039,3826,4727,9.9679168049563,2026-10-04 17:30:03,2026-10-04 20:54:57,7997,2996,4521,19.069651119169688
AP,06122,VITÓRIA DO JARI,0007,41,10405,7903,2668,4824,27.280779450841454,2026-10-04 17:26:34,2026-10-04 20:14:16,7615,2186,5060,37.74130006565988
BA,33030,ABARÉ,0158,45,14734,11859,2961,8618,47.702167130449446,2026-10-04 18:00:39,2026-10-04 22:32:58,11526,2331,8798,56.10792989762277
BA,33014,ABAÍRA,0105,29,6761,4940,1651,3037,28.05668016194332,2026-10-04 17:39:13,2026-10-04 20:59:14,5057,1433,3274,36.404983191615585
BA,33057,ACAJUTIBA,0021,39,12019,9040,2121,6512,48.573008849557525,2026-10-04 19:23:43,2026-10-04 20:59:12,8791,1548,6794,59.674667273347744
BA,33065,ADUSTINA,0052,45,12402,9663,1979,7267,54.724205733209146,2026-10-04 18:23:56,2026-10-04 21:06:57,9207,1332,7373,65.61312045183013
BA,33111,AIQUARA,0147,14,4318,3155,753,2315,49.508716323296355,2026-10-04 18:31:54,2026-10-04 19:15:03,2969,634,2193,52.50926237790502
BA,33138,ALAGOINHAS,0163,366,114417,84639,23628,55711,37.9056935927882,2026-10-04 17:46:36,2026-10-04 21:13:51,84641,22020,56247,40.437849269266664
BA,33154,ALCOBAÇA,0112,57,19171,14214,4216,9507,37.22386379625721,2026-10-04 19:11:51,2026-10-04 21:45:34,12979,3430,8984,42.792202789120886
BA,33170,ALMADINA,0135,15,4923,3733,719,2943,59.57674792392178,2026-10-04 18:18:42,2026-10-04 19:00:45,3485,615,2736,60.86083213773314
BA,33197,AMARGOSA,0036,84,28384,21355,7542,12926,25.211894169983612,2026-10-04 18:39:56,2026-10-04 21:57:14,20923,6033,13958,37.876977488887825
BA,33219,AMÉLIA RODRIGUES,0192,64,19625,14900,2883,11248,56.14093959731544,2026-10-04 18:27:09,2026-10-04 21:18:12,14904,2458,11548,60.990338164251206
BA,30716,AMÉRICA DOURADA,0199,42,12503,9892,1902,7668,58.2895268904165,2026-10-04 17:38:22,2026-10-04 19:21:04,9855,1362,8144,68.81785895484525
BA,33235,ANAGÉ,0161,68,18704,14372,3004,10800,54.244364041191204,2026-10-04 18:31:54,2026-10-04 21:53:13,14056,2610,10563,56.580819578827544
BA,33251,ANDARAÍ,0119,37,9794,7288,1223,5844,63.40559824368825,2026-10-04 18:25:00,2026-10-04 21:08:51,7296,894,6190,72.58771929824562
BA,33260,ANDORINHA,0045,44,13508,10889,1289,9252,73.12884562402425,2026-10-04 19:17:20,2026-10-04 22:13:54,9761,825,8676,80.43233275279172
BA,33278,ANGICAL,0126,49,12831,10114,2640,7073,43.83033419023136,2026-10-04 17:31:44,2026-10-04 19:21:06,9782,1925,7497,56.961766509916174
BA,33294,ANGUERA,0157,36,10304,8055,1553,6206,57.76536312849162,2026-10-04 18:55:40,2026-10-04 21:26:54,7105,1024,5840,67.78325123152709
BA,33316,ANTAS,0082,33,10594,8219,2611,5290,32.5952062294683,2026-10-04 18:31:53,2026-10-04 20:55:45,8125,1960,5699,46.01846153846154
BA,33332,ANTÔNIO CARDOSO,0143,38,12130,9581,1415,7868,67.3520509341405,2026-10-04 18:57:41,2026-10-04 21:45:01,9155,787,8080,79.6613872200983
BA,33359,ANTÔNIO GONÇALVES,0053,35,8672,6795,1568,5000,50.507726269315675,2026-10-04 18:31:55,2026-10-04 20:13:39,6491,1355,4885,54.38299183484825
BA,33375,APORÁ,0044,45,14198,10663,2718,7517,45.00609584544687,2026-10-04 19:13:36,2026-10-04 21:09:52,9941,1710,7625,59.50105623176743
BA,33405,APUAREMA,0023,18,6358,4725,1452,3060,34.03174603174603,2026-10-04 17:53:53,2026-10-04 21:41:01,4440,1125,3122,44.97747747747748
BA,33391,ARACATU,0090,43,12568,10063,2292,7400,50.7602106727616,2026-10-04 17:55:27,2026-10-04 21:03:05,9738,1769,7610,59.9815157116451
BA,33413,ARACI,0123,131,40272,30413,4872,24425,64.29158583500477,2026-10-04 19:07:16,2026-10-04 22:06:30,28471,3682,23385,69.20375118541673
BA,33430,ARAMARI,0163,35,9785,7252,1026,6003,68.62934362934362,2026-10-04 17:54:10,2026-10-04 19:29:45,7037,839,5832,70.95353133437544
BA,30732,ARATACA,0166,24,6559,4728,1388,3188,38.07106598984772,2026-10-04 17:38:22,2026-10-04 19:13:36,4471,1149,3091,43.435473048535
BA,33456,ARATUÍPE,0030,28,8424,6297,1325,4711,53.771637287597265,2026-10-04 18:13:33,2026-10-04 19:29:48,6312,987,5022,63.92585551330799
BA,33383,ARAÇÁS,0200,30,10800,7855,1239,6357,65.15595162316995,2026-10-04 18:30:18,2026-10-04 19:21:05,7652,1217,6089,63.66962885520125
BA,33472,AURELINO LEAL,0073,34,9612,6869,1927,4612,39.088659193477945,2026-10-04 18:15:02,2026-10-04 19:08:44,7061,1617,5086,49.12901855261295
BA,33499,BAIANÓPOLIS,0126,45,12451,9644,3286,5937,27.488593944421403,2026-10-04 17:32:43,2026-10-04 21:38:44,9297,2072,6815,51.01645692158761
BA,33510,BAIXA GRANDE,0086,56,15480,11406,2989,8040,44.283710327897595,2026-10-04 18:44:49,2026-10-04 21:10:18,10725,2712,7404,43.74825174825175
BA,33529,BANZAÊ,0110,42,10902,8425,1839,6255,52.41543026706231,2026-10-04 19:13:13,2026-10-04 20:47:10,7941,1417,6093,58.88427150232968
BA,33537,BARRA,0077,139,37117,28119,5261,22029,59.63227710800526,2026-10-04 17:46:19,2026-10-04 22:05:32,26749,4079,21605,65.52020636285468
BA,33553,BARRA DA ESTIVA,0169,67,21065,17221,5674,10707,29.225945067069276,2026-10-04 18:31:53,2026-10-04 21:32:25,15849,3367,11769,53.01280837907755
BA,33570,BARRA DO CHOÇA,0139,110,28911,21975,5298,15560,46.69852104664391,2026-10-04 18:25:00,2026-10-04 19:17:19,21084,3681,16219,59.466894327452096
BA,33596,BARRA DO MENDES,0176,57,12115,9494,1137,7970,71.97177164524963,2026-10-04 17:30:05,2026-10-04 21:00:59,9536,824,8342,78.83808724832215
BA,33618,BARRA DO ROCHA,0134,14,4427,3123,983,1994,32.37271853986552,2026-10-04 18:33:20,2026-10-04 18:57:41,2953,856,1893,35.11683034202506
BA,33634,BARREIRAS,0070,174,59443,47293,22797,21555,-2.626181464487345,2026-10-04 18:27:11,2026-10-04 20:51:48,45119,18520,23983,12.107981116602762
BA,33634,BARREIRAS,0075,151,49784,38457,14597,21879,18.93543438125699,2026-10-04 18:25:59,2026-10-04 21:11:22,37479,11677,23969,32.79703300514955
BA,30759,BARRO ALTO,0174,41,11523,9056,1966,6560,50.72879858657244,2026-10-04 18:13:33,2026-10-04 20:12:14,8339,1268,6585,63.760642762921215
BA,33650,BARRO PRETO,0136,21,5763,4273,1109,2978,43.73976129183244,2026-10-04 18:31:53,2026-10-04 19:21:03,4305,959,3067,48.96631823461092
BA,30775,BARROCAS,0150,52,14895,11884,2245,9074,57.46381689666779,2026-10-04 18:51:32,2026-10-04 22:19:22,10802,1347,8997,70.82021847805962
BA,33677,BELMONTE,0034,55,14778,10927,3246,7238,36.53335773771392,2026-10-04 19:01:17,2026-10-04 20:52:15,11169,3057,7605,40.71984958366908
BA,33715,BIRITINGA,0150,43,13259,9944,1376,8240,69.02654867256638,2026-10-04 18:51:32,2026-10-04 21:51:49,9283,1017,7882,73.95238608208554
BA,33731,BOA NOVA,0059,48,13066,8981,1440,7150,63.5786660728204,2026-10-04 18:30:19,2026-10-04 20:53:23,8543,1001,7118,71.60248156385344
BA,33758,BOA VISTA DO TUPIM,0042,51,14089,10414,3177,6856,35.32744382561936,2026-10-04 17:43:13,2026-10-04 21:48:00,10323,2390,7431,48.83270367141335
BA,33774,BOM JESUS DA LAPA,0071,160,48946,38391,8683,28130,50.65510145607043,2026-10-04 17:58:48,2026-10-04 23:10:26,36387,7159,27731,56.53667518619287
BA,33782,BOM JESUS DA SERRA,0059,32,9372,6801,953,5574,67.94589031024849,2026-10-04 20:07:41,2026-10-04 20:32:40,6394,673,5451,74.72630591179231
BA,33790,BONINAL,0105,45,10945,8074,2429,5416,36.995293534803075,2026-10-04 18:11:02,2026-10-04 21:57:14,7787,1943,5537,46.15384615384615
BA,33804,BONITO,0069,42,12270,9642,2028,7146,53.08027380211574,2026-10-04 19:14:07,2026-10-04 21:24:40,9346,1365,7602,66.73443184249946
BA,33812,BOQUIRA,0065,69,16616,12232,1387,10524,74.69751471550033,2026-10-04 19:08:45,2026-10-04 21:50:52,11789,879,10579,82.28009161082365
BA,33839,BOTUPORÃ,0168,35,9465,7017,1506,5199,52.6293287729799,2026-10-04 18:34:35,2026-10-04 21:13:51,6706,946,5457,67.26811810319117
BA,33871,BREJOLÂNDIA,0190,31,8415,6139,2092,3829,28.294510506597167,2026-10-04 18:30:21,2026-10-04 21:57:14,5984,1442,4217,46.37366310160428
BA,33855,BREJÕES,0036,37,10919,8232,2146,5782,44.16909620991254,2026-10-04 19:16:53,2026-10-04 21:49:51,7994,1836,5775,49.27445584188141
BA,33898,BROTAS DE MACAÚBAS,0094,38,9505,7482,1805,5353,47.42047580860732,2026-10-04 17:57:26,2026-10-04 22:08:20,6936,1338,5239,56.24279123414072
BA,33910,BRUMADO,0090,173,53467,42567,13281,27162,32.60976813024174,2026-10-04 17:38:23,2026-10-04 20:17:49,41055,11262,27831,40.35805626598466
BA,33936,BUERAREMA,0166,42,13021,9278,4796,4039,-8.15908600991593,2026-10-04 17:30:41,2026-10-04 19:15:27,9194,4907,3581,-14.42244942353709
BA,30791,BURITIRAMA,0077,53,15728,11897,2901,8642,48.25586282256031,2026-10-04 17:55:45,2026-10-04 21:41:01,11339,2019,8737,59.24684716465297
BA,33952,CAATIBA,0201,23,5851,4438,1522,2687,26.250563316809373,2026-10-04 17:47:43,2026-10-04 18:44:49,4443,1221,2950,38.91514742291245
BA,33960,CABACEIRAS DO PARAGUAÇU,0131,46,14433,10894,1932,8550,60.749036166697266,2026-10-04 17:36:03,2026-10-04 20:16:48,10145,1240,8433,70.90192212912766
BA,33979,CACHOEIRA,0118,85,26041,19875,3319,15771,62.65157232704402,2026-10-04 18:12:22,2026-10-04 21:08:22,19530,2713,15921,67.62928827444956
BA,33995,CACULÉ,0093,61,18021,14289,4447,9136,32.81545244593743,2026-10-04 17:57:27,2026-10-04 20:31:38,13709,3307,9571,45.692610693704864
BA,34010,CAEM,0167,28,8150,6232,1082,4964,62.291399229781774,2026-10-04 19:23:43,2026-10-04 21:47:33,5899,823,4810,67.58772673334464
BA,34029,CAETANOS,0058,34,11192,8376,1068,7101,72.0272206303725,2026-10-04 18:28:22,2026-10-04 22:46:22,7489,719,6535,77.66056883429029
BA,34037,CAETITÉ,0063,139,42181,33054,7558,23679,48.7717069038543,2026-10-04 18:17:57,2026-10-04 22:10:20,32756,5835,25307,59.445597753083405
BA,34053,CAFARNAUM,0055,49,14513,11229,3231,7525,38.24027072758037,2026-10-04 17:49:25,2026-10-04 20:15:45,10844,2392,7945,51.20804131316857
BA,34070,CAIRU,0031,46,15480,11435,3880,6883,26.26147791867075,2026-10-04 17:53:53,2026-10-04 21:08:51,10612,3211,6846,34.25367508480965
BA,34096,CALDEIRÃO GRANDE,0115,34,10361,7784,2218,5292,39.4912641315519,2026-10-04 18:38:31,2026-10-04 20:13:12,7526,1164,5986,64.07121977145894
BA,34118,CAMACAN,0133,66,17301,12965,5250,7078,14.099498650212109,2026-10-04 18:17:58,2026-10-04 20:56:44,13153,4708,7618,22.124230213639475
BA,34150,CAMAMU,0078,79,24576,17466,6073,10402,24.785297148746135,2026-10-04 18:25:57,2026-10-04 22:03:30,17484,5185,11173,34.248455730954014
BA,34134,CAMAÇARI,0170,265,98581,72909,22823,44795,30.136197177303213,2026-10-04 18:32:14,2026-10-04 21:03:30,70115,19852,44829,35.622905227126864
BA,34134,CAMAÇARI,0171,299,112181,83018,25213,52154,32.45199836180105,2026-10-04 18:23:33,2026-10-04 21:11:22,79269,21697,51930,38.13975198375153
BA,34177,CAMPO ALEGRE DE LOURDES,0067,84,23549,18648,3448,14703,60.354997854997855,2026-10-04 17:53:52,2026-10-04 21:58:14,17262,2430,14265,68.56100104275286
BA,34193,CAMPO FORMOSO,0053,208,57975,45117,13710,29443,34.8715561761642,2026-10-04 17:57:28,2026-10-04 22:33:20,43098,10017,30654,47.88389252401504
BA,34231,CANARANA,0174,69,20021,15775,3640,11513,49.908082408874805,2026-10-04 18:30:20,2026-10-04 22:25:24,15219,2569,11925,61.47578684539063
BA,34258,CANAVIEIRAS,0116,90,25424,17667,6239,10555,24.42972774098602,2026-10-04 18:44:49,2026-10-04 21:00:28,17291,5265,10936,32.797409056734715
BA,34274,CANDEAL,0114,27,7799,6201,1385,4655,52.73343009192066,2026-10-04 18:37:16,2026-10-04 21:03:04,6052,1165,4651,57.60079312623926
BA,34290,CANDEIAS,0127,192,64825,48042,8127,37343,60.813454893634734,2026-10-04 18:37:16,2026-10-04 23:00:20,50238,7471,40234,65.21557386838649
BA,34312,CANDIBA,0064,36,11498,8840,2301,6160,43.65384615384615,2026-10-04 20:14:30,2026-10-04 20:52:46,8429,1654,6436,56.73270850634714
BA,34355,CANSANÇÃO,0050,97,28890,22981,3838,18443,63.55249989121448,2026-10-04 18:28:24,2026-10-04 23:12:34,22094,2660,18667,72.44953381008419
BA,30856,CANUDOS,0083,51,13077,10332,1802,8248,62.388695315524586,2026-10-04 17:37:36,2026-10-04 20:11:17,9756,1434,7993,67.23042230422304
BA,34215,CANÁPOLIS,0099,31,8772,6929,1559,5127,51.49372203781209,2026-10-04 18:13:50,2026-10-04 22:53:55,6548,1115,5233,62.889431887599265
BA,30813,CAPELA DO ALTO ALEGRE,0196,36,9756,7579,1941,5263,43.83164005805515,2026-10-04 19:13:36,2026-10-04 21:32:25,7048,1527,5117,50.93643586833144
BA,30830,CAPIM GROSSO,0191,75,24872,19243,7103,11210,21.34282596268773,2026-10-04 18:30:38,2026-10-04 20:48:07,17960,5393,11588,34.49331848552338
BA,34371,CARAVELAS,0112,49,16260,11746,3746,7550,32.38549293376469,2026-10-04 18:35:54,2026-10-04 21:01:25,11556,3387,7646,36.85531325718242
BA,34363,CARAÍBAS,0161,24,8699,6587,1687,4610,44.375284651586455,2026-10-04 19:03:07,2026-10-04 21:53:43,6304,1173,4701,55.964467005076145
BA,34398,CARDEAL DA SILVA,0144,22,8041,5688,763,4771,70.46413502109705,2026-10-04 19:21:06,2026-10-04 20:15:46,5421,500,4743,78.2696919387567
BA,34410,CARINHANHA,0125,75,22328,17489,6390,10479,23.38041054377037,2026-10-04 17:54:10,2026-10-04 22:13:53,16902,4943,11160,36.782629274642055
BA,34436,CASA NOVA,0066,185,57206,45037,10605,32772,49.21953060816662,2026-10-04 17:21:55,2026-10-05 00:40:37,44250,8205,34612,59.67683615819209
BA,34452,CASTRO ALVES,0043,80,22931,18225,3908,13426,52.224965706447186,2026-10-04 18:59:15,2026-10-04 21:18:12,17302,2701,13961,65.07918159750318
BA,34479,CATOLÂNDIA,0100,15,4177,3254,890,2197,40.1659496004917,2026-10-04 22:04:04,2026-10-04 22:13:54,3119,559,2448,60.56428342417441
BA,34495,CATU,0129,127,41271,31211,5781,23954,58.226266380442794,2026-10-04 18:46:35,2026-10-04 23:24:22,31182,5531,23703,58.27721121159643
BA,34509,CATURAMA,0111,30,7298,5540,942,4386,62.16606498194946,2026-10-04 18:42:09,2026-10-04 18:42:09,5353,635,4477,71.7728376611246
BA,34517,CENTRAL,0159,52,13497,10654,2202,8102,55.37826168575183,2026-10-04 18:17:14,2026-10-04 20:57:16,10293,1712,8101,62.07131059943651
BA,34533,CHORROCHÓ,0158,31,9081,7186,1058,5965,68.28555524631227,2026-10-04 18:17:32,2026-10-04 21:15:40,6750,854,5651,71.06666666666666
BA,34576,CIPÓ,0079,46,15277,11365,3584,7344,33.08402991641003,2026-10-04 18:47:48,2026-10-04 21:33:54,10173,2849,6813,38.965890101248405
BA,34592,COARACI,0135,61,15399,11510,3954,7053,26.924413553431798,2026-10-04 17:31:43,2026-10-04 19:21:04,11450,3373,7483,35.89519650655022
BA,34614,COCOS,0061,53,16368,12229,4354,7462,25.414997137950774,2026-10-04 18:13:32,2026-10-04 23:10:26,11622,3332,7878,39.11547065909482
BA,34630,CONCEIÇÃO DA FEIRA,0108,57,17483,13305,2979,9602,49.778278842540395,2026-10-04 19:05:03,2026-10-04 20:57:15,13574,2329,10569,60.70428760866362
BA,34657,CONCEIÇÃO DO ALMEIDA,0184,49,14213,11400,2256,8790,57.31578947368421,2026-10-04 18:57:41,2026-10-04 20:54:37,11541,1683,9457,67.35984750021662
BA,34690,CONCEIÇÃO DO JACUÍPE,0192,80,29454,21639,6321,13822,34.664263598133,2026-10-04 18:43:17,2026-10-04 21:18:12,20551,4685,14526,47.885747652182374
BA,34711,CONDE,0021,59,19016,14017,3043,10501,53.206820289648284,2026-10-04 17:51:33,2026-10-04 20:57:46,13566,2475,10418,58.55078873654725
BA,34738,CONDEÚBA,0060,59,15144,10740,3077,7133,37.76536312849162,2026-10-04 17:31:44,2026-10-04 20:50:07,10634,2659,7264,43.30449501598646
BA,34754,CONTENDAS DO SINCORÁ,0058,15,4520,3541,959,2469,42.643321095735665,2026-10-04 18:37:17,2026-10-04 20:54:38,3293,647,2475,55.51169146674765
BA,34770,CORAÇÃO DE MARIA,0130,67,22538,17251,3396,13081,56.14167294649585,2026-10-04 18:15:02,2026-10-04 20:59:54,16780,2505,13554,65.84624553039332
BA,34797,CORDEIROS,0060,25,7148,5154,1972,2886,17.73379899107489,2026-10-04 17:31:43,2026-10-04 19:16:29,4904,1422,3144,35.1141924959217
BA,34819,CORIBE,0061,45,12810,9051,2656,6041,37.39918241078334,2026-10-04 17:33:46,2026-10-04 21:09:52,9198,2015,6845,52.51141552511415
BA,34835,CORONEL JOÃO SÁ,0052,48,15065,11650,3143,8067,42.26609442060086,2026-10-04 18:15:02,2026-10-04 20:55:46,10789,1783,8511,62.35981091852813
BA,34851,CORRENTINA,0124,94,28078,21051,6535,13258,31.936725096194955,2026-10-04 18:22:16,2026-10-04 22:43:59,19772,4278,14605,52.23042686627554
BA,34878,COTEGIPE,0098,42,11726,9053,2269,6465,46.34927648293383,2026-10-04 17:30:04,2026-10-04 20:20:07,8765,1499,7011,62.88648031945237
BA,34894,CRAVOLÂNDIA,0038,15,4632,3443,636,2704,60.063897763578275,2026-10-04 18:17:31,2026-10-04 20:14:54,2917,422,2376,66.98663009941721
BA,34932,CRISTÓPOLIS,0126,45,12379,9487,2967,6168,33.74090861178455,2026-10-04 17:21:55,2026-10-04 20:57:45,9146,2066,6615,49.737590203367596
BA,34916,CRISÓPOLIS,0081,53,16673,12501,2227,9900,61.379089672826176,2026-10-04 18:31:54,2026-10-04 20:52:45,11631,1447,9712,71.0600980139283
BA,34959,CRUZ DAS ALMAS,0142,154,49209,39204,12166,25171,33.172635445362715,2026-10-04 18:00:39,2026-10-04 20:57:15,38429,10527,25821,39.79806916651487
BA,34975,CURAÇÁ,0085,96,27548,22354,4866,16607,52.523038382392414,2026-10-04 18:11:03,2026-10-04 23:01:47,20116,3457,15857,61.64247365281368
BA,34339,CÂNDIDO SALES,0040,79,20878,15742,4302,10888,41.83712361834583,2026-10-04 18:28:25,2026-10-04 21:00:58,14775,3599,10433,46.253807106598984
BA,34550,CÍCERO DANTAS,0082,82,26260,19919,5530,13507,40.04719112405241,2026-10-04 18:32:14,2026-10-04 20:59:14,19280,3889,14472,54.89107883817427
BA,30872,DIAS D'ÁVILA,0186,169,53134,38501,9615,26217,43.12095789719748,2026-10-04 17:44:12,2026-10-04 20:53:24,39739,8478,28630,50.710888547774225
BA,35017,DOM BASÍLIO,0101,37,10634,8818,1680,6829,58.39192560671354,2026-10-04 17:21:55,2026-10-04 20:50:36,8397,964,7163,73.82398475646065
BA,35033,DOM MACEDO COSTA,0202,16,4864,3737,1306,2216,24.35108375702435,2026-10-04 19:30:27,2026-10-04 19:30:27,3503,823,2505,48.01598629745932
BA,34991,DÁRIO MEIRA,0147,30,8515,6278,1413,4661,51.736221726664546,2026-10-04 18:31:53,2026-10-04 20:52:14,5702,1099,4307,56.26096106629253
BA,35050,ELÍSIO MEDRADO,0107,24,7650,5754,1724,3821,36.44421272158498,2026-10-04 21:26:54,2026-10-04 21:26:54,5525,1276,4017,49.61085972850679
BA,35076,ENCRUZILHADA,0152,55,15576,11472,2998,8129,44.72629009762901,2026-10-04 17:21:55,2026-10-04 20:51:14,11052,2507,7979,49.5114006514658
BA,35092,ENTRE RIOS,0144,105,31166,22199,4888,16289,51.35816928690482,2026-10-04 18:38:31,2026-10-04 21:01:59,22445,4011,17300,59.20695032301181
BA,35114,ESPLANADA,0021,84,26991,20195,4667,14763,49.99257241891557,2026-10-04 18:28:23,2026-10-04 21:26:31,19584,3561,15155,59.201388888888886
BA,35130,EUCLIDES DA CUNHA,0102,150,45601,35563,6876,27308,57.45297078424205,2026-10-04 18:18:42,2026-10-04 23:42:03,34631,5200,27893,65.52799514885507
BA,30058,EUNÁPOLIS,0188,90,27480,19555,7247,11107,19.739197136282282,2026-10-04 17:30:05,2026-10-04 19:25:53,18974,6051,11946,31.06883103193844
BA,30058,EUNÁPOLIS,0203,177,55892,41860,21112,17869,-7.747252747252747,2026-10-04 18:41:13,2026-10-04 20:59:14,41692,19634,19260,-0.8970545908087882
BA,35149,FEIRA DA MATA,0125,16,5181,4037,1488,2409,22.81397077037404,2026-10-04 19:21:05,2026-10-04 20:41:33,4006,1347,2518,29.231153270094858
BA,35157,FEIRA DE SANTANA,0154,314,117339,91451,34101,50891,18.35955867076358,2026-10-04 19:01:16,2026-10-04 21:02:04,91057,29841,54729,27.33233029860417
BA,35157,FEIRA DE SANTANA,0155,278,88539,70963,28616,37040,11.870975015148739,2026-10-04 19:07:17,2026-10-04 21:15:40,70459,25596,39252,19.381484267446318
BA,35157,FEIRA DE SANTANA,0156,338,122041,95054,31938,56461,25.79901950470259,2026-10-04 18:28:24,2026-10-04 21:42:31,96919,27912,62505,35.69269183545022
BA,35157,FEIRA DE SANTANA,0157,288,107712,82563,27072,49880,27.624965178106414,2026-10-04 18:55:41,2026-10-04 21:00:58,84852,23922,55327,37.01150238061566
BA,30910,FILADÉLFIA,0149,50,15281,11992,3021,8554,46.13909272848566,2026-10-04 17:35:03,2026-10-04 20:55:46,11192,2303,8322,53.779485346676196
BA,35173,FIRMINO ALVES,0137,19,5527,3820,1311,2361,27.486910994764397,2026-10-04 18:43:17,2026-10-04 18:43:17,3613,1025,2440,39.16412953224467
BA,35190,FLORESTA AZUL,0029,25,7825,5838,1483,4089,44.638574854402194,2026-10-04 20:22:27,2026-10-04 21:43:01,5768,1211,4280,53.20735090152566
BA,35211,FORMOSA DO RIO PRETO,0187,72,20786,16106,6090,9366,20.340245871103935,2026-10-04 17:30:05,2026-10-04 21:34:20,14737,3774,10304,44.31023953314786
BA,30899,FÁTIMA,0082,48,15318,12199,2004,9758,63.56258709730306,2026-10-04 18:13:50,2026-10-04 23:08:43,11763,1376,9803,71.63988778372864
BA,35238,GANDU,0151,78,23509,17803,6926,9997,17.249901701960344,2026-10-04 18:13:32,2026-10-04 21:01:59,17394,5887,10590,27.03805910083937
BA,30937,GAVIÃO,0191,19,4375,3298,1038,2055,30.83687083080655,2026-10-04 20:14:30,2026-10-04 20:14:30,3243,776,2253,45.54424915201974
BA,35254,GENTIO DO OURO,0068,41,9718,7926,1559,6148,57.898057027504414,2026-10-04 18:12:41,2026-10-04 20:11:17,7631,996,6387,70.6460490106146
BA,35270,GLÓRIA,0084,52,13025,9999,1201,8557,73.56735673567357,2026-10-04 19:22:19,2026-10-04 21:00:26,9895,1004,8601,76.77614957049015
BA,35297,GONGOGI,0073,19,5380,3559,779,2633,52.09328463051419,2026-10-04 18:50:02,2026-10-04 19:29:48,3628,730,2733,55.20948180815876
BA,35319,GOVERNADOR MANGABEIRA,0131,60,19120,14047,3126,10179,50.21000925464512,2026-10-04 17:54:30,2026-10-04 20:19:40,13508,2083,10550,62.68137400059224
BA,30953,GUAJERU,0093,21,6431,4673,713,3739,64.7549753905414,2026-10-04 18:21:13,2026-10-04 21:00:29,4681,498,4004,74.89852595599231
BA,35335,GUANAMBI,0064,192,67489,52562,18945,30792,22.539096685818652,2026-10-04 18:15:17,2026-10-04 21:02:04,51530,15837,33200,33.694934989326605
BA,35351,GUARATINGA,0189,58,15720,11274,3745,7102,29.776476849387972,2026-10-04 17:53:52,2026-10-04 20:52:45,10856,2958,7396,40.88061901252763
BA,30970,HELIÓPOLIS,0110,39,12729,9723,1500,7776,64.54797901882135,2026-10-04 18:22:14,2026-10-04 21:37:42,9134,914,7650,73.74644186555726
BA,35378,IAÇU,0193,73,20513,14978,3300,11219,52.87087728668714,2026-10-04 18:00:39,2026-10-04 21:54:13,14100,2362,11194,62.638297872340424
BA,35394,IBIASSUCÊ,0093,31,8476,6735,2103,4318,32.88789903489236,2026-10-04 17:30:41,2026-10-04 21:13:27,6516,1713,4397,41.19091467157765
BA,35416,IBICARAÍ,0029,61,17862,13455,4725,8105,25.120772946859905,2026-10-04 18:31:54,2026-10-04 20:15:14,13805,4322,8693,31.662441144512858
BA,35432,IBICOARA,0169,46,15956,12413,4432,7385,23.78957544509788,2026-10-04 18:11:03,2026-10-04 21:05:31,11614,3255,7834,39.4265541587739
BA,35459,IBICUÍ,0146,39,11456,8442,2714,5319,30.8576166785122,2026-10-04 18:22:42,2026-10-04 22:06:30,8631,2126,6091,45.939056887961996
BA,35475,IBIPEBA,0176,53,13655,11039,2014,8605,59.70649515354652,2026-10-04 17:38:22,2026-10-04 22:03:05,10618,1374,8933,71.19043134300244
BA,35513,IBIPITANGA,0065,44,13075,9789,2981,6281,33.71130861170702,2026-10-04 18:29:12,2026-10-04 21:02:04,9182,2025,6784,51.82966673927249
BA,35530,IBIQUERA,0042,15,4187,3045,571,2387,59.63875205254516,2026-10-04 18:37:35,2026-10-04 18:37:35,2877,352,2371,70.17726798748697
BA,35556,IBIRAPITANGA,0134,48,14359,10483,2928,7118,39.96947438710293,2026-10-04 17:39:13,2026-10-04 19:05:03,9916,2314,7057,47.83178701089149
BA,35572,IBIRAPUÃ,0153,28,7516,5889,2772,2948,2.988622856172525,2026-10-04 17:30:04,2026-10-04 20:58:47,5618,2494,2937,7.885368458526166
BA,35599,IBIRATAIA,0024,54,16014,11230,3886,6782,25.78806767586821,2026-10-04 19:24:45,2026-10-04 19:24:45,10816,3370,6742,31.17603550295858
BA,35610,IBITIARA,0088,46,12093,9021,2153,6428,47.389424675756565,2026-10-04 20:11:45,2026-10-04 21:31:56,8632,1620,6617,57.88924930491196
BA,35637,IBITITÁ,0104,62,15648,12879,2801,9615,52.90783445919714,2026-10-04 18:26:23,2026-10-04 21:02:04,12185,1828,9885,66.12228149363972
BA,35653,IBOTIRAMA,0173,81,21431,16647,5506,10583,30.49798762539797,2026-10-04 18:09:49,2026-10-04 21:02:04,15915,4324,11020,42.07351555136663
BA,35670,ICHU,0132,18,6009,4921,1021,3638,53.18024791709002,2026-10-04 18:12:21,2026-10-04 21:34:19,4710,875,3632,58.53503184713376
BA,35696,IGAPORÃ,0168,36,12265,9378,1681,7336,60.30070377479207,2026-10-04 18:44:48,2026-10-04 21:01:59,9559,1038,8175,74.66262161313945
BA,35700,IGRAPIÚNA,0032,33,9050,6754,1732,4697,43.899911163754815,2026-10-04 20:26:28,2026-10-04 22:19:51,6413,1274,4713,53.62544830812412
BA,35718,IGUAÍ,0146,57,17709,12252,4409,7300,23.59614756774404,2026-10-04 18:13:49,2026-10-04 21:00:28,12889,3794,8560,36.97726743734968
BA,35734,ILHÉUS,0025,176,54453,41194,15603,22854,17.60207797252027,2026-10-04 18:15:18,2026-10-04 21:44:00,42807,15127,24209,21.216156236129606
BA,35734,ILHÉUS,0026,233,75857,57149,20272,33032,22.327599783023324,2026-10-04 18:09:25,2026-10-04 21:19:14,57247,18982,33682,25.6782014778067
BA,35750,INHAMBUPE,0044,83,27722,20608,4765,15026,49.79134316770186,2026-10-04 18:13:32,2026-10-04 21:33:23,19974,3554,15361,59.111845399018726
BA,35777,IPECAETÁ,0143,48,15029,11411,2350,8661,55.30628341074402,2026-10-04 18:27:12,2026-10-04 20:54:02,10872,1617,8782,65.90323767476086
BA,35793,IPIAÚ,0024,117,32735,23801,8128,14346,26.12495273307844,2026-10-04 18:37:15,2026-10-04 21:19:14,23526,7099,15249,34.642523165859046
BA,35815,IPIRÁ,0062,155,47871,34813,8255,25020,48.15729756125585,2026-10-04 18:16:13,2026-10-04 21:49:51,34555,5830,26950,61.119953697004775
BA,35831,IPUPIARA,0094,28,8953,7152,2265,4551,31.963087248322147,2026-10-04 18:26:23,2026-10-04 20:58:47,6510,1632,4593,45.483870967741936
BA,35858,IRAJUBA,0076,21,5507,4003,927,2944,50.3872095928054,2026-10-04 21:00:58,2026-10-04 21:00:58,3902,741,3031,58.68785238339313
BA,35874,IRAMAIA,0169,31,8556,6648,1393,5071,55.324909747292416,2026-10-04 19:00:45,2026-10-04 21:04:01,6329,1138,4955,60.309685574340335
BA,35890,IRAQUARA,0089,63,19044,15180,2077,12559,69.05138339920948,2026-10-04 19:00:11,2026-10-04 21:36:41,14363,1287,12688,79.37756736057926
BA,35912,IRARÁ,0074,90,25619,19342,4007,14354,53.49498500672112,2026-10-04 17:46:36,2026-10-04 20:52:14,18521,3120,14300,60.36391123589439
BA,35939,IRECÊ,0095,163,51249,40679,12777,25731,31.844440620467562,2026-10-04 17:41:58,2026-10-04 22:15:57,38925,9898,27119,44.241490044958255
BA,35947,ITABELA,0189,70,22120,15524,7069,7623,3.5686678691059006,2026-10-04 17:53:52,2026-10-04 20:13:12,15874,5592,9622,25.387425979589267
BA,35955,ITABERABA,0042,151,48749,38067,10089,25880,41.48212362413639,2026-10-04 18:56:25,2026-10-04 22:14:23,37235,8447,26701,49.02376796025245
BA,35971,ITABUNA,0027,239,76458,59174,25150,30205,8.542603170311285,2026-10-04 17:30:04,2026-10-04 21:01:26,60394,24759,30749,9.91820379507898
BA,35971,ITABUNA,0028,214,65066,50702,22032,25174,6.196994201412173,2026-10-04 18:15:03,2026-10-04 20:27:18,52896,22190,25927,7.064806412583182
BA,35998,ITACARÉ,0198,59,19616,14057,3841,9700,41.6803016290816,2026-10-04 18:38:47,2026-10-04 21:11:53,13447,3239,9733,48.29329962073325
BA,36030,ITAGI,0147,36,10639,7624,2238,5103,37.57869884575026,2026-10-04 18:25:58,2026-10-04 20:52:14,7146,1927,4861,41.05793450881612
BA,36056,ITAGIBÁ,0147,41,13131,9578,3250,5834,26.97849237836709,2026-10-04 18:17:32,2026-10-04 20:07:39,8769,2504,5867,38.35100923708519
BA,36072,ITAGIMIRIM,0188,22,6636,4629,1530,2829,28.062216461438755,2026-10-04 17:51:32,2026-10-04 19:21:06,4263,1172,2838,39.08045977011494
BA,36080,ITAGUAÇU DA BAHIA,0068,36,10842,8659,1098,7403,72.81441274974016,2026-10-04 18:00:39,2026-10-04 22:29:51,8069,1072,6766,70.56636510100384
BA,36099,ITAJU DO COLÔNIA,0137,20,6225,4540,1560,2862,28.6784140969163,2026-10-04 19:24:48,2026-10-04 19:24:48,3929,1489,2269,19.852379740391957
BA,36110,ITAJUÍPE,0136,56,16067,12181,3662,7925,34.997126672686974,2026-10-04 18:30:18,2026-10-04 20:49:32,12358,3499,8235,38.32335329341317
BA,36137,ITAMARAJU,0172,152,45999,33605,17365,15069,-6.832316619550662,2026-10-04 17:35:02,2026-10-04 22:00:10,34019,15716,16691,2.8660454451923925
BA,36153,ITAMARI,0151,24,6100,4428,1437,2809,30.984643179765133,2026-10-04 19:23:43,2026-10-04 19:23:43,4539,1233,3080,40.691782330909895
BA,36170,ITAMBÉ,0201,65,17831,13513,3903,9029,37.933841485976465,2026-10-04 18:32:15,2026-10-04 21:45:01,13819,3594,9489,42.65865836891237
BA,36196,ITANAGRA,0185,20,6668,4668,930,3565,56.44815766923736,2026-10-04 17:30:41,2026-10-04 19:30:25,4458,698,3575,64.53566621803499
BA,36218,ITANHÉM,0148,50,14916,10368,3918,5976,19.849537037037038,2026-10-04 18:22:42,2026-10-04 21:01:26,10797,3507,6718,29.739742521070667
BA,36234,ITAPARICA,0141,64,20044,15024,2680,11792,60.649627263045794,2026-10-04 18:28:22,2026-10-04 22:19:51,14104,2443,11033,60.90470788428814
BA,36277,ITAPEBI,0188,26,8383,5648,1380,4091,47.99929178470255,2026-10-04 17:30:04,2026-10-04 19:21:05,5607,1265,4103,50.61530230069556
BA,36293,ITAPETINGA,0140,159,48314,36776,15640,19382,10.17511420491625,2026-10-04 17:30:04,2026-10-04 20:54:37,36893,15715,19052,9.045076301737456
BA,36315,ITAPICURU,0081,75,23461,18151,3348,14089,59.17580298606138,2026-10-04 18:31:54,2026-10-04 22:10:21,16770,2266,13715,68.27072152653548
BA,36331,ITAPITANGA,0135,21,5934,4525,1216,3139,42.49723756906077,2026-10-04 17:31:44,2026-10-04 19:24:48,4493,1084,3198,47.05096817271311
BA,36250,ITAPÉ,0027,28,8428,6199,2296,3650,21.84223261816422,2026-10-04 19:23:43,2026-10-04 19:23:43,6279,1935,4021,33.22185061315496
BA,36358,ITAQUARA,0076,21,6754,4842,1379,3304,39.75629904997935,2026-10-04 19:17:19,2026-10-04 20:56:21,4646,1004,3447,52.58286698235041
BA,36374,ITARANTIM,0138,47,13931,10349,4151,5837,16.29142912358682,2026-10-04 17:35:03,2026-10-04 19:25:18,10241,3658,6164,24.470266575529735
BA,36382,ITATIM,0107,40,12954,10104,3041,6602,35.24346793349169,2026-10-04 19:32:24,2026-10-04 21:32:25,9570,2359,6727,45.642633228840126
BA,36390,ITIRUÇU,0037,33,8937,6635,1741,4697,44.551620195930674,2026-10-04 18:56:02,2026-10-04 20:49:32,6770,1582,4863,48.463810930576074
BA,36412,ITIÚBA,0149,97,27758,21652,5709,15207,43.866617402549416,2026-10-04 18:15:17,2026-10-04 21:43:30,20766,4921,14896,48.03524992776654
BA,36439,ITORORÓ,0137,56,16355,11996,4167,7257,25.758586195398465,2026-10-04 18:15:03,2026-10-04 20:48:07,11965,3782,7555,31.53363978269954
BA,36455,ITUAÇU,0058,57,15600,11963,4012,7396,28.28721892501881,2026-10-04 18:25:00,2026-10-04 21:01:26,11732,2949,8148,44.31469485168769
BA,36471,ITUBERÁ,0032,65,17839,13062,4802,7615,21.53575256469147,2026-10-04 18:56:01,2026-10-04 21:26:31,12826,4318,7740,26.680180882582256
BA,30660,IUIU,0175,28,8643,6764,1571,4935,49.73388527498522,2026-10-04 18:27:11,2026-10-04 20:10:43,6507,1137,5186,62.22529583525434
BA,30678,JABORANDI,0061,34,10158,7370,2144,4868,36.9606512890095,2026-10-04 18:13:33,2026-10-04 21:25:04,6890,1471,5184,53.88969521044993
BA,36498,JACARACI,0092,39,11808,8982,1875,6713,53.863282119795144,2026-10-04 17:35:17,2026-10-04 21:01:59,8430,1371,6682,63.0011862396204
BA,36510,JACOBINA,0046,192,61665,46859,12630,31691,40.677351202543804,2026-10-04 18:30:19,2026-10-04 21:26:54,45400,10729,32313,47.541850220264315
BA,36536,JAGUAQUARA,0076,117,35855,25904,8548,16206,29.563001852995676,2026-10-04 18:15:03,2026-10-04 20:57:46,25222,7142,17054,39.29902466101023
BA,36552,JAGUARARI,0179,89,23294,18477,4249,13404,49.54808681062943,2026-10-04 17:42:15,2026-10-04 20:56:17,16738,3380,12274,53.136575457043854
BA,36579,JAGUARIPE,0030,49,15393,11569,2345,8755,55.40669029302446,2026-10-04 18:12:41,2026-10-04 20:58:47,11265,1786,8935,63.46205059920106
BA,36595,JANDAÍRA,0049,33,9074,6847,1165,5476,62.96188111581715,2026-10-04 17:31:44,2026-10-04 20:42:31,6218,902,5061,66.88645866838212
BA,36617,JEQUIÉ,0022,195,66486,50933,17106,30485,26.267842067029235,2026-10-04 18:15:02,2026-10-04 21:32:25,49116,14868,31090,33.027933870836385
BA,36617,JEQUIÉ,0023,164,52554,40792,14718,23508,21.54834281231614,2026-10-04 18:17:58,2026-10-04 21:03:30,39846,13006,24186,28.058023390051698
BA,36633,JEREMOABO,0051,104,29071,23099,4724,17774,56.49595220572319,2026-10-04 18:27:10,2026-10-04 22:50:44,21649,3240,17545,66.07695505566078
BA,36650,JIQUIRIÇÁ,0109,38,11479,8717,2163,6026,44.31570494436159,2026-10-04 18:09:25,2026-10-04 20:59:15,8240,1525,6306,58.021844660194176
BA,36676,JITAÚNA,0024,45,12992,9614,2359,6894,47.17079259413355,2026-10-04 19:24:46,2026-10-04 21:03:29,8925,2108,6397,48.056022408963585
BA,30996,JOÃO DOURADO,0199,59,19862,15654,5456,9545,26.12111920275968,2026-10-04 17:38:23,2026-10-04 21:00:58,14332,4345,9351,34.92883058889199
BA,36692,JUAZEIRO,0047,234,75546,60870,19994,38052,29.66650238212584,2026-10-04 18:17:32,2026-10-04 20:57:45,58496,18109,37164,32.574876914660834
BA,36692,JUAZEIRO,0048,261,90120,70978,22141,45405,32.776353236214035,2026-10-04 18:57:43,2026-10-04 22:22:41,68006,19270,45396,38.41719848248684
BA,36706,JUCURUÇU,0172,30,8448,6058,1999,3830,30.22449653350941,2026-10-04 17:46:18,2026-10-04 20:59:14,6136,1583,4189,42.470664928292045
BA,36714,JUSSARA,0159,50,14126,11069,1475,9304,70.72906314933599,2026-10-04 18:12:22,2026-10-04 20:57:16,10084,806,8970,80.95993653312178
BA,30694,JUSSARI,0028,16,4647,3467,1061,2342,36.948370349004904,2026-10-04 18:22:41,2026-10-04 20:55:16,3343,1082,2119,31.0200418785522
BA,36730,JUSSIAPE,0101,27,6499,5127,1358,3588,43.4952213770236,2026-10-04 17:54:10,2026-10-04 23:03:21,5006,974,3764,55.733120255693166
BA,36757,LAFAIETE COUTINHO,0023,15,4471,3399,849,2406,45.80759046778464,2026-10-04 18:23:33,2026-10-04 20:35:19,3144,512,2497,63.13613231552163
BA,36765,LAGOA REAL,0063,36,10624,8519,1653,6533,57.28371874633173,2026-10-04 18:30:20,2026-10-04 21:57:14,7924,974,6563,70.53255931347805
BA,36773,LAJE,0109,62,20749,15580,4467,10552,39.056482670089856,2026-10-04 19:11:50,2026-10-04 22:07:54,14925,3501,10847,49.219430485762146
BA,36811,LAJEDINHO,0087,11,3619,2716,548,2091,56.811487481590575,2026-10-04 19:05:03,2026-10-04 20:58:20,2620,411,2110,64.8473282442748
BA,36820,LAJEDO DO TABOCAL,0037,25,6287,4697,927,3532,55.46093251011284,2026-10-04 18:32:14,2026-10-04 19:08:43,4668,765,3716,63.21765209940017
BA,36790,LAJEDÃO,0153,16,4258,3074,1291,1682,12.719583604424203,2026-10-04 17:21:55,2026-10-04 18:50:02,3186,1179,1890,22.316384180790962
BA,36838,LAMARÃO,0160,28,8523,6240,741,5344,73.76602564102564,2026-10-04 18:23:57,2026-10-04 21:19:43,5717,529,5014,78.45023613783452
BA,39730,LAPÃO,0104,86,22037,18066,4265,13144,49.147570021033985,2026-10-04 17:46:18,2026-10-04 21:01:25,17630,3301,13753,59.28530913216109
BA,36854,LAURO DE FREITAS,0180,413,163871,119345,39471,70481,25.983493233901715,2026-10-04 18:41:14,2026-10-04 21:39:13,117493,34005,74506,34.47098976109215
BA,36870,LENÇÓIS,0089,24,7895,5911,1037,4676,61.56318727795635,2026-10-04 18:29:12,2026-10-04 20:56:18,5971,815,4989,69.90453860324904
BA,36897,LICÍNIO DE ALMEIDA,0117,32,10121,8085,2257,5512,40.25974025974026,2026-10-04 20:10:42,2026-10-04 21:18:12,7373,1698,5394,50.12884850128849
BA,36919,LIVRAMENTO DE NOSSA SENHORA,0101,114,34703,28077,7513,19442,42.486732913060514,2026-10-04 17:30:04,2026-10-04 21:08:51,26880,5427,20337,55.46875
BA,30007,LUÍS EDUARDO MAGALHÃES,0205,241,81123,62061,38496,20173,-29.524177825043104,2026-10-04 17:48:34,2026-10-04 20:29:07,53580,28942,22196,-12.590518850317283
BA,36935,MACAJUBA,0087,32,10033,7004,1598,5188,51.25642490005711,2026-10-04 19:07:20,2026-10-04 20:58:21,6853,1375,5138,54.9102582810448
BA,36951,MACARANI,0091,42,12841,9001,3536,5105,17.431396511498722,2026-10-04 17:47:44,2026-10-04 19:29:48,9106,3222,5424,24.18185811552822
BA,36978,MACAÚBAS,0065,142,32963,24795,6619,17101,42.274652147610404,2026-10-04 18:17:14,2026-10-04 21:12:58,24208,4233,18848,60.3726040978189
BA,36994,MACURURÉ,0158,24,6566,5161,738,4260,68.24258864561132,2026-10-04 18:58:13,2026-10-04 23:03:44,5059,603,4209,71.2789088752718
BA,39748,MADRE DE DEUS,0162,49,17110,13251,2471,10107,57.625839559278546,2026-10-04 18:42:12,2026-10-04 21:32:25,12747,2151,9982,61.43406291676473
BA,39756,MAETINGA,0161,20,6722,4711,1145,3366,47.14497983443006,2026-10-04 18:43:17,2026-10-04 20:59:16,4481,786,3395,58.223610801160454
BA,37010,MAIQUINIQUE,0091,23,7260,5360,2275,2889,11.455223880597014,2026-10-04 17:47:44,2026-10-04 19:22:21,5431,1929,3295,25.151905726385564
BA,37036,MAIRI,0086,49,13826,10118,2232,7520,52.263293140936945,2026-10-04 18:15:02,2026-10-04 21:48:53,9976,1945,7524,55.92421812349639
BA,37052,MALHADA,0125,45,13151,10299,3149,6864,36.07146324885911,2026-10-04 18:00:39,2026-10-04 21:55:10,10131,2601,7190,45.29661435198894
BA,37079,MALHADA DE PEDRAS,0090,26,7896,6189,1791,4197,38.87542413960252,2026-10-04 18:22:16,2026-10-04 21:34:20,5989,1422,4332,48.589079979963266
BA,37095,MANOEL VITORINO,0022,44,13181,10160,1951,7696,56.54527559055118,2026-10-04 18:00:39,2026-10-04 21:04:34,9526,1392,7707,66.29225278186017
BA,39772,MANSIDÃO,0097,37,10491,7052,1163,5720,64.61996596710154,2026-10-04 17:59:27,2026-10-04 22:07:54,6878,1021,5517,65.36783948822332
BA,37117,MARACÁS,0037,74,21719,15975,4379,10774,40.03129890453834,2026-10-04 17:51:33,2026-10-04 21:01:59,15504,2878,11856,57.90763673890609
BA,37133,MARAGOGIPE,0118,122,34902,27453,5197,21252,58.48176884129239,2026-10-04 18:58:13,2026-10-04 22:19:22,26699,4210,21245,63.803887786059406
BA,37150,MARAÚ,0078,57,16481,11842,2857,8455,47.27242019929066,2026-10-04 18:28:24,2026-10-04 22:16:23,10553,2029,7976,56.35364351369279
BA,37176,MARCIONÍLIO SOUZA,0193,27,7767,5742,1235,4348,54.21455938697318,2026-10-04 17:59:26,2026-10-04 21:06:33,5385,956,4252,61.207056638811515
BA,37192,MASCOTE,0133,34,9177,6686,1879,4564,40.158540233323365,2026-10-04 19:29:46,2026-10-04 20:59:16,6644,1558,4796,48.73570138470801
BA,37214,MATA DE SÃO JOÃO,0185,128,43098,31631,7239,22616,48.61370174828491,2026-10-04 17:58:49,2026-10-04 20:57:46,30560,5855,23148,56.587041884816756
BA,37222,MATINA,0113,31,9556,7240,1157,5861,64.97237569060773,2026-10-04 19:11:51,2026-10-04 20:57:15,7171,673,6273,78.09231627388091
BA,37230,MEDEIROS NETO,0153,66,18663,13846,5924,7356,10.342337137079301,2026-10-04 18:30:21,2026-10-04 21:45:34,13845,5164,8215,22.036836403033586
BA,37257,MIGUEL CALMON,0103,77,19996,15051,4617,9764,34.19706331805196,2026-10-04 18:17:59,2026-10-04 21:33:55,15191,3942,10530,43.36778355605293
BA,37273,MILAGRES,0193,35,8823,6718,1816,4673,42.527537957725514,2026-10-04 19:13:37,2026-10-04 21:23:13,6838,1517,5078,52.07663059374086
BA,37290,MIRANGABA,0167,45,12693,9805,2088,7379,53.9622641509434,2026-10-04 18:30:19,2026-10-04 20:53:23,9277,1690,7212,59.523552872695916
BA,37303,MIRANTE,0059,30,8301,6299,1314,4716,54.00857278933164,2026-10-04 17:35:03,2026-10-04 23:10:26,5827,985,4593,61.918654539214
BA,37311,MONTE SANTO,0050,162,41809,32838,4308,27711,71.2680431207747,2026-10-04 17:41:58,2026-10-04 23:20:52,30988,3250,26669,75.57441590293017
BA,37338,MORPARÁ,0173,30,7604,5689,1658,3912,39.620319915626645,2026-10-04 18:18:42,2026-10-04 20:52:14,5662,1343,4139,49.38184387142353
BA,37354,MORRO DO CHAPÉU,0055,91,26151,19633,4918,13770,45.08735292619569,2026-10-04 17:53:53,2026-10-04 21:01:26,19492,3608,14845,57.64929201723784
BA,37370,MORTUGABA,0092,33,9597,7026,2716,4000,18.274978650725874,2026-10-04 17:57:27,2026-10-04 21:47:02,6702,2184,4080,28.29006266786034
BA,37397,MUCUGÊ,0119,34,9863,7857,2316,5229,37.07521954944635,2026-10-04 19:00:12,2026-10-04 23:50:44,7381,1981,5054,41.633924942419725
BA,37419,MUCURI,0035,98,27873,20035,8840,10146,6.518592463189418,2026-10-04 17:46:18,2026-10-04 20:41:09,20369,8197,11160,14.546614954096912
BA,37427,MULUNGU DO MORRO,0055,38,10988,8899,1357,7005,63.46780537139004,2026-10-04 18:27:09,2026-10-04 21:34:19,8243,739,7141,77.66589833798375
BA,37435,MUNDO NOVO,0054,56,14921,11004,2560,8071,50.08178844056707,2026-10-04 18:25:00,2026-10-04 20:58:19,10798,1845,8409,60.789035006482685
BA,37451,MUNIZ FERREIRA,0202,32,8206,6633,1583,4748,47.715965626413386,2026-10-04 18:56:23,2026-10-04 20:54:38,6202,1125,4795,59.17445985166076
BA,37460,MUQUÉM DO SÃO FRANCISCO,0098,31,9684,7633,2171,5249,40.32490501768636,2026-10-04 17:53:53,2026-10-04 21:56:15,7219,1415,5581,57.708823936833355
BA,37478,MURITIBA,0131,73,23640,16879,3162,13033,58.48095266307246,2026-10-04 18:11:03,2026-10-04 20:50:06,16959,2452,13585,65.64655934901822
BA,37494,MUTUÍPE,0109,56,17909,13165,4127,8337,31.9787314849981,2026-10-04 18:00:38,2026-10-04 20:26:28,13120,2933,9398,49.27591463414634
BA,37516,NAZARÉ,0030,72,22055,17072,3821,12434,50.45103092783505,2026-10-04 18:38:49,2026-10-04 21:13:27,17107,3307,12977,56.52656807154966
BA,37532,NILO PEÇANHA,0032,30,10011,7493,1868,5338,46.30988922994795,2026-10-04 18:55:41,2026-10-04 23:01:47,7054,1491,5160,52.01304224553445
BA,39799,NORDESTINA,0106,36,10580,8139,1597,6269,57.402629315640745,2026-10-04 18:43:16,2026-10-04 21:24:39,7381,1177,5932,64.4221650182902
BA,37559,NOVA CANAÃ,0146,43,12377,9062,2070,6661,50.662105495475615,2026-10-04 17:57:28,2026-10-04 22:06:53,8819,1598,6842,59.46252409570246
BA,37567,NOVA FÁTIMA,0196,29,7957,6291,1655,4311,42.219043077412174,2026-10-04 19:10:54,2026-10-04 21:00:28,5812,1182,4316,53.92291810048176
BA,39969,NOVA IBIÁ,0151,19,5509,4242,1441,2634,28.123526638378124,2026-10-04 20:14:30,2026-10-04 20:14:30,3888,1195,2504,33.66769547325103
BA,37575,NOVA ITARANA,0036,23,6607,5233,1434,3641,42.17466080642079,2026-10-04 19:00:11,2026-10-04 20:13:39,4751,976,3576,54.72532098505578
BA,37583,NOVA REDENÇÃO,0119,21,6421,4920,698,4105,69.2479674796748,2026-10-04 18:37:17,2026-10-04 20:44:18,4705,508,4042,75.11158342189161
BA,37591,NOVA SOURE,0079,70,21207,15816,2292,13021,67.83636823469904,2026-10-04 18:59:33,2026-10-04 22:21:43,15129,1707,12760,73.05836472998877
BA,37613,NOVA VIÇOSA,0035,101,30989,22962,10817,11287,2.046860029614145,2026-10-04 17:37:36,2026-10-04 21:27:23,22254,9678,11496,8.169317875438123
BA,39942,NOVO HORIZONTE,0088,38,9200,7372,1899,5116,43.63809007053717,2026-10-04 18:41:12,2026-10-04 21:00:57,7226,1328,5514,57.929698311652366
BA,37621,NOVO TRIUNFO,0082,25,8227,6133,1354,4575,52.519158649926624,2026-10-04 18:17:57,2026-10-04 20:58:47,5954,885,4727,64.52804837084314
BA,37630,OLINDINA,0081,69,19699,14840,2497,11811,62.76280323450135,2026-10-04 18:16:10,2026-10-04 20:55:46,14249,1907,11800,69.42943364446627
BA,37656,OLIVEIRA DOS BREJINHOS,0094,70,16618,13338,2937,9993,52.90148448043185,2026-10-04 18:35:33,2026-10-04 21:00:27,12455,1918,10094,65.64431955038137
BA,37672,OURIÇANGAS,0074,26,7224,5383,855,4265,63.34757570128181,2026-10-04 19:26:23,2026-10-04 21:22:14,5120,556,4275,72.63671875
BA,37680,OUROLÂNDIA,0167,44,14353,10785,4267,6103,17.02364394993046,2026-10-04 18:23:32,2026-10-04 21:59:15,10465,3688,6429,26.192068800764453
BA,37699,PALMAS DE MONTE ALTO,0175,69,17255,13495,2628,10470,58.1104112634309,2026-10-04 18:28:22,2026-10-04 22:26:13,13153,1715,11048,70.95719607694062
BA,37710,PALMEIRAS,0089,24,7857,6158,974,4978,65.02111075024358,2026-10-04 18:29:11,2026-10-04 22:29:50,5980,721,5087,73.01003344481606
BA,37737,PARAMIRIM,0111,61,16913,13105,2920,9668,51.49179702403663,2026-10-04 17:38:22,2026-10-04 21:33:54,12614,2092,9886,61.78848898049786
BA,37753,PARATINGA,0173,79,24228,18436,3700,14251,57.23041874593187,2026-10-04 17:30:04,2026-10-04 23:16:04,17898,2488,14863,69.14180355346966
BA,37770,PARIPIRANGA,0052,87,23527,18272,3927,13615,53.02101576182137,2026-10-04 18:28:24,2026-10-04 21:15:40,17471,2864,13791,62.54364375250415
BA,37796,PAU BRASIL,0133,26,7547,5876,2045,3689,27.978216473791694,2026-10-04 21:05:31,2026-10-04 21:05:31,5623,2130,3219,19.3668860039125
BA,37818,PAULO AFONSO,0084,127,43361,31622,5489,24856,61.24533552589969,2026-10-04 18:42:09,2026-10-04 21:15:39,30870,4604,25136,66.511175898931
BA,37818,PAULO AFONSO,0181,131,40259,31293,7574,22317,47.11277282459336,2026-10-04 18:23:32,2026-10-04 20:59:16,31705,6912,23246,51.51868790411607
BA,37850,PEDRO ALEXANDRE,0051,35,10164,8057,1331,6416,63.11282114931116,2026-10-04 19:08:44,2026-10-04 21:46:03,7377,885,6044,69.93357733496
BA,37834,PEDRÃO,0130,21,6573,5042,668,4116,68.38556128520429,2026-10-04 18:12:02,2026-10-04 19:22:19,4962,453,4272,76.96493349455865
BA,37877,PIATÃ,0105,76,17470,12447,3438,8124,37.64762593395999,2026-10-04 17:58:49,2026-10-04 20:08:08,12026,2466,8539,50.498919008814234
BA,37893,PILÃO ARCADO,0195,121,28531,22386,4132,17562,59.9928526757795,2026-10-04 17:35:03,2026-10-04 21:52:13,20647,2785,17063,69.15290356952583
BA,37915,PINDAÍ,0117,42,12750,10303,2302,7588,51.30544501601475,2026-10-04 20:13:40,2026-10-04 21:00:29,9909,1657,7764,61.63084064991422
BA,37931,PINDOBAÇU,0115,57,16173,12830,3819,8620,37.420109119251755,2026-10-04 17:58:49,2026-10-04 23:50:23,12035,3235,8299,42.0772746157042
BA,39837,PINTADAS,0062,29,8931,6220,2227,3780,24.967845659163988,2026-10-04 18:44:50,2026-10-04 20:11:17,6164,1929,3893,31.862426995457493
BA,37940,PIRAÍ DO NORTE,0151,24,7100,5517,1590,3656,37.447888345115096,2026-10-04 19:24:46,2026-10-04 20:59:54,5197,1153,3760,50.16355589763325
BA,37958,PIRIPÁ,0177,27,8923,6304,1595,4388,44.30520304568528,2026-10-04 18:41:13,2026-10-04 19:26:22,6177,1130,4667,57.26080621661001
BA,37974,PIRITIBA,0054,48,14292,10755,2946,7330,40.76243607624361,2026-10-04 18:25:59,2026-10-04 19:29:48,10602,2267,7816,52.33918128654971
BA,37990,PLANALTINO,0037,25,6975,5148,1247,3715,47.94094794094794,2026-10-04 18:33:46,2026-10-04 21:08:51,5061,804,4038,63.90041493775934
BA,38016,PLANALTO,0139,77,20252,15547,4489,10387,37.9365794043867,2026-10-04 18:28:24,2026-10-04 20:51:15,14739,3671,10085,43.517199267250156
BA,38059,POJUCA,0200,88,29229,21477,4413,16067,54.26269963216464,2026-10-04 18:32:16,2026-10-04 19:32:25,20750,3960,15608,56.13493975903614
BA,38067,PONTO NOVO,0149,44,15183,11932,3032,8429,45.23131076097888,2026-10-04 18:43:16,2026-10-04 20:59:14,10023,1775,7707,59.18387708270977
BA,38075,PORTO SEGURO,0121,96,31086,23137,10958,10923,-0.1512728530060077,2026-10-04 18:32:16,2026-10-04 21:17:13,22019,9582,11252,7.5843589627140195
BA,38075,PORTO SEGURO,0122,227,85501,61541,26343,31206,7.90204904047708,2026-10-04 17:57:28,2026-10-04 20:51:50,55983,21406,31531,18.08584748941643
BA,38091,POTIRAGUÁ,0138,29,7860,5712,2126,3421,22.67156862745098,2026-10-04 18:30:18,2026-10-04 19:25:51,5769,1902,3628,29.918530074536314
BA,38032,POÇÕES,0059,126,37374,28195,7393,19478,42.86220961163327,2026-10-04 18:28:25,2026-10-04 20:55:47,27156,5748,19938,52.25364560318162
BA,38113,PRADO,0112,76,25814,18900,8545,9774,6.502645502645502,2026-10-04 17:53:53,2026-10-04 21:27:23,17056,6936,9505,15.062148217636022
BA,38130,PRESIDENTE DUTRA,0095,48,11979,9934,1417,8285,69.13629957720958,2026-10-04 18:44:48,2026-10-04 21:00:57,9445,981,8203,76.46373742721016
BA,38156,PRESIDENTE JÂNIO QUADROS,0060,35,10674,7454,1460,5660,56.34558626240945,2026-10-04 17:59:27,2026-10-04 20:49:33,7392,1107,5966,65.73322510822511
BA,38164,PRESIDENTE TANCREDO NEVES,0197,65,21689,16728,5876,9981,24.539693926351028,2026-10-04 22:07:54,2026-10-04 22:46:01,16041,4073,10984,43.08334891839661
BA,39810,PÉ DE SERRA,0114,43,12191,9513,3418,5666,23.63082098181436,2026-10-04 18:37:34,2026-10-04 22:19:50,9067,2413,5988,39.42869747435756
BA,38172,QUEIMADAS,0106,66,20515,15946,4310,10967,41.74714661984196,2026-10-04 18:26:22,2026-10-04 22:15:26,15056,3346,10972,50.650903294367694
BA,38199,QUIJINGUE,0102,69,21197,16841,2647,13742,65.88088593313937,2026-10-04 18:43:16,2026-10-04 23:10:26,15947,2312,12759,65.51075437386342
BA,39845,QUIXABEIRA,0191,31,8784,6652,2858,3523,9.996993385447986,2026-10-04 18:26:23,2026-10-04 21:02:05,6360,2056,3968,30.062893081761008
BA,39853,RAFAEL JAMBEIRO,0043,63,19049,13701,3653,9556,43.084446390774396,2026-10-04 18:37:17,2026-10-04 22:36:28,12962,2680,9704,54.18916833821941
BA,38210,REMANSO,0067,108,32212,24880,5159,18991,55.59485530546624,2026-10-04 18:27:12,2026-10-04 21:41:01,23721,3628,19164,65.49470932928628
BA,38237,RETIROLÂNDIA,0196,44,12901,10248,2441,7245,46.87743950039032,2026-10-04 18:27:14,2026-10-04 21:14:40,9713,1669,7564,60.69185627509523
BA,38296,RIACHO DE SANTANA,0113,78,23737,17926,3037,14242,62.506973111681354,2026-10-04 18:28:23,2026-10-04 22:23:03,17662,2211,14802,71.28864228286717
BA,38253,RIACHÃO DAS NEVES,0182,72,19206,14575,3857,10280,44.06861063464837,2026-10-04 17:30:05,2026-10-04 21:27:23,14228,2878,10976,56.91594039921282
BA,38270,RIACHÃO DO JACUÍPE,0114,94,27708,22520,4506,16737,54.31172291296625,2026-10-04 18:32:16,2026-10-04 21:00:59,21957,3160,17622,65.86509996811951
BA,38318,RIBEIRA DO AMPARO,0079,44,12452,9492,1739,7489,60.57732827644332,2026-10-04 19:25:19,2026-10-04 20:54:02,8797,1250,7075,66.21575537114926
BA,38334,RIBEIRA DO POMBAL,0110,142,45064,34451,8900,23991,43.80424370845549,2026-10-04 17:58:49,2026-10-04 22:18:56,32413,6613,24152,54.111004843735536
BA,38342,RIBEIRÃO DO LARGO,0152,28,8797,6326,1678,4425,43.423964590578564,2026-10-04 18:32:14,2026-10-04 20:22:00,5913,1280,4371,52.27464907830205
BA,38350,RIO DE CONTAS,0101,44,12117,9648,2493,6790,44.537728026534,2026-10-04 17:30:04,2026-10-04 21:01:26,9129,1885,6786,53.686055427757694
BA,38377,RIO DO ANTÔNIO,0093,40,10690,8611,1706,6628,57.15944721867379,2026-10-04 17:54:11,2026-10-04 20:59:15,8087,1322,6416,62.98998392481761
BA,38393,RIO DO PIRES,0111,38,11178,7354,1711,5350,49.48327440848518,2026-10-04 17:30:51,2026-10-04 20:43:30,6293,1126,4915,60.209756872715715
BA,38415,RIO REAL,0049,94,29286,22548,6058,15327,41.107858790136596,2026-10-04 17:57:27,2026-10-04 21:07:51,21048,4857,14650,46.52698593690612
BA,38431,RODELAS,0158,22,7602,5998,1132,4694,59.38646215405135,2026-10-04 18:34:35,2026-10-04 20:59:51,5903,893,4823,66.57631712688463
BA,38458,RUY BARBOSA,0087,81,23977,17369,4857,11694,39.36323334676723,2026-10-04 18:27:11,2026-10-04 21:22:42,17111,3580,12842,54.12892291508386
BA,38474,SALINAS DA MARGARIDA,0030,45,16000,11691,1991,9248,62.07338978701565,2026-10-04 19:00:47,2026-10-04 21:03:30,10747,1477,8823,68.3539592444403
BA,38490,SALVADOR,0001,225,76122,58197,18861,35030,27.783219066274892,2026-10-04 17:31:44,2026-10-04 19:21:08,60772,18707,35706,27.971763312051603
BA,38490,SALVADOR,0002,257,88002,66672,16450,45470,43.52651787856971,2026-10-04 17:39:13,2026-10-04 19:23:12,71702,16191,49051,45.82856824077432
BA,38490,SALVADOR,0003,279,106680,78269,17676,55128,47.85036221237016,2026-10-04 17:30:05,2026-10-04 19:24:45,84219,17079,60393,51.43019983614149
BA,38490,SALVADOR,0004,317,121281,86360,21377,59074,43.65099583140343,2026-10-04 17:47:44,2026-10-04 21:26:54,91727,20143,64576,48.44048099251038
BA,38490,SALVADOR,0005,232,83456,63040,15536,42580,42.8997461928934,2026-10-04 18:13:51,2026-10-04 20:10:44,67014,14360,46704,48.264541737547376
BA,38490,SALVADOR,0006,242,93231,70909,19795,45542,36.30991834604916,2026-10-04 17:30:05,2026-10-04 19:01:46,75855,19047,49220,39.777206512425025
BA,38490,SALVADOR,0007,247,91907,69884,18827,45537,38.22047965199474,2026-10-04 17:31:44,2026-10-04 19:24:47,73879,18153,48663,41.29725632453065
BA,38490,SALVADOR,0008,287,105893,76772,19920,50826,40.256864481842335,2026-10-04 17:44:55,2026-10-04 19:25:52,80498,17836,55842,47.21359536882904
BA,38490,SALVADOR,0009,257,94095,69895,19466,45044,36.59489233850776,2026-10-04 17:43:13,2026-10-04 20:53:26,73722,18410,49063,41.57917582268522
BA,38490,SALVADOR,0010,336,139555,106586,34200,63268,27.271874354980955,2026-10-04 17:32:42,2026-10-04 20:19:40,108688,31616,65393,31.077027822758723
BA,38490,SALVADOR,0011,287,116635,85000,21583,56796,41.427058823529414,2026-10-04 17:30:05,2026-10-04 20:56:19,90290,19910,62934,47.65090264702625
BA,38490,SALVADOR,0012,284,121521,87883,25148,55788,34.864535803283914,2026-10-04 17:21:54,2026-10-04 19:29:46,91598,23571,59997,39.767243826284414
BA,38490,SALVADOR,0013,273,107720,82658,30813,44456,16.505359432843765,2026-10-04 17:46:19,2026-10-04 19:26:22,87158,30299,46618,18.723467725280525
BA,38490,SALVADOR,0014,285,114213,82322,19453,56568,45.085153421928524,2026-10-04 17:30:04,2026-10-04 19:29:46,88029,17728,63158,51.60799282054777
BA,38490,SALVADOR,0015,250,87025,64023,15860,43649,43.404713930931074,2026-10-04 17:39:13,2026-10-04 20:59:56,68165,14783,47911,48.5997212645786
BA,38490,SALVADOR,0016,268,102570,76087,18673,51343,42.93768974989157,2026-10-04 18:25:00,2026-10-04 20:54:02,79339,17046,55480,48.442758290374215
BA,38490,SALVADOR,0017,263,102976,73526,19001,49188,41.05622500884041,2026-10-04 17:32:11,2026-10-04 20:14:30,77853,17491,53962,46.84597896034835
BA,38490,SALVADOR,0018,214,74308,55383,13511,38044,44.296986439882275,2026-10-04 17:32:43,2026-10-04 20:25:10,59122,12799,41507,48.55722066235919
BA,38490,SALVADOR,0019,321,128289,93548,25038,61027,38.47115919100355,2026-10-04 17:45:12,2026-10-04 21:48:24,97079,22283,66550,45.59894518896981
BA,38539,SANTA BRÍGIDA,0181,42,11939,8857,1369,7189,65.71073726995597,2026-10-04 19:10:29,2026-10-04 22:50:17,8613,1050,7219,71.62428886566818
BA,38512,SANTA BÁRBARA,0160,61,20163,15559,3307,11603,53.31962208368147,2026-10-04 18:32:14,2026-10-04 21:53:13,15184,2542,11958,62.01264488935722
BA,38555,SANTA CRUZ CABRÁLIA,0121,82,25527,17571,6755,9896,17.87604575721359,2026-10-04 18:13:49,2026-10-04 21:01:26,15733,5392,9605,26.778109705714105
BA,38571,SANTA CRUZ DA VITÓRIA,0029,16,4922,3372,1253,1924,19.899169632265718,2026-10-04 18:47:50,2026-10-04 18:47:50,3234,1011,2005,30.735930735930737
BA,38598,SANTA INÊS,0038,30,8217,5973,1146,4647,58.613761928679054,2026-10-04 19:29:50,2026-10-04 20:15:15,5754,770,4772,69.55161626694473
BA,39870,SANTA LUZIA,0133,30,9034,6646,2247,4143,28.5284381582907,2026-10-04 18:20:31,2026-10-04 20:41:09,6088,1708,4055,38.55124835742444
BA,38636,SANTA MARIA DA VITÓRIA,0072,113,30271,23719,6763,15887,38.46705173068005,2026-10-04 19:05:27,2026-10-04 22:14:54,23017,5498,16489,47.751661815180086
BA,35491,SANTA RITA DE CÁSSIA,0097,80,22965,17014,4071,12359,48.712824732573175,2026-10-04 18:27:13,2026-10-04 21:01:27,16515,3102,12689,58.05025734181048
BA,38695,SANTA TEREZINHA,0107,34,9441,7283,1566,5463,53.50816971028422,2026-10-04 18:50:01,2026-10-04 20:44:42,6633,1108,5242,62.32473993668024
BA,38610,SANTALUZ,0145,104,32102,24983,6733,16973,40.9878717527919,2026-10-04 17:51:50,2026-10-04 21:51:49,23721,5101,17348,51.629357952868766
BA,38652,SANTANA,0099,68,21022,16094,5076,10420,33.20492108860445,2026-10-04 18:13:51,2026-10-04 22:18:22,15614,3723,11374,49.000896631228386
BA,38679,SANTANÓPOLIS,0074,29,9599,7155,1512,5327,53.319357092942,2026-10-04 18:57:44,2026-10-04 21:02:05,6831,974,5558,67.10584101888449
BA,38717,SANTO AMARO,0178,154,47773,35514,5155,28779,66.52024553697133,2026-10-04 18:00:40,2026-10-04 21:02:31,37085,4727,30223,68.75016853175138
BA,38733,SANTO ANTÔNIO DE JESUS,0056,115,38513,29901,10449,17616,23.969098023477475,2026-10-04 18:25:58,2026-10-04 20:52:40,29192,8907,18630,33.30707043025487
BA,38733,SANTO ANTÔNIO DE JESUS,0202,122,39373,30116,9191,18985,32.52091911276398,2026-10-04 18:22:15,2026-10-04 20:07:40,28939,7725,19656,41.228100487231764
BA,38750,SANTO ESTEVÃO,0143,120,39754,30384,5841,23211,57.16824644549763,2026-10-04 18:34:09,2026-10-04 21:46:03,29517,4147,24204,67.95067249381712
BA,38911,SAPEAÇU,0142,57,16207,12391,2995,8881,47.502219352756036,2026-10-04 17:51:50,2026-10-04 19:07:46,12096,2120,9300,59.35846560846561
BA,38946,SAUBARA,0178,38,13374,9728,2147,7146,51.387746710526315,2026-10-04 21:02:30,2026-10-04 21:34:42,9502,1689,7339,59.46116607030099
BA,38954,SAÚDE,0115,32,9154,6512,1588,4671,47.34336609336609,2026-10-04 17:21:55,2026-10-04 20:53:24,6504,1252,4932,56.580565805658054
BA,38970,SEABRA,0088,121,35799,28749,5468,21986,57.45591150996557,2026-10-04 18:30:18,2026-10-04 21:57:14,26839,3397,22505,71.19490293975186
BA,38997,SEBASTIÃO LARANJEIRAS,0175,26,7218,5770,1569,4001,42.14904679376083,2026-10-04 18:30:18,2026-10-04 21:23:13,5309,1167,3931,52.062535317385574
BA,39012,SENHOR DO BONFIM,0045,174,53709,41313,13819,25666,28.676203616295112,2026-10-04 18:30:21,2026-10-04 21:30:22,39573,11990,25238,33.47737093472822
BA,39039,SENTO SÉ,0096,103,30127,23606,7419,15344,33.57197322714564,2026-10-04 17:30:05,2026-10-04 20:58:22,22189,5064,16270,50.50250123935283
BA,39047,SERRA DO RAMALHO,0071,90,26065,20695,5014,14982,48.16622372553757,2026-10-04 18:50:01,2026-10-04 22:25:49,18732,3809,14191,55.42387358530856
BA,39055,SERRA DOURADA,0190,52,15281,11306,4114,6849,24.190695206085266,2026-10-04 18:25:01,2026-10-04 21:59:15,10802,3432,6970,32.75319385299019
BA,39071,SERRA PRETA,0155,60,17262,12878,2311,10106,60.529585339338404,2026-10-04 17:52:43,2026-10-04 21:53:13,12937,1770,10663,68.74082090129087
BA,39098,SERRINHA,0150,218,63689,49064,11134,35445,49.549567911299526,2026-10-04 18:27:09,2026-10-04 22:23:02,48318,10496,35341,51.419760751686745
BA,39110,SERROLÂNDIA,0046,37,11033,8400,2507,5505,35.69047619047619,2026-10-04 21:02:30,2026-10-04 21:27:53,7819,1938,5486,45.37664663000384
BA,39136,SIMÕES FILHO,0033,260,90003,67072,17661,44707,40.32383110687023,2026-10-04 18:27:12,2026-10-04 21:18:42,66750,15715,46408,45.98202247191011
BA,39985,SOBRADINHO,0066,60,20427,15371,3814,10803,45.468739834753755,2026-10-04 17:57:28,2026-10-04 21:02:30,15055,3075,11323,54.78578545333776
BA,39152,SOUTO SOARES,0174,47,14232,11282,1545,9291,68.65803935472434,2026-10-04 18:19:26,2026-10-04 20:58:20,10896,895,9615,80.02936857562408
BA,38938,SÁTIRO DIAS,0044,49,14469,10698,2452,7770,49.71022621050664,2026-10-04 18:25:01,2026-10-04 20:59:51,9788,1671,7526,59.81814466693911
BA,38776,SÃO DESIDÉRIO,0100,94,28595,22217,7931,13345,24.36872665076293,2026-10-04 18:25:58,2026-10-04 22:07:24,19560,5373,13454,41.31390593047035
BA,38806,SÃO DOMINGOS,0120,29,7986,6486,1781,4375,39.99383287079864,2026-10-04 17:46:37,2026-10-04 20:27:18,6290,1356,4522,50.33386327503975
BA,38814,SÃO FELIPE,0184,67,17802,13939,3812,9543,41.11485759380157,2026-10-04 18:15:18,2026-10-04 20:10:44,13374,2647,10025,55.166741438612235
BA,38830,SÃO FRANCISCO DO CONDE,0162,108,33764,24492,3397,20076,68.09978768577494,2026-10-04 17:51:32,2026-10-04 21:38:13,25656,3343,20955,68.64671032117243
BA,38792,SÃO FÉLIX,0118,38,10118,7859,1331,6190,61.82720447894134,2026-10-04 18:22:15,2026-10-04 19:29:46,8074,1066,6545,67.85979687887045
BA,38822,SÃO FÉLIX DO CORIBE,0072,40,12580,9950,3798,5660,18.71356783919598,2026-10-04 19:13:13,2026-10-04 22:44:29,9633,3102,6077,30.88342157168068
BA,39896,SÃO GABRIEL,0095,68,16440,13468,2122,10916,65.2955152955153,2026-10-04 18:44:50,2026-10-04 22:15:57,12718,1372,10943,75.25554332442208
BA,38857,SÃO GONÇALO DOS CAMPOS,0108,93,30041,23487,4622,17586,55.19649167624643,2026-10-04 18:30:20,2026-10-04 21:42:03,23187,3665,18343,63.30271272695907
BA,39926,SÃO JOSÉ DA VITÓRIA,0166,19,5258,3732,1258,2313,28.269024651661308,2026-10-04 19:01:45,2026-10-04 19:01:45,3630,1266,2139,24.049586776859503
BA,38865,SÃO JOSÉ DO JACUÍPE,0191,27,8830,6615,1782,4572,42.17687074829932,2026-10-04 18:26:24,2026-10-04 21:05:31,6126,1168,4611,56.20306888671237
BA,38873,SÃO MIGUEL DAS MATAS,0036,35,9030,7333,1637,5368,50.87958543570162,2026-10-04 19:17:19,2026-10-04 21:45:01,7382,1444,5649,56.96288268761853
BA,38890,SÃO SEBASTIÃO DO PASSÉ,0128,105,34046,25767,3443,21232,69.03791671517833,2026-10-04 18:11:02,2026-10-04 21:41:32,26615,3069,22275,72.16231448431336
BA,39144,SÍTIO DO MATO,0071,38,11257,8934,2402,6262,43.20573091560331,2026-10-04 18:22:14,2026-10-04 22:39:51,8085,1663,6112,55.0278293135436
BA,39900,SÍTIO DO QUINTO,0051,34,9929,7873,1852,5726,49.2061475930395,2026-10-04 19:09:54,2026-10-04 20:59:55,7304,1075,5885,65.85432639649507
BA,39179,TABOCAS DO BREJO VELHO,0190,36,11241,8310,2130,5809,44.2719614921781,2026-10-04 18:12:02,2026-10-04 21:59:14,7744,1272,6137,62.822830578512395
BA,39195,TANHAÇU,0058,57,17984,14408,3462,10305,47.49444752915047,2026-10-04 18:43:18,2026-10-04 21:52:41,13796,2816,10333,54.48680777036822
BA,39918,TANQUE NOVO,0168,45,14688,11551,2212,8808,57.10328110120336,2026-10-04 18:51:32,2026-10-04 22:33:45,10901,1506,8987,68.62673149252362
BA,39217,TANQUINHO,0160,28,7717,6212,1427,4546,50.209272376046364,2026-10-04 18:28:25,2026-10-04 21:01:27,5920,1087,4621,59.695945945945944
BA,39233,TAPEROÁ,0032,45,14359,10645,2811,7311,42.27336777829967,2026-10-04 21:15:40,2026-10-04 21:21:13,10374,2086,7785,54.93541546173125
BA,39250,TAPIRAMUTÁ,0054,37,11283,7915,2051,5554,44.257738471257106,2026-10-04 17:43:13,2026-10-04 20:13:39,7695,1155,6230,65.9519168291098
BA,39934,TEIXEIRA DE FREITAS,0183,303,105045,78098,38670,35445,-4.129427130016134,2026-10-04 18:15:03,2026-10-04 22:08:56,78522,35936,38327,3.0450064949950333
BA,39276,TEODORO SAMPAIO,0130,24,6868,5368,630,4544,72.91356184798808,2026-10-04 18:12:03,2026-10-04 19:21:06,5285,463,4580,77.89971617786188
BA,39292,TEOFILÂNDIA,0123,62,18692,13663,1918,11318,68.79894605869868,2026-10-04 18:35:33,2026-10-04 22:07:54,13001,1521,10962,72.61749096223367
BA,39314,TEOLÂNDIA,0197,37,11256,8545,2241,5969,43.627852545348155,2026-10-04 18:27:12,2026-10-04 21:52:13,8518,1669,6489,56.58605306409955
BA,39330,TERRA NOVA,0128,35,10480,7850,1335,6144,61.261146496815286,2026-10-04 18:23:33,2026-10-04 20:08:08,7775,1089,6246,66.32797427652733
BA,39357,TREMEDAL,0177,51,15421,10971,3188,7294,37.42594111749157,2026-10-04 18:17:32,2026-10-04 21:11:53,10641,1919,8156,58.61291232027065
BA,39373,TUCANO,0080,133,41771,31802,6849,23765,53.19162316835419,2026-10-04 18:32:13,2026-10-04 22:28:25,30103,5309,23420,60.163438859914294
BA,39390,UAUÁ,0083,82,22079,17453,2594,14202,66.51005557783762,2026-10-04 17:30:03,2026-10-04 20:36:19,16399,1999,13638,70.97383986828466
BA,39438,UBAITABA,0073,43,14272,10214,3709,6014,22.567064813001764,2026-10-04 18:27:13,2026-10-04 20:13:39,10213,3310,6278,29.06100068540096
BA,39454,UBATÃ,0134,41,11980,8712,3051,5152,24.116161616161616,2026-10-04 17:54:30,2026-10-04 19:26:23,8825,2674,5618,33.359773371104815
BA,39411,UBAÍRA,0038,54,15896,11855,3655,7651,33.70729649936735,2026-10-04 18:17:33,2026-10-04 21:54:44,11701,2948,8187,44.77395094436373
BA,39470,UIBAÍ,0159,43,12012,9545,1954,7232,55.29596647459403,2026-10-04 19:03:07,2026-10-04 20:58:21,9349,1644,7339,60.915605947160124
BA,39489,UMBURANAS,0167,35,11651,8879,2472,6133,41.23212073431693,2026-10-04 18:31:54,2026-10-04 23:23:57,8478,2182,5932,44.232130219391365
BA,39497,UNA,0116,64,16864,11936,4753,6538,14.95475871313673,2026-10-04 18:39:54,2026-10-04 20:12:14,11225,3911,6485,22.93095768374165
BA,39519,URANDI,0117,43,13766,10773,2357,8062,52.956465237166995,2026-10-04 18:00:38,2026-10-04 20:51:13,9742,1749,7707,61.157873126668036
BA,39535,URUÇUCA,0198,62,18222,13210,4599,8109,26.57077971233914,2026-10-04 17:43:14,2026-10-04 20:49:33,13175,4617,7916,25.039848197343453
BA,39551,UTINGA,0069,42,13057,9746,2420,6959,46.57295300636159,2026-10-04 18:35:56,2026-10-04 21:00:29,9341,1705,7225,59.09431538379189
BA,39594,VALENTE,0120,73,20175,16489,5598,9915,26.181090423918977,2026-10-04 17:46:19,2026-10-04 20:29:28,15498,4440,9990,35.81107239643825
BA,39578,VALENÇA,0031,195,66657,49124,15367,30832,31.481556876475857,2026-10-04 18:32:15,2026-10-04 22:23:03,47726,13552,31207,36.992415035829524
BA,39624,VARZEDO,0056,30,9468,7496,2167,4957,37.219850586979724,2026-10-04 18:59:15,2026-10-04 21:00:26,6952,1554,5045,50.215765247410815
BA,39632,VERA CRUZ,0141,107,36715,27886,5950,20718,52.95847378612924,2026-10-04 19:00:46,2026-10-04 21:09:21,25764,4946,19474,56.388759509392955
BA,39640,VEREDA,0148,23,6714,4910,1637,3074,29.266802443991853,2026-10-04 19:07:16,2026-10-04 22:16:56,4776,1353,3198,38.630653266331656
BA,39659,VITÓRIA DA CONQUISTA,0039,292,104687,80887,34129,40967,8.45376883800858,2026-10-04 17:30:05,2026-10-04 21:00:59,80546,30306,43619,16.528443373972635
BA,39659,VITÓRIA DA CONQUISTA,0040,166,50783,38496,10164,26790,43.188902743142144,2026-10-04 18:34:08,2026-10-04 22:29:21,37752,9003,26203,45.56050010595465
BA,39977,VÁRZEA DA ROÇA,0086,38,10928,8092,1967,5793,47.281265447355416,2026-10-04 18:32:15,2026-10-04 22:14:54,7702,1477,5830,56.517787587639575
BA,39616,VÁRZEA DO POÇO,0103,25,7284,5605,1426,3937,44.7992863514719,2026-10-04 18:30:21,2026-10-04 19:15:05,5155,1152,3717,49.75751697381183
BA,39950,VÁRZEA NOVA,0055,36,10874,8316,2228,5666,41.34199134199134,2026-10-04 18:09:49,2026-10-04 19:23:43,7617,1613,5571,51.962714979650784
BA,39675,WAGNER,0069,22,6804,5160,1268,3730,47.713178294573645,2026-10-04 19:21:06,2026-10-04 21:01:26,5062,969,3884,57.58593441327538
BA,39993,WANDERLEY,0098,36,10702,8240,2911,5088,26.41990291262136,2026-10-04 18:19:02,2026-10-04 20:50:35,8232,2201,5814,43.88969873663751
BA,39691,WENCESLAU GUIMARÃES,0197,54,16675,12418,3965,7981,32.34015139313899,2026-10-04 17:40:34,2026-10-04 21:52:41,12100,2981,8412,44.88429752066116
BA,39713,XIQUE-XIQUE,0068,124,35384,26040,6878,18111,43.13748079877112,2026-10-04 18:00:39,2026-10-04 23:15:05,25741,4677,19828,58.85940717143856
BA,33073,ÁGUA FRIA,0074,45,13416,9806,1964,7386,55.29267795227412,2026-10-04 19:00:46,2026-10-04 20:59:16,9061,1461,7125,62.509656770775855
BA,33090,ÉRICO CARDOSO,0111,34,8440,6073,1258,4545,54.124814753828424,2026-10-04 17:32:42,2026-10-04 20:34:07,5942,1029,4619,60.41736788959946
CE,13013,ABAIARA,0026,28,7775,5880,1036,4634,61.19047619047619,2026-10-04 19:30:19,2026-10-04 20:56:54,5693,594,4870,75.10978394519586
CE,13145,ACARAPE,0052,41,12546,10364,3847,6079,21.536086453106908,2026-10-04 19:29:37,2026-10-04 21:53:40,9644,3125,5996,29.76980506014102
CE,13030,ACARAÚ,0030,167,49197,37609,12267,23817,30.710734132787366,2026-10-04 19:01:10,2026-10-04 22:41:52,35348,8288,24551,46.00826072196447
CE,13056,ACOPIARA,0060,146,38571,30627,6153,23458,56.50243249420446,2026-10-04 17:54:11,2026-10-04 22:07:20,29766,3950,23642,66.15601693207014
CE,13072,AIUABA,0101,45,11440,8639,1196,7142,68.82741057992823,2026-10-04 18:28:22,2026-10-04 20:55:02,8348,824,7010,74.10158121705798
CE,13099,ALCÂNTARAS,0024,36,10265,7722,1437,5939,58.3009583009583,2026-10-04 19:08:10,2026-10-04 21:00:42,7352,803,5755,67.35582154515778
CE,13110,ALTANEIRA,0053,27,6949,5413,669,4500,70.77406244226862,2026-10-04 17:59:26,2026-10-04 19:23:44,4991,350,4283,78.80184331797236
CE,13137,ALTO SANTO,0086,50,12108,9771,2157,7184,51.44816293112271,2026-10-04 17:25:23,2026-10-04 20:47:19,9716,1502,7772,64.5327295183203
CE,15873,AMONTADA,0089,130,36349,28311,7402,19857,43.99350075942213,2026-10-04 17:46:17,2026-10-04 21:17:59,26278,5010,19707,55.92891392038968
CE,13153,ANTONINA DO NORTE,0018,30,7089,5198,791,4169,64.98653328203154,2026-10-04 18:57:34,2026-10-04 19:07:23,5053,534,4157,71.69998020977637
CE,13170,APUIARÉS,0050,48,12696,10341,2442,7375,47.70331689391742,2026-10-04 17:58:48,2026-10-04 20:45:30,10001,1733,7592,58.584141585841415
CE,13196,AQUIRAZ,0066,229,69632,56565,20298,33019,22.48917174931495,2026-10-04 18:44:43,2026-10-04 20:58:31,50941,15296,31902,32.59849629964076
CE,13218,ARACATI,0008,206,57417,46341,14510,29308,31.932845644245916,2026-10-04 18:44:24,2026-10-04 20:58:12,45027,11451,30215,41.67277411330979
CE,13234,ARACOIABA,0067,91,24943,20985,5701,14493,41.896592804384085,2026-10-04 18:30:15,2026-10-04 21:02:21,20059,4122,14809,53.27783040031906
CE,13420,ARARENDÁ,0048,37,9705,7755,1943,5559,46.627981947130884,2026-10-04 18:30:36,2026-10-04 22:28:59,7179,1349,5441,56.999582114500626
CE,13250,ARARIPE,0068,67,17494,13520,1870,11246,69.3491124260355,2026-10-04 18:24:56,2026-10-04 21:21:10,12778,866,11229,81.10032868993582
CE,13277,ARATUBA,0105,40,12289,9743,2571,6776,43.15919121420507,2026-10-04 18:16:11,2026-10-04 21:03:41,9364,1660,7041,57.464758650149506
CE,13293,ARNEIROZ,0101,25,6939,5264,1157,3885,51.82370820668693,2026-10-04 18:09:24,2026-10-04 20:15:29,5254,797,4093,62.73315569090217
CE,13315,ASSARÉ,0018,72,18914,14261,2518,11066,59.93969567351518,2026-10-04 18:10:50,2026-10-04 21:37:59,14178,1527,11787,72.36563690224291
CE,13331,AURORA,0069,79,20292,15227,3343,11216,51.70420962763512,2026-10-04 18:32:10,2026-10-04 20:58:32,14989,1920,12040,67.51617853092267
CE,13358,BAIXIO,0092,23,5464,4418,682,3608,66.22906292440018,2026-10-04 18:19:24,2026-10-04 20:25:39,4269,479,3512,71.04708362614195
CE,13382,BANABUIÚ,0006,56,15673,12727,2774,9529,53.07613734580027,2026-10-04 17:40:32,2026-10-04 20:02:00,12095,1781,9706,65.52294336502688
CE,13374,BARBALHA,0031,171,53415,42422,11693,28658,39.99104238366885,2026-10-04 18:22:49,2026-10-04 22:42:52,38765,7861,28304,52.73571520701664
CE,13129,BARREIRA,0052,63,19586,16092,6410,9176,17.188665175242356,2026-10-04 20:32:28,2026-10-04 22:04:11,14638,4945,8771,26.13745047137587
CE,13390,BARRO,0092,59,17005,12457,1938,10047,65.09592999919724,2026-10-04 17:49:24,2026-10-04 21:22:09,12359,1242,10402,74.1160288049195
CE,13404,BARROQUINHA,0108,49,15207,11385,3225,7660,38.954765041721565,2026-10-04 20:07:47,2026-10-04 22:34:12,10884,1652,8307,61.144799705990444
CE,13412,BATURITÉ,0005,97,28552,22800,5988,15878,43.37719298245614,2026-10-04 18:32:10,2026-10-04 22:42:42,21652,4369,16053,53.962682431184184
CE,13439,BEBERIBE,0084,166,46979,38162,11429,24758,34.92741470572821,2026-10-04 17:53:52,2026-10-04 21:05:59,35472,8870,23925,42.44192602616148
CE,13455,BELA CRUZ,0096,81,21553,16627,5325,10504,31.148132555482047,2026-10-04 17:51:32,2026-10-04 21:49:01,15706,3834,10385,41.71017445562205
CE,13471,BOA VIAGEM,0063,161,42595,32751,6541,24219,53.976977802204516,2026-10-04 18:57:35,2026-10-04 21:21:11,31983,3478,26608,72.31966982459431
CE,13498,BREJO SANTO,0070,136,36964,29196,6049,22036,54.75750102753802,2026-10-04 17:58:47,2026-10-04 21:09:31,28353,4438,22469,63.59468133883539
CE,13510,CAMOCIM,0032,177,50991,39245,12134,24861,32.42960886737164,2026-10-04 18:16:11,2026-10-04 22:05:20,37325,8532,24217,42.02277294038848
CE,13536,CAMPOS SALES,0038,77,20555,15769,2654,12519,62.55945208954277,2026-10-04 18:19:00,2026-10-04 20:46:18,15134,1732,12689,72.39989427778512
CE,13552,CANINDÉ,0033,222,60219,47726,11278,34478,48.610820098059754,2026-10-04 18:27:07,2026-10-04 22:37:51,45349,7942,34884,59.41035083463803
CE,13579,CAPISTRANO,0105,56,16205,13203,3111,9626,49.34484586836325,2026-10-04 17:43:12,2026-10-04 21:49:09,12705,2088,9864,61.20425029515938
CE,13595,CARIDADE,0111,66,17474,13984,3364,9972,47.25400457665904,2026-10-04 17:57:25,2026-10-04 20:07:47,13643,2180,10777,63.01399985340468
CE,13633,CARIRIAÇU,0071,97,24954,19728,4254,14590,52.39253852392539,2026-10-04 17:33:44,2026-10-04 20:36:10,18836,2677,14877,64.76959014652793
CE,13617,CARIRÉ,0065,58,15391,11680,3225,8007,40.94178082191781,2026-10-04 18:31:50,2026-10-04 22:47:50,11473,2393,8182,50.45759609517999
CE,13650,CARIÚS,0043,58,15846,12501,2359,9699,58.715302775777936,2026-10-04 17:47:45,2026-10-04 20:16:40,11913,1668,9694,67.37177872911946
CE,13676,CARNAUBAL,0022,53,14575,10678,3375,6757,31.672597864768683,2026-10-04 18:24:57,2026-10-04 22:11:33,10151,2377,6933,44.88227760811743
CE,13692,CASCAVEL,0007,216,60466,48388,16340,29406,27.002562618831114,2026-10-04 17:21:54,2026-10-04 20:58:31,46003,12728,29681,36.85194443840619
CE,13714,CATARINA,0060,35,9892,7061,1492,5288,53.76009063871973,2026-10-04 17:54:10,2026-10-04 20:11:51,6578,912,5308,66.82882335056249
CE,13447,CATUNDA,0054,32,9313,7407,1372,5840,60.321317672471984,2026-10-04 18:00:37,2026-10-04 20:49:56,6837,774,5611,70.7474038320901
CE,13730,CAUCAIA,0037,304,96681,77978,29098,43754,18.79504475621329,2026-10-04 18:12:40,2026-10-04 20:35:01,73981,24217,43212,25.675511279923224
CE,13730,CAUCAIA,0120,182,55886,45364,15573,27256,25.753901772330483,2026-10-04 18:41:10,2026-10-04 20:56:15,43603,12558,27564,34.41506318372589
CE,13730,CAUCAIA,0123,297,97055,80515,31611,43116,14.28926287027262,2026-10-04 19:10:58,2026-10-04 20:17:39,77217,26434,43254,21.782768043306525
CE,13757,CEDRO,0013,78,20348,15588,3046,11931,56.99897356941237,2026-10-04 17:41:12,2026-10-04 20:55:25,15605,2202,12164,63.838513297020185
CE,13773,CHAVAL,0108,47,10966,8171,1561,6298,57.97332027903561,2026-10-04 18:12:01,2026-10-04 20:59:23,8138,1147,6493,65.6918161710494
CE,13161,CHOROZINHO,0049,64,18301,14898,4194,10147,39.95838367566116,2026-10-04 21:01:14,2026-10-04 21:33:54,13982,3079,9953,49.16320984122443
CE,13463,CHORÓ,0006,43,11642,9137,1858,6995,56.221954689723106,2026-10-04 17:58:48,2026-10-04 20:51:21,9037,1326,7288,65.97322120172623
CE,13811,COREAÚ,0064,83,19700,15339,4123,10639,42.479953060825345,2026-10-04 17:55:26,2026-10-04 20:15:29,15007,2643,10985,55.587392550143264
CE,13838,CRATEÚS,0020,212,60099,47711,12345,33967,45.31868961036239,2026-10-04 17:54:10,2026-10-04 21:49:58,44677,8408,33294,55.70203908051123
CE,13854,CRATO,0027,327,95932,79347,14782,61083,58.352552711507684,2026-10-04 18:11:01,2026-10-04 21:01:14,77943,10330,63197,67.827771576665
CE,15881,CROATÁ,0074,57,15338,11243,2654,7967,47.25607044383172,2026-10-04 18:25:55,2026-10-04 21:20:00,10705,1467,8365,64.43717888836991
CE,15890,CRUZ,0030,84,23786,18422,6951,10525,19.400716534578223,2026-10-04 19:32:15,2026-10-04 21:00:23,16796,4906,10695,34.46653965229817
CE,15989,DEPUTADO IRAPUAN PINHEIRO,0055,29,7474,5931,1086,4534,58.135221716405326,2026-10-04 17:32:10,2026-10-04 20:49:56,5800,552,4840,73.93103448275862
CE,13200,ERERÉ,0010,21,5605,4389,746,3476,62.20095693779904,2026-10-04 19:00:12,2026-10-04 20:57:50,4244,515,3494,70.19321394910462
CE,13226,EUSÉBIO,0088,184,59877,48099,21798,22791,2.0644919852803594,2026-10-04 18:28:22,2026-10-04 20:15:37,41064,15728,21790,14.762322228716151
CE,13870,FARIAS BRITO,0062,65,17579,14054,2198,11341,65.0562117546606,2026-10-04 21:33:54,2026-10-04 22:13:51,13302,1307,11245,74.71056983912193
CE,15911,FORQUILHA,0121,66,19740,15877,5378,9481,25.842413554197897,2026-10-04 19:00:40,2026-10-04 21:41:09,15169,3653,9181,36.442745072186696
CE,13897,FORTALEZA,0001,352,126970,102566,42132,52426,10.03646432540998,2026-10-04 17:41:12,2026-10-04 19:30:19,102610,38250,51572,12.98314004482994
CE,13897,FORTALEZA,0002,310,108339,89147,35285,46752,12.863023994077198,2026-10-04 18:00:37,2026-10-04 20:16:28,90783,31308,48545,18.98703501756937
CE,13897,FORTALEZA,0003,315,98123,80021,35838,38168,2.911735669386786,2026-10-04 17:33:44,2026-10-04 19:12:58,83068,35093,37156,2.483507487841287
CE,13897,FORTALEZA,0080,315,99154,83829,31401,46333,17.812451538250485,2026-10-04 17:44:12,2026-10-04 19:29:36,85576,29214,45569,19.11166682247359
CE,13897,FORTALEZA,0082,326,99881,83921,30099,47934,21.252129979385373,2026-10-04 18:17:12,2026-10-04 20:49:57,85993,27917,48363,23.776353889270055
CE,13897,FORTALEZA,0083,313,108700,91119,35324,49775,15.85948045961874,2026-10-04 17:33:44,2026-10-04 20:15:29,92381,32005,50124,19.613340405494636
CE,13897,FORTALEZA,0085,290,93346,78304,31879,41266,11.987893338782182,2026-10-04 17:33:44,2026-10-04 20:31:29,79920,28648,41811,16.47022022022022
CE,13897,FORTALEZA,0093,250,91803,75342,29764,40291,13.97228637413395,2026-10-04 18:30:16,2026-10-04 20:55:25,74587,25735,40628,19.967286524461368
CE,13897,FORTALEZA,0094,350,100196,84262,33510,44741,13.328665353302794,2026-10-04 18:17:12,2026-10-04 21:02:02,86165,30728,45550,17.201880113735275
CE,13897,FORTALEZA,0095,289,106630,86463,33550,46672,15.176433850317476,2026-10-04 17:46:29,2026-10-04 20:56:12,85546,28622,47664,22.25936922825147
CE,13897,FORTALEZA,0112,335,117143,97143,41343,47895,6.744695963682406,2026-10-04 17:59:26,2026-10-04 20:20:48,96198,37472,46321,9.198735940456142
CE,13897,FORTALEZA,0113,359,107345,90780,32393,52165,21.780127781449657,2026-10-04 17:31:43,2026-10-04 19:16:10,92777,30422,50995,22.174676913459155
CE,13897,FORTALEZA,0114,292,105957,87285,31879,49216,19.862519333218767,2026-10-04 18:12:19,2026-10-04 20:56:53,88941,29390,49985,23.155799912301415
CE,13897,FORTALEZA,0115,333,106110,89524,35824,47541,13.088110450828829,2026-10-04 17:37:37,2026-10-04 20:50:23,91490,32645,48376,17.19422887747295
CE,13897,FORTALEZA,0116,324,113112,94061,37768,50373,13.400878153538661,2026-10-04 18:15:17,2026-10-04 21:02:01,94358,32964,51688,19.843574471692914
CE,13897,FORTALEZA,0117,297,106813,88647,34792,47538,14.378377158843502,2026-10-04 17:29:29,2026-10-04 20:53:15,89272,30048,49558,21.854556859933687
CE,13897,FORTALEZA,0118,285,106091,87960,33470,47916,16.42337426102774,2026-10-04 18:12:01,2026-10-04 20:27:09,87974,29701,48104,20.918680519244322
CE,13501,FORTIM,0008,54,17196,14032,4725,8552,27.273375142531357,2026-10-04 19:20:54,2026-10-04 21:31:49,12303,3380,8141,38.697878566203364
CE,13919,FRECHEIRINHA,0081,46,13849,10924,3748,6692,26.94983522519224,2026-10-04 18:37:13,2026-10-04 21:05:40,10091,2135,7098,49.182439797839656
CE,13935,GENERAL SAMPAIO,0050,30,8274,6494,1488,4759,50.369571912534646,2026-10-04 17:57:23,2026-10-04 20:58:12,5929,955,4645,62.23646483386743
CE,13951,GRANJA,0025,159,44060,33051,5594,26283,62.59719826934132,2026-10-04 18:31:51,2026-10-04 21:49:58,32707,3711,27017,71.25691747943866
CE,13978,GRANJEIRO,0062,22,6328,4983,798,4014,64.53943407585791,2026-10-04 22:41:52,2026-10-04 22:41:52,4362,454,3705,74.5300320953691
CE,13064,GRAÇA,0079,47,12854,9939,1913,7532,56.53486266223966,2026-10-04 18:44:24,2026-10-04 22:53:43,9151,895,7693,74.28696317342367
CE,13994,GROAÍRAS,0065,34,9842,7408,2725,4258,20.693844492440604,2026-10-04 19:28:54,2026-10-04 22:47:50,7086,1793,4506,38.286762630539094
CE,13242,GUAIÚBA,0057,73,20884,17297,4665,12008,42.4524484014569,2026-10-04 18:57:34,2026-10-04 21:02:01,16254,3408,11888,52.17177310200566
CE,14010,GUARACIABA DO NORTE,0074,127,34685,25949,7903,16748,34.08609194959343,2026-10-04 18:22:49,2026-10-04 22:13:40,24471,4918,17541,51.583507008295534
CE,14036,GUARAMIRANGA,0005,24,6646,5158,1378,3543,41.973633191159365,2026-10-04 18:44:23,2026-10-04 19:24:36,4776,875,3579,56.61641541038526
CE,14052,HIDROLÂNDIA,0054,59,16000,12852,3339,9004,44.07874260815437,2026-10-04 18:12:20,2026-10-04 21:14:49,11913,2122,8753,55.66188197767145
CE,13188,HORIZONTE,0078,201,62776,50478,17836,29252,22.61579301874084,2026-10-04 17:57:24,2026-10-04 20:37:28,46737,14302,28683,30.77005370477352
CE,14060,IBARETAMA,0006,48,13532,11009,2252,8395,55.79980016350259,2026-10-04 18:00:37,2026-10-04 21:02:38,10071,1615,7809,61.50332638268295
CE,14079,IBIAPINA,0073,86,20158,15044,5084,9010,26.09678277053975,2026-10-04 18:55:35,2026-10-04 20:54:13,14290,2876,9813,48.5444366689993
CE,15920,IBICUITINGA,0047,48,12514,10282,2982,6902,38.12487842832134,2026-10-04 19:24:36,2026-10-04 20:58:12,9749,2050,7232,53.154169658426504
CE,15938,ICAPUÍ,0008,56,17718,14403,4848,8929,28.33437478303131,2026-10-04 20:43:11,2026-10-04 21:31:41,13800,3605,9430,42.210144927536234
CE,14095,ICÓ,0015,185,51307,39064,8660,28786,51.52058160966619,2026-10-04 18:09:46,2026-10-04 21:17:01,37406,6339,28700,59.77917981072555
CE,14117,IGUATU,0013,261,71278,58085,11296,44295,56.81156925195834,2026-10-04 17:45:11,2026-10-04 21:02:01,55913,8808,44168,63.241106719367586
CE,14133,INDEPENDÊNCIA,0039,98,21208,16903,4523,11873,43.48340531266639,2026-10-04 17:28:52,2026-10-04 21:11:59,16143,3433,11777,51.68803815895435
CE,13340,IPAPORANGA,0020,38,10349,7874,1872,5753,49.288798577597156,2026-10-04 17:57:24,2026-10-04 20:56:53,7546,1214,5991,63.30506228465412
CE,14150,IPAUMIRIM,0092,36,9459,7552,1334,5919,60.71239406779661,2026-10-04 17:57:25,2026-10-04 20:53:50,7255,957,5875,67.78773259820814
CE,14176,IPU,0021,117,33130,26617,6549,18920,46.4778149303077,2026-10-04 17:44:54,2026-10-04 22:22:41,24907,4138,19207,60.50106395792348
CE,14192,IPUEIRAS,0040,134,30943,22754,6104,15705,42.1947789399666,2026-10-04 18:09:46,2026-10-04 21:17:01,22519,3955,16852,57.271637284071225
CE,14214,IRACEMA,0086,43,12096,9259,2084,6861,51.59304460524895,2026-10-04 18:20:30,2026-10-04 20:16:39,8995,1334,7258,65.85881045025013
CE,14230,IRAUÇUBA,0041,70,19467,15746,3431,11742,52.78165883398958,2026-10-04 18:20:30,2026-10-04 20:46:18,15208,2320,11897,62.97343503419253
CE,13480,ITAITINGA,0078,134,38235,31442,11752,17681,18.856942942560906,2026-10-04 17:44:55,2026-10-04 20:28:09,24943,7531,15703,32.76269895361424
CE,14257,ITAIÇABA,0075,26,7213,5935,1889,3735,31.10362257792755,2026-10-04 17:51:48,2026-10-04 20:58:12,5719,1377,3852,43.27679664276972
CE,14273,ITAPAJÉ,0041,140,39662,32041,11791,19007,22.521144783246466,2026-10-04 18:44:44,2026-10-04 21:18:09,31238,9549,19627,32.26198860362379
CE,14290,ITAPIPOCA,0017,361,103228,85581,21251,60812,46.226382024047396,2026-10-04 17:47:44,2026-10-04 22:48:00,77737,14531,57530,55.31342861185793
CE,14311,ITAPIÚNA,0105,58,16385,12871,3651,8761,39.70165488307047,2026-10-04 18:33:53,2026-10-04 20:57:50,12499,2487,9107,52.964237138971114
CE,15954,ITAREMA,0098,116,34502,26628,9901,15771,22.044464473486556,2026-10-04 18:30:35,2026-10-04 21:19:09,24403,7345,15197,32.17637175757079
CE,14338,ITATIRA,0033,69,19602,14376,3158,10661,52.19115191986644,2026-10-04 17:41:12,2026-10-04 20:56:53,13739,2019,11115,66.20569182618823
CE,14354,JAGUARETAMA,0072,58,15538,12360,2635,9178,52.93689320388349,2026-10-04 18:18:40,2026-10-04 22:00:52,11960,1625,9622,66.86454849498328
CE,14370,JAGUARIBARA,0072,31,8993,7475,1602,5608,53.591973244147155,2026-10-04 18:54:38,2026-10-04 21:10:40,6818,1170,5341,61.176298034614256
CE,14397,JAGUARIBE,0010,102,29394,22791,4905,16798,52.1828792067044,2026-10-04 17:46:29,2026-10-04 21:02:21,22008,3605,17139,61.49581970192657
CE,14419,JAGUARUANA,0075,109,28915,22720,7319,14451,31.390845070422536,2026-10-04 17:44:55,2026-10-04 20:52:02,21902,5735,14582,40.39357136334581
CE,14435,JARDIM,0119,87,22592,16674,3321,12667,56.051337411538924,2026-10-04 18:31:51,2026-10-04 20:51:22,15849,1836,12943,70.08013123856395
CE,14451,JATI,0070,27,7093,5345,912,4270,62.82507015902713,2026-10-04 18:44:22,2026-10-04 21:01:14,5177,651,4221,68.95885648058722
CE,13005,JIJOCA DE JERICOACOARA,0030,72,21575,16722,6378,9363,17.850735557947615,2026-10-04 18:43:13,2026-10-04 20:49:56,14370,4007,9297,36.81280445372303
CE,14478,JUAZEIRO DO NORTE,0028,274,81175,66244,16217,45934,44.859911841072396,2026-10-04 19:01:38,2026-10-04 20:49:32,64833,12166,47745,54.87791711011368
CE,14478,JUAZEIRO DO NORTE,0119,372,119171,95577,26221,62609,38.07192106887641,2026-10-04 18:29:08,2026-10-04 19:29:37,85501,17771,61294,50.90349820469936
CE,14494,JUCÁS,0043,79,20189,15020,3580,10723,47.55659121171771,2026-10-04 17:30:02,2026-10-04 20:55:26,14533,2416,10979,58.921076171471825
CE,14516,LAVRAS DA MANGABEIRA,0014,90,24134,18485,3553,14299,58.13362185555856,2026-10-04 17:57:25,2026-10-04 21:31:41,17653,2264,13969,66.30601030986234
CE,14532,LIMOEIRO DO NORTE,0029,162,46944,38148,9496,26541,44.68124148054944,2026-10-04 17:46:17,2026-10-04 21:51:00,37372,7555,27138,52.40019265760463
CE,13021,MADALENA,0063,50,14764,11661,2482,8623,52.662721893491124,2026-10-04 18:41:08,2026-10-04 22:05:20,11119,1583,8908,65.87822645921396
CE,15857,MARACANAÚ,0104,264,86568,72104,28357,38804,14.488793964273826,2026-10-04 18:27:06,2026-10-04 20:10:29,70426,23774,40267,23.418907789736746
CE,15857,MARACANAÚ,0122,295,92920,77600,30233,42536,15.85438144329897,2026-10-04 19:01:10,2026-10-04 20:49:32,72555,24605,41950,23.9060023430501
CE,14559,MARANGUAPE,0004,293,83544,69437,24200,41673,25.163817561242567,2026-10-04 18:00:38,2026-10-04 21:00:24,65908,19594,41819,33.721247799963585
CE,14575,MARCO,0096,85,23434,18710,8386,9649,6.75040085515767,2026-10-04 17:51:32,2026-10-04 19:29:59,17405,7198,8924,9.91669060614766
CE,14591,MARTINÓPOLE,0025,35,10730,8687,1777,6561,55.070795441464256,2026-10-04 18:12:20,2026-10-04 20:56:53,8248,1062,6698,68.33171677982541
CE,14613,MASSAPÊ,0045,115,31825,25832,7777,16904,35.33214617528647,2026-10-04 18:00:37,2026-10-04 21:00:23,24381,5112,16849,48.139945039169845
CE,14630,MAURITI,0076,140,36552,28940,7084,20987,48.04077401520387,2026-10-04 17:46:18,2026-10-04 21:21:20,26756,4792,20297,57.949618777096724
CE,14656,MERUOCA,0024,46,13277,10530,2771,7134,41.433998100664766,2026-10-04 18:37:14,2026-10-04 20:53:14,10014,1447,7237,57.81905332534452
CE,14672,MILAGRES,0026,91,22637,17559,2441,14430,68.27837576171764,2026-10-04 18:00:38,2026-10-04 20:55:25,16917,1622,14369,75.35023940414968
CE,15970,MILHÃ,0055,40,11291,9118,1816,6941,56.20750164509761,2026-10-04 17:45:11,2026-10-04 20:53:15,8813,1102,7223,69.45421536366732
CE,14680,MIRAÍMA,0089,45,12141,9736,1798,7603,59.6240755957272,2026-10-04 17:57:24,2026-10-04 21:21:20,9349,1149,7647,69.5047598673655
CE,14699,MISSÃO VELHA,0016,113,30981,23585,4370,18420,59.57176171295315,2026-10-04 18:30:15,2026-10-04 21:07:00,23093,3188,18688,67.1199064651626
CE,14710,MOMBAÇA,0046,119,32520,24198,5065,18333,54.830977766757584,2026-10-04 17:50:04,2026-10-04 21:01:14,23843,3770,18823,63.133833829635535
CE,14737,MONSENHOR TABOSA,0061,57,14947,11332,2823,8152,47.02612072008471,2026-10-04 18:00:38,2026-10-04 20:14:29,10985,1666,8699,64.02366863905326
CE,14753,MORADA NOVA,0047,199,56913,44772,14382,27829,30.03439649781113,2026-10-04 17:45:11,2026-10-04 22:22:41,43891,9551,30684,48.148823221161514
CE,14770,MORAÚJO,0064,33,8262,6384,1694,4443,43.060776942355886,2026-10-04 18:24:56,2026-10-04 20:17:39,6034,1075,4511,56.94398409015579
CE,14796,MORRINHOS,0044,68,19053,15248,7387,7275,-0.7345225603357818,2026-10-04 19:01:38,2026-10-04 20:55:02,13800,5872,7110,8.971014492753623
CE,14818,MUCAMBO,0079,45,12736,9335,2286,6515,45.30262453133369,2026-10-04 17:50:03,2026-10-04 20:59:42,9148,1476,6824,58.46086576300831
CE,14834,MULUNGU,0005,33,9751,7721,2121,5380,42.20955834736433,2026-10-04 17:58:48,2026-10-04 21:07:00,6986,1435,5192,53.77898654451761
CE,14850,NOVA OLINDA,0053,46,12790,10215,2176,7654,53.627019089574155,2026-10-04 17:30:39,2026-10-04 20:17:39,9671,1428,7725,65.11219108675421
CE,14877,NOVA RUSSAS,0048,99,24866,19101,5557,12738,37.59489031987854,2026-10-04 18:15:17,2026-10-04 21:01:14,18224,4407,12565,44.765144863915715
CE,14893,NOVO ORIENTE,0099,91,23218,16886,3784,12598,52.19708634371669,2026-10-04 17:33:44,2026-10-04 20:48:40,16943,2391,13621,66.281060024789
CE,13307,OCARA,0067,98,25191,21417,5798,14664,41.39702105803801,2026-10-04 18:43:13,2026-10-04 21:03:41,19512,4226,14025,50.22037720377204
CE,14915,ORÓS,0015,68,17682,13568,3029,9994,51.334021226415096,2026-10-04 18:59:07,2026-10-04 22:14:40,13411,2379,10357,59.48847960629334
CE,14931,PACAJUS,0049,186,54458,44943,16650,25412,19.495805798455823,2026-10-04 18:30:15,2026-10-04 22:03:20,42419,13144,25491,29.107239680331926
CE,14958,PACATUBA,0057,185,57825,47197,18124,26240,17.196008220861497,2026-10-04 18:37:13,2026-10-04 20:53:15,43119,13697,26037,28.618474454416848
CE,14974,PACOTI,0005,48,10776,8498,2030,6128,48.223111320310664,2026-10-04 17:35:18,2026-10-04 19:20:55,8167,1429,6134,57.60989347373577
CE,14990,PACUJÁ,0079,22,6659,5091,1011,3766,54.115105087409155,2026-10-04 18:23:29,2026-10-04 21:01:14,4701,441,3788,71.19761752818549
CE,15016,PALHANO,0009,35,9841,8005,2924,4690,22.061211742660838,2026-10-04 17:58:48,2026-10-04 20:56:14,7373,1924,4704,37.70514037705141
CE,15032,PALMÁCIA,0004,40,9908,7892,2262,5319,38.73542828180436,2026-10-04 18:00:38,2026-10-04 20:07:47,7418,1508,5469,53.397142086815855
CE,15059,PARACURU,0109,115,33717,26629,8698,16637,29.813361372939276,2026-10-04 17:57:24,2026-10-04 19:32:15,25081,6575,16787,40.71607990112037
CE,15997,PARAIPABA,0109,93,27584,22510,8620,12809,18.60950688582852,2026-10-04 17:47:45,2026-10-04 22:50:02,21124,6860,12787,28.05813292936944
CE,15075,PARAMBU,0019,109,27269,19334,6286,12368,31.45753594703631,2026-10-04 17:39:12,2026-10-04 21:02:01,19559,4622,13672,46.270259215706325
CE,15091,PARAMOTI,0111,42,10188,8224,1926,6004,49.58657587548638,2026-10-04 17:41:11,2026-10-04 20:17:38,8029,1404,6159,59.22281728733341
CE,15113,PEDRA BRANCA,0059,138,34612,25523,4261,20314,62.89621126043177,2026-10-04 17:57:25,2026-10-04 20:56:34,25159,2586,21436,74.92348662506458
CE,15130,PENAFORTE,0070,30,8694,6908,1332,5295,57.36826867400116,2026-10-04 20:50:23,2026-10-04 20:50:23,6447,891,5128,65.72049015045758
CE,15156,PENTECOSTE,0050,105,32386,26241,6983,18206,42.76894935406425,2026-10-04 18:17:30,2026-10-04 22:30:13,25825,5392,19117,53.14617618586641
CE,15172,PEREIRO,0010,59,14487,11059,2014,8549,59.092142146667875,2026-10-04 18:24:57,2026-10-04 20:54:13,10886,1388,8851,68.5559434135587
CE,13285,PINDORETAMA,0007,67,21261,17248,4701,11798,41.14679962894249,2026-10-04 19:07:00,2026-10-04 20:51:22,15290,3693,10761,46.226291693917595
CE,15199,PIQUET CARNEIRO,0012,43,12098,9392,2145,6979,51.469335604770016,2026-10-04 17:57:25,2026-10-04 22:45:52,9412,1251,7778,69.34764130896727
CE,13048,PIRES FERREIRA,0021,32,8610,7180,1705,5117,47.5208913649025,2026-10-04 22:32:43,2026-10-04 22:32:43,6601,1026,4928,59.11225571883048
CE,15210,PORANGA,0040,42,10071,7749,1375,6142,61.517615176151764,2026-10-04 18:10:50,2026-10-04 20:52:01,7292,853,6094,71.87328579264948
CE,15237,PORTEIRAS,0070,58,14641,11321,1695,9360,67.70603303595088,2026-10-04 17:53:52,2026-10-04 20:33:52,10615,1149,8897,72.99105040037682
CE,15253,POTENGI,0068,33,8102,6501,846,5486,71.37363482541147,2026-10-04 18:56:34,2026-10-04 21:47:51,5859,443,5108,79.621095750128
CE,13269,POTIRETAMA,0086,22,5834,4959,1173,3617,49.284129864892115,2026-10-04 18:32:10,2026-10-04 21:34:38,4785,619,4029,71.26436781609195
CE,13102,QUITERIANÓPOLIS,0099,64,16987,13034,2581,9882,56.015037593984964,2026-10-04 17:46:17,2026-10-04 20:59:43,12719,1740,10199,66.50680084912337
CE,15270,QUIXADÁ,0006,217,61599,49451,17682,29771,24.446421710379973,2026-10-04 17:57:25,2026-10-04 21:51:20,47279,14601,29780,32.10516296875991
CE,98531,QUIXELÔ,0013,53,14956,12282,2124,9804,62.530532486565704,2026-10-04 19:01:38,2026-10-04 23:10:16,11913,1463,9805,70.02434315453706
CE,15296,QUIXERAMOBIM,0011,218,60112,48438,10848,35579,51.05702134687642,2026-10-04 17:55:26,2026-10-04 23:10:16,46348,7634,35247,59.577543799085184
CE,15318,QUIXERÉ,0029,63,18875,15026,3863,10153,41.86077465726075,2026-10-04 20:11:51,2026-10-04 21:57:39,14271,2874,10463,53.17777310629949
CE,15334,REDENÇÃO,0052,85,24248,19075,5528,12747,37.84534731323722,2026-10-04 18:42:07,2026-10-04 21:56:23,18430,4299,12827,46.272381985892565
CE,15350,RERIUTABA,0079,62,15853,12694,2552,9501,54.7423979832992,2026-10-04 17:41:57,2026-10-04 21:15:59,12139,1697,9278,62.4516022736634
CE,15377,RUSSAS,0009,200,58537,47313,14414,30006,32.955001796546405,2026-10-04 17:36:02,2026-10-04 21:05:40,46168,11174,31463,43.94602321954601
CE,15393,SABOEIRO,0043,50,12621,9718,1884,7532,58.11895451739041,2026-10-04 18:24:56,2026-10-04 20:52:01,9126,1329,7398,66.50230111768573
CE,15440,SALITRE,0038,52,14839,11792,3054,8457,45.81919945725916,2026-10-04 18:24:57,2026-10-04 22:03:20,10719,1388,8462,65.99496221662469
CE,15458,SANTA QUITÉRIA,0054,125,33618,26599,5499,19711,53.43058009699613,2026-10-04 18:00:37,2026-10-04 21:16:51,26448,3634,20291,62.98018753781004
CE,15415,SANTANA DO ACARAÚ,0044,107,25778,20884,4717,15321,50.775713464853474,2026-10-04 18:12:02,2026-10-04 21:20:00,20309,3410,15479,59.426855088876856
CE,15431,SANTANA DO CARIRI,0053,56,13899,11017,1495,9167,69.63783244077335,2026-10-04 17:46:17,2026-10-04 21:00:46,10578,893,9209,78.61599546228021
CE,15555,SENADOR POMPEU,0012,80,20302,16081,4812,10688,36.540016168148746,2026-10-04 18:00:37,2026-10-04 22:34:12,16194,3533,11280,47.838705693466714
CE,15571,SENADOR SÁ,0045,23,7038,5789,1468,3995,43.65175332527207,2026-10-04 20:59:22,2026-10-04 21:00:45,5334,1036,3852,52.793400824896885
CE,15598,SOBRAL,0024,289,88248,69004,23451,40963,25.37823894266999,2026-10-04 18:44:23,2026-10-04 21:25:09,68158,16853,37769,30.687520173714017
CE,15598,SOBRAL,0121,213,64825,51034,17049,30653,26.65673864482502,2026-10-04 18:16:12,2026-10-04 21:59:29,52110,12812,28928,30.926885434657457
CE,15610,SOLONÓPOLE,0055,50,14292,11330,2426,8309,51.924095322153576,2026-10-04 17:47:44,2026-10-04 20:59:23,11304,1484,9230,68.5244161358811
CE,15474,SÃO BENEDITO,0022,140,37548,27953,8885,17707,31.56011877079383,2026-10-04 17:53:52,2026-10-04 20:54:14,27210,5618,19345,50.448364571848586
CE,15490,SÃO GONÇALO DO AMARANTE,0036,170,51355,40721,15175,23120,19.51081751430466,2026-10-04 17:36:02,2026-10-04 21:02:21,37428,11387,23181,31.511168109436785
CE,15512,SÃO JOÃO DO JAGUARIBE,0091,24,5965,4521,748,3586,62.77372262773723,2026-10-04 20:30:29,2026-10-04 21:01:15,4755,637,3730,65.04731861198738
CE,15539,SÃO LUÍS DO CURU,0023,41,12630,9915,2838,6697,38.9208270297529,2026-10-04 18:10:50,2026-10-04 20:54:14,8977,2006,6449,49.49314915896179
CE,15636,TABULEIRO DO NORTE,0091,96,26004,20297,4033,15386,55.93437453810908,2026-10-04 19:25:20,2026-10-04 21:33:40,19485,3278,15075,60.5440082114447
CE,15652,TAMBORIL,0061,89,21345,16331,3651,12211,52.41565121547976,2026-10-04 18:16:10,2026-10-04 22:03:10,16440,2558,12596,61.058394160583944
CE,13366,TARRAFAS,0018,29,7393,5509,835,4471,66.00108912688329,2026-10-04 18:58:27,2026-10-04 20:32:28,5477,527,4652,75.31495344166514
CE,15679,TAUÁ,0019,186,47270,35882,11128,23351,34.0644334206566,2026-10-04 17:47:44,2026-10-04 21:00:23,34830,8776,22509,39.42865345966121
CE,13323,TEJUÇUOCA,0041,61,15973,12949,3289,9096,44.8451617885551,2026-10-04 18:10:50,2026-10-04 20:52:51,12174,2066,9288,59.3231476918022
CE,15695,TIANGUÁ,0081,222,59588,47438,19329,25577,13.170875669294658,2026-10-04 17:57:25,2026-10-04 21:23:10,44561,13548,27322,30.91043737797626
CE,15717,TRAIRI,0097,183,49869,40340,11756,26868,37.46157659890927,2026-10-04 18:15:16,2026-10-04 22:12:41,36625,8105,25816,48.357679180887374
CE,13080,TURURU,0017,62,15653,12815,3534,8801,41.1002731174405,2026-10-04 19:14:08,2026-10-04 21:54:48,11725,2466,8595,52.272921108742004
CE,15733,UBAJARA,0073,95,27963,21778,7179,13622,29.584902194875564,2026-10-04 19:20:56,2026-10-04 22:10:30,19809,5030,12615,38.29067595537382
CE,15750,UMARI,0015,26,6522,5164,1114,3891,53.776142525174286,2026-10-04 17:46:29,2026-10-04 20:15:37,4796,872,3521,55.23352793994996
CE,98558,UMIRIM,0023,56,16067,12618,3337,8829,43.52512284038675,2026-10-04 18:37:13,2026-10-04 20:57:50,12065,2348,9009,55.209283050145046
CE,15776,URUBURETAMA,0023,65,18709,14830,4048,10246,41.79366149696561,2026-10-04 17:46:17,2026-10-04 21:01:14,14258,3243,10153,48.46402019918642
CE,15792,URUOCA,0025,41,11317,8985,2256,6441,46.57762938230384,2026-10-04 19:24:36,2026-10-04 20:59:43,8719,1563,6707,58.997591466911345
CE,98574,VARJOTA,0065,59,15992,12706,4355,7596,25.50763418857233,2026-10-04 19:28:53,2026-10-04 22:47:50,12370,2591,7366,38.601455133387226
CE,15830,VIÇOSA DO CEARÁ,0035,181,48288,37150,9981,25776,42.51682368775236,2026-10-04 18:15:17,2026-10-04 21:04:51,35277,6512,26115,55.56878419366726
CE,15814,VÁRZEA ALEGRE,0062,116,32554,25299,5341,18931,53.71753824261828,2026-10-04 18:37:14,2026-10-04 20:49:57,24316,3524,19451,65.50008225037013
DF,97012,BRASÍLIA,0001,281,78172,61750,26996,28319,2.14251012145749,2026-10-04 17:32:42,2026-10-04 18:37:11,61783,28290,24807,-5.637473091303433
DF,97012,BRASÍLIA,0002,337,119797,91674,44961,37048,-8.631673102515435,2026-10-04 17:32:43,2026-10-04 19:05:17,88782,43272,35043,-9.268770696762857
DF,97012,BRASÍLIA,0003,235,69831,55580,30243,19503,-19.323497661029148,2026-10-04 17:32:42,2026-10-04 19:09:22,57618,31509,19602,-20.665417057169634
DF,97012,BRASÍLIA,0004,294,101858,78101,40935,28248,-16.244350264401223,2026-10-04 17:32:42,2026-10-04 19:08:35,79908,42016,29176,-16.06847875056315
DF,97012,BRASÍLIA,0005,419,133497,104900,53654,40399,-12.63584366062917,2026-10-04 17:32:42,2026-10-04 18:57:42,103866,53331,38691,-14.095084050603662
DF,97012,BRASÍLIA,0006,425,137198,106063,54993,40658,-13.515552077538821,2026-10-04 17:32:43,2026-10-04 20:11:08,106865,53659,42395,-10.54040144107051
DF,97012,BRASÍLIA,0008,454,136618,105745,55465,39676,-14.931202420918247,2026-10-04 17:32:42,2026-10-04 19:05:17,107280,56290,39668,-15.494034302759134
DF,97012,BRASÍLIA,0009,443,135160,106574,53179,41961,-10.526019479422748,2026-10-04 17:32:52,2026-10-04 19:07:06,106103,53817,39437,-13.552868439158177
DF,97012,BRASÍLIA,0010,349,123572,97486,52899,34202,-19.179164187678232,2026-10-04 17:32:42,2026-10-04 20:10:26,96564,53169,32743,-21.152810571227374
DF,97012,BRASÍLIA,0011,249,76697,62318,29433,25912,-5.650052954202638,2026-10-04 17:32:43,2026-10-04 18:21:50,62017,30280,22980,-11.770966025444636
DF,97012,BRASÍLIA,0013,417,141236,110327,61650,36673,-22.639063873757102,2026-10-04 17:32:52,2026-10-04 20:12:07,109647,61493,36024,-23.228177697520223
DF,97012,BRASÍLIA,0014,334,113823,91799,36650,45764,9.92821272562882,2026-10-04 17:32:43,2026-10-04 18:59:43,87637,37288,38685,1.5940755616919795
DF,97012,BRASÍLIA,0015,514,169854,137216,70382,51649,-13.652197994402986,2026-10-04 17:32:42,2026-10-04 19:01:08,131933,68833,46766,-16.72591391084869
DF,97012,BRASÍLIA,0016,479,153650,118510,64215,41620,-19.06590161167834,2026-10-04 17:32:42,2026-10-04 20:10:26,118846,63969,42147,-18.361577167090182
DF,97012,BRASÍLIA,0017,396,128410,100378,51583,38197,-13.335591464265079,2026-10-04 17:30:40,2026-10-04 19:23:30,101705,52849,38403,-14.203824787375252
DF,97012,BRASÍLIA,0018,431,135126,106248,52521,42538,-9.39594157066486,2026-10-04 17:30:40,2026-10-04 19:29:31,102210,49688,40231,-9.252519322962527
DF,97012,BRASÍLIA,0019,347,110330,88404,49317,29857,-22.0125786163522,2026-10-04 17:32:43,2026-10-04 18:47:41,86983,48838,28649,-23.210282468988193
DF,97012,BRASÍLIA,0020,231,79134,62105,33208,22667,-16.972868529103938,2026-10-04 17:31:43,2026-10-04 19:02:56,62997,33496,22679,-17.170658920266046
DF,97012,BRASÍLIA,0021,334,114357,87630,47332,30736,-18.938719616569667,2026-10-04 17:32:42,2026-10-04 19:23:20,89831,48310,31408,-18.81533101045296
ES,56014,AFONSO CLÁUDIO,0008,83,26254,18472,10999,6192,-26.02317020355132,2026-10-04 17:41:56,2026-10-04 20:45:45,17749,9828,6524,-18.61513324694349
ES,56030,ALEGRE,0004,93,23554,17078,8645,7395,-7.319358238669634,2026-10-04 17:58:48,2026-10-04 18:32:10,17675,8476,8037,-2.483734087694484
ES,56057,ALFREDO CHAVES,0012,49,12984,9603,6510,2428,-42.50754972404457,2026-10-04 17:41:11,2026-10-04 18:56:32,9235,5819,2774,-32.972387655657826
ES,56065,ALTO RIO NOVO,0036,24,6545,4821,2039,2489,9.334163036714374,2026-10-04 17:59:25,2026-10-04 18:20:28,4411,1754,2371,13.987757878032193
ES,56073,ANCHIETA,0017,94,24797,19472,11105,7084,-20.650164338537387,2026-10-04 17:58:48,2026-10-04 19:24:39,18081,9614,7314,-12.720535368618993
ES,56090,APIACÁ,0044,25,6320,4686,2315,2122,-4.118651301749893,2026-10-04 17:54:29,2026-10-04 18:31:50,4614,2145,2208,1.365409622886866
ES,56111,ARACRUZ,0020,240,75118,55209,30223,20915,-16.859569997645313,2026-10-04 17:29:29,2026-10-04 19:29:52,53436,28032,22094,-11.112358709484242
ES,56138,ATÍLIO VIVÁCQUA,0002,30,9255,7313,4111,2859,-17.120196909613018,2026-10-04 17:21:55,2026-10-04 19:20:54,7010,3488,3182,-4.365192582025678
ES,56154,BAIXO GUANDU,0007,90,24892,18410,10475,6841,-19.739272134709395,2026-10-04 17:34:10,2026-10-04 19:02:26,17804,9209,7611,-8.975511121096384
ES,56170,BARRA DE SÃO FRANCISCO,0023,115,34548,24626,13193,10054,-12.746690489726305,2026-10-04 17:59:25,2026-10-04 20:12:41,23587,11919,10525,-5.910035188875228
ES,56197,BOA ESPERANÇA,0039,39,11266,8621,4047,4123,0.8815682635425125,2026-10-04 17:59:26,2026-10-04 18:21:08,8214,3497,4270,9.410762113464816
ES,56219,BOM JESUS DO NORTE,0044,33,8487,6388,3286,2703,-9.126487163431435,2026-10-04 17:54:28,2026-10-04 17:54:28,5815,2758,2681,-1.3241616509028376
ES,56146,BREJETUBA,0010,37,10987,7705,4344,2919,-18.494484101232967,2026-10-04 17:43:12,2026-10-04 19:13:45,7174,3689,3013,-9.422916085865626
ES,56235,CACHOEIRO DE ITAPEMIRIM,0002,288,84299,66411,44289,17426,-40.44962430922588,2026-10-04 17:43:12,2026-10-04 19:23:31,68010,43959,19520,-35.93442140861638
ES,56235,CACHOEIRO DE ITAPEMIRIM,0048,192,49878,39054,25014,11404,-34.84918318226046,2026-10-04 17:46:35,2026-10-04 19:13:57,40179,25049,12440,-31.38206525797058
ES,56251,CARIACICA,0034,437,140272,105062,56761,39353,-16.569263863242657,2026-10-04 18:16:10,2026-10-04 19:29:33,106900,56192,42320,-12.976613657623947
ES,56251,CARIACICA,0054,405,134067,99386,49247,42041,-7.250518181635241,2026-10-04 17:57:24,2026-10-04 19:26:11,101849,48485,45832,-2.6048365717876463
ES,56278,CASTELO,0003,138,30033,22879,16359,5019,-49.56510336990253,2026-10-04 18:00:37,2026-10-04 18:38:41,22276,15126,5580,-42.85329502603699
ES,56294,COLATINA,0006,319,87109,68118,41676,20830,-30.60277753310432,2026-10-04 17:47:43,2026-10-04 19:13:46,69052,39373,24057,-22.18038579621155
ES,56316,CONCEIÇÃO DA BARRA,0027,77,25964,17533,6160,10532,24.935835282039584,2026-10-04 17:42:08,2026-10-04 20:31:47,15811,5250,9740,28.397950793751185
ES,56332,CONCEIÇÃO DO CASTELO,0040,38,9986,7261,4899,1857,-41.89505577744112,2026-10-04 18:00:37,2026-10-04 19:04:11,7170,4605,2000,-36.331938633193865
ES,56359,DIVINO DE SÃO LOURENÇO,0013,16,4889,3768,2246,1358,-23.56687898089172,2026-10-04 17:57:24,2026-10-04 18:33:54,3315,1798,1299,-15.052790346907994
ES,56375,DOMINGOS MARTINS,0015,97,29145,22567,15389,5442,-44.077635485443345,2026-10-04 17:46:18,2026-10-04 19:24:39,22367,14247,6346,-35.32436178298386
ES,56391,DORES DO RIO PRETO,0044,25,6285,4684,2630,1771,-18.339026473099914,2026-10-04 17:24:22,2026-10-04 17:33:44,4593,2326,1989,-7.33725234051818
ES,56413,ECOPORANGA,0033,73,19065,13731,5927,7063,8.273250309518607,2026-10-04 17:58:48,2026-10-04 19:23:21,13821,5426,7685,16.344692858693293
ES,56430,FUNDÃO,0014,51,14736,11025,5417,4938,-4.344671201814059,2026-10-04 18:16:11,2026-10-04 18:44:22,10687,4955,5072,1.0947880602601292
ES,56308,GOVERNADOR LINDENBERG,0051,31,9107,6695,3438,2763,-10.082150858849888,2026-10-04 18:15:01,2026-10-04 18:44:22,6517,2837,3254,6.398649685438085
ES,56472,GUARAPARI,0024,313,101964,73959,44951,23362,-29.190497437769576,2026-10-04 17:53:51,2026-10-04 20:56:39,71577,42727,23500,-26.861980803889516
ES,56456,GUAÇUÍ,0013,73,22346,16038,8905,6083,-17.59571018830278,2026-10-04 17:30:03,2026-10-04 18:47:41,15712,8443,6172,-14.453920570264765
ES,57096,IBATIBA,0010,69,19598,15002,9995,4166,-38.85481935741901,2026-10-04 17:29:29,2026-10-04 18:49:56,14230,9091,4343,-33.36612789880534
ES,56499,IBIRAÇU,0014,38,9933,7247,4043,2695,-18.60080033117152,2026-10-04 17:28:20,2026-10-04 18:44:21,7225,3863,2900,-13.328719723183392
ES,56502,IBITIRAMA,0018,28,7471,5857,3733,1829,-32.50810995390132,2026-10-04 18:09:24,2026-10-04 18:38:41,5519,3396,1757,-29.6974089508969
ES,56510,ICONHA,0035,42,11401,8732,5485,2638,-32.6042143838754,2026-10-04 17:58:48,2026-10-04 18:15:01,8759,4996,3132,-21.28096814704875
ES,56049,IRUPI,0019,40,11392,8219,5719,2128,-43.691446648010704,2026-10-04 17:44:11,2026-10-04 19:05:18,8066,5298,2329,-36.80882717579965
ES,56537,ITAGUAÇU,0016,40,11742,8399,4628,3242,-16.501964519585666,2026-10-04 17:59:25,2026-10-04 18:25:53,8571,4287,3701,-6.837008517092522
ES,56553,ITAPEMIRIM,0022,130,36630,28273,18531,8314,-36.13695044742334,2026-10-04 17:30:40,2026-10-04 19:22:07,27295,17409,8488,-32.6836416926177
ES,56570,ITARANA,0011,32,9584,7008,4502,1999,-35.71632420091324,2026-10-04 18:00:37,2026-10-04 18:16:11,7088,4024,2498,-21.529345372460497
ES,56596,IÚNA,0018,77,21285,15478,10234,4361,-37.94417883447474,2026-10-04 17:39:12,2026-10-04 18:44:41,15408,9849,4631,-33.86552440290758
ES,57134,JAGUARÉ,0041,80,24297,18269,7603,9787,11.95467732223986,2026-10-04 17:59:26,2026-10-04 19:23:31,16894,6203,9973,22.315615011246596
ES,56618,JERÔNIMO MONTEIRO,0004,35,10071,7447,3838,3034,-10.796293809587754,2026-10-04 17:32:42,2026-10-04 18:00:37,7403,3564,3273,-3.9308388491152235
ES,56626,JOÃO NEIVA,0014,48,12793,9582,5474,3454,-21.08119390523899,2026-10-04 18:00:37,2026-10-04 18:32:11,9674,5322,3731,-16.44614430432086
ES,57916,LARANJA DA TERRA,0007,32,9495,7547,4748,2372,-31.482708360938123,2026-10-04 17:41:11,2026-10-04 19:00:39,7299,4090,2756,-18.276476229620496
ES,56634,LINHARES,0025,379,122598,87971,52025,30016,-25.01847199645338,2026-10-04 17:30:40,2026-10-04 19:17:16,86168,47927,32158,-18.300297094048833
ES,56650,MANTENÓPOLIS,0036,35,10402,7410,4072,2994,-14.547908232118758,2026-10-04 17:28:52,2026-10-04 18:44:22,7224,3793,3128,-9.205426356589147
ES,56120,MARATAÍZES,0043,116,33342,26350,17081,7868,-34.963946869070206,2026-10-04 17:45:12,2026-10-04 19:05:18,23635,15079,7355,-32.68034694309287
ES,56103,MARECHAL FLORIANO,0012,51,14378,10818,6720,3207,-32.47365501941209,2026-10-04 17:42:08,2026-10-04 18:55:35,10423,5987,3598,-22.920464357670536
ES,57070,MARILÂNDIA,0046,38,10864,8478,5309,2666,-31.174805378627035,2026-10-04 17:57:24,2026-10-04 18:33:53,8234,4759,2986,-21.532669419480204
ES,56677,MIMOSO DO SUL,0005,71,19748,14756,7119,6736,-2.595554350772567,2026-10-04 17:28:51,2026-10-04 19:02:45,15298,6570,7698,7.3735128775003265
ES,56693,MONTANHA,0038,51,15424,11112,4965,5650,6.1645068394528435,2026-10-04 17:57:24,2026-10-04 19:05:09,10659,4283,5844,14.644901022610002
ES,56715,MUCURICI,0038,20,5141,3867,1450,2237,20.35169381949832,2026-10-04 17:57:24,2026-10-04 20:14:46,3795,1288,2324,27.299077733860344
ES,56731,MUNIZ FREIRE,0019,58,14757,10807,5925,4172,-16.22096789118164,2026-10-04 18:42:04,2026-10-04 18:42:04,10509,5236,4531,-6.7085355409648875
ES,56758,MUQUI,0005,38,11078,8486,4377,3552,-9.721894885694084,2026-10-04 18:09:47,2026-10-04 18:20:08,8661,4167,3840,-3.7755455490128162
ES,56774,NOVA VENÉCIA,0030,155,41191,30349,15483,12907,-8.487923819565719,2026-10-04 17:21:55,2026-10-04 18:38:41,28782,13657,13420,-0.8234313112361893
ES,56790,PANCAS,0036,53,15876,11123,5953,4617,-12.011148071563428,2026-10-04 17:30:40,2026-10-04 19:02:45,10966,5331,5036,-2.690133138792632
ES,57150,PEDRO CANÁRIO,0027,63,18937,12897,5187,7033,14.313406218500427,2026-10-04 17:55:43,2026-10-04 20:01:58,12652,4671,7320,20.937401201391083
ES,56812,PINHEIROS,0039,72,18818,14104,5400,7910,17.796369824163357,2026-10-04 17:44:11,2026-10-04 19:20:53,13378,4641,8069,25.62415906712513
ES,56839,PIÚMA,0017,69,17326,13446,7769,4820,-21.932173136992414,2026-10-04 17:30:40,2026-10-04 17:54:29,12670,7077,4911,-17.095501183898975
ES,56200,PONTO BELO,0038,24,6490,4776,1791,2777,20.644891122278057,2026-10-04 18:09:47,2026-10-04 18:47:42,4644,1516,2901,29.82342807924203
ES,56855,PRESIDENTE KENNEDY,0043,51,13256,10041,6428,3170,-32.44696743352256,2026-10-04 18:09:47,2026-10-04 19:08:55,9548,5648,3492,-22.580645161290324
ES,57118,RIO BANANAL,0051,54,15535,11444,6438,4332,-18.402656413841314,2026-10-04 18:21:51,2026-10-04 18:44:41,11237,5487,5065,-3.7554507430808934
ES,56871,RIO NOVO DO SUL,0035,34,8808,6965,4864,1727,-45.03948312993539,2026-10-04 17:54:09,2026-10-04 18:54:38,7030,4684,1958,-38.77667140825036
ES,56898,SANTA LEOPOLDINA,0009,40,10108,7593,3859,3146,-9.390227841432898,2026-10-04 18:00:37,2026-10-04 19:22:07,7673,3605,3394,-2.7499022546591947
ES,57932,SANTA MARIA DE JETIBÁ,0009,94,31314,24483,17156,5506,-47.58403790385165,2026-10-04 17:26:34,2026-10-04 19:26:02,23956,15370,7111,-34.47570546001002
ES,56910,SANTA TERESA,0011,64,20737,14629,9197,4255,-33.782213411716455,2026-10-04 18:31:50,2026-10-04 18:38:41,14738,8715,4943,-25.593703351879494
ES,56995,SERRA,0026,312,107980,80527,39370,34203,-6.416481428589169,2026-10-04 17:53:51,2026-10-04 20:48:25,81107,37583,37023,-0.6904459541100029
ES,56995,SERRA,0053,401,129832,97678,49099,40014,-9.300968488298286,2026-10-04 17:59:26,2026-10-04 19:22:08,98087,47416,42722,-4.785547524136736
ES,56995,SERRA,0059,380,123925,90635,43708,38969,-5.228664423236057,2026-10-04 17:59:26,2026-10-04 19:23:31,87015,40604,39654,-1.091765787507901
ES,56189,SOORETAMA,0041,67,20980,14592,7438,6248,-8.15515350877193,2026-10-04 18:14:06,2026-10-04 19:10:45,14360,6417,7203,5.4735376044568245
ES,56006,SÃO DOMINGOS DO NORTE,0046,30,8443,6498,3271,2860,-6.325023084025854,2026-10-04 18:30:35,2026-10-04 18:30:35,6013,2727,2996,4.4736404457009815
ES,56936,SÃO GABRIEL DA PALHA,0037,88,26249,19855,11256,7347,-19.687736086628053,2026-10-04 17:35:17,2026-10-04 18:41:06,18840,9876,8018,-9.8619957537155
ES,56952,SÃO JOSÉ DO CALÇADO,0044,37,9759,7223,3292,3568,3.8211269555586322,2026-10-04 17:25:24,2026-10-04 18:30:15,6563,2743,3386,9.797348773426787
ES,56979,SÃO MATEUS,0021,295,92268,67110,30661,32351,2.5182536134704216,2026-10-04 17:31:42,2026-10-04 20:16:25,64280,27473,32554,7.904480398257623
ES,56162,SÃO ROQUE DO CANAÃ,0016,33,9890,7357,4394,2523,-25.4315617778986,2026-10-04 17:55:26,2026-10-04 18:27:05,7412,3952,2972,-13.221802482460875
ES,57959,VARGEM ALTA,0035,54,16002,12328,8436,3249,-42.074951330305,2026-10-04 17:57:24,2026-10-04 18:54:38,12055,7984,3339,-38.53172957279137
ES,57975,VENDA NOVA DO IMIGRANTE,0040,61,20198,14743,10649,3095,-51.2378756019806,2026-10-04 17:58:48,2026-10-04 18:32:11,13973,9539,3388,-44.020611178701785
ES,57010,VIANA,0047,172,54374,42055,21924,16824,-12.126976578290334,2026-10-04 17:57:24,2026-10-04 19:16:32,40379,19780,17599,-5.401322469600535
ES,56081,VILA PAVÃO,0030,28,7761,6340,2975,2976,0.015772870662460567,2026-10-04 17:45:12,2026-10-04 18:33:16,5944,2524,3055,8.933378196500673
ES,56227,VILA VALÉRIO,0037,44,12919,10138,4812,4691,-1.1935292957190768,2026-10-04 17:52:42,2026-10-04 18:55:35,9701,4019,5276,12.957427069374292
ES,57037,VILA VELHA,0032,366,113754,89303,51115,30256,-23.357557976775695,2026-10-04 17:30:40,2026-10-04 18:50:12,89290,50429,30176,-22.68227125097995
ES,57037,VILA VELHA,0055,426,141849,108853,58722,40189,-17.025713577025897,2026-10-04 17:29:29,2026-10-04 19:31:51,106472,56745,40464,-15.291344203170787
ES,57037,VILA VELHA,0057,327,92384,71908,39982,25553,-20.065917561328366,2026-10-04 17:31:42,2026-10-04 18:30:35,72465,39885,26501,-18.469606016697718
ES,57053,VITÓRIA,0001,398,128174,98063,44781,45155,0.38138747539846835,2026-10-04 17:44:54,2026-10-04 20:10:46,101394,45175,47684,2.474505394796536
ES,57053,VITÓRIA,0052,401,138928,111213,58680,41866,-15.118736118978896,2026-10-04 17:44:12,2026-10-04 18:44:41,111632,57466,41617,-14.197541923462806
ES,56022,ÁGUA DOCE DO NORTE,0023,46,11111,8169,3834,3930,1.175174439955931,2026-10-04 17:42:08,2026-10-04 18:33:52,7614,3318,3918,7.880220646178093
ES,57991,ÁGUIA BRANCA,0046,32,8898,6950,3094,3478,5.525179856115108,2026-10-04 17:58:48,2026-10-04 18:27:05,6582,2466,3799,20.252202977818293
GO,93360,ABADIA DE GOIÁS,0056,53,15631,11337,5749,3480,-20.01411308106201,2026-10-04 18:43:14,2026-10-04 19:20:56,9011,4710,3649,-11.774497835978249
GO,92010,ABADIÂNIA,0087,38,12586,9441,5710,2319,-35.917805317233345,2026-10-04 17:51:49,2026-10-04 19:17:20,8380,5192,2594,-31.002386634844868
GO,96458,ACREÚNA,0128,48,15970,12162,7342,3772,-29.353724716329552,2026-10-04 18:14:07,2026-10-04 19:07:01,11457,5733,5047,-5.98760583049664
GO,96911,ADELÂNDIA,0034,8,2963,2291,1422,523,-39.24050632911393,2026-10-04 20:32:29,2026-10-04 20:32:29,2176,1432,613,-37.637867647058826
GO,92053,ALEXÂNIA,0087,72,21974,16699,9942,4114,-34.900293430744355,2026-10-04 18:12:02,2026-10-04 19:20:57,15616,9486,4861,-29.61705942622951
GO,92096,ALOÂNDIA,0045,6,2168,1658,874,609,-15.983112183353438,2026-10-04 20:51:36,2026-10-04 20:53:14,1625,789,705,-5.1692307692307695
GO,92940,ALTO HORIZONTE,0050,19,6397,4578,2579,1433,-25.032765399737876,2026-10-04 20:30:11,2026-10-04 20:34:29,4472,2426,1840,-13.103756708407872
GO,92118,ALTO PARAÍSO DE GOIÁS,0143,25,7682,5466,1853,2874,18.679107208196122,2026-10-04 18:30:15,2026-10-04 19:29:36,5160,1758,3064,25.310077519379846
GO,92150,ALVORADA DO NORTE,0123,24,6780,4956,2164,2089,-1.513317191283293,2026-10-04 18:24:57,2026-10-04 19:14:53,4910,2126,2448,6.558044806517311
GO,93386,AMARALINA,0088,11,2969,2126,865,919,2.539981185324553,2026-10-04 17:31:42,2026-10-04 19:00:40,2346,929,1251,13.72549019607843
GO,96610,AMERICANO DO BRASIL,0034,17,5599,4328,2044,1554,-11.32162661737523,2026-10-04 19:24:40,2026-10-04 19:24:40,4057,1771,1937,4.091693369484841
GO,92177,AMORINÓPOLIS,0053,17,3862,2954,1595,982,-20.75152335815843,2026-10-04 18:31:52,2026-10-04 19:17:19,2805,1371,1240,-4.670231729055258
GO,92231,ANHANGÜERA,0008,5,1738,1054,475,430,-4.269449715370019,2026-10-04 18:46:31,2026-10-04 18:46:31,879,375,428,6.0295790671217295
GO,92258,ANICUNS,0034,49,15170,11714,6256,3476,-23.732286153320814,2026-10-04 18:30:35,2026-10-04 19:25:42,11762,6510,4460,-17.42900867199456
GO,92215,ANÁPOLIS,0003,281,88577,65560,40292,15188,-38.29164124466138,2026-10-04 17:55:27,2026-10-04 19:01:10,66268,40650,19613,-31.7453371159534
GO,92215,ANÁPOLIS,0141,272,98478,73632,45817,16810,-39.39455671447197,2026-10-04 17:52:43,2026-10-04 19:00:40,72166,44688,20838,-33.048804145996726
GO,92215,ANÁPOLIS,0144,294,101237,76279,49820,15061,-45.568242897783136,2026-10-04 17:44:54,2026-10-04 19:14:08,75170,49297,19097,-40.17560196887056
GO,92274,APARECIDA DE GOIÂNIA,0119,321,119704,89747,44357,29307,-16.76936276421496,2026-10-04 18:44:43,2026-10-04 20:50:24,87957,43563,36555,-7.967529588321566
GO,92274,APARECIDA DE GOIÂNIA,0132,286,104596,77730,37549,26271,-14.509198507654702,2026-10-04 18:11:01,2026-10-04 21:13:50,75449,36054,32617,-4.555395035056794
GO,92274,APARECIDA DE GOIÂNIA,0145,323,116963,90659,48554,25939,-24.94512403622365,2026-10-04 18:16:11,2026-10-04 19:24:41,89556,48706,31628,-19.069632408772165
GO,93009,APARECIDA DO RIO DOCE,0106,11,3439,2421,1342,844,-20.57001239157373,2026-10-04 18:26:03,2026-10-04 18:26:03,2129,956,1049,4.368248003757633
GO,92290,APORÉ,0096,13,3455,2449,1310,694,-25.153123723968967,2026-10-04 18:22:11,2026-10-04 18:22:11,2227,1131,958,-7.76829815895824
GO,92339,ARAGARÇAS,0035,49,13908,10350,5724,3648,-20.057971014492754,2026-10-04 17:51:31,2026-10-04 18:56:34,10037,5117,4336,-7.781209524758394
GO,92355,ARAGOIÂNIA,0056,34,10215,7769,3803,2618,-15.252928304801133,2026-10-04 18:43:14,2026-10-04 19:08:38,6682,3290,2909,-5.701885662975157
GO,96695,ARAGUAPAZ,0110,24,6011,4520,2241,1642,-13.252212389380531,2026-10-04 19:12:43,2026-10-04 19:22:12,4475,2056,2132,1.6983240223463687
GO,92312,ARAÇU,0057,15,4172,3362,1479,1298,-5.383700178465199,2026-10-04 18:59:28,2026-10-04 19:07:44,3212,1413,1556,4.4520547945205475
GO,96717,ARENÓPOLIS,0102,14,3626,2745,1425,1019,-14.790528233151184,2026-10-04 19:12:43,2026-10-04 19:12:43,2596,1165,1265,3.852080123266564
GO,92495,ARUANÃ,0110,24,7391,5025,2378,1768,-12.139303482587065,2026-10-04 19:11:19,2026-10-04 19:11:19,4682,2205,2241,0.7689021785561726
GO,92517,AURILÂNDIA,0080,10,3295,2486,1116,1090,-1.0458567980691875,2026-10-04 20:11:52,2026-10-04 20:11:52,2382,957,1287,13.853904282115868
GO,92550,AVELINÓPOLIS,0057,13,4465,3368,1958,906,-31.235154394299286,2026-10-04 20:14:14,2026-10-04 21:00:22,2699,1481,1026,-16.858095590959614
GO,92614,BALIZA,0035,15,3329,2418,1059,1109,2.0678246484698097,2026-10-04 17:24:23,2026-10-04 17:31:43,2108,751,1252,23.76660341555977
GO,92630,BARRO ALTO,0074,31,10023,7337,3744,2185,-21.248466675753033,2026-10-04 19:22:12,2026-10-04 20:56:15,7081,3478,3129,-4.92868238949301
GO,92657,BELA VISTA DE GOIÁS,0032,69,24222,17872,9205,5039,-23.310205908683976,2026-10-04 18:14:07,2026-10-04 19:24:41,16853,8601,6616,-11.778318400284816
GO,92673,BOM JARDIM DE GOIÁS,0035,24,7603,5714,2910,2264,-11.305565278263913,2026-10-04 18:24:56,2026-10-04 18:50:15,5261,2194,2801,11.537730469492493
GO,92690,BOM JESUS,0124,51,18138,13011,7383,4306,-23.649219890861577,2026-10-04 17:59:26,2026-10-04 18:46:31,12603,5983,5843,-1.1108466238197254
GO,92029,BONFINÓPOLIS,0141,23,7873,6086,2993,2049,-15.511008872822872,2026-10-04 18:50:14,2026-10-04 19:29:55,5298,2359,2508,2.8123820309550775
GO,93408,BONÓPOLIS,0094,13,3730,2642,1135,1124,-0.41635124905374715,2026-10-04 20:51:36,2026-10-04 20:51:36,2476,989,1357,14.862681744749596
GO,92711,BRAZABRANTES,0101,12,3891,2890,1374,1018,-12.318339100346021,2026-10-04 18:31:51,2026-10-04 19:20:56,2613,1300,1121,-6.8503635667814775
GO,92754,BRITÂNIA,0095,19,5183,3822,2187,1118,-27.969649398220827,2026-10-04 20:17:39,2026-10-04 20:42:29,3595,1908,1432,-13.240611961057024
GO,92770,BURITI ALEGRE,0005,29,8690,5974,3257,1969,-21.560093739537997,2026-10-04 18:00:36,2026-10-04 18:23:55,5938,2872,2684,-3.166049174806332
GO,93106,BURITI DE GOIÁS,0034,10,3494,2665,1500,651,-31.857410881801126,2026-10-04 18:30:15,2026-10-04 19:07:00,2575,1575,837,-28.660194174757283
GO,93262,BURITINÓPOLIS,0123,12,3507,2486,1058,1113,2.2123893805309733,2026-10-04 19:04:13,2026-10-04 20:15:29,2378,921,1217,12.447434819175777
GO,92797,CABECEIRAS,0011,25,7447,5578,2733,2192,-9.69881678020796,2026-10-04 17:29:29,2026-10-04 18:55:48,5211,2191,2665,9.096142774899251
GO,92819,CACHOEIRA ALTA,0097,27,7723,5474,2972,1798,-21.44683960540738,2026-10-04 17:38:21,2026-10-04 17:44:12,5826,2752,2718,-0.5835907998626845
GO,92835,CACHOEIRA DE GOIÁS,0080,6,2065,1521,778,525,-16.63379355687048,2026-10-04 20:11:53,2026-10-04 20:11:53,1393,643,634,-0.6460875807609476
GO,96733,CACHOEIRA DOURADA,0016,25,7232,5321,2635,2106,-9.941740274384514,2026-10-04 19:23:44,2026-10-04 19:23:44,5277,2149,2885,13.947318552207694
GO,92878,CAIAPÔNIA,0006,42,13208,9784,5595,3097,-25.531479967293542,2026-10-04 18:16:11,2026-10-04 18:59:28,9564,5004,3986,-10.644081974069428
GO,92894,CALDAS NOVAS,0007,210,68138,49445,29008,13530,-31.30346850035393,2026-10-04 18:11:00,2026-10-04 20:23:47,47155,27595,16159,-24.251935107623794
GO,93122,CALDAZINHA,0040,13,4292,3183,1494,957,-16.870876531573987,2026-10-04 19:30:20,2026-10-04 20:05:04,2488,1154,1056,-3.9389067524115755
GO,92916,CAMPESTRE DE GOIÁS,0020,13,4041,2957,1407,1079,-11.092323300642542,2026-10-04 19:04:13,2026-10-04 19:04:13,2818,1322,1310,-0.42583392476933996
GO,96873,CAMPINAÇU,0125,15,3775,2673,1303,1046,-9.614665170220725,2026-10-04 19:07:24,2026-10-04 20:55:24,2651,1153,1335,6.865333836288193
GO,92932,CAMPINORTE,0050,29,9168,6900,4071,1818,-32.65217391304348,2026-10-04 18:44:44,2026-10-04 20:25:02,6714,3851,2370,-22.058385463211202
GO,92959,CAMPO ALEGRE DE GOIÁS,0014,20,5811,4502,2373,1628,-16.5482007996446,2026-10-04 19:10:37,2026-10-04 19:10:37,4021,1776,1970,4.824670479980105
GO,93580,CAMPO LIMPO DE GOIÁS,0144,20,6772,5170,2930,1305,-31.431334622823986,2026-10-04 18:28:21,2026-10-04 18:28:21,4674,2701,1697,-21.480530594779633
GO,92975,CAMPOS BELOS,0105,47,14899,10607,3843,5081,11.67153766380692,2026-10-04 18:17:33,2026-10-04 20:55:02,10414,3577,6217,25.350489725369695
GO,92061,CAMPOS VERDES,0085,14,4498,3081,1043,1678,20.610191496267447,2026-10-04 21:03:59,2026-10-04 21:06:19,3045,907,1951,34.285714285714285
GO,92991,CARMO DO RIO VERDE,0076,21,7229,5475,3092,1801,-23.579908675799086,2026-10-04 20:59:43,2026-10-04 21:00:43,5402,2991,2134,-15.86449463161792
GO,92967,CASTELÂNDIA,0124,17,3999,2851,1568,1141,-14.97720098211154,2026-10-04 17:41:57,2026-10-04 18:21:09,2627,1147,1391,9.288161400837458
GO,93017,CATALÃO,0008,216,75393,56341,27883,20371,-13.333096679150175,2026-10-04 17:51:32,2026-10-04 19:32:16,55658,24380,27130,4.940889000682741
GO,93033,CATURAÍ,0101,17,5460,4037,1819,1631,-4.6569234580133765,2026-10-04 18:23:28,2026-10-04 19:20:59,3632,1484,1882,10.958149779735683
GO,93050,CAVALCANTE,0099,30,7953,5411,855,3865,55.627425614489006,2026-10-04 17:30:40,2026-10-04 20:55:02,5205,766,4134,64.70701248799232
GO,92851,CAÇU,0106,37,10792,8000,5222,2012,-40.125,2026-10-04 18:28:21,2026-10-04 18:50:15,7898,4453,2918,-19.4353000759686
GO,93076,CERES,0072,57,16940,13168,7836,3561,-32.465066828675575,2026-10-04 18:31:52,2026-10-04 20:32:28,13159,7740,4463,-24.90310813891633
GO,92100,CEZARINA,0020,26,7360,5735,3033,1835,-20.88927637314734,2026-10-04 18:33:15,2026-10-04 18:33:15,5425,2751,2256,-9.12442396313364
GO,92924,CHAPADÃO DO CÉU,0096,30,9497,7158,4928,1722,-44.789047219893824,2026-10-04 18:50:15,2026-10-04 18:59:07,6198,3925,2015,-30.816392384640206
GO,93025,CIDADE OCIDENTAL,0042,144,49714,37820,17750,14490,-8.619777895293495,2026-10-04 18:12:02,2026-10-04 20:10:30,34286,16181,15150,-3.007058274514379
GO,92886,COCALZINHO DE GOIÁS,0026,50,17515,12822,6745,4127,-20.41803150834503,2026-10-04 17:59:26,2026-10-04 19:29:36,11792,6334,4597,-14.730325644504749
GO,92126,COLINAS DO SUL,0143,13,3848,2713,785,1453,24.622189458164392,2026-10-04 20:45:48,2026-10-04 20:45:48,2481,697,1602,36.47722692462717
GO,93190,CORUMBAÍBA,0005,23,7145,5247,2938,1613,-25.252525252525253,2026-10-04 20:13:50,2026-10-04 20:58:31,5117,2575,2164,-8.032050029314052
GO,93173,CORUMBÁ DE GOIÁS,0026,31,7930,5856,3006,1886,-19.12568306010929,2026-10-04 18:31:52,2026-10-04 18:56:34,5551,2878,2200,-12.214015492704018
GO,93254,CRISTALINA,0036,115,38974,28934,18635,7374,-38.91961014723163,2026-10-04 17:58:49,2026-10-04 20:58:11,25897,15525,8817,-25.90261420241727
GO,93270,CRISTIANÓPOLIS,0032,12,4023,2983,1750,660,-36.540395574924574,2026-10-04 18:23:57,2026-10-04 19:01:10,2876,1730,996,-25.521557719054243
GO,93297,CRIXÁS,0085,42,13017,9007,3808,3783,-0.27756189630287553,2026-10-04 18:33:16,2026-10-04 21:50:30,9161,3685,4986,14.201506385765747
GO,93319,CROMÍNIA,0025,15,3970,3187,1703,991,-22.340759334797614,2026-10-04 17:45:11,2026-10-04 20:10:31,2967,1428,1268,-5.392652510953825
GO,93335,CUMARI,0008,12,2613,1926,766,953,9.709241952232606,2026-10-04 18:48:43,2026-10-04 18:48:43,1912,672,1125,23.692468619246863
GO,93157,CÓRREGO DO OURO,0034,9,3112,2450,1582,503,-44.04081632653061,2026-10-04 18:30:16,2026-10-04 19:22:35,2302,1511,636,-38.010425716768026
GO,93351,DAMIANÓPOLIS,0123,13,4024,2916,1482,1041,-15.123456790123457,2026-10-04 17:40:32,2026-10-04 19:16:14,2679,1203,1199,-0.14930944382232175
GO,93378,DAMOLÂNDIA,0013,12,3634,2826,1301,830,-16.666666666666668,2026-10-04 19:20:57,2026-10-04 19:20:57,2699,1171,1242,2.6306039273805113
GO,93394,DAVINÓPOLIS,0008,12,4145,2880,1263,1243,-0.6944444444444444,2026-10-04 19:11:45,2026-10-04 19:11:45,2626,887,1547,25.133282559025133
GO,93432,DIORAMA,0053,8,2503,1924,1083,560,-27.18295218295218,2026-10-04 19:22:12,2026-10-04 20:10:31,1810,950,684,-14.696132596685082
GO,93092,DIVINÓPOLIS DE GOIÁS,0105,16,5110,3559,1217,1821,16.971059286316382,2026-10-04 17:53:52,2026-10-04 20:56:51,3420,1037,2188,33.654970760233915
GO,96750,DOVERLÂNDIA,0006,20,5670,4426,2381,1359,-23.09082693176683,2026-10-04 17:53:52,2026-10-04 20:04:52,4406,2087,2020,-1.5206536541080344
GO,92207,EDEALINA,0068,13,4159,3092,1907,807,-35.57567917205692,2026-10-04 19:22:34,2026-10-04 20:11:34,2949,1644,1125,-17.599186164801626
GO,93491,EDÉIA,0068,32,9541,7127,4251,2001,-31.57008559000982,2026-10-04 18:21:53,2026-10-04 20:04:52,7243,3763,3011,-10.382438216208753
GO,93513,ESTRELA DO NORTE,0088,12,3214,2393,1099,858,-10.07104053489344,2026-10-04 19:14:09,2026-10-04 19:20:57,2304,1012,1113,4.383680555555555
GO,92223,FAINA,0012,21,6624,4809,2045,2093,0.9981285090455396,2026-10-04 18:24:56,2026-10-04 18:47:45,4665,1838,2544,15.133976420150054
GO,93530,FAZENDA NOVA,0079,22,5536,4287,2259,1413,-19.73407977606718,2026-10-04 18:30:15,2026-10-04 18:47:44,4196,2160,1802,-8.531935176358436
GO,93572,FIRMINÓPOLIS,0063,30,8767,6873,4235,1644,-37.69823948785101,2026-10-04 17:25:24,2026-10-04 18:09:46,6474,3976,2090,-29.131912264442384
GO,93599,FLORES DE GOIÁS,0011,28,8526,6018,2340,2674,5.550016616816218,2026-10-04 18:42:06,2026-10-04 22:25:09,4987,2025,2674,13.013835973531181
GO,93610,FORMOSA,0011,243,77711,58674,30623,18724,-20.279851382213586,2026-10-04 17:39:54,2026-10-04 20:59:23,56931,29070,23315,-10.108728109465845
GO,93637,FORMOSO,0125,17,4706,3379,1579,1433,-4.320804971885173,2026-10-04 18:09:24,2026-10-04 21:15:21,3409,1456,1758,8.858902904077443
GO,93564,GAMELEIRA DE GOIÁS,0031,13,3713,2910,1528,905,-21.40893470790378,2026-10-04 18:38:43,2026-10-04 19:16:13,2546,1219,1098,-4.752553024351925
GO,93696,GOIANDIRA,0008,14,4561,3627,1546,1583,1.0201268265784396,2026-10-04 18:44:44,2026-10-04 18:44:44,3413,1313,1824,14.972165250512745
GO,93750,GOIANIRA,0101,137,47570,34369,16866,11622,-15.257935930635165,2026-10-04 18:14:08,2026-10-04 20:11:34,29959,14620,12818,-6.0148870122500755
GO,93670,GOIANÁPOLIS,0003,42,10753,8349,5491,1790,-44.32866211522338,2026-10-04 19:00:40,2026-10-04 19:04:13,7954,5371,2161,-40.357053055066636
GO,93718,GOIANÉSIA,0074,172,59437,44063,24267,12943,-25.699566529741507,2026-10-04 17:53:52,2026-10-04 20:56:15,42148,22123,17030,-12.083610135712252
GO,93793,GOIATUBA,0038,98,27861,21192,13135,5065,-38.080407701019254,2026-10-04 17:49:24,2026-10-04 19:03:11,20276,11231,7557,-18.11994476228053
GO,93777,GOIÁS,0012,63,19216,13869,5630,6377,5.386112913692408,2026-10-04 18:13:48,2026-10-04 19:07:01,14369,5542,7855,16.09715359454381
GO,93734,GOIÂNIA,0001,366,107203,83089,42866,27057,-19.026585950005416,2026-10-04 17:28:20,2026-10-04 19:04:32,85005,45605,29102,-19.41415210869949
GO,93734,GOIÂNIA,0002,341,108897,84201,47895,22278,-30.4236291730502,2026-10-04 17:46:28,2026-10-04 19:11:45,86583,50920,26709,-27.962764052989616
GO,93734,GOIÂNIA,0127,338,114054,89565,50854,23801,-30.20487913805616,2026-10-04 17:31:43,2026-10-04 18:39:53,90198,52392,27464,-27.636976429632586
GO,93734,GOIÂNIA,0133,336,114131,89933,50920,24431,-29.45414919995997,2026-10-04 17:26:36,2026-10-04 19:20:58,90398,51902,27350,-27.159892917984912
GO,93734,GOIÂNIA,0134,355,117423,90383,50439,23675,-29.611763274067027,2026-10-04 17:44:55,2026-10-04 20:14:15,90042,52023,29316,-25.218231491970414
GO,93734,GOIÂNIA,0135,317,112227,87131,44816,26443,-21.086639657527172,2026-10-04 17:31:42,2026-10-04 19:22:11,88567,46571,32161,-16.270168347127033
GO,93734,GOIÂNIA,0136,316,112046,86798,49329,22330,-31.105555427544413,2026-10-04 17:42:14,2026-10-04 21:13:32,84412,48860,26821,-26.108847083353076
GO,93734,GOIÂNIA,0146,338,121134,93591,47746,30124,-18.82873353207039,2026-10-04 17:31:43,2026-10-04 19:10:59,91810,48008,34134,-15.111643611806993
GO,93734,GOIÂNIA,0147,336,112146,86404,47743,23080,-28.543817415860378,2026-10-04 17:30:40,2026-10-04 19:24:41,87627,49434,29788,-22.420030355940522
GO,92266,GOUVELÂNDIA,0046,13,4011,2946,1339,1317,-0.7467752885268161,2026-10-04 20:17:39,2026-10-04 20:21:08,2883,987,1720,25.424904613250085
GO,93815,GUAPÓ,0056,49,14861,10914,4939,3828,-10.179585853032801,2026-10-04 18:21:09,2026-10-04 18:22:48,10086,4440,4821,3.7775133848899465
GO,93831,GUARANI DE GOIÁS,0047,17,4796,3807,1014,1530,13.55397951142632,2026-10-04 17:59:26,2026-10-04 19:23:44,3308,929,2141,36.63845223700121
GO,93149,GUARAÍTA,0077,9,2781,2205,1091,827,-11.97278911564626,2026-10-04 19:16:13,2026-10-04 19:16:13,2123,989,997,0.3768252472915685
GO,92860,GUARINOS,0039,10,3062,2080,806,974,8.076923076923077,2026-10-04 18:50:15,2026-10-04 20:28:11,1819,587,1110,28.75206157229247
GO,93874,HEITORAÍ,0015,13,4192,3176,1650,1162,-15.365239294710328,2026-10-04 19:11:46,2026-10-04 19:11:46,3025,1450,1371,-2.6115702479338845
GO,93912,HIDROLINA,0039,13,3869,2985,1420,1307,-3.7855946398659968,2026-10-04 18:44:44,2026-10-04 20:52:51,2941,1239,1538,10.166609996599796
GO,93890,HIDROLÂNDIA,0132,67,23574,17516,7760,4838,-16.68189084265814,2026-10-04 18:59:28,2026-10-04 20:56:51,14115,6832,5899,-6.609989373007439
GO,93939,IACIARA,0029,28,8526,6344,2363,2553,2.9949558638083227,2026-10-04 18:15:01,2026-10-04 20:14:30,5887,2116,3329,20.60472226940717
GO,93165,INACIOLÂNDIA,0046,14,4809,3595,1564,1574,0.27816411682892905,2026-10-04 20:14:15,2026-10-04 20:14:15,3519,1248,2046,22.6768968456948
GO,96814,INDIARA,0068,40,12731,9523,4977,3387,-16.696419195631627,2026-10-04 19:28:54,2026-10-04 21:11:00,8637,3930,4226,3.4271158967233992
GO,93955,INHUMAS,0013,128,40854,30644,15356,9392,-19.4622111995823,2026-10-04 17:58:49,2026-10-04 19:04:46,30541,14636,13094,-5.048950591008808
GO,93971,IPAMERI,0014,69,20506,15004,7897,5004,-19.281524926686217,2026-10-04 17:31:43,2026-10-04 18:50:15,14926,7158,6682,-3.1890660592255125
GO,93548,IPIRANGA DE GOIÁS,0076,10,3148,2423,1389,790,-24.7214197276104,2026-10-04 20:14:15,2026-10-04 20:48:59,2414,1256,1013,-10.066280033140016
GO,93998,IPORÁ,0053,105,26609,19787,11368,5561,-29.347551422651236,2026-10-04 17:30:39,2026-10-04 20:25:37,19200,10380,7317,-15.953125
GO,94013,ISRAELÂNDIA,0079,12,2989,2180,1054,781,-12.522935779816514,2026-10-04 19:01:39,2026-10-04 19:01:39,2093,935,1004,3.2967032967032965
GO,94030,ITABERAÍ,0015,99,33230,24447,12900,8077,-19.728392031742136,2026-10-04 17:58:49,2026-10-04 20:10:31,23561,11317,10837,-2.0372649717753917
GO,92282,ITAGUARI,0057,16,5166,4095,1868,1494,-9.133089133089133,2026-10-04 19:24:41,2026-10-04 20:56:34,3906,1664,1992,8.397337429595494
GO,94072,ITAGUARU,0057,19,5268,4252,1956,1816,-3.2925682031984946,2026-10-04 19:32:16,2026-10-04 20:07:48,4252,1778,2226,10.536218250235184
GO,94110,ITAJÁ,0096,16,3668,2790,1610,717,-32.007168458781365,2026-10-04 17:47:44,2026-10-04 18:17:33,2763,1470,1086,-13.897937024972856
GO,94137,ITAPACI,0039,48,15697,11395,5854,4226,-14.286967968407197,2026-10-04 18:00:36,2026-10-04 19:10:37,11428,5189,5527,2.9576478823941197
GO,94153,ITAPIRAPUÃ,0095,23,6866,5089,2409,1974,-8.547848300255453,2026-10-04 18:27:06,2026-10-04 20:56:15,5028,2262,2530,5.330151153540175
GO,94196,ITAPURANGA,0077,76,21491,17051,8670,5904,-16.221922467890447,2026-10-04 17:58:49,2026-10-04 19:23:24,17033,8166,7807,-2.107673339987084
GO,94218,ITARUMÃ,0106,17,4683,3396,1875,1148,-21.4075382803298,2026-10-04 18:48:42,2026-10-04 18:48:42,3265,1526,1511,-0.45941807044410415
GO,94234,ITAUÇU,0057,31,7690,6113,3175,2066,-18.14166530345166,2026-10-04 17:57:26,2026-10-04 18:23:56,5772,2758,2562,-3.3957033957033955
GO,94250,ITUMBIARA,0016,219,74876,54976,31755,15732,-29.145445285215366,2026-10-04 17:54:29,2026-10-04 19:20:58,54532,28583,21519,-12.953861952614979
GO,94277,IVOLÂNDIA,0080,10,3148,2277,1054,825,-10.057092665788318,2026-10-04 18:41:10,2026-10-04 20:11:53,2097,893,1043,7.15307582260372
GO,94293,JANDAIA,0043,21,5992,4726,2723,1464,-26.639864578925096,2026-10-04 19:22:11,2026-10-04 19:29:36,4543,2409,1790,-13.625357693154303
GO,94315,JARAGUÁ,0017,100,33457,25426,15948,5084,-42.72791630614332,2026-10-04 17:36:52,2026-10-04 19:28:54,25125,15697,7618,-32.15522388059701
GO,94331,JATAÍ,0018,256,73593,54913,34317,14385,-36.29741591244332,2026-10-04 17:44:12,2026-10-04 18:57:35,52553,29938,19072,-20.676269670618233
GO,94358,JAUPACI,0079,13,3160,2325,1068,862,-8.86021505376344,2026-10-04 19:14:09,2026-10-04 19:32:16,2105,933,1022,4.228028503562945
GO,92983,JESÚPOLIS,0017,8,2726,1978,1067,539,-26.693629929221437,2026-10-04 20:13:50,2026-10-04 20:13:50,1867,1065,694,-19.871451526513123
GO,94374,JOVIÂNIA,0045,22,5772,4522,2583,1455,-24.944714727996462,2026-10-04 19:01:38,2026-10-04 19:01:38,4264,1999,1990,-0.21106941838649157
GO,94390,JUSSARA,0095,52,14816,11117,6348,3223,-28.110101646127553,2026-10-04 18:27:07,2026-10-04 20:58:11,10854,5800,4281,-13.994840611756034
GO,93602,LAGOA SANTA,0096,6,1783,1249,673,408,-21.21697357886309,2026-10-04 18:27:06,2026-10-04 18:27:06,1113,610,437,-15.543575920934412
GO,94439,LEOPOLDO DE BULHÕES,0141,25,7348,5523,2890,1802,-19.699438710845556,2026-10-04 18:25:53,2026-10-04 20:10:31,4999,2368,2267,-2.020404080816163
GO,94455,LUZIÂNIA,0019,397,136763,102630,52703,32036,-20.137386729026602,2026-10-04 18:24:57,2026-10-04 21:13:13,96116,51797,36599,-15.812143659744475
GO,94471,MAIRIPOTABA,0025,11,3493,2662,1387,743,-24.192336589030806,2026-10-04 19:30:20,2026-10-04 19:30:20,2067,1000,916,-4.063860667634253
GO,94498,MAMBAÍ,0123,20,6519,4962,3054,1546,-30.390971382507054,2026-10-04 17:45:11,2026-10-04 20:05:04,4429,2444,1729,-16.143599006547753
GO,94510,MARA ROSA,0088,30,9165,6696,3267,2320,-14.142771804062127,2026-10-04 18:23:56,2026-10-04 19:25:42,6215,3015,2867,-2.3813354786806116
GO,94536,MARZAGÃO,0007,9,3001,2167,1079,728,-16.197508075680666,2026-10-04 20:14:29,2026-10-04 20:14:29,1935,899,918,0.9819121447028424
GO,92320,MATRINCHÃ,0095,13,3955,2908,1322,1018,-10.45392022008253,2026-10-04 19:25:42,2026-10-04 20:12:43,2891,1266,1433,5.776547907298513
GO,94579,MAURILÂNDIA,0066,26,7553,5750,2678,2527,-2.626086956521739,2026-10-04 19:20:56,2026-10-04 19:20:56,5202,2131,2834,13.514033064206075
GO,92347,MIMOSO DE GOIÁS,0131,11,3345,2581,1167,943,-8.67880666408369,2026-10-04 19:30:38,2026-10-04 19:30:38,2447,1046,1206,6.538618716796077
GO,96474,MINAÇU,0130,79,22408,16026,8307,5796,-15.66828903032572,2026-10-04 18:30:36,2026-10-04 19:20:58,16241,8113,7249,-5.319869466165876
GO,94595,MINEIROS,0021,141,51739,37888,22904,10358,-33.11338682432432,2026-10-04 17:47:44,2026-10-04 20:10:31,35203,18653,14154,-12.780160781751555
GO,94650,MOIPORÁ,0080,9,2507,1822,950,541,-22.447859495060374,2026-10-04 18:41:09,2026-10-04 20:13:02,1720,923,670,-14.709302325581396
GO,94676,MONTE ALEGRE DE GOIÁS,0105,22,5622,3954,1002,2178,29.74203338391502,2026-10-04 19:07:24,2026-10-04 20:24:01,4013,1047,2692,40.991776725641664
GO,94714,MONTES CLAROS DE GOIÁS,0079,24,7109,5369,3027,1693,-24.84634010057739,2026-10-04 18:44:44,2026-10-04 19:29:37,5134,2801,2009,-15.426567978184652
GO,92363,MONTIVIDIU,0140,31,9826,7559,5303,1787,-46.5140891652335,2026-10-04 19:23:23,2026-10-04 19:23:23,7136,4426,2401,-28.37724215246637
GO,93181,MONTIVIDIU DO NORTE,0125,13,3716,2727,1334,1055,-10.231023102310232,2026-10-04 19:17:19,2026-10-04 21:31:07,2651,1246,1283,1.3956997359486987
GO,94730,MORRINHOS,0022,126,37180,27892,15720,7784,-28.452602896887996,2026-10-04 17:51:49,2026-10-04 21:06:35,26782,13719,11111,-9.73788365319991
GO,92169,MORRO AGUDO DE GOIÁS,0077,10,3067,2453,1326,701,-25.4790052996331,2026-10-04 19:30:38,2026-10-04 19:30:38,2310,1310,861,-19.437229437229437
GO,94757,MOSSÂMEDES,0015,13,4636,3478,1370,1561,5.491661874640598,2026-10-04 20:52:03,2026-10-04 20:52:03,3592,1285,2063,21.65924276169265
GO,94773,MOZARLÂNDIA,0110,42,12318,8569,4454,2768,-19.675574746178082,2026-10-04 18:32:11,2026-10-04 22:35:51,8576,4277,3785,-5.736940298507463
GO,96512,MUNDO NOVO,0094,21,5366,3854,2041,1418,-16.16502335236118,2026-10-04 19:30:38,2026-10-04 19:30:38,3632,1650,1812,4.460352422907489
GO,94790,MUTUNÓPOLIS,0088,14,3622,2822,1393,825,-20.12756909992913,2026-10-04 19:20:56,2026-10-04 20:14:30,2555,1389,1054,-13.111545988258317
GO,94854,NAZÁRIO,0063,24,7694,5848,3359,1744,-27.61627906976744,2026-10-04 17:23:11,2026-10-04 18:44:44,5529,2926,2214,-12.877554711521071
GO,94870,NERÓPOLIS,0054,74,25856,18587,9804,5675,-22.214450960348632,2026-10-04 18:16:12,2026-10-04 19:09:46,17487,8645,7397,-7.136730142391491
GO,94897,NIQUELÂNDIA,0041,98,28256,19997,9529,6557,-14.86222933440016,2026-10-04 17:29:29,2026-10-04 20:11:12,19939,9361,8907,-2.2769446812778975
GO,94919,NOVA AMÉRICA,0076,10,2769,2204,1033,627,-18.42105263157895,2026-10-04 19:13:48,2026-10-04 19:13:48,1980,1005,863,-7.171717171717172
GO,94935,NOVA AURORA,0008,10,2328,1809,816,751,-3.5931453841901604,2026-10-04 19:04:46,2026-10-04 19:04:46,1701,654,900,14.462081128747796
GO,96539,NOVA CRIXÁS,0110,31,9335,6936,3346,2727,-8.924452133794695,2026-10-04 18:55:36,2026-10-04 19:22:35,6485,2687,3505,12.61372397841172
GO,96555,NOVA GLÓRIA,0072,25,6881,5300,2672,1891,-14.735849056603774,2026-10-04 18:54:40,2026-10-04 21:13:13,5217,2559,2292,-5.117883841288097
GO,93084,NOVA IGUAÇU DE GOIÁS,0050,8,2680,2042,1036,724,-15.279138099902056,2026-10-04 19:20:59,2026-10-04 19:20:59,2029,954,979,1.232134056185313
GO,94951,NOVA ROMA,0047,11,3006,2117,585,979,18.61124232404346,2026-10-04 17:55:44,2026-10-04 19:11:46,2049,508,1385,42.80136652025378
GO,94978,NOVA VENEZA,0054,23,8553,6394,3206,2106,-17.203628401626524,2026-10-04 20:13:02,2026-10-04 20:13:02,6042,3068,2509,-9.25190334326382
GO,95010,NOVO BRASIL,0079,15,3599,2747,1447,951,-18.0560611576265,2026-10-04 18:46:32,2026-10-04 18:46:32,2647,1349,1144,-7.744616547034378
GO,93327,NOVO GAMA,0004,184,58615,44667,21705,16994,-10.546936216893904,2026-10-04 18:30:15,2026-10-04 20:18:47,38922,19081,16787,-5.893838959971225
GO,92444,NOVO PLANALTO,0055,13,4131,3050,1547,1125,-13.836065573770492,2026-10-04 19:14:53,2026-10-04 19:14:53,2747,1308,1256,-1.8929741536221332
GO,95036,ORIZONA,0027,43,12089,9333,5123,2357,-29.63677274188364,2026-10-04 17:51:32,2026-10-04 19:25:42,8981,4461,3544,-10.210444271239282
GO,95052,OURO VERDE DE GOIÁS,0144,15,3766,2962,1605,766,-28.325455773126265,2026-10-04 18:29:09,2026-10-04 19:08:38,2892,1563,1064,-17.254495159059474
GO,95079,OUVIDOR,0008,28,10501,7771,3828,2890,-12.070518594775447,2026-10-04 19:09:46,2026-10-04 19:20:58,6703,2713,3558,12.606295688497688
GO,95095,PADRE BERNARDO,0131,68,20391,15082,7779,5003,-18.40604694337621,2026-10-04 17:45:11,2026-10-04 21:29:59,14008,6951,5909,-7.438606510565391
GO,92460,PALESTINA DE GOIÁS,0102,12,3576,2661,1543,791,-28.260052611800074,2026-10-04 19:28:54,2026-10-04 19:28:54,2711,1450,1139,-11.471781630394688
GO,95117,PALMEIRAS DE GOIÁS,0020,73,23454,17529,10656,4912,-32.76855496605625,2026-10-04 18:22:11,2026-10-04 19:22:11,16332,9396,5861,-21.644624050942934
GO,95133,PALMELO,0027,8,2406,1762,902,576,-18.501702610669692,2026-10-04 18:55:36,2026-10-04 18:55:36,1754,860,758,-5.815279361459521
GO,95150,PALMINÓPOLIS,0063,13,4428,3393,2068,813,-36.987916298261126,2026-10-04 17:48:33,2026-10-04 17:57:26,3206,1944,1046,-28.009981285090454
GO,95176,PANAMÁ,0038,14,3038,2270,1108,793,-13.876651982378855,2026-10-04 18:24:57,2026-10-04 18:24:57,1887,834,901,3.550609432962374
GO,94552,PARANAIGUARA,0097,25,7170,5317,2422,2196,-4.250517208952417,2026-10-04 18:27:07,2026-10-04 18:27:07,5230,2024,2842,15.640535372848948
GO,95230,PARAÚNA,0043,31,9273,6854,4290,1848,-35.628829880361835,2026-10-04 18:12:39,2026-10-04 19:29:37,6371,3502,2509,-15.586250196201538
GO,93068,PEROLÂNDIA,0018,9,3152,2278,1258,686,-25.10974539069359,2026-10-04 19:23:24,2026-10-04 19:23:24,2284,1102,1040,-2.714535901926445
GO,95311,PETROLINA DE GOIÁS,0054,29,7530,5852,3414,1604,-30.929596719070403,2026-10-04 19:01:10,2026-10-04 19:15:09,5497,2998,2006,-18.046207022012005
GO,95354,PILAR DE GOIÁS,0039,14,3938,2670,1229,1097,-4.943820224719101,2026-10-04 18:27:07,2026-10-04 19:25:20,2758,1054,1533,17.367657722987673
GO,95397,PIRACANJUBA,0025,63,18846,13789,7002,4435,-18.61628834578287,2026-10-04 18:24:56,2026-10-04 19:24:40,13599,6428,5899,-3.889991911169939
GO,95419,PIRANHAS,0102,32,9094,6945,3853,2115,-25.025197984161267,2026-10-04 17:59:26,2026-10-04 19:13:49,7010,3480,3146,-4.764621968616263
GO,95435,PIRENÓPOLIS,0026,76,20745,15619,8072,5246,-18.0933478455727,2026-10-04 17:29:29,2026-10-04 20:07:48,15095,7490,6441,-6.949320967207685
GO,95451,PIRES DO RIO,0027,72,22071,16043,9848,4155,-35.485881692950194,2026-10-04 17:57:26,2026-10-04 18:38:44,15896,9187,5521,-23.062405636638147
GO,95958,PLANALTINA,0044,206,66587,48865,22566,19605,-6.059551826460657,2026-10-04 18:31:53,2026-10-04 20:52:03,45640,20670,21130,1.0078878177037687
GO,95494,PONTALINA,0045,53,14364,11093,6199,3283,-26.286847561525285,2026-10-04 18:27:05,2026-10-04 18:27:05,10971,5398,4860,-4.90383738948136
GO,95559,PORANGATU,0055,109,30959,22946,12662,7786,-21.24989104854877,2026-10-04 17:57:26,2026-10-04 19:02:48,23025,11535,10080,-6.319218241042345
GO,93424,PORTEIRÃO,0124,11,3963,2779,1474,992,-17.344368477869736,2026-10-04 18:45:11,2026-10-04 19:04:31,2608,1148,1312,6.288343558282208
GO,95575,PORTELÂNDIA,0021,11,3416,2541,1451,838,-24.124360487996853,2026-10-04 19:23:44,2026-10-04 19:23:44,2332,1075,1085,0.4288164665523156
GO,95613,POSSE,0029,86,25339,19415,9593,7175,-12.454287921710018,2026-10-04 18:31:51,2026-10-04 19:20:57,18479,8127,9165,5.617187077222794
GO,93041,PROFESSOR JAMIL,0025,11,3597,2740,1199,1075,-4.525547445255475,2026-10-04 18:44:44,2026-10-04 18:44:44,2326,956,1195,10.275150472914875
GO,95630,QUIRINÓPOLIS,0046,106,35296,26197,14886,8125,-25.808298660151927,2026-10-04 17:39:54,2026-10-04 18:35:05,25987,12575,11721,-3.286258513872321
GO,95656,RIALMA,0072,32,9232,7188,4437,1921,-35.00278241513634,2026-10-04 18:31:51,2026-10-04 18:54:40,6836,4114,2324,-26.184903452311293
GO,95672,RIANÁPOLIS,0072,13,3946,2999,1738,808,-31.01033677892631,2026-10-04 20:11:12,2026-10-04 20:52:03,2949,1767,967,-27.12783994574432
GO,92827,RIO QUENTE,0007,14,4413,3282,1779,902,-26.72151127361365,2026-10-04 20:33:32,2026-10-04 20:33:32,2929,1554,1149,-13.827244793444862
GO,95710,RIO VERDE,0030,278,89718,67928,41942,19321,-33.30143681545165,2026-10-04 17:44:12,2026-10-04 20:11:12,62122,33100,24860,-13.26422201474518
GO,95710,RIO VERDE,0140,193,63589,49116,32606,12008,-41.93745419008062,2026-10-04 17:26:36,2026-10-04 19:20:58,46770,27402,16153,-24.05174257002352
GO,95737,RUBIATABA,0076,52,15629,11576,6987,2690,-37.11990324809952,2026-10-04 18:44:26,2026-10-04 19:23:45,11658,7184,3630,-30.485503516898266
GO,95753,SANCLERLÂNDIA,0034,24,7135,5609,3053,1872,-21.055446603672667,2026-10-04 18:16:11,2026-10-04 18:30:36,5441,2797,2292,-9.281382098878883
GO,95770,SANTA BÁRBARA DE GOIÁS,0063,18,5600,4415,2300,1368,-21.109852774631936,2026-10-04 17:34:10,2026-10-04 18:18:41,4136,2100,1739,-8.728239845261122
GO,95796,SANTA CRUZ DE GOIÁS,0032,11,3504,2640,1430,820,-23.106060606060606,2026-10-04 18:39:54,2026-10-04 18:39:54,2448,1151,1098,-2.165032679738562
GO,92568,SANTA FÉ DE GOIÁS,0095,16,4208,3066,1543,1005,-17.547292889758644,2026-10-04 19:07:45,2026-10-04 19:25:42,2992,1466,1367,-3.3088235294117645
GO,95818,SANTA HELENA DE GOIÁS,0066,95,30181,22887,12658,7501,-22.532441997640582,2026-10-04 17:30:40,2026-10-04 19:16:13,22295,10269,10275,0.026911863646557524
GO,96890,SANTA ISABEL,0072,14,3820,2878,1576,978,-20.778318276580958,2026-10-04 18:54:40,2026-10-04 20:32:29,2869,1512,1173,-11.815963750435692
GO,95834,SANTA RITA DO ARAGUAIA,0021,15,4460,3190,1669,1132,-16.83385579937304,2026-10-04 18:12:40,2026-10-04 18:37:15,3157,1546,1447,-3.1358885017421603
GO,93440,SANTA RITA DO NOVO DESTINO,0074,10,3048,2313,1069,873,-8.473843493298746,2026-10-04 19:04:46,2026-10-04 19:10:59,2156,942,1082,6.4935064935064934
GO,95850,SANTA ROSA DE GOIÁS,0013,12,3527,2809,1395,936,-16.340334638661446,2026-10-04 19:02:47,2026-10-04 19:02:47,2526,1115,1194,3.1274742676167855
GO,95877,SANTA TEREZA DE GOIÁS,0125,13,3838,2643,1320,1097,-8.437381763147938,2026-10-04 18:33:54,2026-10-04 19:04:13,2316,982,1160,7.68566493955095
GO,95893,SANTA TEREZINHA DE GOIÁS,0085,32,8524,6041,2672,2639,-0.5462671743088893,2026-10-04 18:44:44,2026-10-04 21:04:20,5810,2408,3086,11.669535283993115
GO,93203,SANTO ANTÔNIO DA BARRA,0128,15,4303,3203,1632,1239,-12.269747112082422,2026-10-04 18:33:55,2026-10-04 18:33:55,3071,1199,1732,17.355910126994463
GO,92908,SANTO ANTÔNIO DE GOIÁS,0101,23,7976,6069,3167,2035,-18.65216674905256,2026-10-04 19:01:39,2026-10-04 19:01:39,4778,2331,2098,-4.876517371285057
GO,96776,SANTO ANTÔNIO DO DESCOBERTO,0024,142,46706,34823,17257,12739,-12.974183729144531,2026-10-04 17:23:40,2026-10-04 19:29:36,32811,16431,13526,-8.853738075645364
GO,92703,SENADOR CANEDO,0040,263,95243,72040,34865,24600,-14.249028317601333,2026-10-04 18:44:44,2026-10-04 20:31:29,64183,31208,27475,-5.8161818550083355
GO,96075,SERRANÓPOLIS,0018,21,6621,4728,2535,1681,-18.062605752961083,2026-10-04 17:43:12,2026-10-04 18:38:42,4538,2120,2148,0.617011899515205
GO,96091,SILVÂNIA,0031,56,16325,12697,7333,3466,-30.456013231472003,2026-10-04 17:57:26,2026-10-04 21:02:31,12089,6134,4767,-11.307800479775002
GO,92720,SIMOLÂNDIA,0123,22,5580,4053,1703,1784,1.998519615099926,2026-10-04 18:31:53,2026-10-04 18:34:55,4073,1475,2303,20.328995826172356
GO,95915,SÃO DOMINGOS,0047,29,7284,5042,1537,2322,15.569218564061881,2026-10-04 17:50:05,2026-10-04 19:24:41,5060,1580,3182,31.6600790513834
GO,95931,SÃO FRANCISCO DE GOIÁS,0017,18,5392,3996,2249,1073,-29.42942942942943,2026-10-04 19:07:01,2026-10-04 19:07:01,3642,2005,1363,-17.627677100494235
GO,95974,SÃO JOÃO D'ALIANÇA,0143,24,7763,5860,2736,2116,-10.580204778156997,2026-10-04 19:11:20,2026-10-04 20:59:23,5281,2298,2573,5.2073470933535315
GO,92622,SÃO JOÃO DA PARAÚNA,0043,6,2198,1588,920,402,-32.61964735516373,2026-10-04 19:22:12,2026-10-04 19:22:12,1643,895,650,-14.911746804625684
GO,92649,SÃO LUIZ DO NORTE,0039,16,5107,3751,1464,1635,4.558784324180219,2026-10-04 18:44:25,2026-10-04 20:21:28,3570,1526,1838,8.739495798319327
GO,95990,SÃO LUÍS DE MONTES BELOS,0080,80,24563,18830,12796,3785,-47.85448751991503,2026-10-04 20:12:43,2026-10-04 20:12:43,18202,12165,4876,-40.0450499945061
GO,96016,SÃO MIGUEL DO ARAGUAIA,0094,59,18389,13242,7941,3798,-31.28681468056185,2026-10-04 17:59:26,2026-10-04 19:31:54,13342,7586,5100,-18.63288862239544
GO,92665,SÃO MIGUEL DO PASSA QUATRO,0031,13,4211,3393,1740,973,-22.60536398467433,2026-10-04 17:21:11,2026-10-04 19:00:40,2811,1285,1281,-0.1422981145499822
GO,93483,SÃO PATRÍCIO,0076,9,2457,1901,1124,479,-33.929510783798,2026-10-04 20:31:20,2026-10-04 20:38:19,1824,1098,588,-27.960526315789473
GO,96059,SÃO SIMÃO,0097,48,13332,9487,4407,4172,-2.477073890587119,2026-10-04 18:30:36,2026-10-04 18:47:45,9983,3993,5454,14.634879294801163
GO,96113,SÍTIO D'ABADIA,0123,11,3498,2259,877,972,4.20540061974325,2026-10-04 18:24:57,2026-10-04 20:10:31,2069,748,1135,18.704688255195748
GO,96172,TAQUARAL DE GOIÁS,0057,17,4447,3396,1899,1032,-25.530035335689046,2026-10-04 18:31:52,2026-10-04 18:44:43,3378,1699,1380,-9.443457667258732
GO,92762,TERESINA DE GOIÁS,0099,12,3252,2205,640,1223,26.439909297052154,2026-10-04 18:30:16,2026-10-04 20:50:24,1906,571,1219,33.997901364113325
GO,93220,TEREZÓPOLIS DE GOIÁS,0003,21,6829,5291,2576,1796,-14.742014742014742,2026-10-04 19:03:11,2026-10-04 20:41:30,4952,2472,2110,-7.310177705977383
GO,96253,TRINDADE,0049,304,95914,72155,35469,22580,-17.862933961610423,2026-10-04 18:29:09,2026-10-04 21:26:19,67427,33572,27687,-8.727957643080664
GO,92789,TROMBAS,0125,10,3059,2199,1026,874,-6.912232833105957,2026-10-04 18:56:34,2026-10-04 20:50:24,2183,971,1046,3.435639028859368
GO,96237,TRÊS RANCHOS,0008,12,3894,2822,1226,1139,-3.0829199149539335,2026-10-04 19:14:09,2026-10-04 19:14:09,2720,1018,1496,17.573529411764707
GO,92800,TURVELÂNDIA,0128,15,4210,3237,1585,1390,-6.024096385542169,2026-10-04 18:47:45,2026-10-04 18:47:45,3087,1179,1745,18.33495302883058
GO,96318,TURVÂNIA,0063,15,4582,3517,2108,988,-31.84532271822576,2026-10-04 19:07:45,2026-10-04 19:07:45,3653,2069,1342,-19.901450862304955
GO,93246,UIRAPURU,0085,10,3080,2188,854,930,3.473491773308958,2026-10-04 20:20:08,2026-10-04 21:52:39,2028,782,1116,16.469428007889547
GO,96350,URUANA,0077,38,10812,8336,4380,2818,-18.738003838771593,2026-10-04 19:25:20,2026-10-04 19:25:20,8055,4185,3333,-10.577281191806332
GO,96334,URUAÇU,0050,97,30439,22251,12136,7283,-21.810255718844097,2026-10-04 17:58:49,2026-10-04 20:41:38,21562,10765,9351,-6.557833225118264
GO,96377,URUTAÍ,0014,14,3949,2948,1334,1060,-9.294436906377205,2026-10-04 18:44:25,2026-10-04 18:47:44,2628,1112,1295,6.963470319634703
GO,93300,VALPARAÍSO DE GOIÁS,0033,302,99112,76603,37361,27783,-12.50342675874313,2026-10-04 18:30:15,2026-10-04 19:25:20,70090,35135,28979,-8.782993294335855
GO,96393,VARJÃO,0056,15,4454,3299,1775,858,-27.796301909669598,2026-10-04 18:59:07,2026-10-04 18:59:07,2830,1532,1022,-18.021201413427562
GO,96415,VIANÓPOLIS,0031,34,11287,8710,5501,1942,-40.86107921928817,2026-10-04 19:02:47,2026-10-04 19:23:44,8234,4762,2757,-24.350255040077727
GO,96571,VICENTINÓPOLIS,0045,25,7110,5541,3054,1928,-20.321241653131203,2026-10-04 19:20:56,2026-10-04 19:20:56,5008,2344,2414,1.3977635782747604
GO,93289,VILA BOA,0011,13,4021,2809,936,1372,15.521537913848345,2026-10-04 18:00:36,2026-10-04 18:49:59,2722,805,1724,33.761939750183686
GO,93505,VILA PROPÍCIO,0074,19,6026,4585,1919,1508,-8.96401308615049,2026-10-04 18:37:16,2026-10-04 20:51:22,3882,1801,1834,0.8500772797527048
GO,96938,ÁGUA FRIA DE GOIÁS,0131,17,5099,3754,1906,1024,-23.49493873201918,2026-10-04 17:28:20,2026-10-04 20:14:15,3388,1777,1326,-13.311688311688311
GO,92037,ÁGUA LIMPA,0005,9,2635,1962,1073,602,-24.00611620795107,2026-10-04 19:12:43,2026-10-04 19:12:43,1784,885,787,-5.493273542600897
GO,93343,ÁGUAS LINDAS DE GOIÁS,0028,322,125210,94754,44175,37004,-7.568018236697132,2026-10-04 17:34:09,2026-10-04 21:18:59,83768,38972,38149,-0.9824754082704613
MA,07013,AFONSO CUNHA,0028,30,7467,5864,793,4920,70.37858117326057,2026-10-04 18:31:53,2026-10-04 21:11:41,5266,530,4605,77.38321306494493
MA,07030,ALCÂNTARA,0052,77,17613,13943,2724,10696,57.175643692175285,2026-10-04 17:32:42,2026-10-04 20:10:31,12906,2288,10006,59.801642646830935
MA,07056,ALDEIAS ALTAS,0005,73,18506,13340,2651,10166,56.33433283358321,2026-10-04 17:41:13,2026-10-04 20:07:47,12958,1836,10611,67.71878376292638
MA,07072,ALTAMIRA DO MARANHÃO,0049,25,5758,4287,1234,2890,38.628411476557034,2026-10-04 19:07:01,2026-10-04 20:18:29,3859,824,2905,53.92588753563099
MA,07021,ALTO ALEGRE DO MARANHÃO,0035,61,18076,13873,3495,9952,46.543645930945004,2026-10-04 19:07:47,2026-10-04 20:56:28,13258,2507,10341,59.088852013878416
MA,07048,ALTO ALEGRE DO PINDARÉ,0070,82,20251,15068,3285,11178,52.382532519246084,2026-10-04 17:30:41,2026-10-04 20:54:46,15049,2385,12209,65.28008505548542
MA,07099,ALTO PARNAÍBA,0011,29,8142,6077,2257,3531,20.96429159124568,2026-10-04 17:33:46,2026-10-04 21:14:31,5896,1653,4010,39.97625508819539
MA,07080,AMAPÁ DO MARANHÃO,0064,22,4953,4212,1209,2816,38.15289648622982,2026-10-04 17:30:41,2026-10-04 20:35:02,4049,903,3016,52.185724870338355
MA,07110,AMARANTE DO MARANHÃO,0099,108,28108,21911,10256,10878,2.8387567888275296,2026-10-04 17:31:44,2026-10-04 20:07:47,19710,7604,11252,18.508371385083713
MA,07137,ANAJATUBA,0109,87,20568,16004,2995,12395,58.73531617095726,2026-10-04 18:15:01,2026-10-04 20:59:24,14254,2104,11650,66.97067489827417
MA,07153,ANAPURUS,0024,48,14136,11184,2663,8150,49.06115879828326,2026-10-04 18:12:42,2026-10-04 20:59:23,10728,1926,8398,60.32811334824758
MA,07064,APICUM-AÇU,0107,49,13470,10640,2991,7164,39.21992481203007,2026-10-04 17:44:13,2026-10-04 20:39:00,10089,2454,7188,46.92239072256913
MA,07102,ARAGUANÃ,0096,29,8007,6057,1383,4443,50.52005943536404,2026-10-04 19:13:48,2026-10-04 19:13:48,5628,906,4510,64.03695806680881
MA,07170,ARAIOSES,0012,129,32649,24398,4020,19509,63.484711861628,2026-10-04 17:33:46,2026-10-04 21:15:21,23445,3247,19250,68.25762422691406
MA,09679,ARAME,0104,81,20826,16332,5520,10385,29.78814597109968,2026-10-04 17:28:21,2026-10-04 20:51:47,16044,4150,11512,45.88631264023934
MA,07196,ARARI,0027,89,24000,17767,4280,12643,47.07041143693364,2026-10-04 17:46:19,2026-10-04 20:49:33,17477,3602,12970,53.60187675230303
MA,07218,AXIXÁ,0031,41,11529,9276,1987,6913,53.104786545924966,2026-10-04 17:39:13,2026-10-04 20:07:47,8091,1480,6314,59.74539611914473
MA,09610,AÇAILÂNDIA,0071,262,78000,61426,34351,23910,-16.997688275323153,2026-10-04 17:29:31,2026-10-04 20:56:55,58279,28942,26316,-4.505911220165068
MA,07234,BACABAL,0013,253,71838,56807,19904,34459,25.621842378580105,2026-10-04 17:27:44,2026-10-04 22:09:32,51790,16084,33396,33.42730256806333
MA,07129,BACABEIRA,0018,54,16057,12724,2955,9140,48.60892801005973,2026-10-04 18:46:33,2026-10-04 20:37:10,11471,2033,8952,60.317321942289254
MA,07250,BACURI,0107,56,13893,10541,1972,8219,59.263826961388865,2026-10-04 18:00:39,2026-10-04 21:01:53,10056,1435,8234,67.61137629276054
MA,07145,BACURITUBA,0038,20,5647,3936,521,3283,70.17276422764228,2026-10-04 18:15:02,2026-10-04 20:41:11,3748,369,3257,77.05442902881536
MA,07277,BALSAS,0022,223,71213,55383,30716,21256,-17.081053752956684,2026-10-04 17:32:43,2026-10-04 20:59:23,48913,21123,25262,8.461963077300513
MA,07315,BARRA DO CORDA,0023,241,63831,49502,17483,30259,25.809058219869904,2026-10-04 17:30:41,2026-10-04 22:02:42,45308,14318,29316,33.102321885759686
MA,07331,BARREIRINHAS,0056,197,52533,42351,9885,30786,49.35184529290926,2026-10-04 17:21:12,2026-10-04 22:32:44,36747,6422,28861,61.06348817590552
MA,07293,BARÃO DE GRAJAÚ,0021,54,16130,12282,2003,9666,62.39211854746784,2026-10-04 18:31:54,2026-10-04 21:26:49,10936,1162,9254,73.99414776883687
MA,07188,BELA VISTA DO MARANHÃO,0077,38,10096,7783,2095,5466,43.312347423872545,2026-10-04 18:27:08,2026-10-04 21:43:09,7232,1408,5591,57.840154867256636
MA,07161,BELÁGUA,0073,27,8091,6336,782,5424,73.26388888888889,2026-10-04 17:36:02,2026-10-04 20:12:45,5758,520,5145,80.32302882945467
MA,07358,BENEDITO LEITE,0017,15,4638,3632,961,2541,43.502202643171806,2026-10-04 17:29:30,2026-10-04 19:25:21,3089,554,2440,61.05535772094529
MA,07374,BEQUIMÃO,0111,64,18606,14001,2619,10825,58.610099278622954,2026-10-04 18:13:49,2026-10-04 20:49:33,13556,2095,10841,64.51755680141635
MA,07200,BERNARDO DO MEARIM,0067,23,5015,4046,1132,2773,40.55857637172516,2026-10-04 17:51:34,2026-10-04 19:24:35,3922,875,2872,50.91789903110658
MA,07323,BOA VISTA DO GURUPI,0100,25,6551,5057,1469,3395,38.085821633379474,2026-10-04 17:55:27,2026-10-04 18:56:36,4630,1132,3328,47.429805615550755
MA,09555,BOM JARDIM,0078,115,26888,20141,5407,13949,42.41100243284842,2026-10-04 17:33:46,2026-10-04 21:24:50,19241,4218,14282,52.30497375396289
MA,07269,BOM JESUS DAS SELVAS,0095,76,19650,14906,6061,8298,15.007379578693143,2026-10-04 17:38:22,2026-10-04 20:51:23,14729,4453,9842,36.58768416049969
MA,07285,BOM LUGAR,0066,45,11468,9156,2528,6419,42.49672346002621,2026-10-04 17:32:42,2026-10-04 20:56:54,8610,1828,6592,55.33101045296167
MA,07390,BREJO,0024,88,25937,20007,4593,14728,50.65726995551557,2026-10-04 17:27:44,2026-10-04 21:05:10,18544,3355,14561,60.42924935289042
MA,07307,BREJO DE AREIA,0049,34,8475,6014,2037,3797,29.26504822081809,2026-10-04 17:59:27,2026-10-04 19:25:21,5292,1117,3928,53.11791383219955
MA,07412,BURITI,0025,79,22995,17089,2468,14151,68.36561530809293,2026-10-04 17:21:12,2026-10-04 23:14:22,15982,1691,13785,75.67263171067451
MA,07439,BURITI BRAVO,0044,67,17755,12902,2540,9932,57.293442877073325,2026-10-04 18:12:41,2026-10-04 19:08:11,12467,1594,10380,70.47405149594931
MA,07340,BURITICUPU,0095,154,42732,32052,12440,18151,17.81792087857232,2026-10-04 17:41:57,2026-10-04 20:57:51,31282,9351,20917,36.97333930055623
MA,07366,BURITIRANA,0058,43,10837,8483,3637,4432,9.371684545561711,2026-10-04 17:30:51,2026-10-04 20:56:54,8581,3026,5230,25.684652138445404
MA,07226,CACHOEIRA GRANDE,0110,37,9001,6825,1417,5206,55.51648351648352,2026-10-04 18:30:16,2026-10-04 21:36:20,6371,1050,5097,63.52221001412651
MA,07455,CAJAPIÓ,0063,32,10224,7282,957,6114,70.81845646800329,2026-10-04 19:29:38,2026-10-04 19:29:38,6804,683,5872,76.26396237507349
MA,07471,CAJARI,0020,61,16136,12146,1796,9996,67.51193808661287,2026-10-04 17:40:33,2026-10-05 01:57:03,11769,1392,9989,73.04783753929816
MA,07382,CAMPESTRE DO MARANHÃO,0046,34,9948,7599,2975,4390,18.62087116725885,2026-10-04 18:50:15,2026-10-04 20:44:10,7282,2023,4984,40.66190606976105
MA,07510,CANTANHEDE,0068,54,14177,10741,2177,8211,56.17726468671446,2026-10-04 17:33:46,2026-10-04 21:56:22,,,,
MA,07404,CAPINZAL DO NORTE,0069,35,8689,6758,1917,4549,38.946433856170465,2026-10-04 17:24:22,2026-10-04 19:25:43,6599,1465,4840,51.144112744355205
MA,07536,CAROLINA,0026,72,18310,13985,5545,7629,14.901680371826957,2026-10-04 17:25:25,2026-10-04 19:13:49,13378,4435,8344,29.219614292121392
MA,07552,CARUTAPERA,0055,73,19093,14390,4184,9499,36.935371785962474,2026-10-04 18:25:55,2026-10-04 20:52:04,13618,3361,9630,46.03466000881187
MA,07579,CAXIAS,0004,406,113420,86605,22555,58914,41.98256451706022,2026-10-04 18:17:49,2026-10-04 21:24:31,83325,16986,61772,53.74857485748575
MA,07595,CEDRAL,0030,37,9329,7240,1497,5405,53.97790055248619,2026-10-04 19:07:25,2026-10-04 20:50:26,6519,1145,5099,60.65347445927289
MA,07420,CENTRAL DO MARANHÃO,0030,29,7808,5524,701,4630,71.12599565532223,2026-10-04 17:44:55,2026-10-04 21:00:45,5229,468,4628,79.55632052017594
MA,07447,CENTRO DO GUILHERME,0101,36,7966,6502,1614,4607,46.031990156874805,2026-10-04 17:44:13,2026-10-04 19:20:57,5708,995,4567,62.57883672039243
MA,07463,CENTRO NOVO DO MARANHÃO,0100,47,11932,9315,2573,6297,39.97852925389157,2026-10-04 17:21:54,2026-10-04 20:56:54,8947,1653,6952,59.22655638761596
MA,07617,CHAPADINHA,0042,182,60242,46444,12515,31922,41.78580656274223,2026-10-04 17:31:44,2026-10-04 22:18:39,42823,10060,30953,48.78920206431123
MA,07480,CIDELÂNDIA,0098,36,10660,8335,2700,5207,30.077984403119377,2026-10-04 18:38:44,2026-10-04 21:09:01,8268,2161,5774,43.698597000483794
MA,07633,CODÓ,0007,273,82435,59034,14191,42197,47.44045804112884,2026-10-04 17:58:50,2026-10-04 21:39:00,55391,11637,40773,52.60060298604466
MA,07650,COELHO NETO,0028,116,33370,24816,4492,19424,60.170857511283046,2026-10-04 17:30:41,2026-10-04 20:43:29,23753,3775,18984,64.02980676125121
MA,07676,COLINAS,0029,90,28426,21379,5491,14991,44.436128911548714,2026-10-04 17:21:12,2026-10-04 21:02:12,20416,3742,16015,60.114615987460816
MA,07501,CONCEIÇÃO DO LAGO-AÇU,0066,47,11878,9060,2320,6422,45.275938189845476,2026-10-04 17:21:55,2026-10-04 20:57:51,8616,1810,6455,53.91132776230269
MA,07692,COROATÁ,0008,160,46886,32876,9126,22485,40.63450541428398,2026-10-04 17:53:54,2026-10-04 21:11:41,31382,7500,22775,48.67439933719967
MA,07714,CURURUPU,0014,105,26322,19442,3666,15051,58.55879024791688,2026-10-04 17:32:43,2026-10-04 20:50:26,19105,2952,15506,65.71054697723109
MA,07498,CÂNDIDO MENDES,0064,56,14853,12475,3165,8785,45.0501002004008,2026-10-04 17:21:54,2026-10-04 21:42:09,11506,2652,8394,49.90439770554493
MA,07242,DAVINÓPOLIS,0065,37,12223,9651,3840,5232,14.42337581597762,2026-10-04 17:21:12,2026-10-04 20:40:10,,,,
MA,07730,DOM PEDRO,0048,68,17803,14055,5025,8464,24.46816079686944,2026-10-04 17:21:55,2026-10-04 20:52:34,13459,3845,9089,38.9627758377294
MA,07757,DUQUE BACELAR,0028,36,9654,7711,1029,6461,70.44481908961224,2026-10-04 17:55:45,2026-10-04 20:58:12,7208,701,6259,77.10876803551609
MA,07773,ESPERANTINÓPOLIS,0061,59,14795,11195,3135,7640,40.241179097811525,2026-10-04 17:31:44,2026-10-04 20:44:10,10622,2412,7862,51.30860478252683
MA,09636,ESTREITO,0082,77,24146,18538,8837,8519,-1.7153954040349553,2026-10-04 17:21:55,2026-10-04 20:36:09,17425,7178,9434,12.946915351506457
MA,07528,FEIRA NOVA DO MARANHÃO,0075,21,6389,5020,1908,2786,17.49003984063745,2026-10-04 17:54:31,2026-10-04 20:54:20,4819,1464,3120,34.36397592861589
MA,07544,FERNANDO FALCÃO,0097,36,9487,7742,2134,5426,42.521312322397314,2026-10-04 17:29:31,2026-10-04 19:22:12,7224,1549,5495,54.6234772978959
MA,07560,FORMOSA DA SERRA NEGRA,0105,53,14076,11298,5141,5562,3.726323243051868,2026-10-04 17:32:43,2026-10-04 20:35:02,10057,3375,6146,27.552948195286866
MA,07790,FORTALEZA DOS NOGUEIRAS,0105,36,10569,8531,2988,5243,26.43300902590552,2026-10-04 17:21:12,2026-10-04 20:51:23,7807,2163,5343,40.73267580376585
MA,07811,FORTUNA,0060,49,13022,9570,2023,7200,54.09613375130616,2026-10-04 17:41:56,2026-10-04 20:29:19,9110,1493,7247,63.16136114160263
MA,07838,GODOFREDO VIANA,0064,34,7329,6083,1995,3803,29.722176557619594,2026-10-04 18:12:05,2026-10-04 20:57:51,6136,1665,4232,41.83507170795306
MA,07854,GONÇALVES DIAS,0108,52,13629,10097,2746,7073,42.85431316232545,2026-10-04 17:38:22,2026-10-04 21:01:31,9260,1928,6975,54.50323974082073
MA,07870,GOVERNADOR ARCHER,0048,36,8077,6140,1374,4545,51.644951140065146,2026-10-04 17:21:55,2026-10-04 21:21:11,6000,1003,4754,62.516666666666666
MA,07609,GOVERNADOR EDISON LOBÃO,0103,44,15378,12094,5060,6192,9.360013229700678,2026-10-04 18:22:51,2026-10-04 20:56:28,11118,3806,6788,26.821370750134918
MA,07897,GOVERNADOR EUGÊNIO BARROS,0108,43,10692,8212,1991,5965,48.39259620068193,2026-10-04 17:37:37,2026-10-04 20:11:12,8100,1396,6449,62.382716049382715
MA,07625,GOVERNADOR LUIZ ROCHA,0060,22,6417,4870,1493,3196,34.969199178644764,2026-10-04 18:16:09,2026-10-04 20:15:30,4522,1154,3209,45.44449358690845
MA,07641,GOVERNADOR NEWTON BELLO,0096,33,7695,5991,1494,4307,46.95376397930229,2026-10-04 17:21:13,2026-10-04 21:26:00,5611,992,4420,61.09427909463554
MA,07668,GOVERNADOR NUNES FREIRE,0101,68,17561,13528,4747,8240,25.820520402128917,2026-10-04 18:58:07,2026-10-04 20:10:32,12519,3541,8554,40.0431344356578
MA,07935,GRAJAÚ,0015,181,52273,41112,16331,23002,16.226405915547772,2026-10-04 17:32:43,2026-10-04 21:11:41,37465,11538,24335,34.15721339917256
MA,07919,GRAÇA ARANHA,0108,23,6274,4997,1235,3624,47.80868521112668,2026-10-04 17:57:26,2026-10-04 19:23:23,4675,861,3672,60.1283422459893
MA,07951,GUIMARÃES,0030,40,9820,7082,1113,5705,64.84044055351596,2026-10-04 17:21:54,2026-10-04 19:29:37,6792,847,5703,71.49587750294464
MA,07978,HUMBERTO DE CAMPOS,0032,91,23439,17843,3292,13787,58.81858431878047,2026-10-04 17:26:35,2026-10-04 21:18:00,16928,2733,13526,63.75827032136106
MA,07994,ICATU,0031,96,23106,18695,3547,14496,58.56646162075421,2026-10-04 17:31:44,2026-10-04 20:58:12,17193,2843,13632,62.752282905833766
MA,07684,IGARAPÉ DO MEIO,0077,45,10867,8283,1646,6350,56.791017747193045,2026-10-04 18:14:08,2026-10-04 19:29:37,8263,1274,6721,65.9203679051192
MA,08010,IGARAPÉ GRANDE,0067,33,8484,6833,2571,4053,21.68886287135958,2026-10-04 18:09:48,2026-10-04 19:23:44,6615,2098,4204,31.836734693877553
MA,08036,IMPERATRIZ,0033,310,102056,80165,41898,31979,-12.373230212686334,2026-10-04 17:21:55,2026-10-04 20:59:23,73081,35315,32342,-4.068088832938794
MA,08036,IMPERATRIZ,0065,290,93269,73598,39840,28029,-16.047990434522678,2026-10-04 17:30:03,2026-10-04 21:22:10,70578,35515,29828,-8.057751707330896
MA,07706,ITAIPAVA DO GRAJAÚ,0015,42,11234,8342,2454,5629,38.060417166147204,2026-10-04 17:31:43,2026-10-04 20:51:24,7695,1638,5820,54.346978557504876
MA,08079,ITAPECURU MIRIM,0016,177,47851,35996,8120,25994,49.65551727969775,2026-10-04 18:36:13,2026-10-04 21:02:11,33819,6192,26031,58.662290428457375
MA,07722,ITINGA DO MARANHÃO,0098,67,17555,13776,7048,6167,-6.395180023228804,2026-10-04 18:12:05,2026-10-04 20:45:13,13354,5730,7039,9.802306425041186
MA,07749,JATOBÁ,0029,27,7205,5349,1219,3987,51.74799027855674,2026-10-04 18:43:14,2026-10-04 20:14:13,4954,812,4005,64.4529672991522
MA,07765,JENIPAPO DOS VIEIRAS,0097,52,13237,10210,2548,7398,47.5024485798237,2026-10-04 17:28:21,2026-10-04 21:03:00,9541,1810,7311,57.65643014359082
MA,08117,JOSELÂNDIA,0054,51,12529,9597,2503,6750,44.25341252474732,2026-10-04 17:33:46,2026-10-04 19:20:56,9111,1794,7018,57.33728460103172
MA,08095,JOÃO LISBOA,0058,81,21876,17462,6924,9489,14.6890390562364,2026-10-04 17:30:41,2026-10-04 22:32:44,16199,5135,10238,31.501944564479288
MA,07781,JUNCO DO MARANHÃO,0100,21,5092,3793,873,2795,50.672291062483524,2026-10-04 17:48:34,2026-10-04 20:52:35,3583,646,2822,60.731230812168576
MA,08133,LAGO DA PEDRA,0074,114,34283,26503,11613,14008,9.036712824963212,2026-10-04 18:17:31,2026-10-04 22:22:42,25361,9634,14977,21.067781238910136
MA,08150,LAGO DO JUNCO,0074,35,8447,6921,1936,4831,41.829215431296056,2026-10-04 18:12:41,2026-10-04 21:19:22,6298,1374,4766,53.85836773578914
MA,07803,LAGO DOS RODRIGUES,0074,33,8271,6815,1860,4759,42.53851797505502,2026-10-04 18:34:05,2026-10-04 20:57:50,6402,1371,4843,54.2330521711965
MA,08176,LAGO VERDE,0066,47,12196,9436,1896,7269,56.94150063586265,2026-10-04 17:31:43,2026-10-04 20:12:45,9041,1390,7427,66.77358699258932
MA,07820,LAGOA DO MATO,0044,34,8284,6201,1123,4934,61.45782938235769,2026-10-04 17:44:12,2026-10-04 20:49:33,5808,720,4924,72.38292011019284
MA,07846,LAGOA GRANDE DO MARANHÃO,0074,30,9997,7600,2246,5113,37.723684210526315,2026-10-04 17:43:13,2026-10-04 22:18:21,7103,1355,5530,58.7779811347318
MA,07862,LAJEADO NOVO,0046,22,6682,5411,2513,2658,2.679726483090002,2026-10-04 19:20:56,2026-10-04 19:20:56,4847,1800,2829,21.229626573138024
MA,08192,LIMA CAMPOS,0067,42,11183,8545,2824,5377,29.877121123464015,2026-10-04 17:51:49,2026-10-04 22:12:40,8049,2327,5384,37.979873276183376
MA,08214,LORETO,0062,34,8569,6672,1894,4513,39.25359712230216,2026-10-04 17:33:46,2026-10-04 18:54:41,6259,1267,4751,55.66384406454705
MA,08230,LUÍS DOMINGUES,0055,20,6072,4573,1552,2796,27.203148917559588,2026-10-04 18:59:29,2026-10-04 19:30:00,4289,1269,2799,35.672650967591515
MA,08257,MAGALHÃES DE ALMEIDA,0051,51,12195,9424,2179,6787,48.89643463497453,2026-10-04 17:32:43,2026-10-04 21:01:53,9219,1763,6985,56.64388762338648
MA,07889,MARACAÇUMÉ,0100,52,15698,11199,4102,6625,22.528797214036967,2026-10-04 17:57:26,2026-10-04 19:08:38,10537,2963,7106,39.31859162949606
MA,07900,MARAJÁ DO SENA,0102,26,6771,5020,1693,3150,29.02390438247012,2026-10-04 17:24:51,2026-10-04 20:53:27,4493,926,3404,55.15245938125974
MA,07927,MARANHÃOZINHO,0101,31,8133,6382,1560,4596,47.57129426512065,2026-10-04 19:23:23,2026-10-04 20:51:47,5998,1106,4655,59.16972324108036
MA,08273,MATA ROMA,0042,50,16271,12698,2877,9424,51.55930067727201,2026-10-04 18:19:01,2026-10-04 21:45:51,11792,2048,9298,61.48236092265943
MA,08290,MATINHA,0086,73,20053,15805,4061,11163,44.93514710534641,2026-10-04 18:13:31,2026-10-04 21:31:41,14827,3230,11072,52.88999797666419
MA,08311,MATÕES,0081,101,27285,20129,3771,15815,59.834070246907444,2026-10-04 17:35:17,2026-10-04 20:16:09,18697,2573,15394,68.57249826175322
MA,07943,MATÕES DO NORTE,0068,30,7654,5537,1098,4248,56.89001264222503,2026-10-04 17:43:13,2026-10-04 20:52:05,,,,
MA,07960,MILAGRES DO MARANHÃO,0024,24,6650,5226,940,4133,61.098354381936474,2026-10-04 17:57:27,2026-10-04 21:01:53,4484,618,3690,68.51025869759144
MA,08338,MIRADOR,0072,54,16373,12910,3187,9313,47.45158791634392,2026-10-04 17:21:54,2026-10-04 20:44:10,11776,1916,9566,64.96263586956522
MA,09695,MIRANDA DO NORTE,0109,61,16991,13036,3649,8792,39.45228597729365,2026-10-04 18:32:11,2026-10-04 20:58:32,12097,2711,8884,51.029180788625276
MA,08354,MIRINZAL,0030,45,12016,9000,1942,6686,52.71111111111111,2026-10-04 17:54:10,2026-10-04 20:30:30,8291,1537,6405,58.7142684838982
MA,08397,MONTES ALTOS,0103,26,7514,5905,2195,3408,20.541913632514817,2026-10-04 17:26:35,2026-10-04 20:41:11,5820,1751,3765,34.60481099656357
MA,08370,MONÇÃO,0043,87,21263,15675,3245,11953,55.55342902711324,2026-10-04 18:09:25,2026-10-04 20:56:54,14323,2324,11437,63.62493890944634
MA,08419,MORROS,0110,66,16701,13600,3083,10072,51.38970588235294,2026-10-04 17:21:11,2026-10-04 21:53:10,12376,2344,9620,58.79120879120879
MA,08435,NINA RODRIGUES,0050,40,10518,7984,1705,6043,54.333667334669336,2026-10-04 18:38:28,2026-10-04 20:56:55,7421,1148,5987,65.20684543862014
MA,07986,NOVA COLINAS,0105,17,4514,3509,1115,2215,31.34796238244514,2026-10-04 18:11:03,2026-10-04 19:02:30,3369,712,2482,52.53784505788067
MA,08451,NOVA IORQUE,0017,15,4134,3192,742,2365,50.84586466165413,2026-10-04 18:16:09,2026-10-04 18:35:06,2977,495,2381,63.352368155861605
MA,08001,NOVA OLINDA DO MARANHÃO,0080,49,13507,9979,2449,7088,46.48762401042189,2026-10-04 17:30:41,2026-10-04 21:41:11,9416,1763,7259,58.36873406966865
MA,08478,OLHO D'ÁGUA DAS CUNHÃS,0087,53,14387,11015,2692,7830,46.64548343168407,2026-10-04 18:11:02,2026-10-04 21:14:31,10669,2052,8183,57.46555440997282
MA,08028,OLINDA NOVA DO MARANHÃO,0086,34,11175,8219,1573,6298,57.48874558948777,2026-10-04 19:23:45,2026-10-04 21:00:46,7469,1090,6005,65.80532869192663
MA,08516,PALMEIRÂNDIA,0038,61,17179,12321,1949,9975,65.14081649216784,2026-10-04 17:46:35,2026-10-04 21:09:50,11682,1586,9758,69.9537750385208
MA,08532,PARAIBANO,0053,46,14960,10627,2263,8082,54.75675167027383,2026-10-04 17:44:55,2026-10-04 20:18:49,10456,1588,8551,66.59334353481255
MA,08559,PARNARAMA,0036,99,26242,18895,2921,15317,65.60465731675046,2026-10-04 17:57:26,2026-10-04 22:36:54,18001,2070,15289,73.43480917726792
MA,08575,PASSAGEM FRANCA,0044,58,14692,10766,2538,7791,48.79249489132454,2026-10-04 18:00:38,2026-10-04 20:58:32,9796,1680,7711,61.565945283789304
MA,08591,PASTOS BONS,0017,54,15148,11508,3103,8003,42.579075425790755,2026-10-04 17:51:34,2026-10-04 20:49:57,10876,2011,8569,60.2979036410445
MA,08044,PAULINO NEVES,0040,62,15080,12074,2204,9352,59.20159019380487,2026-10-04 17:36:03,2026-10-04 20:31:30,10973,1625,8834,65.69762143442996
MA,09598,PAULO RAMOS,0102,61,16850,12441,4106,7966,31.026444819548267,2026-10-04 17:21:54,2026-10-04 21:01:53,11862,2929,8564,47.50463665486427
MA,08494,PAÇO DO LUMIAR,0093,290,90287,74270,26083,42191,21.688434091827116,2026-10-04 18:49:59,2026-10-04 21:24:31,61823,19684,37374,28.6139462659528
MA,08613,PEDREIRAS,0009,110,28040,22399,7977,13363,24.045716326621726,2026-10-04 17:52:43,2026-10-04 20:47:40,22294,7149,14227,31.74845249843007
MA,08060,PEDRO DO ROSÁRIO,0106,72,18241,13269,2319,10516,61.77556711131208,2026-10-04 18:13:31,2026-10-04 21:49:32,12605,1737,10489,69.43276477588259
MA,08630,PENALVA,0045,102,26013,18638,2746,15251,67.09410880995814,2026-10-04 17:29:31,2026-10-04 20:07:47,18290,2295,15401,71.6566429743029
MA,08656,PERI MIRIM,0111,36,11291,8705,1564,6900,61.29810453762206,2026-10-04 20:18:29,2026-10-04 20:47:41,8291,1323,6731,65.22735496321312
MA,08087,PERITORÓ,0008,56,16364,12024,2690,8907,51.70492348636061,2026-10-04 18:24:58,2026-10-04 20:54:19,,,,
MA,08672,PINDARÉ-MIRIM,0043,85,25951,19140,4802,13575,45.835945663531874,2026-10-04 18:30:35,2026-10-04 21:24:20,18760,3820,14194,55.298507462686565
MA,08699,PINHEIRO,0037,211,62812,46536,12115,31826,42.35645521746605,2026-10-04 17:58:49,2026-10-04 21:25:50,44578,10146,31891,48.779667100363405
MA,08710,PIO XII,0087,70,18787,14470,3667,10313,45.929509329647544,2026-10-04 17:32:42,2026-10-04 21:13:21,14013,2609,10924,59.33775779633198
MA,08737,PIRAPEMAS,0068,43,12904,9158,1827,7017,56.67176239353571,2026-10-04 17:43:12,2026-10-04 21:11:41,9010,1412,7301,65.3607103218646
MA,08770,PORTO FRANCO,0046,66,18862,14852,6221,7812,10.712361971451656,2026-10-04 18:44:24,2026-10-04 20:50:26,13794,4881,8261,24.503407278526897
MA,08109,PORTO RICO DO MARANHÃO,0030,29,7200,5188,1362,3587,42.887432536622974,2026-10-04 17:28:51,2026-10-04 21:01:53,4770,1128,3413,47.903563941299794
MA,08753,POÇÃO DE PEDRAS,0061,66,14763,11191,3189,7691,40.228755249754265,2026-10-04 17:45:11,2026-10-04 20:43:12,10929,2643,7826,47.424284015005945
MA,08796,PRESIDENTE DUTRA,0054,115,32781,26158,9559,15452,22.528480770701123,2026-10-04 17:32:43,2026-10-04 20:56:55,23372,7096,15396,35.5125791545439
MA,08818,PRESIDENTE JUSCELINO,0110,41,10017,7604,1356,5992,60.96791162546028,2026-10-04 18:27:08,2026-10-04 20:51:24,7333,1095,5957,66.30301377335333
MA,08125,PRESIDENTE MÉDICI,0080,22,5728,4449,1076,3182,47.336480107889415,2026-10-04 17:52:44,2026-10-04 21:14:31,3943,652,3083,61.65356327669287
MA,08141,PRESIDENTE SARNEY,0106,60,15655,11260,1887,8815,61.52753108348135,2026-10-04 18:46:32,2026-10-04 20:50:25,10436,1550,8558,67.15216558068225
MA,08834,PRESIDENTE VARGAS,0050,40,10343,7946,1179,6488,66.81349106468663,2026-10-04 18:38:45,2026-10-04 21:19:41,7544,892,6375,72.68027571580063
MA,08850,PRIMEIRA CRUZ,0032,46,11110,8851,1408,7136,64.71585131623546,2026-10-04 18:12:05,2026-10-04 23:22:11,7966,931,6790,73.55008787346222
MA,08168,RAPOSA,0093,83,24288,19767,6856,11674,24.37395659432387,2026-10-04 18:47:45,2026-10-04 21:14:31,16399,4906,10664,35.11189706689432
MA,08877,RIACHÃO,0075,58,16914,12791,4283,7981,28.910953013837855,2026-10-04 17:28:51,2026-10-04 20:29:19,12019,3104,8529,45.136866627839254
MA,08184,RIBAMAR FIQUENE,0103,23,6276,4909,1786,2865,21.98003666734569,2026-10-04 17:51:35,2026-10-04 18:32:12,4942,1501,3231,35.00607041683529
MA,08915,ROSÁRIO,0018,108,32344,25229,5916,17853,47.31459827975742,2026-10-04 18:14:08,2026-10-04 21:39:00,23879,4756,17827,54.738473135390926
MA,08931,SAMBAÍBA,0034,20,5411,4252,1624,2482,20.17873941674506,2026-10-04 17:31:43,2026-10-04 22:22:41,4283,1150,2998,43.14732664020546
MA,08206,SANTA FILOMENA DO MARANHÃO,0079,24,6119,4867,1242,3503,46.45572221080748,2026-10-04 18:13:31,2026-10-04 21:01:30,4581,780,3657,62.80288146692862
MA,08958,SANTA HELENA,0083,98,24651,17610,4631,12149,42.69165247018739,2026-10-04 17:21:54,2026-10-04 20:23:19,16489,3561,12323,53.13845594032385
MA,09571,SANTA INÊS,0057,218,63447,49425,17834,29154,22.903388973191703,2026-10-04 17:31:43,2026-10-04 21:19:23,45528,14011,29412,33.82753470391847
MA,08974,SANTA LUZIA,0070,173,45122,33838,10041,22466,36.71907323127844,2026-10-04 17:21:12,2026-10-04 20:59:43,32650,6719,24920,55.7457886676876
MA,09652,SANTA LUZIA DO PARUÁ,0080,61,17081,12943,4219,8146,30.340724716062738,2026-10-04 18:32:12,2026-10-04 20:39:00,12646,3264,8930,44.8046813221572
MA,08990,SANTA QUITÉRIA DO MARANHÃO,0024,72,21175,16072,3215,12320,56.65131906421105,2026-10-04 17:21:12,2026-10-04 21:59:09,15173,2410,12154,64.21933698016213
MA,09016,SANTA RITA,0018,93,28000,20667,4539,15361,52.36367155368462,2026-10-04 19:32:17,2026-10-04 20:51:23,18529,3156,14539,61.43342867936748
MA,08222,SANTANA DO MARANHÃO,0051,34,8165,6056,1309,4555,53.599735799207394,2026-10-04 17:30:41,2026-10-04 20:59:42,5766,1039,4568,61.20360735345127
MA,08249,SANTO AMARO DO MARANHÃO,0032,49,13330,10530,1987,8084,57.901234567901234,2026-10-04 18:57:37,2026-10-04 22:00:00,8691,1201,7179,68.78379933264297
MA,09032,SANTO ANTÔNIO DOS LOPES,0069,53,15375,12257,3736,8069,35.351227869788694,2026-10-04 17:21:54,2026-10-04 22:28:59,11359,2812,8052,46.13082137512105
MA,08460,SATUBINHA,0087,31,7469,5862,1559,4078,42.97168201978847,2026-10-04 18:32:11,2026-10-04 20:11:52,5275,1091,3915,53.535545023696685
MA,08486,SENADOR ALEXANDRE COSTA,0006,32,8450,6200,1587,4446,46.11290322580645,2026-10-04 18:30:17,2026-10-04 19:20:59,5851,1170,4503,56.964621432233805
MA,08508,SENADOR LA ROCQUE,0058,49,12262,9580,3366,5633,23.663883089770355,2026-10-04 20:07:47,2026-10-04 20:39:51,9095,2594,6148,39.07641561297416
MA,08524,SERRANO DO MARANHÃO,0107,40,9228,6817,743,5912,75.82514302479096,2026-10-04 17:20:29,2026-10-04 22:49:30,6474,564,5786,80.66110596231078
MA,09318,SUCUPIRA DO NORTE,0072,31,8257,6701,1795,4731,43.81435606625877,2026-10-04 17:31:43,2026-10-04 20:56:05,6467,1257,5035,58.419669089222204
MA,08540,SUCUPIRA DO RIACHÃO,0053,17,4707,3431,610,2696,60.79860099096474,2026-10-04 18:23:54,2026-10-04 20:59:43,3232,330,2779,75.77351485148515
MA,09059,SÃO BENEDITO DO RIO PRETO,0073,60,16310,12834,2271,10179,61.617578307620384,2026-10-04 17:21:54,2026-10-04 20:52:34,11580,1560,9726,70.51813471502591
MA,09075,SÃO BENTO,0038,104,29322,20757,4479,15522,53.201329671917904,2026-10-04 17:38:22,2026-10-04 21:13:05,20057,3574,15757,60.741885625966
MA,09091,SÃO BERNARDO,0051,85,21808,16380,3867,11932,49.236874236874236,2026-10-04 17:25:24,2026-10-04 21:19:00,16050,2892,12501,59.86915887850467
MA,08265,SÃO DOMINGOS DO AZEITÃO,0062,25,6763,5423,1623,3578,36.05015673981191,2026-10-04 17:31:43,2026-10-04 20:34:11,4995,968,3852,57.73773773773774
MA,09113,SÃO DOMINGOS DO MARANHÃO,0060,103,28537,21925,7793,13306,25.144811858608893,2026-10-04 17:21:55,2026-10-04 21:16:21,20492,5795,13955,39.82041772398985
MA,08281,SÃO FRANCISCO DO BREJÃO,0098,29,8123,6302,2839,3230,6.204379562043796,2026-10-04 18:59:29,2026-10-04 20:56:06,6002,2165,3592,23.775408197267577
MA,09156,SÃO FRANCISCO DO MARANHÃO,0021,36,9159,6895,1033,5660,67.10659898477158,2026-10-04 18:12:42,2026-10-04 21:16:40,6752,722,5811,75.37026066350711
MA,09130,SÃO FÉLIX DE BALSAS,0062,17,4224,3138,1005,1987,31.293817718291905,2026-10-04 18:16:10,2026-10-04 19:22:12,2917,626,2223,54.74802879670895
MA,08893,SÃO JOSÉ DE RIBAMAR,0047,403,131324,105538,36443,61232,23.488222251700808,2026-10-04 18:10:51,2026-10-04 21:59:00,91840,28838,56572,30.198170731707318
MA,08362,SÃO JOSÉ DOS BASÍLIOS,0054,26,6388,5029,920,3950,60.25054682839531,2026-10-04 17:32:43,2026-10-04 19:29:36,4845,646,4069,70.6501547987616
MA,09172,SÃO JOÃO BATISTA,0063,80,20103,14635,2214,12009,66.9285958319098,2026-10-04 17:36:03,2026-10-04 20:15:30,14198,1751,11988,72.10170446541767
MA,08303,SÃO JOÃO DO CARÚ,0078,42,10141,7211,2140,4808,36.99902926085148,2026-10-04 17:31:44,2026-10-04 18:59:29,7121,1638,5229,50.42831063052942
MA,08320,SÃO JOÃO DO PARAÍSO,0046,33,8599,7073,3013,3697,9.670578255337198,2026-10-04 18:24:57,2026-10-04 19:28:55,6547,2246,4020,27.09638002138384
MA,08346,SÃO JOÃO DO SOTER,0006,52,14327,10607,1565,8738,67.62515320071651,2026-10-04 17:33:45,2026-10-04 19:32:17,10126,1128,8723,75.00493778392257
MA,09199,SÃO JOÃO DOS PATOS,0053,72,19533,14801,3700,10402,45.280724275386795,2026-10-04 17:53:54,2026-10-04 20:10:31,14511,2801,11060,56.91544345668803
MA,09210,SÃO LUÍS,0001,351,120181,97237,29509,59772,31.122926458035522,2026-10-04 17:28:21,2026-10-04 20:39:51,94933,26669,60195,35.31543298958213
MA,09210,SÃO LUÍS,0002,389,124520,102180,32169,61777,28.97631630456058,2026-10-04 17:30:41,2026-10-04 20:54:20,102779,29769,64202,33.50197997645434
MA,09210,SÃO LUÍS,0003,361,120725,97604,40551,48622,8.269128314413344,2026-10-04 17:33:46,2026-10-04 20:51:48,99528,38669,50746,12.134273772204807
MA,09210,SÃO LUÍS,0010,410,132551,107334,38159,60637,20.942105949652486,2026-10-04 17:27:44,2026-10-04 20:17:00,102652,33567,60603,26.337528737871644
MA,09210,SÃO LUÍS,0076,398,138059,112799,49925,52763,2.5159797515935427,2026-10-04 17:33:46,2026-10-04 20:10:31,112897,47179,54032,6.070134724571955
MA,09210,SÃO LUÍS,0089,364,125407,102168,38940,54027,14.766854592435989,2026-10-04 17:45:11,2026-10-04 20:56:06,98036,34287,55345,21.479864539556896
MA,08052,SÃO LUÍS GONZAGA DO MARANHÃO,0035,62,17211,12570,2181,10117,63.13444709626094,2026-10-04 18:44:24,2026-10-04 20:53:28,12352,1640,10370,70.67681347150258
MA,09237,SÃO MATEUS DO MARANHÃO,0084,105,30147,21873,5836,15258,43.07593837150825,2026-10-04 18:34:06,2026-10-04 21:00:45,20300,4386,15212,53.330049261083744
MA,08389,SÃO PEDRO DA ÁGUA BRANCA,0092,30,9693,6982,3052,3683,9.037525064451447,2026-10-04 18:18:43,2026-10-04 19:22:13,6883,2267,4384,30.75693738195554
MA,08400,SÃO PEDRO DOS CRENTES,0082,15,4689,3802,2477,1195,-33.71909521304577,2026-10-04 17:25:25,2026-10-04 20:51:24,3523,2065,1317,-21.231904626738576
MA,09253,SÃO RAIMUNDO DAS MANGABEIRAS,0034,51,15701,12177,4486,7163,21.98406832553174,2026-10-04 17:39:54,2026-10-04 20:51:23,11481,3246,7842,40.031356153645156
MA,08427,SÃO RAIMUNDO DO DOCA BEZERRA,0061,22,5160,3855,978,2738,45.654993514915695,2026-10-04 17:32:42,2026-10-04 21:01:30,3789,663,2944,60.20058062813407
MA,08443,SÃO ROBERTO,0061,19,4547,3442,811,2521,49.68041836141778,2026-10-04 17:41:13,2026-10-04 19:11:01,3458,576,2789,63.99652978600347
MA,09270,SÃO VICENTE FERRER,0063,61,16729,11642,2069,9148,60.8057034873733,2026-10-04 18:23:30,2026-10-04 20:46:20,11137,1689,9074,66.31049654305468
MA,09296,SÍTIO NOVO,0099,55,13984,11607,4420,6635,19.083311794606704,2026-10-04 17:32:52,2026-10-04 21:19:41,11055,3192,7300,37.15965626413388
MA,09334,TASSO FRAGOSO,0011,24,6854,5398,2390,2715,6.0207484253427195,2026-10-04 17:43:12,2026-10-04 19:31:54,5358,1677,3465,33.370660694288915
MA,09350,TIMBIRAS,0007,65,21254,14810,2776,11441,58.50776502363268,2026-10-04 17:21:55,2026-10-04 20:51:48,14236,2144,11445,65.33436358527676
MA,09377,TIMON,0019,402,124767,100929,28444,67010,38.21101962765905,2026-10-04 17:31:44,2026-10-04 20:53:28,92910,21167,66012,48.26714024324615
MA,08567,TRIZIDELA DO VALE,0009,56,16878,13429,4744,8059,24.68538238141336,2026-10-04 18:23:54,2026-10-04 20:15:30,12913,3744,8525,37.02470378688144
MA,08583,TUFILÂNDIA,0077,22,6051,4332,1024,3161,49.33056325023084,2026-10-04 18:17:31,2026-10-04 20:45:13,4265,734,3448,63.63423212192263
MA,09393,TUNTUM,0079,97,28443,21633,7114,13758,30.712337632320992,2026-10-04 17:36:02,2026-10-04 21:56:41,20712,5440,14414,43.32753959057551
MA,09415,TURIAÇU,0039,118,28166,22096,4502,16792,55.62092686459088,2026-10-04 17:21:55,2026-10-04 21:01:54,20684,3713,16307,60.88764262231677
MA,08605,TURILÂNDIA,0083,66,15977,11360,2773,8018,46.17077464788732,2026-10-04 17:30:04,2026-10-04 21:32:01,10681,1934,8384,60.38760415691414
MA,09431,TUTÓIA,0040,158,43215,32432,7838,23022,46.81795757276764,2026-10-04 17:36:02,2026-10-04 21:01:31,29129,5933,21378,53.02276082254797
MA,09458,URBANO SANTOS,0073,82,25803,19491,3826,15137,58.03191216458878,2026-10-04 17:21:55,2026-10-04 21:28:21,18508,2833,15150,66.54960017289821
MA,09474,VARGEM GRANDE,0050,112,32648,24399,5599,17844,50.18648305258412,2026-10-04 17:32:42,2026-10-04 23:11:41,23066,3747,18489,63.91225179918495
MA,09490,VIANA,0020,151,39769,30098,8910,19880,36.44760449199282,2026-10-04 17:43:13,2026-10-04 20:58:12,28873,7349,20355,45.0455442801233
MA,08621,VILA NOVA DOS MARTÍRIOS,0092,27,8903,6485,2666,3534,13.38473400154202,2026-10-04 18:23:55,2026-10-04 20:07:48,6212,2058,3864,29.072762395363814
MA,09539,VITORINO FREIRE,0049,84,22898,17791,5446,11621,34.70856050812208,2026-10-04 18:11:02,2026-10-04 21:12:44,17338,4335,12335,46.14142346291383
MA,09512,VITÓRIA DO MEARIM,0041,94,24683,18779,5409,12723,38.94776079663454,2026-10-04 17:45:11,2026-10-04 20:56:06,17798,4500,12677,45.94336442296887
MA,09717,ZÉ DOCA,0096,107,33014,25129,7316,16901,38.14318118508496,2026-10-04 17:51:34,2026-10-04 22:17:21,23789,5782,17096,47.55979654462146
MA,07005,ÁGUA DOCE DO MARANHÃO,0012,42,11520,8341,1493,6572,60.89197937897135,2026-10-04 17:37:37,2026-10-04 21:01:54,7986,1168,6530,67.14249937390433
MG,40010,ABADIA DOS DOURADOS,0096,21,5720,4374,2285,1742,-12.414266117969822,2026-10-04 20:05:06,2026-10-04 20:05:06,4378,1869,2228,8.200091365920512
MG,40037,ABAETÉ,0001,62,17445,13365,7518,4853,-19.940142162364385,2026-10-04 18:17:14,2026-10-04 18:47:53,13580,6504,6119,-2.8350515463917527
MG,40053,ABRE CAMPO,0002,40,12103,8920,3728,4657,10.414798206278027,2026-10-04 17:55:28,2026-10-04 19:16:23,8628,3139,5004,21.615669911914697
MG,40070,ACAIACA,0225,13,3518,2515,776,1577,31.848906560636184,2026-10-04 19:05:09,2026-10-04 19:11:09,2508,665,1702,41.34768740031898
MG,40150,AGUANIL,0064,13,4331,3096,1443,1367,-2.454780361757106,2026-10-04 20:27:25,2026-10-04 20:36:26,2943,1235,1500,9.004417261297995
MG,40215,AIMORÉS,0005,64,19149,13582,7590,5379,-16.27889854218819,2026-10-04 18:11:13,2026-10-04 20:58:29,13701,6976,6036,-6.860813079337275
MG,40231,AIURUOCA,0006,20,4838,3525,1634,1603,-0.8794326241134752,2026-10-04 17:57:26,2026-10-04 19:21:11,3715,1545,1914,9.93270524899058
MG,40258,ALAGOA,0306,9,2619,1965,1240,573,-33.9440203562341,2026-10-04 19:21:08,2026-10-04 19:21:08,1849,1091,606,-26.230394808004327
MG,40274,ALBERTINA,0013,10,3575,2674,1776,748,-38.44427823485415,2026-10-04 20:07:45,2026-10-04 20:07:45,2256,1416,707,-31.427304964539008
MG,40312,ALFENAS,0008,177,61027,43642,25475,15031,-23.931075569405618,2026-10-04 17:35:19,2026-10-04 20:02:14,44988,23542,18009,-12.29883524495421
MG,40002,ALFREDO VASCONCELOS,0025,18,6138,4701,1993,2215,4.722399489470326,2026-10-04 20:44:19,2026-10-04 20:47:27,4585,1564,2617,22.96619411123228
MG,40339,ALMENARA,0009,108,31120,21351,6331,14005,35.942110439792046,2026-10-04 17:22:31,2026-10-04 20:55:46,20825,5235,14645,45.18607442977191
MG,40355,ALPERCATA,0119,23,6064,4500,2117,2182,1.4444444444444444,2026-10-04 18:15:20,2026-10-04 18:33:49,4391,1772,2412,14.575267592803462
MG,40371,ALPINÓPOLIS,0010,47,16047,12001,6537,4443,-17.448545954503793,2026-10-04 18:15:03,2026-10-04 18:57:44,11946,5736,5271,-3.89251632345555
MG,40398,ALTEROSA,0019,42,12246,9286,5080,3615,-15.776437648072367,2026-10-04 18:28:25,2026-10-04 19:01:46,9229,4697,4062,-6.880485426373388
MG,41661,ALTO CAPARAÓ,0168,13,4564,3698,2512,1010,-40.61654948620876,2026-10-04 20:33:57,2026-10-04 20:50:48,3542,2385,1018,-38.594014680971206
MG,50695,ALTO JEQUITIBÁ,0168,28,7177,5521,3473,1767,-30.900199239268247,2026-10-04 18:32:19,2026-10-04 20:14:30,5421,3267,1897,-25.272090020291458
MG,40410,ALTO RIO DOCE,0011,34,10053,6727,2205,4069,27.70923145532927,2026-10-04 17:55:28,2026-10-04 19:32:01,7128,1602,5052,48.4006734006734
MG,40436,ALVARENGA,0089,19,4518,3462,1586,1710,3.5817446562680533,2026-10-04 19:07:15,2026-10-04 19:07:15,3316,1369,1823,13.691194209891435
MG,40452,ALVINÓPOLIS,0012,42,13098,9202,3095,5519,26.342099543577483,2026-10-04 18:16:13,2026-10-04 19:25:29,9761,2662,6437,38.674316156131546
MG,40479,ALVORADA DE MINAS,0262,16,4946,3109,981,1913,29.97748472177549,2026-10-04 18:44:51,2026-10-04 19:26:27,2931,598,2159,53.25827362674855
MG,40290,ALÉM PARAÍBA,0007,106,27004,19450,8346,9703,6.976863753213368,2026-10-04 18:17:15,2026-10-04 20:02:14,20701,8165,11157,14.45340804792039
MG,40495,AMPARO DO SERRA,0268,18,4531,3360,854,2298,42.976190476190474,2026-10-04 18:17:59,2026-10-04 19:08:51,3438,710,2551,53.54857475276324
MG,40517,ANDRADAS,0013,100,30179,21463,13467,6054,-34.5385081302707,2026-10-04 18:12:23,2026-10-04 18:57:43,22305,13251,7204,-27.110513337816634
MG,40550,ANDRELÂNDIA,0014,37,9886,6748,3036,3190,2.2821576763485476,2026-10-04 18:27:20,2026-10-04 18:48:53,6833,2544,3718,17.18132591833748
MG,41688,ANGELÂNDIA,0067,21,6879,4692,2302,2069,-4.965899403239557,2026-10-04 20:10:46,2026-10-04 20:10:46,4428,1793,2360,12.804878048780488
MG,40576,ANTÔNIO CARLOS,0024,33,9889,7248,2599,4036,19.826158940397352,2026-10-04 19:16:23,2026-10-04 20:15:04,7254,2134,4576,33.6641852770885
MG,40592,ANTÔNIO DIAS,0097,35,9101,6406,2883,3172,4.51139556665626,2026-10-04 18:25:04,2026-10-04 21:59:48,6417,2440,3493,16.40953716690042
MG,40614,ANTÔNIO PRADO DE MINAS,0111,9,1915,1493,661,711,3.348961821835231,2026-10-04 17:48:36,2026-10-04 17:48:36,1463,536,842,20.915926179084074
MG,40657,ARACITABA,0250,9,2839,1987,796,1061,13.336688475088073,2026-10-04 20:13:56,2026-10-04 20:13:56,1915,572,1185,32.010443864229764
MG,40690,ARAGUARI,0016,286,90272,66984,40252,20925,-28.85315896333453,2026-10-04 19:21:13,2026-10-04 19:21:13,66624,36783,24703,-18.13160422670509
MG,40711,ARANTINA,0014,9,2872,2095,751,1167,19.856801909307876,2026-10-04 19:21:12,2026-10-04 19:21:12,2050,538,1386,41.36585365853659
MG,40738,ARAPONGA,0107,24,6500,4914,1333,3282,39.66218966218966,2026-10-04 17:48:35,2026-10-04 19:30:33,4896,1045,3575,51.67483660130719
MG,40029,ARAPORÃ,0179,19,7006,5303,2786,2044,-13.992079954742598,2026-10-04 18:09:27,2026-10-04 18:09:27,4904,2192,2412,4.486133768352365
MG,40754,ARAPUÁ,0076,11,3487,2548,1704,703,-39.285714285714285,2026-10-04 18:42:16,2026-10-04 18:42:16,2333,1333,828,-21.645949421345907
MG,40797,ARAXÁ,0017,248,81839,59879,31626,21347,-17.166285342106583,2026-10-04 18:30:20,2026-10-04 20:17:33,59959,28179,25864,-3.8609716639703797
MG,40630,ARAÇAÍ,0206,10,2834,2103,944,998,2.5677603423680457,2026-10-04 18:55:56,2026-10-04 18:55:56,1883,657,1048,20.764737121614445
MG,40673,ARAÇUAÍ,0015,90,28297,18847,6666,11299,24.582161617233513,2026-10-04 19:23:49,2026-10-04 20:33:22,18049,5512,11733,34.46728350601141
MG,40770,ARAÚJOS,0298,21,6636,5313,3338,1557,-33.52155091285526,2026-10-04 18:59:19,2026-10-04 20:51:52,5068,2705,2003,-13.851617995264403
MG,40819,ARCEBURGO,0182,21,7685,5668,3193,1988,-21.25970359915314,2026-10-04 19:07:50,2026-10-04 19:07:50,5529,2843,2275,-10.273105444022427
MG,40835,ARCOS,0018,109,33540,24832,14028,8408,-22.63208762886598,2026-10-04 18:25:04,2026-10-04 20:36:56,24436,11953,10064,-7.730397773776396
MG,40851,AREADO,0019,39,11770,8584,4959,2900,-23.986486486486488,2026-10-04 18:25:58,2026-10-04 18:37:52,8745,4599,3400,-13.71069182389937
MG,40878,ARGIRITA,0161,12,3035,2360,807,1434,26.56779661016949,2026-10-04 19:12:08,2026-10-04 19:12:08,2239,607,1531,41.26842340330505
MG,41700,ARICANDUVA,0135,15,5172,3564,1263,2016,21.127946127946128,2026-10-04 19:03:23,2026-10-04 19:03:23,3205,849,2172,41.2792511700468
MG,40894,ARINOS,0320,48,14460,9895,4172,5115,9.530065689742294,2026-10-04 17:51:33,2026-10-04 20:43:37,9278,3210,5555,25.274843716318173
MG,40916,ASTOLFO DUTRA,0079,36,10808,8265,4028,3703,-3.9322444041137325,2026-10-04 18:55:25,2026-10-04 19:29:51,8354,3665,4266,7.194158486952358
MG,40932,ATALÉIA,0270,38,11033,7317,2507,4475,26.89626896268963,2026-10-04 19:29:52,2026-10-04 23:42:39,7320,2087,4923,38.743169398907106
MG,40959,AUGUSTO DE LIMA,0054,19,4467,2947,1234,1501,9.060061079063454,2026-10-04 19:13:08,2026-10-04 20:17:33,2843,1028,1615,20.64720365810763
MG,40096,AÇUCENA,0003,34,8227,5073,2061,2771,13.99566331559235,2026-10-04 19:13:39,2026-10-04 19:25:56,5225,1856,3124,24.267942583732058
MG,40975,BAEPENDI,0080,53,15621,11735,6905,3846,-26.067319982956967,2026-10-04 18:57:45,2026-10-04 20:20:05,11644,6702,4084,-22.483682583304706
MG,40991,BALDIM,0264,27,7093,5405,2492,2375,-2.1646623496762256,2026-10-04 20:53:09,2026-10-04 20:53:09,5327,2160,2670,9.573868969401165
MG,41017,BAMBUÍ,0021,65,19001,13270,6202,5851,-2.645064054257724,2026-10-04 18:50:07,2026-10-04 20:38:27,13777,5532,7173,11.911156274951006
MG,41033,BANDEIRA,0009,16,4576,2982,630,2237,53.89000670690812,2026-10-04 18:15:20,2026-10-04 19:16:24,2978,515,2329,60.913364674278036
MG,41050,BANDEIRA DO SUL,0222,18,5237,3944,2242,1359,-22.38843813387424,2026-10-04 20:13:56,2026-10-04 20:19:36,3963,2111,1554,-14.055008831693161
MG,41114,BARBACENA,0023,322,99361,73323,31062,35266,5.733535179957176,2026-10-04 19:25:56,2026-10-04 21:01:08,75241,28281,40846,16.699671721534802
MG,41130,BARRA LONGA,0225,24,5500,3865,1145,2513,35.394566623544634,2026-10-04 17:58:51,2026-10-04 19:08:51,4149,942,2971,48.903350204868644
MG,41173,BARROSO,0228,54,17476,12656,5110,6454,10.619469026548673,2026-10-04 21:00:25,2026-10-04 21:03:01,13122,4529,7550,23.022405121170554
MG,41076,BARÃO DE COCAIS,0022,76,24133,17714,7794,7920,0.7113017951902451,2026-10-04 18:33:49,2026-10-04 21:00:25,18501,6613,10079,18.734122479865952
MG,41092,BARÃO DE MONTE ALTO,0201,19,5613,4116,1535,2394,20.86977648202138,2026-10-04 20:39:57,2026-10-04 20:50:12,4124,1297,2663,33.12318137730359
MG,41190,BELA VISTA DE MINAS,0193,33,8231,6240,2305,3508,19.278846153846153,2026-10-04 19:13:09,2026-10-04 19:13:09,6222,1889,3902,32.35294117647059
MG,41211,BELMIRO BRAGA,0173,12,3228,2497,876,1470,23.788546255506606,2026-10-04 19:04:43,2026-10-04 20:41:25,2374,694,1532,35.299073294018534
MG,41238,BELO HORIZONTE,0026,237,92998,69286,31338,30966,-0.5369050024535982,2026-10-04 17:30:41,2026-10-04 19:29:52,73173,32692,31438,-1.7137468738469108
MG,41238,BELO HORIZONTE,0027,235,96539,71423,35634,28579,-9.877770466096356,2026-10-04 17:31:43,2026-10-04 19:21:08,74279,35702,30700,-6.734070194806069
MG,41238,BELO HORIZONTE,0028,261,105150,75741,34787,33566,-1.6120727215114667,2026-10-04 17:31:43,2026-10-04 19:23:18,81108,35282,37496,2.729693741677763
MG,41238,BELO HORIZONTE,0029,237,99656,72043,35119,29534,-7.7523145898977,2026-10-04 17:30:51,2026-10-04 19:01:46,76696,36029,31947,-5.322311463440075
MG,41238,BELO HORIZONTE,0030,290,102232,73803,35284,31135,-5.6217226941994225,2026-10-04 17:31:43,2026-10-04 18:32:16,79046,36392,33793,-3.287958910001771
MG,41238,BELO HORIZONTE,0031,317,128279,95393,46934,38213,-9.142180243833405,2026-10-04 17:31:43,2026-10-04 19:14:48,96766,45831,40170,-5.8501953165368
MG,41238,BELO HORIZONTE,0032,282,105775,78124,37645,32366,-6.7572064922431005,2026-10-04 17:31:43,2026-10-04 19:02:58,81662,38521,34278,-5.195807107344909
MG,41238,BELO HORIZONTE,0033,238,96387,69244,32667,29410,-4.70365663450985,2026-10-04 17:30:40,2026-10-04 19:23:17,71576,33921,28535,-7.524868671062926
MG,41238,BELO HORIZONTE,0034,296,111835,84055,42381,32650,-11.576943667836536,2026-10-04 17:31:42,2026-10-04 19:07:50,87413,43243,32822,-11.921567730200314
MG,41238,BELO HORIZONTE,0035,282,108138,77786,35244,34841,-0.518088087830715,2026-10-04 17:31:43,2026-10-04 19:21:12,82606,36236,36784,0.6633900685180253
MG,41238,BELO HORIZONTE,0036,229,92920,67132,33620,26443,-10.69087767383662,2026-10-04 17:31:43,2026-10-04 19:09:56,71707,34526,30058,-6.230911905392779
MG,41238,BELO HORIZONTE,0037,245,96075,68769,33603,28272,-7.7520394363739475,2026-10-04 17:31:43,2026-10-04 18:59:19,73239,34553,31339,-4.388372315296495
MG,41238,BELO HORIZONTE,0038,289,108892,78094,38863,31233,-9.770276845852434,2026-10-04 17:31:43,2026-10-04 19:03:23,82933,39332,35398,-4.743588197701759
MG,41238,BELO HORIZONTE,0039,296,127151,91727,45808,36558,-10.084271806556412,2026-10-04 17:24:52,2026-10-04 22:22:28,95342,45684,40035,-5.9249858404480715
MG,41238,BELO HORIZONTE,0331,250,102663,73985,35530,31077,-6.018787592079476,2026-10-04 17:30:41,2026-10-04 19:29:51,77169,35138,34642,-0.6427451437753502
MG,41238,BELO HORIZONTE,0332,298,117185,86873,41356,36011,-6.152659629574206,2026-10-04 17:31:43,2026-10-04 20:21:42,88277,40470,37529,-3.3315586166272078
MG,41238,BELO HORIZONTE,0333,319,138762,97374,45954,41128,-4.956148458520755,2026-10-04 17:31:43,2026-10-04 19:10:35,102812,45676,46949,1.2381823133486363
MG,41238,BELO HORIZONTE,0334,326,136329,99636,49193,40055,-9.171383837167289,2026-10-04 17:31:42,2026-10-04 19:22:25,104395,49877,44089,-5.544326835576417
MG,41254,BELO ORIENTE,0176,70,20697,14627,7209,6621,-4.019963081971696,2026-10-04 19:25:56,2026-10-04 20:54:32,14188,6172,7341,8.23935720327037
MG,41270,BELO VALE,0338,31,8588,6455,2728,3205,7.389620449264136,2026-10-04 17:55:28,2026-10-04 19:23:17,6143,2132,3569,23.392479244668728
MG,41297,BERILO,0177,38,8995,5630,1369,3957,45.96802841918295,2026-10-04 19:24:28,2026-10-04 20:46:26,5456,1137,4028,52.98753665689149
MG,41726,BERIZAL,0266,13,4307,3199,1009,1952,29.477961863082214,2026-10-04 21:57:23,2026-10-04 21:57:23,2969,740,1991,42.13539912428427
MG,41319,BERTÓPOLIS,0004,17,4066,2975,912,1961,35.260504201680675,2026-10-04 20:10:45,2026-10-04 20:56:25,2924,750,2069,45.109439124487004
MG,41335,BETIM,0316,559,170041,131229,63961,53644,-7.861829321262831,2026-10-04 18:45:19,2026-10-04 20:57:03,131182,59564,59865,0.2294522114314464
MG,41335,BETIM,0319,449,131553,100746,49048,41959,-7.036507652909297,2026-10-04 18:16:13,2026-10-04 20:16:06,101854,46313,46819,0.49678952225734874
MG,41351,BIAS FORTES,0024,12,3816,2660,817,1690,32.81954887218045,2026-10-04 21:22:54,2026-10-04 21:22:54,2793,626,1960,47.762262799856785
MG,41378,BICAS,0042,47,11578,8451,3887,3949,0.7336409892320436,2026-10-04 17:28:22,2026-10-04 17:48:36,8589,3470,4428,11.153801373850273
MG,41394,BIQUINHAS,0001,10,2682,1917,982,836,-7.6160667709963485,2026-10-04 21:01:06,2026-10-04 21:01:06,1869,772,958,9.951845906902086
MG,41416,BOA ESPERANÇA,0043,89,32515,23115,12418,9021,-14.696084793424184,2026-10-04 17:54:14,2026-10-04 19:05:09,23135,10598,10777,0.7737194726604711
MG,41432,BOCAINA DE MINAS,0306,14,4428,3196,1534,1360,-5.444305381727159,2026-10-04 18:15:03,2026-10-04 19:32:28,3338,1280,1782,15.038945476333133
MG,41459,BOCAIÚVA,0044,116,35646,26680,8117,16819,32.61619190404797,2026-10-04 17:39:15,2026-10-04 21:00:24,26876,6887,18570,43.470010418216994
MG,41475,BOM DESPACHO,0045,125,39052,28389,18173,7553,-37.408855542639756,2026-10-04 18:23:33,2026-10-04 21:09:59,28330,16382,9411,-24.606424285210025
MG,41491,BOM JARDIM DE MINAS,0240,23,6321,4727,2016,2288,5.754178125661096,2026-10-04 20:56:24,2026-10-04 20:56:24,4377,1485,2531,23.897646790038838
MG,41513,BOM JESUS DA PENHA,0195,11,3674,2807,1661,882,-27.752048450302816,2026-10-04 18:42:14,2026-10-04 19:04:00,2670,1457,974,-18.089887640449437
MG,41530,BOM JESUS DO AMPARO,0022,19,5181,3673,1377,1900,14.239041655322625,2026-10-04 19:32:00,2026-10-04 20:21:05,3736,1219,2229,27.03426124197002
MG,41572,BOM REPOUSO,0059,29,10209,7824,4238,3018,-15.593047034764826,2026-10-04 21:36:52,2026-10-04 21:36:52,7163,3206,3431,3.141141979617479
MG,41599,BOM SUCESSO,0046,51,15102,10298,4687,4823,1.3206447853952223,2026-10-04 18:28:23,2026-10-04 20:57:02,10868,4297,5664,12.578211262421789
MG,41610,BONFIM,0047,25,7317,5211,2255,2302,0.9019382076376895,2026-10-04 18:44:50,2026-10-04 19:11:39,5178,1850,2756,17.497103128621088
MG,41637,BONFINÓPOLIS DE MINAS,0329,22,5046,3538,1493,1722,6.472583380440927,2026-10-04 17:41:13,2026-10-04 18:18:44,3464,1260,1996,21.247113163972287
MG,41742,BONITO DE MINAS,0148,38,8624,5729,1086,4263,55.45470413684762,2026-10-04 18:32:19,2026-10-04 21:50:09,5441,815,4342,64.82264289652638
MG,41653,BORDA DA MATA,0227,45,13454,10089,5900,3275,-26.018435920309248,2026-10-04 18:57:44,2026-10-04 20:11:23,9839,5131,3691,-14.635633702612054
MG,41670,BOTELHOS,0055,40,12776,9179,4117,4353,2.5710861749645932,2026-10-04 18:13:51,2026-10-04 19:11:40,9363,3735,4964,13.126134785859232
MG,40045,BRASILÂNDIA DE MINAS,0151,38,12436,9176,4073,4395,3.5091543156059286,2026-10-04 21:01:09,2026-10-04 21:01:09,8709,3294,5056,20.23194396601217
MG,41718,BRASÍLIA DE MINAS,0050,95,27089,18798,5653,12141,34.51431003298223,2026-10-04 18:17:35,2026-10-04 20:59:41,18590,4795,12775,42.926304464766005
MG,41777,BRAZÓPOLIS,0051,41,12541,8814,4663,3305,-15.407306557749036,2026-10-04 20:57:03,2026-10-04 20:58:28,8990,4332,3689,-7.152391546162403
MG,41750,BRAÚNAS,0176,20,4386,2809,1171,1494,11.49875400498398,2026-10-04 19:12:35,2026-10-04 19:21:09,2879,1020,1703,23.72351510941299
MG,41793,BRUMADINHO,0052,107,35366,26295,12959,10586,-9.024529378208785,2026-10-04 18:11:13,2026-10-04 20:10:42,24455,10520,11438,3.7538335718666938
MG,41734,BRÁS PIRES,0261,15,4684,3108,1243,1651,13.127413127413128,2026-10-04 18:44:51,2026-10-04 19:02:57,3069,1051,1858,26.29521016617791
MG,41815,BUENO BRANDÃO,0183,25,8694,6270,4040,1663,-37.910685805422645,2026-10-04 21:01:07,2026-10-04 21:03:40,6396,3794,2028,-27.611006879299563
MG,41831,BUENÓPOLIS,0054,30,8547,5168,1985,2762,15.034829721362229,2026-10-04 18:12:07,2026-10-04 19:16:24,5044,1604,3064,28.94528152260111
MG,41769,BUGRE,0131,16,4366,3136,1671,1297,-11.926020408163266,2026-10-04 19:30:33,2026-10-04 20:39:57,3117,1414,1530,3.721527109400064
MG,41858,BURITIS,0324,66,20584,14829,8399,5572,-19.063996223615888,2026-10-04 18:26:28,2026-10-04 20:52:34,13703,6588,6318,-1.9703714515069692
MG,41874,BURITIZEIRO,0218,75,20491,14130,6277,6943,4.713375796178344,2026-10-04 17:21:56,2026-10-04 20:49:40,13571,5062,7642,19.01112666715791
MG,41785,CABECEIRA GRANDE,0280,18,5891,4256,2234,1680,-13.016917293233083,2026-10-04 21:01:06,2026-10-04 21:02:22,3945,1736,1977,6.108998732572877
MG,41890,CABO VERDE,0055,31,9574,7113,3393,3220,-2.432166455785182,2026-10-04 18:43:22,2026-10-04 19:03:59,7337,3138,3724,7.986915633092544
MG,41912,CACHOEIRA DA PRATA,0322,13,3473,2707,1267,1154,-4.174362763206502,2026-10-04 20:14:30,2026-10-04 20:14:30,2753,1109,1381,9.880130766436615
MG,41939,CACHOEIRA DE MINAS,0300,33,10111,7611,4410,2419,-26.15950597818946,2026-10-04 18:15:04,2026-10-04 18:41:17,7492,4092,2597,-19.954618259476774
MG,40533,CACHOEIRA DE PAJEÚ,0213,30,6975,4694,1503,2984,31.550916063059226,2026-10-04 18:25:59,2026-10-04 19:07:50,4728,1287,3231,41.11675126903553
MG,41955,CACHOEIRA DOURADA,0302,9,2798,1968,801,989,9.552845528455284,2026-10-04 18:16:14,2026-10-04 18:16:14,1825,528,1206,37.15068493150685
MG,41971,CAETANÓPOLIS,0206,31,8761,6728,3638,2479,-17.22651605231867,2026-10-04 18:29:13,2026-10-04 19:13:09,6609,3266,2756,-7.716749886518384
MG,41998,CAETÉ,0056,106,34347,24433,10061,11032,3.974133344247534,2026-10-04 18:44:51,2026-10-04 20:12:55,25470,9555,12904,13.14880251276011
MG,42013,CAIANA,0303,16,4437,3343,1486,1635,4.4570744839964105,2026-10-04 19:22:25,2026-10-04 20:07:50,3154,1193,1780,18.611287254280278
MG,42030,CAJURI,0282,17,4769,3636,1102,2310,33.223322332233224,2026-10-04 20:15:33,2026-10-04 20:15:33,3531,860,2503,46.530727839139054
MG,42056,CALDAS,0345,40,10805,7944,4607,2671,-24.370594159113796,2026-10-04 18:25:59,2026-10-04 19:25:29,8088,4279,3088,-14.725519287833828
MG,42072,CAMACHO,0296,15,3110,2393,1096,1181,3.55202674467196,2026-10-04 19:16:46,2026-10-04 19:21:10,2388,869,1383,21.52428810720268
MG,42099,CAMANDUCAIA,0058,51,18995,13118,7679,4556,-23.806982771763987,2026-10-04 18:36:17,2026-10-04 19:30:33,13027,6686,5491,-9.173255546173332
MG,42137,CAMBUQUIRA,0061,32,10157,6996,3437,3008,-6.132075471698113,2026-10-04 19:26:28,2026-10-04 19:26:28,7355,3227,3450,3.0319510537049625
MG,42110,CAMBUÍ,0059,65,22533,15989,8860,5482,-21.12702482957033,2026-10-04 19:05:09,2026-10-04 20:34:53,15842,7825,6242,-9.99242519883853
MG,42170,CAMPANHA,0061,36,12729,8971,5606,2706,-32.3263850183926,2026-10-04 18:44:31,2026-10-04 20:10:43,9081,5149,3234,-21.087985904636053
MG,42153,CAMPANÁRIO,0136,14,3378,2270,796,1392,26.255506607929515,2026-10-04 19:25:28,2026-10-04 20:32:26,2159,643,1413,35.664659564613245
MG,42196,CAMPESTRE,0222,58,16477,12228,7199,3891,-27.05266601243049,2026-10-04 20:16:06,2026-10-04 20:21:42,12509,6805,4457,-18.770485250619554
MG,42218,CAMPINA VERDE,0229,69,14505,10603,5723,4202,-14.344996699047439,2026-10-04 17:54:30,2026-10-04 18:59:18,10612,5048,5017,-0.29212212589521297
MG,41807,CAMPO AZUL,0050,17,4494,2991,760,2083,44.232698094282846,2026-10-04 20:50:50,2026-10-04 20:50:50,2742,488,2135,60.06564551422319
MG,42234,CAMPO BELO,0064,120,39354,27488,15633,9729,-21.47846332945285,2026-10-04 18:28:25,2026-10-04 19:09:28,28466,14632,11575,-10.739127380032318
MG,42250,CAMPO DO MEIO,0065,33,10449,7564,3261,3889,8.302485457429931,2026-10-04 19:10:35,2026-10-04 20:10:44,7365,2643,4310,22.63408010862186
MG,42277,CAMPO FLORIDO,0326,25,6473,4910,2540,2096,-9.04276985743381,2026-10-04 20:13:56,2026-10-04 20:30:16,4811,1973,2647,14.009561421741841
MG,42293,CAMPOS ALTOS,0327,34,10084,6672,3890,2237,-24.77517985611511,2026-10-04 17:51:34,2026-10-04 18:30:20,7029,3759,2818,-13.387395077535922
MG,42315,CAMPOS GERAIS,0065,62,20481,14491,7710,5690,-13.939686702090953,2026-10-04 18:16:13,2026-10-04 20:50:15,14866,7413,6428,-6.625857661778555
MG,42374,CANA VERDE,0216,17,4983,3795,1829,1695,-3.530961791831357,2026-10-04 19:12:08,2026-10-04 19:12:08,3713,1671,1850,4.820899542149205
MG,42331,CANAÃ,0107,18,4403,3476,986,2262,36.70886075949367,2026-10-04 18:28:24,2026-10-04 18:59:18,3373,709,2416,50.60776756596502
MG,42390,CANDEIAS,0296,42,11511,8329,4266,3411,-10.26533797574739,2026-10-04 18:09:28,2026-10-04 19:16:22,8480,3888,4020,1.5566037735849056
MG,41823,CANTAGALO,0257,11,3858,2530,832,1534,27.74703557312253,2026-10-04 19:25:55,2026-10-04 19:25:55,2451,563,1741,48.06201550387597
MG,42358,CANÁPOLIS,0302,27,8776,6262,2596,3266,10.699457042478441,2026-10-04 18:56:26,2026-10-04 19:16:25,6424,2195,3921,26.86799501867995
MG,42412,CAPARAÓ,0303,15,4641,3461,2024,1219,-23.259173649234324,2026-10-04 18:58:15,2026-10-04 20:11:23,3279,1775,1320,-13.876181762732541
MG,42439,CAPELA NOVA,0068,18,4746,3467,1239,1935,20.07499278915489,2026-10-04 19:32:00,2026-10-04 19:32:00,3369,979,2094,33.09587414663105
MG,42455,CAPELINHA,0067,94,31072,21867,10539,9706,-3.8093931494946722,2026-10-04 17:59:28,2026-10-04 20:40:57,20382,7616,11470,18.908841134334217
MG,42471,CAPETINGA,0127,18,5621,3907,1985,1597,-9.930893268492449,2026-10-04 19:14:47,2026-10-04 19:14:47,3983,1853,1839,-0.351493848857645
MG,42498,CAPIM BRANCO,0174,26,8469,6433,3379,2411,-15.047411782993937,2026-10-04 19:24:28,2026-10-04 19:29:51,6206,3083,2589,-7.960038672252659
MG,42510,CAPINÓPOLIS,0302,43,11606,8641,4129,3898,-2.6733017011919915,2026-10-04 17:29:31,2026-10-04 19:09:56,8615,3314,4891,18.305281485780615
MG,40061,CAPITÃO ANDRADE,0138,14,4057,2877,1485,1190,-10.253736531108794,2026-10-04 18:22:53,2026-10-04 21:33:58,2631,1224,1264,1.5203344735841886
MG,42536,CAPITÃO ENÉAS,0115,46,13076,9286,2801,5945,33.857419771699334,2026-10-04 18:18:00,2026-10-04 21:25:13,8950,2256,6269,44.83798882681564
MG,42552,CAPITÓLIO,0220,22,8244,5934,3618,1824,-30.232558139534884,2026-10-04 20:42:34,2026-10-04 20:51:21,5761,3171,2230,-16.33396979691026
MG,42579,CAPUTIRA,0002,28,7830,6131,2570,3284,11.645734790409396,2026-10-04 21:05:30,2026-10-04 21:05:30,5991,2138,3541,23.418461024870638
MG,42617,CARANAÍBA,0068,13,3454,2535,1033,1276,9.585798816568047,2026-10-04 20:07:50,2026-10-04 20:32:54,2449,835,1396,22.907309105757452
MG,42633,CARANDAÍ,0068,65,20681,15661,7394,7083,-1.9858246599833982,2026-10-04 18:15:04,2026-10-04 20:18:32,15862,6309,8401,13.188752994578238
MG,42650,CARANGOLA,0069,78,23082,17355,7936,8137,1.1581676750216077,2026-10-04 18:28:25,2026-10-04 19:23:48,18064,7390,9422,11.2488928255093
MG,42676,CARATINGA,0071,96,26986,20282,11062,7937,-15.407750714919633,2026-10-04 17:37:38,2026-10-04 20:48:57,21279,10818,9027,-8.416748907373467
MG,42676,CARATINGA,0072,114,33411,24753,12353,10777,-6.366905021613542,2026-10-04 17:57:26,2026-10-04 21:01:08,24583,11317,11731,1.6840906317373794
MG,42595,CARAÍ,0196,47,15521,9890,2546,6827,43.28614762386249,2026-10-04 21:06:34,2026-10-04 22:14:13,9040,1818,6720,54.22566371681416
MG,42692,CARBONITA,0135,29,8159,5558,2273,2789,9.28391507736596,2026-10-04 17:55:28,2026-10-04 19:25:29,5398,1656,3458,33.38273434605409
MG,42714,CAREAÇU,0253,16,5368,4035,2281,1509,-19.132589838909542,2026-10-04 21:01:09,2026-10-04 21:05:54,3878,1869,1711,-4.07426508509541
MG,42730,CARLOS CHAGAS,0073,54,16296,10604,4165,5856,15.946812523576009,2026-10-04 17:21:13,2026-10-04 20:51:21,10666,3668,6409,25.69848115507219
MG,42773,CARMO DA CACHOEIRA,0281,30,9450,6492,2726,3310,8.995686999383857,2026-10-04 17:36:03,2026-10-04 19:05:10,6834,2407,3788,20.207784606379864
MG,42790,CARMO DA MATA,0197,36,9616,7159,2917,3618,9.791870372957117,2026-10-04 18:25:01,2026-10-04 19:13:38,7432,2550,4287,23.371905274488697
MG,42811,CARMO DE MINAS,0259,32,9819,7203,3856,2866,-13.744273219491879,2026-10-04 18:23:32,2026-10-04 18:48:52,7475,3462,3448,-0.18729096989966554
MG,42838,CARMO DO CAJURU,0287,57,19084,14645,7916,5213,-18.456811198361216,2026-10-04 18:17:34,2026-10-04 19:05:09,14537,6747,6416,-2.2769484763018504
MG,42854,CARMO DO PARANAÍBA,0076,81,22245,16171,10621,4509,-37.79605466575969,2026-10-04 17:55:28,2026-10-04 19:07:48,15820,9356,5538,-24.13400758533502
MG,42870,CARMO DO RIO CLARO,0077,59,15908,11773,6702,3987,-23.06124182451372,2026-10-04 19:15:23,2026-10-04 20:38:28,11812,6068,4816,-10.599390450389434
MG,42757,CARMÉSIA,0113,10,2716,1844,670,1007,18.275488069414315,2026-10-04 19:23:48,2026-10-04 20:11:53,1703,567,1028,27.069876688197297
MG,42897,CARMÓPOLIS DE MINAS,0208,52,13900,11207,5807,4392,-12.626037298117248,2026-10-04 17:43:13,2026-10-04 19:05:09,10940,4801,5274,4.323583180987203
MG,40088,CARNEIRINHO,0142,26,7997,5943,3105,2543,-9.456503449436312,2026-10-04 17:41:58,2026-10-04 20:11:54,5939,2637,3032,6.650951338609193
MG,42919,CARRANCAS,0343,12,3441,2514,1213,1085,-5.0914876690533015,2026-10-04 20:50:48,2026-10-04 20:50:48,2645,1032,1375,12.967863894139887
MG,42951,CARVALHOS,0006,15,3994,2980,1450,1343,-3.5906040268456376,2026-10-04 19:13:09,2026-10-04 19:21:08,3018,1218,1520,10.006626905235255
MG,42935,CARVALHÓPOLIS,0164,12,3407,2542,1425,948,-18.76475216365067,2026-10-04 18:59:47,2026-10-04 18:59:47,2557,1344,1094,-9.777082518576456
MG,42978,CASA GRANDE,0088,10,3027,2355,1273,822,-19.150743099787686,2026-10-04 20:28:36,2026-10-04 20:33:57,2093,956,920,-1.720019111323459
MG,42994,CASCALHO RICO,0110,12,3773,2823,1602,1035,-20.08501594048884,2026-10-04 18:28:25,2026-10-04 19:07:49,2596,1328,1120,-8.012326656394453
MG,43052,CATAGUASES,0079,169,52112,37632,14298,20582,16.69855442176871,2026-10-04 18:17:35,2026-10-04 20:07:49,39577,13514,23298,24.721429112868584
MG,41840,CATAS ALTAS,0245,15,5156,3737,1462,1710,6.636339309606637,2026-10-04 18:28:23,2026-10-04 20:10:43,3658,1202,2047,23.10005467468562
MG,43079,CATAS ALTAS DA NORUEGA,0087,14,4149,2990,1077,1675,20.0,2026-10-04 20:12:29,2026-10-04 20:12:29,2866,759,1913,40.26517794836008
MG,40100,CATUJI,0196,27,8492,5824,1641,3945,39.56043956043956,2026-10-04 21:05:54,2026-10-04 21:14:51,5393,1114,4024,53.9588355275357
MG,41866,CATUTI,0226,17,4594,3399,931,2294,40.10002942041777,2026-10-04 21:29:10,2026-10-04 21:29:10,3135,707,2221,48.293460925039874
MG,43095,CAXAMBU,0080,52,17661,11949,5487,5437,-0.41844505816386307,2026-10-04 17:57:27,2026-10-04 19:21:13,12488,5246,6106,6.886611146700833
MG,43117,CEDRO DO ABAETÉ,0001,4,1420,990,529,393,-13.737373737373737,2026-10-04 18:40:00,2026-10-04 18:40:00,894,390,432,4.697986577181208
MG,43133,CENTRAL DE MINAS,0169,21,5637,4246,2186,1874,-7.348092322185586,2026-10-04 19:25:29,2026-10-04 19:25:29,4046,1895,1956,1.5076618882847257
MG,43150,CENTRALINA,0302,26,7672,5728,2226,3107,15.380586592178771,2026-10-04 19:21:10,2026-10-04 19:21:10,5632,1742,3638,33.66477272727273
MG,43192,CHALÉ,0158,17,5275,4161,2046,1942,-2.4993991828887285,2026-10-04 19:02:57,2026-10-04 19:22:25,4033,1764,2133,9.14951648896603
MG,43214,CHAPADA DO NORTE,0177,38,9254,5459,969,4207,59.31489283751603,2026-10-04 18:20:32,2026-10-04 22:36:49,5340,749,4354,67.50936329588015
MG,41882,CHAPADA GAÚCHA,0320,34,9589,6865,2702,3762,15.440640932265113,2026-10-04 17:58:51,2026-10-04 21:57:24,6259,1917,4070,34.39846620865953
MG,43230,CHIADOR,0170,14,3296,2465,1217,1046,-6.9371196754563895,2026-10-04 19:09:28,2026-10-04 19:21:10,2303,966,1179,9.24880590534086
MG,43176,CHÁCARA,0042,17,4371,3326,1494,1532,1.142513529765484,2026-10-04 17:52:45,2026-10-04 17:52:45,2980,1070,1725,21.97986577181208
MG,43257,CIPOTÂNEA,0011,18,5815,3649,1365,1985,16.990956426418197,2026-10-04 18:34:12,2026-10-04 18:47:55,3649,1001,2362,37.29788983283091
MG,43273,CLARAVAL,0127,14,5081,3901,2639,1004,-41.91233017175083,2026-10-04 18:37:18,2026-10-04 20:17:34,3604,2286,1087,-33.268590455049946
MG,43290,CLARO DOS POÇÕES,0184,32,7507,5515,2229,2890,11.98549410698096,2026-10-04 17:36:55,2026-10-04 21:13:26,5597,2045,3174,20.171520457387885
MG,43311,CLÁUDIO,0081,71,22834,17346,11132,4597,-37.67439179061455,2026-10-04 18:09:55,2026-10-04 20:05:06,16746,9597,5357,-25.319479278633704
MG,43338,COIMBRA,0282,20,6598,4982,1779,2754,19.570453633079083,2026-10-04 20:34:29,2026-10-04 20:39:57,4894,1507,2999,30.48630976706171
MG,43354,COLUNA,0257,25,6936,4480,1697,2468,17.209821428571427,2026-10-04 20:10:42,2026-10-04 20:10:42,4421,1279,2890,36.43971952047048
MG,43370,COMENDADOR GOMES,0297,9,2849,2182,1216,848,-16.86526122823098,2026-10-04 18:30:42,2026-10-04 18:30:42,2044,1068,874,-9.49119373776908
MG,43397,COMERCINHO,0175,26,6685,4449,958,3327,53.247920881096874,2026-10-04 18:23:33,2026-10-04 21:01:10,4409,805,3386,58.53935132683148
MG,43419,CONCEIÇÃO DA APARECIDA,0077,25,8307,6160,3198,2425,-12.5487012987013,2026-10-04 18:09:27,2026-10-04 19:12:08,6166,2890,2894,0.06487187804086929
MG,43036,CONCEIÇÃO DA BARRA DE MINAS,0328,12,3677,2809,1253,1299,1.6375934496262015,2026-10-04 20:45:21,2026-10-04 20:50:15,2890,1026,1636,21.10726643598616
MG,43451,CONCEIÇÃO DAS ALAGOAS,0082,61,20159,14881,7158,6964,-1.3036758282373497,2026-10-04 17:47:45,2026-10-04 18:42:16,14603,5793,8176,16.31856467849072
MG,43435,CONCEIÇÃO DAS PEDRAS,0099,11,2816,2070,1098,778,-15.458937198067632,2026-10-04 20:13:56,2026-10-04 20:13:56,2017,829,933,5.156172533465543
MG,43478,CONCEIÇÃO DE IPANEMA,0129,16,4497,3356,1544,1669,3.7246722288438616,2026-10-04 18:56:25,2026-10-04 22:06:54,3178,1238,1830,18.628067967275015
MG,43494,CONCEIÇÃO DO MATO DENTRO,0083,73,19793,13041,4443,7457,23.111724560999924,2026-10-04 18:29:14,2026-10-04 20:57:02,12405,3255,8367,41.20918984280532
MG,43516,CONCEIÇÃO DO PARÁ,0219,17,5489,4079,2586,1147,-35.27825447413582,2026-10-04 20:17:05,2026-10-04 20:51:52,3868,2249,1329,-23.784901758014477
MG,43532,CONCEIÇÃO DO RIO VERDE,0080,37,10403,7308,3035,3796,10.413245758073344,2026-10-04 19:04:44,2026-10-04 19:21:10,7514,2761,4281,20.22890604205483
MG,43559,CONCEIÇÃO DOS OUROS,0300,34,9042,7186,4313,2290,-28.15196214862232,2026-10-04 18:58:15,2026-10-04 19:02:25,6928,3801,2440,-19.644919168591223
MG,41920,CONFINS,0215,23,7057,5546,3021,2015,-18.13919942300757,2026-10-04 19:07:51,2026-10-04 19:12:08,5348,2649,2253,-7.404637247569185
MG,43575,CONGONHAL,0227,30,9730,7521,4684,2285,-31.89735407525595,2026-10-04 20:24:18,2026-10-04 20:59:41,7318,4080,2602,-20.196775075157145
MG,43591,CONGONHAS,0085,126,43886,32436,14653,14236,-1.285608583055864,2026-10-04 18:44:51,2026-10-04 20:47:57,32939,13048,16486,10.437475333191657
MG,43613,CONGONHAS DO NORTE,0083,16,4429,2799,792,1792,35.72704537334762,2026-10-04 20:51:20,2026-10-04 20:51:20,2647,561,1952,52.55005666792595
MG,43630,CONQUISTA,0326,20,5471,4237,2063,1914,-3.5166391314609395,2026-10-04 19:23:49,2026-10-04 19:29:53,4208,1817,2070,6.012357414448669
MG,43656,CONSELHEIRO LAFAIETE,0087,308,94215,73456,30818,34018,4.356349379220213,2026-10-04 18:33:20,2026-10-04 20:41:26,76236,27796,40769,17.016894905294087
MG,43672,CONSELHEIRO PENA,0089,63,15714,11546,6474,4427,-17.729083665338646,2026-10-04 17:49:48,2026-10-04 21:46:23,11302,5868,4790,-9.53813484339055
MG,43699,CONSOLAÇÃO,0205,7,2032,1448,818,516,-20.85635359116022,2026-10-04 19:05:09,2026-10-04 19:05:09,1359,625,600,-1.839587932303164
MG,43710,CONTAGEM,0090,309,115601,87664,42574,36005,-7.493383829165906,2026-10-04 18:26:55,2026-10-04 20:51:52,88350,40566,39497,-1.2099603848330505
MG,43710,CONTAGEM,0091,336,104799,81354,40864,31898,-11.020970081372766,2026-10-04 18:28:27,2026-10-04 19:11:11,83483,40050,34818,-6.267144209000635
MG,43710,CONTAGEM,0093,361,115761,89922,44600,35588,-10.022019083205445,2026-10-04 17:36:03,2026-10-04 19:29:54,91682,43258,38661,-5.014070373682948
MG,43710,CONTAGEM,0313,353,127305,96342,50601,36105,-15.04639720993959,2026-10-04 18:28:23,2026-10-04 19:29:51,95926,47808,38540,-9.661614160915706
MG,43737,COQUEIRAL,0192,26,7797,5653,2888,2276,-10.826110030072527,2026-10-04 19:04:43,2026-10-04 19:04:43,5684,2664,2551,-1.988036593947924
MG,43753,CORAÇÃO DE JESUS,0094,81,21928,15191,4008,10327,41.59699822263182,2026-10-04 18:16:14,2026-10-04 21:05:54,14926,3200,10933,51.80892402519094
MG,43770,CORDISBURGO,0206,24,6880,5185,2310,2520,4.050144648023144,2026-10-04 20:54:31,2026-10-04 20:54:31,5389,2096,2914,15.179068472814993
MG,43796,CORDISLÂNDIA,0253,12,2969,2186,986,1099,5.169258920402561,2026-10-04 19:13:09,2026-10-04 21:01:09,2053,799,1110,15.148563078421821
MG,43818,CORINTO,0095,71,19765,13132,5359,6787,10.874200426439232,2026-10-04 17:36:54,2026-10-04 20:50:15,13474,4774,7866,22.947899658601752
MG,43834,COROACI,0212,30,7969,5668,2362,3029,11.767819336626676,2026-10-04 19:13:09,2026-10-04 19:13:09,5359,1909,3145,23.064004478447472
MG,43850,COROMANDEL,0096,72,24503,18159,11001,5748,-28.927804394515118,2026-10-04 18:37:51,2026-10-04 19:22:52,17677,9176,7080,-11.857215590880806
MG,43877,CORONEL FABRICIANO,0097,262,79951,57433,32048,21203,-18.882872216321626,2026-10-04 17:58:51,2026-10-04 20:30:47,59567,31812,24069,-12.998808064868133
MG,43893,CORONEL MURTA,0015,23,7295,5184,1530,3450,37.03703703703704,2026-10-04 21:10:31,2026-10-04 21:15:51,5046,1066,3786,53.90408244153785
MG,43915,CORONEL PACHECO,0235,16,3068,2355,997,1194,8.365180467091296,2026-10-04 19:08:20,2026-10-04 19:30:34,2230,820,1247,19.14798206278027
MG,43931,CORONEL XAVIER CHAVES,0232,14,3179,2383,932,1237,12.798992866135125,2026-10-04 18:26:26,2026-10-04 18:44:49,2266,669,1396,32.08296557811121
MG,44016,COUTO DE MAGALHÃES DE MINAS,0101,14,3916,2606,597,1825,47.12202609363008,2026-10-04 20:56:25,2026-10-04 20:58:29,2573,477,1938,56.78196657598134
MG,44032,CRISTAIS,0064,25,8667,6277,3339,2463,-13.95571132706707,2026-10-04 19:25:56,2026-10-04 20:36:26,6251,2813,3007,3.103503439449688
MG,44075,CRISTIANO OTONI,0088,16,4448,3390,1681,1415,-7.846607669616519,2026-10-04 19:07:50,2026-10-04 19:21:44,3357,1462,1595,3.9618707179028894
MG,44091,CRISTINA,0099,26,8297,5808,3196,2076,-19.28374655647383,2026-10-04 18:50:08,2026-10-04 18:50:08,5953,3102,2336,-12.867461783974466
MG,44059,CRISTÁLIA,0120,18,5202,3500,976,2363,39.628571428571426,2026-10-04 18:12:06,2026-10-04 18:44:50,3408,769,2467,49.82394366197183
MG,41963,CRISÓLITA,0004,19,4714,3114,1028,1927,28.86962106615286,2026-10-04 18:38:13,2026-10-04 20:10:44,3180,706,2330,51.069182389937104
MG,44113,CRUCILÂNDIA,0047,15,5672,4026,2088,1535,-13.73571783407849,2026-10-04 19:11:39,2026-10-04 19:22:52,3915,1779,1806,0.6896551724137931
MG,44130,CRUZEIRO DA FORTALEZA,0211,13,4351,3352,2032,1055,-29.146778042959426,2026-10-04 20:10:43,2026-10-04 20:10:43,3088,1580,1319,-8.452072538860104
MG,44156,CRUZÍLIA,0346,37,12917,9305,4007,4528,5.599140247178936,2026-10-04 18:16:12,2026-10-04 19:03:22,9521,3622,5206,16.636907887826908
MG,41980,CUPARAQUE,0089,16,3950,2993,1826,1028,-26.662211827597726,2026-10-04 20:36:26,2026-10-04 20:51:21,2779,1564,1083,-17.308384310903204
MG,44172,CURVELO,0100,203,61304,43610,20834,18959,-4.299472598027975,2026-10-04 17:54:31,2026-10-04 21:01:10,43599,17903,22169,9.78462808780018
MG,43010,CÁSSIA,0078,39,13923,9279,4684,3791,-9.623881883823687,2026-10-04 17:27:45,2026-10-04 17:59:28,9950,4566,4609,0.4321608040201005
MG,43958,CÓRREGO DANTA,0163,14,3391,2293,1177,965,-9.24552987352813,2026-10-04 18:23:32,2026-10-04 18:37:18,2193,1050,1016,-1.550387596899225
MG,43974,CÓRREGO DO BOM JESUS,0059,15,4380,3195,1774,1166,-19.029733959311425,2026-10-04 19:29:51,2026-10-04 20:34:53,3086,1484,1290,-6.2864549578742706
MG,41947,CÓRREGO FUNDO,0114,19,5391,4186,2416,1182,-29.479216435738174,2026-10-04 19:13:39,2026-10-04 19:13:39,4013,1897,1598,-7.450784948916023
MG,43990,CÓRREGO NOVO,0072,16,3921,2772,1063,1602,19.444444444444443,2026-10-04 19:32:29,2026-10-04 19:32:29,2573,813,1657,32.80217644772639
MG,41904,CÔNEGO MARINHO,0148,28,6340,4522,786,3425,58.359133126934985,2026-10-04 18:13:51,2026-10-04 20:30:47,4218,564,3391,67.02228544333808
MG,44199,DATAS,0262,18,5139,3499,828,2467,46.841954844241215,2026-10-04 20:54:30,2026-10-04 20:54:30,3489,678,2603,55.173402120951565
MG,44210,DELFIM MOREIRA,0134,22,6363,4830,2637,1816,-16.99792960662526,2026-10-04 19:25:29,2026-10-04 20:48:29,5031,2483,2107,-7.473663287616776
MG,44237,DELFINÓPOLIS,0078,20,6314,4509,2458,1737,-15.990241738744732,2026-10-04 19:29:53,2026-10-04 19:29:53,4383,2152,1947,-4.677161761350673
MG,42021,DELTA,0276,25,7483,5480,2400,2717,5.7846715328467155,2026-10-04 19:04:44,2026-10-04 19:08:52,5096,1731,3125,27.354788069073784
MG,44253,DESCOBERTO,0258,13,4548,3430,1406,1698,8.513119533527696,2026-10-04 18:37:53,2026-10-04 19:21:13,3411,1160,1943,22.95514511873351
MG,44270,DESTERRO DE ENTRE RIOS,0106,22,6445,4704,2762,1533,-26.12670068027211,2026-10-04 21:01:08,2026-10-04 21:02:23,4522,2336,1718,-13.666519239274658
MG,44296,DESTERRO DO MELO,0025,14,4211,3252,1552,1424,-3.936039360393604,2026-10-04 20:12:55,2026-10-04 20:12:55,2831,1066,1496,15.188979159307666
MG,44318,DIAMANTINA,0101,132,38586,26948,8152,16583,31.286180792637673,2026-10-04 18:10:52,2026-10-04 20:59:41,27084,7167,17923,39.713483975779056
MG,44334,DIOGO DE VASCONCELOS,0171,16,3860,2679,709,1814,41.24673385591639,2026-10-04 20:55:12,2026-10-04 20:55:12,2793,524,2089,56.032939491586106
MG,44350,DIONÍSIO,0251,29,6910,4589,1809,2536,15.842231422967966,2026-10-04 18:39:13,2026-10-04 19:14:12,4614,1701,2686,21.348071087993066
MG,44393,DIVINO,0070,48,16044,11174,4774,5863,9.745838553785573,2026-10-04 17:53:55,2026-10-04 20:05:06,11290,4288,6492,19.521700620017715
MG,44415,DIVINO DAS LARANJEIRAS,0117,16,4710,3342,1672,1477,-5.834829443447037,2026-10-04 18:57:45,2026-10-04 20:54:31,3034,1392,1475,2.7356624917600527
MG,44431,DIVINOLÂNDIA DE MINAS,0283,19,6375,4281,1860,2096,5.512730670404111,2026-10-04 20:11:53,2026-10-04 20:33:21,3903,1372,2310,24.032795285677683
MG,44377,DIVINÉSIA,0261,17,5015,3819,1277,2293,26.6038229903116,2026-10-04 18:47:54,2026-10-04 19:02:57,3526,939,2381,40.89619965967101
MG,44458,DIVINÓPOLIS,0102,282,99530,77273,43497,27291,-20.972396568012112,2026-10-04 18:24:01,2026-10-04 19:23:18,77969,40182,31117,-11.62641562672344
MG,44458,DIVINÓPOLIS,0103,219,72175,55126,27981,22112,-10.646518884011174,2026-10-04 18:14:10,2026-10-04 19:07:16,55709,25486,25445,-0.07359672584322102
MG,40126,DIVISA ALEGRE,0213,15,5228,3648,1373,2047,18.475877192982455,2026-10-04 21:01:08,2026-10-04 21:01:08,3625,1141,2248,30.53793103448276
MG,44474,DIVISA NOVA,0055,15,5108,3708,1753,1712,-1.1057173678532901,2026-10-04 20:27:25,2026-10-04 20:32:26,3740,1596,1901,8.155080213903743
MG,40142,DIVISÓPOLIS,0213,19,7088,4976,1853,2889,20.819935691318328,2026-10-04 20:37:56,2026-10-04 20:48:29,4773,1387,3141,36.74837628326
MG,42048,DOM BOSCO,0329,13,3779,2835,1656,1008,-22.857142857142858,2026-10-04 17:21:56,2026-10-04 18:28:26,2642,1307,1219,-3.330809992429977
MG,44490,DOM CAVATI,0267,20,4341,3313,1731,1380,-10.594627226079082,2026-10-04 18:25:02,2026-10-04 19:09:28,3172,1555,1473,-2.5851197982345524
MG,44512,DOM JOAQUIM,0083,18,4274,2802,960,1630,23.911491791577443,2026-10-04 20:16:06,2026-10-04 20:50:11,2822,843,1807,34.16017009213324
MG,44539,DOM SILVÉRIO,0012,15,4478,3196,1137,1836,21.871088861076345,2026-10-04 18:38:13,2026-10-04 19:21:09,3264,872,2124,38.3578431372549
MG,44555,DOM VIÇOSO,0099,9,3158,2441,1271,1010,-10.692339205243753,2026-10-04 20:55:12,2026-10-04 20:55:12,2325,1099,1039,-2.5806451612903225
MG,44571,DONA EUSÉBIA,0079,19,5779,4632,2154,2184,0.6476683937823834,2026-10-04 19:13:09,2026-10-04 19:31:30,4520,1848,2457,13.473451327433628
MG,44598,DORES DE CAMPOS,0228,27,8082,6339,3227,2540,-10.837671557027923,2026-10-04 20:57:04,2026-10-04 20:57:04,6247,2695,2952,4.113974707859772
MG,44610,DORES DE GUANHÃES,0121,20,5278,3480,1336,1962,17.988505747126435,2026-10-04 21:00:23,2026-10-04 21:00:23,3453,1103,2174,31.01650738488271
MG,44636,DORES DO INDAIÁ,0104,42,10109,7222,4269,2446,-25.242315148158404,2026-10-04 18:25:03,2026-10-04 18:32:18,7739,4145,3035,-14.342938364129733
MG,44652,DORES DO TURVO,0261,19,5453,3868,1519,2123,15.6153050672182,2026-10-04 18:20:33,2026-10-04 18:20:33,3793,1206,2333,29.712628526232535
MG,44679,DORESÓPOLIS,0220,7,2217,1474,867,514,-23.948439620081412,2026-10-04 18:47:54,2026-10-04 20:53:45,1496,726,681,-3.0080213903743314
MG,44695,DOURADOQUARA,0181,7,2127,1621,763,721,-2.5909932140653917,2026-10-04 19:00:18,2026-10-04 19:00:18,1588,567,885,20.025188916876573
MG,40169,DURANDÉ,0168,24,6586,4812,2114,2470,7.398171238570241,2026-10-04 18:57:46,2026-10-04 21:01:09,4810,1825,2740,19.022869022869024
MG,44717,ELÓI MENDES,0281,58,19976,14691,8279,5123,-21.482540330814786,2026-10-04 20:13:30,2026-10-04 20:13:30,15245,8197,5835,-15.493604460478846
MG,44733,ENGENHEIRO CALDAS,0267,30,7790,5675,2875,2560,-5.5506607929515415,2026-10-04 18:37:52,2026-10-04 19:07:17,5149,2241,2664,8.215187415032045
MG,44750,ENGENHEIRO NAVARRO,0044,19,6173,4473,1271,2920,36.86563827408898,2026-10-04 20:59:41,2026-10-04 20:59:41,4323,1006,3105,48.554244737450844
MG,40185,ENTRE FOLHAS,0072,20,5891,4383,2150,2073,-1.756787588409765,2026-10-04 20:12:29,2026-10-04 20:12:29,4227,1870,2181,7.357463922403596
MG,44776,ENTRE RIOS DE MINAS,0106,40,12811,9397,4146,4203,0.6065765669894647,2026-10-04 18:28:25,2026-10-04 20:19:36,9477,3389,5116,18.223066371214518
MG,44792,ERVÁLIA,0107,63,16479,12007,4244,6779,21.11268426751062,2026-10-04 19:22:53,2026-10-04 19:22:53,11778,3251,7731,38.0370181694685
MG,44814,ESMERALDAS,0108,187,56992,40645,17976,18840,2.1257227211219094,2026-10-04 17:21:56,2026-10-04 19:11:40,38825,15575,20127,11.724404378622022
MG,44830,ESPERA FELIZ,0303,61,18168,13289,6308,6041,-2.0091805252464443,2026-10-04 18:09:27,2026-10-04 20:25:25,13198,5661,6857,9.061979087740566
MG,44857,ESPINOSA,0109,103,23564,18018,6420,10628,23.354423354423353,2026-10-04 18:09:26,2026-10-04 22:00:32,17425,5243,11336,34.96700143472023
MG,44873,ESPÍRITO SANTO DO DOURADO,0164,16,5532,4084,2178,1645,-13.050930460333007,2026-10-04 20:54:30,2026-10-04 20:54:30,3924,1718,1908,4.841997961264016
MG,44890,ESTIVA,0300,34,9545,7377,4164,2556,-21.797478649857666,2026-10-04 17:55:28,2026-10-04 18:51:33,7258,3541,3016,-7.233397630201157
MG,44911,ESTRELA DALVA,0007,10,2914,2064,761,1179,20.251937984496124,2026-10-04 19:03:23,2026-10-04 20:10:43,2074,678,1275,28.784956605593056
MG,44938,ESTRELA DO INDAIÁ,0104,11,2723,1932,986,830,-8.074534161490684,2026-10-04 18:44:50,2026-10-04 18:57:43,2066,929,988,2.855759922555663
MG,44954,ESTRELA DO SUL,0110,20,5930,4443,1988,2209,4.974116587891064,2026-10-04 18:09:55,2026-10-04 18:57:44,4259,1545,2497,22.352664944822727
MG,44970,EUGENÓPOLIS,0111,31,8752,6716,3482,2877,-9.008338296605123,2026-10-04 17:30:04,2026-10-04 18:30:20,6957,3120,3482,5.203392266781659
MG,44997,EWBANK DA CÂMARA,0250,14,4497,3370,1239,1967,21.602373887240358,2026-10-04 19:12:08,2026-10-04 19:12:08,3324,953,2228,38.35740072202166
MG,45012,EXTREMA,0112,116,43712,30512,16484,10793,-18.651678028316727,2026-10-04 18:25:06,2026-10-04 19:29:53,26753,13154,11200,-7.30385377340859
MG,45039,FAMA,0008,11,3353,2348,1328,864,-19.761499148211243,2026-10-04 19:16:46,2026-10-04 19:16:46,2289,1090,1082,-0.34949759720401924
MG,45055,FARIA LEMOS,0069,13,3325,2529,998,1385,15.302491103202847,2026-10-04 18:29:14,2026-10-04 18:39:13,2451,819,1494,27.539779681762546
MG,45110,FELISBURGO,0149,17,5960,3867,1180,2471,33.38505301267132,2026-10-04 17:21:55,2026-10-04 19:23:18,3552,825,2498,47.10022522522522
MG,45136,FELIXLÂNDIA,0100,39,12556,8769,3634,4475,9.590603261489337,2026-10-04 20:10:44,2026-10-04 20:58:28,8289,2890,4686,21.66726987573893
MG,45071,FELÍCIO DOS SANTOS,0294,16,5047,3101,1015,1818,25.894872621734923,2026-10-04 18:17:15,2026-10-04 19:16:45,3133,908,1898,31.59910628790297
MG,45152,FERNANDES TOURINHO,0267,11,2576,1891,980,819,-8.514013749338973,2026-10-04 18:37:52,2026-10-04 19:09:56,1829,830,890,3.280481137233461
MG,45179,FERROS,0113,35,8590,5608,1866,3407,27.47860199714693,2026-10-04 18:34:36,2026-10-04 20:11:53,5789,1573,3847,39.28139575056141
MG,40207,FERVEDOURO,0069,28,8564,6555,2933,3311,5.766590389016018,2026-10-04 18:31:58,2026-10-04 19:08:20,6237,2310,3598,20.650953984287316
MG,45195,FLORESTAL,0172,22,6984,5179,2412,2127,-5.502992855763661,2026-10-04 19:14:11,2026-10-04 20:52:34,5025,2086,2436,6.965174129353234
MG,45217,FORMIGA,0114,180,54476,39787,22936,12491,-26.25229346268882,2026-10-04 17:57:26,2026-10-04 19:29:52,40580,21644,14754,-16.97880729423361
MG,45233,FORMOSO,0324,23,6282,4674,2064,2304,5.134788189987163,2026-10-04 19:08:20,2026-10-04 19:08:20,4274,1430,2632,28.123537669630323
MG,45250,FORTALEZA DE MINAS,0293,11,3215,2227,1177,835,-15.35698248765155,2026-10-04 19:12:34,2026-10-04 19:12:34,2193,1088,920,-7.660738714090288
MG,45276,FORTUNA DE MINAS,0322,11,3012,2386,978,1188,8.801341156747695,2026-10-04 20:15:33,2026-10-04 20:15:33,2192,719,1330,27.874087591240876
MG,45292,FRANCISCO BADARÓ,0177,30,7239,4337,1383,2670,29.674890477288447,2026-10-04 18:39:17,2026-10-04 20:13:56,4317,1023,3024,46.35163307852675
MG,45314,FRANCISCO DUMONT,0044,17,4726,3177,1230,1763,16.77683349071451,2026-10-04 18:34:39,2026-10-04 19:14:47,2980,974,1813,28.154362416107382
MG,45330,FRANCISCO SÁ,0115,86,19570,13957,4027,9160,36.77724439349431,2026-10-04 17:49:26,2026-10-04 20:51:20,13673,3222,9788,48.02164850435164
MG,40223,FRANCISCÓPOLIS,0165,16,5005,3243,1109,1982,26.919518963922293,2026-10-04 19:32:01,2026-10-04 19:32:01,3200,819,2233,44.1875
MG,45357,FREI GASPAR,0269,19,5965,4117,1525,2408,21.44765606023804,2026-10-04 18:22:54,2026-10-04 21:32:12,3677,1052,2475,38.70002719608377
MG,45373,FREI INOCÊNCIO,0119,28,6787,5113,2200,2670,9.19225503618228,2026-10-04 17:44:14,2026-10-04 19:02:58,4746,1796,2694,18.921196797302994
MG,42064,FREI LAGONEGRO,0135,12,3669,2560,853,1482,24.5703125,2026-10-04 18:51:33,2026-10-04 19:09:55,2432,668,1623,39.26809210526316
MG,45390,FRONTEIRA,0116,31,10748,7800,3750,3656,-1.205128205128205,2026-10-04 20:57:03,2026-10-04 20:58:29,7649,3218,4099,11.517845469996077
MG,49352,FRONTEIRA DOS VALES,0004,17,4372,3039,711,2145,47.18657453109576,2026-10-04 19:10:36,2026-10-04 20:10:44,2854,538,2156,56.69236159775753
MG,42080,FRUTA DE LEITE,0244,23,5143,2983,634,2115,49.64800536372779,2026-10-04 17:57:26,2026-10-04 20:14:30,2902,507,2254,60.19986216402481
MG,45411,FRUTAL,0116,125,42351,30172,17384,10858,-21.6293252021742,2026-10-04 18:17:34,2026-10-04 20:14:29,29698,15115,12801,-7.791770489595259
MG,45438,FUNILÂNDIA,0264,19,5397,3985,2088,1513,-14.429109159347552,2026-10-04 20:16:06,2026-10-04 20:25:54,3699,1704,1645,-1.5950256826169236
MG,45454,GALILÉIA,0117,20,5434,3748,1839,1734,-2.8014941302027747,2026-10-04 18:16:12,2026-10-04 18:44:29,3621,1677,1824,4.059652029826015
MG,42102,GAMELEIRAS,0180,20,4725,3649,1162,2319,31.70731707317073,2026-10-04 21:01:08,2026-10-04 21:39:31,3351,941,2249,39.033124440465535
MG,42129,GLAUCILÂNDIA,0184,14,4010,3128,964,2014,33.56777493606138,2026-10-04 20:10:46,2026-10-04 20:10:46,3024,744,2132,45.8994708994709
MG,42145,GOIABEIRA,0089,9,3104,2252,1344,825,-23.0461811722913,2026-10-04 21:01:09,2026-10-04 21:01:09,2165,1138,903,-10.854503464203233
MG,42161,GOIANÁ,0235,12,4491,3295,1479,1536,1.7298937784522004,2026-10-04 19:16:45,2026-10-04 19:16:45,3107,1236,1651,13.35693595107821
MG,45497,GONZAGA,0003,18,4583,2996,1243,1557,10.48064085447263,2026-10-04 21:00:25,2026-10-04 21:00:25,2924,987,1716,24.93160054719562
MG,45470,GONÇALVES,0205,15,4111,2925,1747,895,-29.128205128205128,2026-10-04 18:50:08,2026-10-04 18:50:08,2842,1523,987,-18.859957776213935
MG,45519,GOUVEIA,0101,35,10625,7272,2437,4310,25.756325632563257,2026-10-04 21:12:23,2026-10-04 21:12:23,7429,1878,5053,42.737918966213485
MG,45535,GOVERNADOR VALADARES,0118,208,59046,44451,28438,13164,-34.361431688825895,2026-10-04 17:55:46,2026-10-04 18:46:40,46168,29218,13935,-33.10301507537689
MG,45535,GOVERNADOR VALADARES,0119,215,61097,44054,24369,17051,-16.611431425069235,2026-10-04 17:32:43,2026-10-04 21:27:11,45220,23539,19030,-9.97125165855816
MG,45535,GOVERNADOR VALADARES,0318,238,73430,53778,31975,18548,-24.96745881215367,2026-10-04 18:17:16,2026-10-04 19:25:04,55321,31783,20374,-20.623271452070643
MG,45578,GRUPIARA,0110,7,1789,1375,734,542,-13.963636363636363,2026-10-04 18:44:30,2026-10-04 18:44:30,1246,574,596,1.7656500802568218
MG,45551,GRÃO MOGOL,0120,42,12003,7805,2254,5198,37.71941063420884,2026-10-04 17:57:26,2026-10-04 21:14:51,7871,1759,5697,50.03176216490916
MG,45594,GUANHÃES,0121,88,25045,15904,7012,7571,3.5148390342052314,2026-10-04 18:13:51,2026-10-04 19:29:52,16261,6333,8763,14.94373039788451
MG,45616,GUAPÉ,0122,37,10938,7679,4621,2327,-29.873681468941268,2026-10-04 17:57:26,2026-10-04 20:58:26,7875,4537,2881,-21.02857142857143
MG,45632,GUARACIABA,0225,32,8024,5707,1687,3539,32.4513755037673,2026-10-04 18:28:27,2026-10-04 20:58:29,5866,1431,4002,43.82884418683941
MG,42188,GUARACIAMA,0044,15,5315,4019,720,3123,59.79099278427469,2026-10-04 21:05:30,2026-10-04 21:05:30,3814,546,3102,67.0162558993183
MG,45675,GUARANI,0235,22,6718,4943,1718,2893,23.77098927776654,2026-10-04 19:25:29,2026-10-04 19:25:29,5237,1538,3405,35.65018140156578
MG,45659,GUARANÉSIA,0125,42,14892,10761,4435,5442,9.357866369296534,2026-10-04 18:51:33,2026-10-04 19:12:08,11139,4027,6312,20.5135110871712
MG,45691,GUARARÁ,0042,15,3674,2768,1248,1305,2.0592485549132946,2026-10-04 17:25:25,2026-10-04 17:35:03,2656,1042,1425,14.420180722891565
MG,45713,GUARDA-MOR,0295,20,6295,4525,2672,1580,-24.132596685082873,2026-10-04 19:23:48,2026-10-04 20:43:37,4214,1957,2025,1.6136687233032747
MG,45730,GUAXUPÉ,0125,111,39360,27848,13687,11785,-6.829933927032462,2026-10-04 17:55:45,2026-10-04 19:01:45,28311,12288,13672,4.888559217265374
MG,45756,GUIDOVAL,0275,27,6718,5238,2197,2751,10.576555937380679,2026-10-04 20:10:45,2026-10-04 20:32:27,5001,1704,2975,25.414917016596682
MG,45772,GUIMARÂNIA,0211,24,6658,5095,2958,1691,-24.867517173699706,2026-10-04 19:21:44,2026-10-04 19:21:44,5058,2382,2281,-1.996836694345591
MG,45799,GUIRICEMA,0284,25,7504,5645,2237,3005,13.604960141718335,2026-10-04 18:57:44,2026-10-04 20:50:12,5562,1837,3398,28.06544408486156
MG,45810,GURINHATÃ,0141,26,5083,3641,1991,1402,-16.176874485031586,2026-10-04 20:43:08,2026-10-04 20:49:40,3533,1620,1683,1.7831870931219926
MG,45837,HELIODORA,0159,17,5308,4084,1836,1758,-1.909892262487757,2026-10-04 19:22:52,2026-10-04 20:12:55,3980,1481,2078,15.0
MG,45853,IAPU,0128,26,8427,5969,3122,2541,-9.733623722566595,2026-10-04 19:16:24,2026-10-04 20:59:40,5953,2883,2817,-1.1086846967915336
MG,45870,IBERTIOGA,0024,16,4944,3664,1206,2191,26.883187772925766,2026-10-04 20:42:34,2026-10-04 20:49:41,3696,869,2595,46.6991341991342
MG,45918,IBIAÍ,0094,21,6806,4535,1192,3120,42.51378169790518,2026-10-04 22:06:54,2026-10-04 22:06:54,4299,862,3233,55.152361014189346
MG,42200,IBIRACATU,0255,21,5860,3956,860,2971,53.361981799797775,2026-10-04 20:57:03,2026-10-04 20:58:28,3812,710,2916,57.869884575026234
MG,45934,IBIRACI,0127,27,9469,6937,3930,2573,-19.561770217673345,2026-10-04 17:37:38,2026-10-04 18:34:40,6832,3637,2836,-11.72423887587822
MG,45950,IBIRITÉ,0288,152,53020,40036,18560,16949,-4.023878509341593,2026-10-04 18:15:20,2026-10-04 20:49:41,41355,17780,19723,4.698343610204328
MG,45950,IBIRITÉ,0351,201,69318,52488,24623,22400,-4.235253772290809,2026-10-04 18:37:21,2026-10-04 20:18:06,54365,23579,26351,5.098868757472639
MG,45977,IBITIÚRA DE MINAS,0013,11,3709,2723,1941,620,-48.51266984943077,2026-10-04 18:37:19,2026-10-04 18:37:19,2517,1649,711,-37.266587206992455
MG,45993,IBITURUNA,0046,9,2602,1927,984,828,-8.095485210171251,2026-10-04 19:05:09,2026-10-04 19:05:09,1904,784,949,8.665966386554622
MG,45896,IBIÁ,0126,58,16840,12030,6563,4647,-15.926849542809643,2026-10-04 18:23:32,2026-10-04 19:00:19,12094,5317,6019,5.804531172482222
MG,40240,ICARAÍ DE MINAS,0252,32,8823,6514,1990,4311,35.630948725821305,2026-10-04 18:16:12,2026-10-04 21:03:00,6044,1505,4313,46.45929847782925
MG,46019,IGARAPÉ,0041,100,35009,25495,12689,9974,-10.649146891547362,2026-10-04 18:25:06,2026-10-04 19:02:58,23825,10839,10933,0.3945435466946485
MG,46035,IGARATINGA,0287,25,8345,6329,3735,2111,-25.65966187391373,2026-10-04 17:55:28,2026-10-04 18:54:48,6233,3191,2678,-8.230386651692603
MG,46051,IGUATAMA,0018,25,6258,4438,2098,2058,-0.9013068949977467,2026-10-04 18:17:15,2026-10-04 18:51:33,4792,1932,2573,13.376460767946577
MG,46094,ILICÍNEA,0122,28,9938,7302,3635,3237,-5.450561490002739,2026-10-04 20:58:28,2026-10-04 20:58:28,7448,3241,3793,7.411385606874329
MG,42226,IMBÉ DE MINAS,0071,20,5725,4327,1865,2254,8.990062398890686,2026-10-04 18:37:53,2026-10-04 21:01:09,4076,1507,2383,21.491658488714425
MG,46116,INCONFIDENTES,0199,17,6559,4853,2711,1802,-18.73068205233876,2026-10-04 19:29:53,2026-10-04 19:29:53,4912,2458,2083,-7.634364820846906
MG,42242,INDAIABIRA,0266,21,6438,4361,1912,2280,8.438431552396239,2026-10-04 18:17:14,2026-10-04 20:59:40,3955,1561,2192,15.95448798988622
MG,46132,INDIANÓPOLIS,0016,16,5187,3930,1855,1785,-1.7811704834605597,2026-10-04 19:21:44,2026-10-04 19:21:44,3752,1537,2042,13.459488272921108
MG,46159,INGAÍ,0343,11,2824,2183,991,1043,2.3820430600091616,2026-10-04 19:01:20,2026-10-04 19:01:20,2035,718,1148,21.13022113022113
MG,46175,INHAPIM,0128,74,19666,14266,7661,5930,-12.133744567503154,2026-10-04 18:41:16,2026-10-04 22:35:08,14344,7134,6498,-4.433909648633575
MG,46191,INHAÚMA,0322,18,5730,4256,2145,1771,-8.787593984962406,2026-10-04 19:16:25,2026-10-04 19:16:25,4379,1843,2215,8.49509020324275
MG,46213,INIMUTABA,0100,22,6575,4551,1966,2195,5.031861129422105,2026-10-04 19:31:03,2026-10-04 20:51:52,4595,1527,2784,27.35582154515778
MG,40266,IPABA,0348,42,13853,9965,5081,4196,-8.881083793276467,2026-10-04 18:44:31,2026-10-04 20:10:43,9733,4501,4752,2.578855440254803
MG,46230,IPANEMA,0129,50,16009,11034,5573,4884,-6.244335689686424,2026-10-04 18:56:27,2026-10-04 21:22:24,10938,5008,5372,3.3278478698116656
MG,46256,IPATINGA,0130,195,62187,45750,27712,14563,-28.74098360655738,2026-10-04 18:48:53,2026-10-04 20:19:36,47059,27634,16062,-24.590407785970804
MG,46256,IPATINGA,0131,195,66000,47650,28883,15209,-28.696747114375654,2026-10-04 18:30:20,2026-10-04 20:39:57,49451,29136,17219,-24.09860265717579
MG,46256,IPATINGA,0348,153,48443,35137,21953,10676,-32.09437345248598,2026-10-04 18:16:12,2026-10-04 20:10:42,37204,22657,12016,-28.601763251263304
MG,46272,IPIAÇU,0141,13,3926,2686,1205,1331,4.690990320178704,2026-10-04 20:10:43,2026-10-04 20:10:43,2624,892,1606,27.210365853658537
MG,46299,IPUIÚNA,0345,24,7715,5876,3447,1994,-24.727705922396186,2026-10-04 18:34:37,2026-10-04 19:21:12,6084,3003,2641,-5.950032873109796
MG,46310,IRAÍ DE MINAS,0110,21,6872,5241,3134,1801,-25.43407746613242,2026-10-04 19:22:25,2026-10-04 19:22:25,4795,2393,2218,-3.6496350364963503
MG,46337,ITABIRA,0132,277,88413,67463,29588,30883,1.9195707276581238,2026-10-04 17:51:34,2026-10-04 21:28:37,69827,27203,35025,11.201970584444412
MG,46353,ITABIRINHA,0169,37,8908,6786,3363,3105,-3.801945181255526,2026-10-04 18:57:44,2026-10-04 18:57:44,5970,2664,3009,5.778894472361809
MG,46370,ITABIRITO,0133,135,45012,32578,14845,13370,-4.5275953097182144,2026-10-04 17:33:46,2026-10-04 20:07:49,32176,12009,16176,12.950646444554948
MG,46396,ITACAMBIRA,0184,25,4825,3494,796,2521,49.370349170005724,2026-10-04 17:24:52,2026-10-04 20:10:43,3389,581,2624,60.283269401003245
MG,46418,ITACARAMBI,0148,50,14164,9392,2908,6033,33.272998296422486,2026-10-04 17:59:28,2026-10-04 20:56:25,8823,2292,6166,43.90796781140202
MG,46434,ITAGUARA,0081,43,10982,8142,4135,3019,-13.706705969049374,2026-10-04 20:15:04,2026-10-04 20:24:18,8076,3602,3502,-1.2382367508667658
MG,46450,ITAIPÉ,0196,30,9564,6177,2249,3520,20.576331552533592,2026-10-04 22:06:54,2026-10-04 22:06:54,5633,1534,3743,39.21533818569146
MG,46477,ITAJUBÁ,0134,221,68385,51946,31458,15948,-29.857929388210835,2026-10-04 18:42:16,2026-10-04 20:10:45,54180,31321,17695,-25.14950166112957
MG,46493,ITAMARANDIBA,0135,85,26424,18758,7751,8824,5.720226036890926,2026-10-04 17:58:51,2026-10-04 20:40:57,17865,5899,10799,27.42793171004758
MG,46515,ITAMARATI DE MINAS,0079,14,3881,2920,1142,1568,14.58904109589041,2026-10-04 19:01:21,2026-10-04 19:09:56,2809,937,1709,27.48309006763973
MG,46531,ITAMBACURI,0136,65,18385,11790,4019,7168,26.70907548770144,2026-10-04 18:15:04,2026-10-04 20:58:28,11516,3338,7693,37.81695032997568
MG,46558,ITAMBÉ DO MATO DENTRO,0132,10,2720,1954,648,1165,26.458546571136132,2026-10-04 17:51:34,2026-10-04 20:52:34,1898,501,1221,37.93466807165437
MG,46574,ITAMOGI,0260,27,9062,6452,3466,2530,-14.507129572225667,2026-10-04 19:21:09,2026-10-04 19:21:09,6672,3225,2982,-3.6420863309352516
MG,46590,ITAMONTE,0306,36,12325,9079,5436,2935,-27.547086683555456,2026-10-04 18:15:04,2026-10-04 19:21:11,8985,4854,3371,-16.50528658875904
MG,46612,ITANHANDU,0137,36,12883,9491,4961,3542,-14.951006216415552,2026-10-04 17:51:33,2026-10-04 18:10:54,9457,4431,4072,-3.796129850904092
MG,46639,ITANHOMI,0138,33,9623,6634,3026,3242,3.255954175459753,2026-10-04 18:12:43,2026-10-04 20:35:25,6470,2607,3565,14.806800618238022
MG,46655,ITAOBIM,0175,54,16895,11217,4668,6035,12.18685923152358,2026-10-04 18:42:12,2026-10-04 21:09:23,11088,4077,6506,21.906565656565657
MG,46671,ITAPAGIPE,0297,33,10384,7660,4280,2767,-19.75195822454308,2026-10-04 18:16:13,2026-10-04 18:16:13,7643,3663,3417,-3.2186314274499543
MG,46698,ITAPECERICA,0139,72,17090,13414,6604,5723,-6.567765021619204,2026-10-04 17:36:02,2026-10-04 18:23:32,13621,5360,7222,13.670068276925337
MG,46710,ITAPEVA,0058,26,9518,6610,4198,1977,-33.60060514372164,2026-10-04 19:12:08,2026-10-04 19:12:08,6169,3469,2255,-19.67904036310585
MG,46736,ITATIAIUÇU,0140,38,12385,9062,5524,2773,-30.35753696755683,2026-10-04 19:32:00,2026-10-04 20:51:52,7780,4210,3008,-15.44987146529563
MG,46779,ITAVERAVA,0087,20,5696,4423,1811,2277,10.535835405833145,2026-10-04 19:32:00,2026-10-04 20:45:55,4319,1400,2591,27.57582773790229
MG,54453,ITAÚ DE MINAS,0293,35,12435,8859,4945,2966,-22.338864431651427,2026-10-04 19:07:16,2026-10-04 19:07:16,8884,4608,3419,-13.383610986042322
MG,46752,ITAÚNA,0140,232,70855,52844,33311,14521,-35.557489970479146,2026-10-04 18:17:35,2026-10-04 19:12:08,54045,31636,17554,-26.05606439078546
MG,46795,ITINGA,0015,39,11490,7829,1991,5602,46.12338740579895,2026-10-04 18:41:18,2026-10-04 22:23:00,7328,1445,5667,57.6146288209607
MG,46817,ITUETA,0233,19,5084,3824,2381,1301,-28.242677824267783,2026-10-04 19:23:18,2026-10-04 20:13:56,3612,2158,1287,-24.1140642303433
MG,46833,ITUIUTABA,0141,275,77491,55268,25059,25289,0.4161540131721792,2026-10-04 18:23:32,2026-10-04 21:01:43,56711,21868,31282,16.599954153515192
MG,46850,ITUMIRIM,0343,22,5825,4375,1989,1967,-0.5028571428571429,2026-10-04 18:23:32,2026-10-04 18:23:32,4421,1660,2304,14.566840081429541
MG,46876,ITURAMA,0142,86,30000,21294,10613,9402,-5.687047994740302,2026-10-04 17:47:46,2026-10-04 19:10:36,21890,9239,11617,10.863407948835084
MG,46892,ITUTINGA,0343,12,3559,2647,1198,1254,2.1156025689459765,2026-10-04 19:08:20,2026-10-04 19:08:20,2829,907,1716,28.596677271120537
MG,46914,JABOTICATUBAS,0143,51,16254,11792,5355,5241,-0.9667571234735414,2026-10-04 18:22:53,2026-10-04 20:58:27,11335,4555,5715,10.23378914865461
MG,46930,JACINTO,0144,32,9221,5940,2016,3705,28.434343434343436,2026-10-04 18:17:35,2026-10-04 19:25:04,6177,1866,4028,35.00080945442772
MG,46973,JACUTINGA,0013,52,19258,14164,10033,3173,-48.43264614515674,2026-10-04 20:40:58,2026-10-04 20:50:48,14020,9293,3682,-40.02139800285307
MG,46957,JACUÍ,0260,19,6410,4596,3065,1091,-42.95039164490861,2026-10-04 19:08:51,2026-10-04 19:08:51,4429,2820,1221,-36.102957778279524
MG,46990,JAGUARAÇU,0098,11,3209,2474,1311,1053,-10.428455941794665,2026-10-04 18:42:13,2026-10-04 18:58:14,2400,1161,1110,-2.125
MG,40304,JAMPRUCA,0136,15,4243,2961,1014,1844,28.031070584262075,2026-10-04 19:14:11,2026-10-04 19:14:11,2900,781,1996,41.89655172413793
MG,47015,JANAÚBA,0147,197,55304,40873,18164,20155,4.871186357742275,2026-10-04 18:13:50,2026-10-04 20:49:40,38802,15529,21150,14.486366682129788
MG,47031,JANUÁRIA,0148,191,51291,35071,8458,24776,46.52847081634399,2026-10-04 17:28:21,2026-10-04 21:17:39,33865,7199,24868,52.17481175254688
MG,47058,JAPARAÍBA,0156,11,3685,2937,1590,1018,-19.475655430711612,2026-10-04 20:10:42,2026-10-04 20:10:42,2776,1225,1241,0.5763688760806917
MG,42269,JAPONVAR,0050,29,8549,5981,1500,4222,45.510784149807726,2026-10-04 18:26:54,2026-10-04 20:51:20,5804,989,4519,60.82012405237767
MG,40282,JAÍBA,0063,91,27130,19531,8580,10039,7.4701756182479135,2026-10-04 18:34:37,2026-10-04 22:21:53,18320,6511,11109,25.09825327510917
MG,47074,JECEABA,0338,23,5837,4491,1883,2061,3.963482520596749,2026-10-04 18:25:06,2026-10-04 19:09:29,4564,1467,2708,27.19106047326906
MG,42285,JENIPAPO DE MINAS,0177,18,6076,3568,1036,2286,35.03363228699551,2026-10-04 19:08:52,2026-10-04 21:09:59,3490,767,2556,51.260744985673355
MG,47090,JEQUERI,0339,34,10390,7003,2287,4313,28.930458374982152,2026-10-04 18:13:51,2026-10-04 20:40:58,7134,1930,4797,40.187832912811885
MG,47112,JEQUITAÍ,0310,22,6548,4190,1303,2667,32.55369928400955,2026-10-04 21:03:40,2026-10-04 21:23:26,4259,1021,3006,46.60718478516083
MG,47139,JEQUITIBÁ,0264,24,5903,4502,2148,1916,-5.153265215459796,2026-10-04 17:57:26,2026-10-04 20:10:44,4381,1930,2092,3.697785893631591
MG,47155,JEQUITINHONHA,0149,59,18092,11700,2866,8358,46.94017094017094,2026-10-04 17:23:11,2026-10-04 20:15:04,11769,2462,8828,54.09125669130767
MG,47171,JESUÂNIA,0159,13,4445,3259,1705,1242,-14.206811905492483,2026-10-04 19:07:16,2026-10-04 19:22:25,3145,1477,1402,-2.384737678855326
MG,47210,JOANÉSIA,0176,23,5118,3429,1544,1694,4.374453193350831,2026-10-04 18:48:50,2026-10-04 19:07:14,3363,1287,1857,16.949152542372882
MG,47279,JOAQUIM FELÍCIO,0054,16,3756,2439,1069,1225,6.396063960639607,2026-10-04 19:11:39,2026-10-04 19:26:27,2350,854,1310,19.404255319148938
MG,47198,JOAÍMA,0149,40,11145,7139,1834,5021,44.64210673763832,2026-10-04 18:12:06,2026-10-04 20:58:26,6807,1433,5103,53.9150874100191
MG,47295,JORDÂNIA,0144,28,7734,5125,1962,2913,18.55609756097561,2026-10-04 17:59:28,2026-10-04 21:01:43,5041,1694,3128,28.446736758579647
MG,40924,JOSENÓPOLIS,0120,13,3576,2212,697,1424,32.86618444846293,2026-10-04 17:21:56,2026-10-04 18:36:18,2114,475,1554,51.0406811731315
MG,42307,JOSÉ GONÇALVES DE MINAS,0336,13,3806,2540,773,1579,31.73228346456693,2026-10-04 21:01:07,2026-10-04 21:01:07,2472,563,1740,47.61326860841424
MG,42323,JOSÉ RAYDAN,0247,15,4368,2755,1035,1575,19.600725952813068,2026-10-04 19:00:49,2026-10-04 20:36:27,2628,826,1650,31.354642313546425
MG,47236,JOÃO MONLEVADE,0150,216,61219,44190,21256,19003,-5.098438560760353,2026-10-04 18:28:24,2026-10-04 19:22:25,45264,19501,21601,4.639448568398728
MG,47252,JOÃO PINHEIRO,0151,129,38832,27501,15663,10009,-20.559252390822152,2026-10-04 18:29:13,2026-10-04 20:44:48,27221,13036,12791,-0.9000404099775908
MG,40320,JUATUBA,0172,79,25040,18102,8452,7798,-3.612860457408021,2026-10-04 18:44:29,2026-10-04 20:55:12,17186,7538,8171,3.683230536483184
MG,47333,JUIZ DE FORA,0152,307,101422,79562,33126,39242,7.687086800231266,2026-10-04 18:18:44,2026-10-04 19:29:49,80937,31862,41064,11.3693366445507
MG,47333,JUIZ DE FORA,0153,330,103354,79306,34208,37980,4.756260560361133,2026-10-04 18:14:09,2026-10-04 20:50:11,82260,32856,42381,11.579139314369074
MG,47333,JUIZ DE FORA,0315,300,88891,68012,27659,34339,9.82179615361995,2026-10-04 18:17:32,2026-10-04 20:07:45,72108,26972,39040,16.73600710046042
MG,47333,JUIZ DE FORA,0349,319,101790,78810,31971,39991,10.176373556655246,2026-10-04 18:28:23,2026-10-04 21:07:13,82153,30255,44563,17.416284250118682
MG,47350,JURAMENTO,0185,15,4669,3533,1202,2177,27.596943107840364,2026-10-04 21:13:26,2026-10-04 21:13:26,3479,930,2366,41.27622880137971
MG,47376,JURUAIA,0189,24,9242,7213,4476,2072,-33.32871204769167,2026-10-04 19:14:10,2026-10-04 19:21:10,7096,3907,2633,-17.95377677564825
MG,40940,JUVENÍLIA,0342,22,5569,3761,1327,2241,24.30204732783834,2026-10-04 18:17:35,2026-10-04 20:53:10,3650,1049,2438,38.054794520547944
MG,47392,LADAINHA,0270,41,12287,7403,2209,4853,35.715250574091584,2026-10-04 19:24:26,2026-10-04 21:29:10,7215,1640,5187,49.161469161469164
MG,47414,LAGAMAR,0230,21,6403,4806,2754,1766,-20.557636287973367,2026-10-04 20:57:40,2026-10-04 21:01:07,4811,2369,2125,-5.071710663063812
MG,47430,LAGOA DA PRATA,0156,107,37445,27120,16332,8554,-28.679941002949853,2026-10-04 18:09:27,2026-10-04 20:10:43,26955,14777,10022,-17.640511964385087
MG,47457,LAGOA DOS PATOS,0094,14,3774,2601,1028,1412,14.763552479815456,2026-10-04 19:21:09,2026-10-04 19:21:09,2485,836,1524,27.686116700201207
MG,47473,LAGOA DOURADA,0228,32,10425,8067,4044,3223,-10.177265402256106,2026-10-04 21:07:13,2026-10-04 21:15:51,7939,3466,3756,3.652853004156695
MG,47490,LAGOA FORMOSA,0330,53,15873,12404,7159,4301,-23.04095453079652,2026-10-04 20:37:26,2026-10-04 20:48:56,11482,5598,4961,-5.547813969691691
MG,40347,LAGOA GRANDE,0230,22,7611,5688,2808,2480,-5.766526019690577,2026-10-04 20:13:29,2026-10-04 20:48:29,5574,2159,3137,17.545748116254035
MG,47511,LAGOA SANTA,0157,175,54891,41528,23793,13679,-24.354652282797147,2026-10-04 17:49:25,2026-10-04 19:26:27,38128,20728,13752,-18.29626521191775
MG,47538,LAJINHA,0158,52,16637,12482,6740,5181,-12.489985579234098,2026-10-04 18:10:52,2026-10-04 20:39:27,11579,5529,5568,0.3368166508334053
MG,47554,LAMBARI,0159,50,17336,12518,7328,4210,-24.908132289503115,2026-10-04 17:57:26,2026-10-04 20:05:06,12674,7218,4533,-21.18510336121193
MG,47570,LAMIM,0087,11,3521,2577,770,1569,31.005044625533568,2026-10-04 19:32:00,2026-10-04 19:32:00,2643,580,1907,50.20809685962921
MG,47597,LARANJAL,0201,20,5921,4494,2286,1997,-6.430796617712506,2026-10-04 18:59:17,2026-10-04 19:10:35,4360,1996,2179,4.197247706422019
MG,47619,LASSANCE,0310,20,6216,4167,1542,2284,17.806575473962084,2026-10-04 19:29:51,2026-10-04 21:02:22,4010,1224,2577,33.74064837905237
MG,47635,LAVRAS,0160,213,75558,53276,26718,21474,-9.843081312410842,2026-10-04 18:41:16,2026-10-04 21:02:22,55315,24450,25243,1.4336075205640424
MG,47651,LEANDRO FERREIRA,0219,10,3322,2472,1462,845,-24.959546925566343,2026-10-04 20:24:55,2026-10-04 20:24:55,2532,1285,1063,-8.76777251184834
MG,40967,LEME DO PRADO,0336,15,4360,2926,819,1899,36.91045796308954,2026-10-04 20:59:40,2026-10-04 20:59:40,2774,620,1980,49.02667627974045
MG,47678,LEOPOLDINA,0161,132,40162,29048,11528,15286,12.937207380886807,2026-10-04 18:18:44,2026-10-04 19:08:19,30600,10855,17698,22.362745098039216
MG,47694,LIBERDADE,0006,17,4275,3265,1312,1726,12.679938744257274,2026-10-04 18:34:10,2026-10-04 18:37:51,3245,956,1953,30.724191063174114
MG,47716,LIMA DUARTE,0162,46,14497,10306,3278,6206,28.410634581797012,2026-10-04 18:12:05,2026-10-04 20:28:04,10688,2717,7229,42.21556886227545
MG,40363,LIMEIRA DO OESTE,0142,19,6632,5082,2461,2371,-1.770956316410862,2026-10-04 17:51:34,2026-10-04 19:13:10,4824,1964,2666,14.552238805970148
MG,40380,LONTRA,0255,26,8567,6041,1895,3842,32.22976328422447,2026-10-04 21:00:23,2026-10-04 22:05:01,5647,1247,4112,50.734903488578006
MG,40983,LUISBURGO,0070,18,5861,4450,2491,1632,-19.303370786516854,2026-10-04 21:31:31,2026-10-04 21:49:33,4213,2227,1647,-13.7669119392357
MG,41009,LUISLÂNDIA,0050,28,6783,4708,911,3584,56.77570093457944,2026-10-04 18:59:20,2026-10-04 20:49:41,4469,676,3633,66.16692772432312
MG,47732,LUMINÁRIAS,0343,16,4351,3366,1470,1621,4.486036838978015,2026-10-04 19:25:29,2026-10-04 19:25:29,3412,1250,1863,17.966002344665885
MG,47759,LUZ,0163,56,14672,10115,5713,3641,-20.484429065743946,2026-10-04 18:15:03,2026-10-04 18:40:00,10279,5320,4330,-9.63128709018387
MG,47775,MACHACALIS,0004,21,5799,4292,1629,2419,18.40633737185461,2026-10-04 20:13:55,2026-10-04 20:19:02,4222,1385,2654,30.056845097110376
MG,47791,MACHADO,0164,92,30436,21763,13011,7234,-26.545053531222717,2026-10-04 18:18:43,2026-10-04 19:17:24,22548,12612,8372,-18.804328543551534
MG,47813,MADRE DE DEUS DE MINAS,0014,16,4478,3397,1458,1676,6.4174271415955255,2026-10-04 20:40:27,2026-10-04 20:45:22,3403,1143,1989,24.860417278871584
MG,47830,MALACACHETA,0165,58,15507,10032,3776,5763,19.806618819776716,2026-10-04 18:16:13,2026-10-04 20:33:21,9723,2933,6271,34.33096780828962
MG,40401,MAMONAS,0109,24,6126,4890,1578,2990,28.87525562372188,2026-10-04 18:46:40,2026-10-04 20:54:37,4514,1190,3049,41.18298626495348
MG,47856,MANGA,0166,63,16127,10999,3883,6711,25.711428311664697,2026-10-04 17:54:14,2026-10-04 22:35:07,10796,3358,6995,33.6884031122638
MG,47872,MANHUAÇU,0167,181,62011,45688,25075,17692,-16.15960427245666,2026-10-04 18:57:46,2026-10-04 21:37:55,44770,22500,19359,-7.015858834040652
MG,47899,MANHUMIRIM,0168,60,17013,12067,5762,5574,-1.557968011933372,2026-10-04 17:48:35,2026-10-04 18:39:12,12343,5531,5988,3.702503443247185
MG,47910,MANTENA,0169,73,19156,14316,8400,5172,-22.548197820620285,2026-10-04 17:57:26,2026-10-04 19:11:10,14307,7830,5663,-15.146431816593276
MG,47953,MAR DE ESPANHA,0170,40,10443,7992,3980,3419,-7.01951951951952,2026-10-04 18:32:18,2026-10-04 20:40:27,7884,3369,3959,7.4835109081684426
MG,47937,MARAVILHAS,0219,18,6311,4980,2874,1616,-25.26104417670683,2026-10-04 21:01:06,2026-10-04 21:02:22,5045,2501,2147,-7.016848364717542
MG,47970,MARIA DA FÉ,0099,37,12214,9245,5267,3222,-22.120064899945916,2026-10-04 20:55:46,2026-10-04 20:55:46,9535,5257,3326,-20.251704247509178
MG,47996,MARIANA,0171,160,52424,37006,11762,21541,26.425444522509864,2026-10-04 18:13:50,2026-10-04 20:58:27,38113,9949,25076,39.68986959829979
MG,48011,MARILAC,0318,15,4681,3304,1303,1798,14.9818401937046,2026-10-04 20:54:32,2026-10-04 20:54:32,2949,885,1924,35.232282129535434
MG,48038,MARIPÁ DE MINAS,0042,12,3150,2365,1163,1026,-5.792811839323467,2026-10-04 17:23:11,2026-10-04 17:23:11,2303,1049,1113,2.7789839339991316
MG,48054,MARLIÉRIA,0098,17,4514,3351,1591,1556,-1.0444643390032826,2026-10-04 19:08:50,2026-10-04 20:12:29,3250,1377,1642,8.153846153846153
MG,48070,MARMELÓPOLIS,0134,10,3077,2276,1090,989,-4.437609841827768,2026-10-04 20:43:37,2026-10-04 20:48:29,2245,1005,1019,0.623608017817372
MG,48097,MARTINHO CAMPOS,0045,38,11161,8082,5071,2379,-33.30858698341994,2026-10-04 19:11:09,2026-10-04 19:11:09,8162,4384,3167,-14.91056113697623
MG,41041,MARTINS SOARES,0168,25,8197,6033,2812,2912,1.657550140891762,2026-10-04 18:41:16,2026-10-04 20:13:29,5817,2388,3185,13.701220560426336
MG,40428,MATA VERDE,0009,24,7529,5554,2357,2922,10.172848397551315,2026-10-04 19:14:47,2026-10-04 19:14:47,4860,1801,2780,20.144032921810698
MG,48119,MATERLÂNDIA,0242,18,4509,2660,635,1867,46.31578947368421,2026-10-04 17:37:37,2026-10-04 18:44:49,2580,503,1955,56.27906976744186
MG,48135,MATEUS LEME,0172,93,29334,20143,10122,7717,-11.9396316338182,2026-10-04 18:28:25,2026-10-04 20:52:34,19741,8957,9045,0.44577275720581533
MG,54313,MATHIAS LOBATO,0119,16,3363,2374,1001,1314,13.184498736310026,2026-10-04 17:57:26,2026-10-04 18:43:22,2291,811,1410,26.14578786556089
MG,48151,MATIAS BARBOSA,0173,36,11981,8960,3810,4471,7.377232142857143,2026-10-04 17:36:54,2026-10-04 19:12:07,9170,3603,4975,14.961832061068701
MG,40444,MATIAS CARDOSO,0063,28,7349,5326,1518,3616,39.391663537363875,2026-10-04 17:59:28,2026-10-04 22:06:15,4869,1209,3428,45.574039843910455
MG,48178,MATIPÓ,0002,43,15216,11301,5263,5578,2.787363950092912,2026-10-04 20:11:54,2026-10-04 21:31:00,10745,4403,5890,13.838994881340158
MG,48194,MATO VERDE,0180,41,10840,8497,3103,5025,22.619748146404614,2026-10-04 20:57:40,2026-10-04 20:57:40,8209,2757,5058,28.03021074430503
MG,48216,MATOZINHOS,0174,92,30120,21866,10341,9068,-5.821823836092563,2026-10-04 18:25:03,2026-10-04 19:29:52,22560,9629,10803,5.203900709219858
MG,48232,MATUTINA,0254,12,3386,2464,1440,848,-24.025974025974026,2026-10-04 19:09:56,2026-10-04 19:09:56,2389,1096,1123,1.1301799916282964
MG,48259,MEDEIROS,0021,11,3335,2459,1454,852,-24.48149654331029,2026-10-04 20:51:52,2026-10-04 20:51:52,2337,1276,897,-16.21737270004279
MG,48275,MEDINA,0175,54,16321,11206,3738,7026,29.341424237015886,2026-10-04 17:36:55,2026-10-04 21:03:01,10920,3111,7400,39.276556776556774
MG,48291,MENDES PIMENTEL,0117,20,4977,3514,1597,1727,3.699487763232783,2026-10-04 21:00:24,2026-10-04 21:00:24,3526,1383,1886,14.265456608054453
MG,48313,MERCÊS,0239,27,8100,6057,2148,3396,20.604259534422983,2026-10-04 19:14:47,2026-10-04 19:14:47,6420,1824,4165,36.46417445482866
MG,48330,MESQUITA,0176,21,5447,3520,1643,1678,0.9943181818181818,2026-10-04 18:25:03,2026-10-04 18:41:16,3611,1512,1884,10.301855441705898
MG,48356,MINAS NOVAS,0177,78,22788,13681,3576,9519,43.439807031649735,2026-10-04 18:00:38,2026-10-04 21:17:09,12976,2437,9977,58.10727496917386
MG,48372,MINDURI,0346,15,3240,2358,1107,1115,0.33927056827820185,2026-10-04 17:30:04,2026-10-04 18:09:29,2474,1048,1256,8.407437348423606
MG,48399,MIRABELA,0185,39,10866,8385,2521,5330,33.50029815146094,2026-10-04 19:21:11,2026-10-04 20:17:33,8164,2039,5721,45.10044096031357
MG,48410,MIRADOURO,0187,32,8125,6073,2649,3113,7.640375432241067,2026-10-04 20:53:44,2026-10-04 20:53:44,6218,2312,3597,20.665808941781922
MG,41068,MIRAVÂNIA,0166,14,4128,2588,672,1747,41.53786707882535,2026-10-04 18:43:21,2026-10-04 20:59:02,2460,506,1833,53.94308943089431
MG,48437,MIRAÍ,0187,41,10695,7900,4092,3298,-10.050632911392405,2026-10-04 20:15:33,2026-10-04 20:57:41,7731,3620,3656,0.46565774155995343
MG,48453,MOEDA,0338,19,5316,4078,1943,1734,-5.12506130456106,2026-10-04 20:57:02,2026-10-04 20:57:02,4013,1761,1867,2.641415399950162
MG,48470,MOEMA,0045,24,6829,5196,2900,1844,-20.323325635103927,2026-10-04 19:13:37,2026-10-04 19:13:37,4931,2355,2193,-3.285337659703914
MG,48496,MONJOLOS,0101,10,2627,1606,601,908,19.115815691158158,2026-10-04 18:15:19,2026-10-04 19:11:39,1537,468,981,33.37670787247885
MG,48518,MONSENHOR PAULO,0061,20,6960,5036,2609,2146,-9.193804606830819,2026-10-04 19:26:27,2026-10-04 20:16:33,5160,2281,2503,4.3023255813953485
MG,48534,MONTALVÂNIA,0342,55,13202,8893,2836,5627,31.384234791408975,2026-10-04 18:18:45,2026-10-04 20:07:50,8510,2283,5839,41.786133960047
MG,48550,MONTE ALEGRE DE MINAS,0179,52,15409,10678,5288,4677,-5.722045326840232,2026-10-04 17:30:41,2026-10-04 18:38:12,10692,4347,5656,12.242798353909466
MG,48577,MONTE AZUL,0180,75,17843,13595,5113,7858,20.19124678190511,2026-10-04 17:55:45,2026-10-04 20:40:26,13114,4657,7832,24.21076711910935
MG,48593,MONTE BELO,0195,32,10838,8040,4180,3272,-11.293532338308458,2026-10-04 20:29:42,2026-10-04 20:33:56,8066,3539,3889,4.3392015869080085
MG,48615,MONTE CARMELO,0181,108,35703,26310,13186,11046,-8.133789433675409,2026-10-04 17:36:03,2026-10-04 20:14:30,26777,11325,13695,8.850879486126153
MG,41084,MONTE FORMOSO,0149,15,4603,2857,708,1968,44.10220511025551,2026-10-04 18:58:15,2026-10-04 19:11:39,2674,532,1976,54.00149588631264
MG,48631,MONTE SANTO DE MINAS,0182,48,17062,11371,6241,4199,-17.957963239820597,2026-10-04 18:00:39,2026-10-04 18:50:08,11897,5608,5237,-3.118433218458435
MG,48674,MONTE SIÃO,0183,53,18682,14135,10553,2794,-54.89211177927131,2026-10-04 18:30:20,2026-10-04 19:07:48,13982,9824,3246,-47.04620226004863
MG,48658,MONTES CLAROS,0184,289,84891,66254,32623,28216,-6.651673861200833,2026-10-04 18:23:57,2026-10-04 21:03:01,67712,30916,31066,0.22152646502835538
MG,48658,MONTES CLAROS,0185,266,81822,64241,32807,26084,-10.465279183076229,2026-10-04 17:21:13,2026-10-04 22:11:31,64318,30120,28566,-2.416119904225878
MG,48658,MONTES CLAROS,0317,366,117162,90579,43445,39812,-4.01086344516941,2026-10-04 18:42:14,2026-10-04 22:08:56,90352,38822,44062,5.799539578537276
MG,40460,MONTEZUMA,0109,26,5966,4245,1440,2608,27.51472320376914,2026-10-04 17:54:31,2026-10-04 19:25:28,3954,1060,2587,38.61911987860395
MG,48690,MORADA NOVA DE MINAS,0001,28,7207,5377,3104,2002,-20.49469964664311,2026-10-04 21:01:07,2026-10-04 21:01:07,5195,2565,2360,-3.946102021174206
MG,48712,MORRO DA GARÇA,0100,10,3045,2116,668,1302,29.96219281663516,2026-10-04 19:21:11,2026-10-04 20:12:55,2046,515,1414,43.93939393939394
MG,48739,MORRO DO PILAR,0083,18,3968,2583,906,1435,20.480061943476578,2026-10-04 21:01:06,2026-10-04 21:02:22,2558,660,1746,42.45504300234558
MG,48755,MUNHOZ,0112,19,6066,4494,2654,1587,-23.7427681352915,2026-10-04 20:57:02,2026-10-04 20:59:40,4477,2183,2023,-3.5738217556399374
MG,48771,MURIAÉ,0187,273,78840,59812,30669,25203,-9.138634387748278,2026-10-04 18:16:13,2026-10-04 20:02:14,59782,28731,27340,-2.3267873272891504
MG,48798,MUTUM,0188,71,21564,15886,8657,6442,-13.943094548659197,2026-10-04 18:36:15,2026-10-04 20:57:40,15801,7613,7472,-0.8923485855325612
MG,48810,MUZAMBINHO,0189,51,17966,13154,7138,5075,-15.68344229892048,2026-10-04 17:59:27,2026-10-04 18:26:26,13383,6591,5789,-5.9926772771426435
MG,41025,MÁRIO CAMPOS,0288,35,12178,9155,4662,3583,-11.785909339158929,2026-10-04 19:14:48,2026-10-04 20:18:06,9366,4297,4270,-0.2882767456758488
MG,48836,NACIP RAYDAN,0212,9,2825,1783,627,1046,23.499719573752103,2026-10-04 19:13:39,2026-10-04 19:13:39,1705,512,1119,35.60117302052786
MG,48852,NANUQUE,0190,108,29314,19575,9501,9175,-1.665389527458493,2026-10-04 18:44:29,2026-10-04 20:53:44,19691,9124,9662,2.7322126859986797
MG,40487,NAQUE,0003,15,5485,3809,1642,2004,9.503806773431346,2026-10-04 21:13:26,2026-10-04 21:13:26,3839,1491,2186,18.10367283146653
MG,41106,NATALÂNDIA,0329,12,3571,2660,1154,1319,6.203007518796992,2026-10-04 18:22:53,2026-10-04 18:59:47,2331,789,1430,27.4989274989275
MG,48879,NATÉRCIA,0159,17,4090,3025,1700,990,-23.47107438016529,2026-10-04 19:31:03,2026-10-04 20:05:06,2997,1578,1052,-17.550884217550884
MG,48895,NAZARENO,0328,22,6298,4919,1963,2558,12.095954462289082,2026-10-04 20:27:25,2026-10-04 20:50:12,5030,1464,3193,34.37375745526839
MG,48917,NEPOMUCENO,0192,67,20890,14506,7270,5909,-9.382324555356405,2026-10-04 18:15:20,2026-10-04 19:23:48,15026,6868,6925,0.37934247304671903
MG,41122,NINHEIRA,0237,42,8803,5809,1904,3440,26.441728352556378,2026-10-04 19:26:28,2026-10-04 20:58:29,5148,1381,3306,37.39316239316239
MG,41149,NOVA BELÉM,0169,14,3553,2559,1179,1258,3.0871434153966395,2026-10-04 17:21:55,2026-10-04 18:33:48,2476,1007,1347,13.731825525040387
MG,48933,NOVA ERA,0193,63,15012,10513,3947,5702,16.693617426043946,2026-10-04 19:13:09,2026-10-04 19:13:09,10918,3856,6130,20.82799047444587
MG,48950,NOVA LIMA,0194,227,77107,60227,27750,25643,-3.498430936291032,2026-10-04 18:12:22,2026-10-04 20:33:57,58726,24108,27956,6.5524639852876065
MG,48976,NOVA MÓDICA,0136,14,3589,2594,1042,1411,14.225134926754048,2026-10-04 18:25:03,2026-10-04 20:07:45,2480,833,1493,26.612903225806452
MG,48992,NOVA PONTE,0340,36,13442,9642,5375,3684,-17.537855216760008,2026-10-04 18:40:01,2026-10-04 19:21:07,9168,4276,4414,1.5052356020942408
MG,41165,NOVA PORTEIRINHA,0147,26,6102,4820,1829,2737,18.83817427385892,2026-10-04 18:13:50,2026-10-04 19:25:28,4511,1431,2870,31.89980048769674
MG,49018,NOVA RESENDE,0195,38,13447,10188,6135,3293,-27.8955634079309,2026-10-04 17:33:46,2026-10-04 19:24:27,9828,5169,3912,-12.78998778998779
MG,49034,NOVA SERRANA,0298,202,67377,53816,38660,11437,-50.585327783558796,2026-10-04 18:33:48,2026-10-04 20:20:36,46543,31098,12729,-39.46672969082354
MG,47317,NOVA UNIÃO,0056,18,5802,4091,1723,1914,4.668785138108042,2026-10-04 19:00:47,2026-10-04 19:21:09,4000,1354,2309,23.875
MG,49050,NOVO CRUZEIRO,0196,85,24963,14730,4310,9854,37.63747454175153,2026-10-04 18:31:56,2026-10-04 20:51:51,13987,2891,10489,54.321870308143275
MG,40509,NOVO ORIENTE DE MINAS,0269,26,9100,5578,1750,3540,32.090354965937614,2026-10-04 19:25:28,2026-10-04 20:51:51,5452,1334,3836,45.8914159941306
MG,41181,NOVORIZONTE,0244,15,4973,3475,1436,1877,12.690647482014388,2026-10-04 18:37:19,2026-10-04 21:01:07,3207,1084,1921,26.09915809167446
MG,49077,OLARIA,0162,8,2313,1713,624,929,17.80502043199066,2026-10-04 18:45:19,2026-10-04 18:57:43,1704,470,1116,37.91079812206573
MG,41203,OLHOS D'ÁGUA,0044,20,5281,3876,1066,2554,38.39009287925697,2026-10-04 20:55:45,2026-10-04 20:55:45,3763,780,2811,53.97289396757906
MG,49115,OLIVEIRA,0197,110,33504,24378,11980,10180,-7.383706620723603,2026-10-04 17:35:19,2026-10-04 19:29:54,25163,10656,11995,5.3213050908079325
MG,49131,OLIVEIRA FORTES,0250,10,2731,2035,654,1239,28.74692874692875,2026-10-04 19:10:36,2026-10-04 19:10:36,1939,447,1363,47.240845796802475
MG,49093,OLÍMPIO NORONHA,0159,9,2869,2029,881,964,4.090685066535239,2026-10-04 18:55:58,2026-10-04 18:55:58,1976,652,1178,26.619433198380566
MG,49158,ONÇA DE PITANGUI,0202,15,3368,2601,1551,828,-27.797001153402537,2026-10-04 19:21:08,2026-10-04 19:21:08,2577,1378,1014,-14.124951493985254
MG,41220,ORATÓRIOS,0224,15,4326,3253,824,2241,43.55979096218875,2026-10-04 19:22:53,2026-10-04 19:22:53,3283,671,2440,53.883643009442586
MG,41246,ORIZÂNIA,0070,20,6817,5000,2247,2489,4.84,2026-10-04 18:48:50,2026-10-04 20:59:03,4787,1881,2648,16.022561102987257
MG,49174,OURO BRANCO,0088,91,30112,23484,10891,10187,-2.9977857264520527,2026-10-04 21:01:07,2026-10-04 21:16:32,24310,10053,11997,7.996709173179761
MG,49190,OURO FINO,0199,84,25443,17906,11490,4826,-37.21657544956998,2026-10-04 18:15:20,2026-10-04 18:59:20,18351,10885,5688,-28.319982562258186
MG,49212,OURO PRETO,0200,203,64302,47290,14272,28812,30.74645802495242,2026-10-04 18:12:43,2026-10-04 21:38:58,48979,12345,32572,41.29729067559566
MG,49239,OURO VERDE DE MINAS,0270,25,7237,5029,2123,2709,11.652415987273812,2026-10-04 22:36:49,2026-10-04 23:26:11,4795,1712,2882,24.400417101147028
MG,41262,PADRE CARVALHO,0244,19,5095,3112,983,1940,30.751928020565554,2026-10-04 17:40:34,2026-10-04 20:59:03,2991,776,2098,44.199264460046805
MG,49255,PADRE PARAÍSO,0015,46,14207,9185,3819,4904,11.81273816004355,2026-10-04 18:44:50,2026-10-04 20:54:31,8781,3033,5254,25.293246782826557
MG,41289,PAI PEDRO,0226,18,5550,3972,1076,2736,41.79254783484391,2026-10-04 21:32:12,2026-10-04 22:09:32,3694,754,2774,54.68327016783974
MG,49271,PAINEIRAS,0001,15,3921,2995,1290,1474,6.143572621035059,2026-10-04 19:23:18,2026-10-04 19:23:18,3124,1057,1826,24.615877080665815
MG,49298,PAINS,0018,22,6914,5183,3007,1761,-24.04013119814779,2026-10-04 18:09:55,2026-10-04 20:25:25,5242,2476,2421,-1.0492178557802365
MG,49310,PAIVA,0250,8,1859,1419,506,778,19.16842847075405,2026-10-04 19:11:10,2026-10-04 19:11:10,1335,372,852,35.95505617977528
MG,49336,PALMA,0201,19,5273,3858,1485,2176,17.91083462934163,2026-10-04 17:40:35,2026-10-04 19:02:26,4009,1288,2531,31.00523821401846
MG,40525,PALMÓPOLIS,0009,20,6338,4055,1177,2651,36.3501849568434,2026-10-04 17:55:28,2026-10-04 19:17:26,3821,848,2737,49.437320073279245
MG,49379,PAPAGAIOS,0219,33,11723,9243,4919,3626,-13.988964621876015,2026-10-04 20:57:02,2026-10-04 20:58:28,9193,4107,4566,4.9929294028064835
MG,49395,PARACATU,0203,197,68278,50136,30159,16165,-27.912079144726345,2026-10-04 17:55:45,2026-10-04 20:45:55,48794,25202,20380,-9.882362585563799
MG,49433,PARAGUAÇU,0008,50,16696,12328,6695,4694,-16.23134328358209,2026-10-04 19:25:29,2026-10-04 21:00:24,12601,6136,5558,-4.586937544639314
MG,49450,PARAISÓPOLIS,0205,48,16472,11920,6542,4167,-19.924496644295303,2026-10-04 17:54:31,2026-10-04 19:04:44,12162,6252,4560,-13.912185495806611
MG,49476,PARAOPEBA,0206,63,19694,15151,7978,5915,-13.6162629529404,2026-10-04 18:28:26,2026-10-04 19:09:29,15491,7292,7049,-1.5686527661222645
MG,49417,PARÁ DE MINAS,0202,225,67632,49933,31055,13618,-34.92079386377746,2026-10-04 18:33:21,2026-10-04 21:14:51,49411,27692,16698,-22.25010625164437
MG,49514,PASSA QUATRO,0137,38,13298,9892,4713,4297,-4.205418520016175,2026-10-04 20:38:27,2026-10-04 20:58:26,10078,4147,5024,8.702123437189918
MG,49530,PASSA TEMPO,0208,28,7354,5382,2392,2470,1.4492753623188406,2026-10-04 17:51:34,2026-10-04 18:48:50,5360,1920,3029,20.690298507462686
MG,49557,PASSA VINTE,0006,9,2493,1945,925,849,-3.9074550128534704,2026-10-04 17:31:43,2026-10-04 18:24:00,1832,729,928,10.862445414847162
MG,49492,PASSABÉM,0132,7,1914,1386,543,734,13.780663780663781,2026-10-04 17:47:45,2026-10-04 17:47:45,1354,416,813,29.3205317577548
MG,49573,PASSOS,0209,284,81108,59479,30548,23112,-12.501891423863885,2026-10-04 18:21:56,2026-10-04 19:12:34,59147,27878,26594,-2.1708624275111164
MG,41300,PATIS,0185,25,5226,3769,843,2727,49.986733881666225,2026-10-04 18:59:46,2026-10-04 20:10:43,3725,610,2976,63.51677852348993
MG,49590,PATOS DE MINAS,0210,169,48422,35767,22876,9971,-36.08074482064473,2026-10-04 18:26:54,2026-10-04 19:21:08,37232,21733,12277,-25.39750752041255
MG,49590,PATOS DE MINAS,0330,203,68224,50849,31651,14684,-33.36742118822396,2026-10-04 17:59:28,2026-10-04 19:29:53,46900,26025,16706,-19.86993603411514
MG,49611,PATROCÍNIO,0211,222,65612,50686,31008,15427,-30.740243854318745,2026-10-04 18:14:09,2026-10-04 20:28:04,50188,27014,19008,-15.952020403283653
MG,49638,PATROCÍNIO DO MURIAÉ,0111,19,5085,4023,1810,1985,4.349987571464082,2026-10-04 17:55:28,2026-10-04 18:30:42,3957,1554,2186,15.971695729087692
MG,49654,PAULA CÂNDIDO,0282,30,7817,5723,1630,3669,35.628167045255985,2026-10-04 18:48:50,2026-10-04 20:51:51,5717,1369,3971,45.51338114395662
MG,49670,PAULISTAS,0242,18,4222,2668,636,1891,47.03898050974513,2026-10-04 20:50:12,2026-10-04 21:53:32,2823,444,2207,62.4512929507616
MG,49697,PAVÃO,0270,19,6314,4148,1468,2570,26.56702025072324,2026-10-04 19:23:48,2026-10-04 19:23:48,4210,1193,2848,39.311163895486935
MG,49735,PEDRA AZUL,0213,68,18355,11710,4639,6480,15.721605465414177,2026-10-04 18:29:13,2026-10-04 19:24:27,11448,4091,6768,23.38399720475192
MG,41327,PEDRA BONITA,0002,19,6260,4849,2435,2172,-5.423798721385853,2026-10-04 21:01:08,2026-10-04 21:02:23,4531,2163,2148,-0.33105274773780624
MG,49751,PEDRA DO ANTA,0268,16,3516,2628,815,1669,32.49619482496195,2026-10-04 19:00:50,2026-10-04 19:00:50,2584,616,1793,45.54953560371517
MG,49778,PEDRA DO INDAIÁ,0249,15,3864,2954,1741,965,-26.269465132024372,2026-10-04 20:16:33,2026-10-04 20:19:36,2769,1414,1122,-10.54532322137956
MG,49794,PEDRA DOURADA,0111,10,2730,2100,878,1097,10.428571428571429,2026-10-04 18:15:03,2026-10-04 18:15:03,2164,740,1262,24.12199630314233
MG,49816,PEDRALVA,0099,30,9379,6799,3793,2509,-18.885130166200913,2026-10-04 20:13:55,2026-10-04 20:13:55,6984,3491,2808,-9.779495990836198
MG,40541,PEDRAS DE MARIA DA CRUZ,0148,30,8112,5541,1322,4055,49.32322685435842,2026-10-04 21:01:06,2026-10-04 21:02:22,5194,1046,3983,56.546014632268005
MG,49832,PEDRINÓPOLIS,0291,13,3421,2580,1419,964,-17.635658914728683,2026-10-04 17:51:34,2026-10-04 17:51:34,2432,1108,1161,2.179276315789474
MG,49859,PEDRO LEOPOLDO,0215,166,49124,36766,18757,13992,-12.960343795898384,2026-10-04 18:36:17,2026-10-04 19:21:07,37344,17728,15871,-4.972686375321337
MG,49875,PEDRO TEIXEIRA,0162,10,2507,1996,578,1251,33.71743486973948,2026-10-04 18:47:54,2026-10-04 19:29:52,1931,363,1407,54.06525116519938
MG,49891,PEQUERI,0042,12,3368,2552,1080,1292,8.307210031347962,2026-10-04 17:20:29,2026-10-04 17:26:36,2438,929,1369,18.04757998359311
MG,49913,PEQUI,0202,16,3981,3214,1604,1253,-10.920970752955819,2026-10-04 19:22:24,2026-10-04 19:22:24,2879,1301,1375,2.5703369225425496
MG,49930,PERDIGÃO,0298,28,8537,6660,4724,1398,-49.93993993993994,2026-10-04 20:10:43,2026-10-04 20:21:42,6301,4350,1545,-44.51674337406761
MG,49956,PERDIZES,0291,55,14146,10161,6184,3221,-29.16051569727389,2026-10-04 17:29:31,2026-10-04 18:09:26,9715,4971,4034,-9.644879053010808
MG,49972,PERDÕES,0216,56,17292,12727,6915,4660,-17.718236819360413,2026-10-04 18:25:05,2026-10-04 18:54:49,12812,6303,5548,-5.892912894161723
MG,40568,PERIQUITO,0318,21,6318,4478,2159,2097,-1.3845466726217062,2026-10-04 19:24:27,2026-10-04 20:33:56,4452,1961,2328,8.243486073674752
MG,49999,PESCADOR,0136,14,3581,2338,816,1415,25.620188195038494,2026-10-04 21:01:08,2026-10-04 21:01:08,2254,705,1433,32.298136645962735
MG,49719,PEÇANHA,0212,45,11993,8146,3062,4466,17.23545298305917,2026-10-04 17:36:54,2026-10-04 21:48:53,8493,2533,5470,34.58141999293536
MG,50016,PIAU,0235,13,3238,2531,948,1399,17.819043856183328,2026-10-04 19:21:44,2026-10-04 20:58:27,2408,765,1496,30.357142857142858
MG,41343,PIEDADE DE CARATINGA,0071,26,7808,5686,3192,2231,-16.901160745691172,2026-10-04 19:23:17,2026-10-04 19:29:51,5579,2772,2556,-3.8716615880982257
MG,50032,PIEDADE DE PONTE NOVA,0339,13,3812,2757,852,1749,32.535364526659414,2026-10-04 20:41:57,2026-10-04 20:54:33,2786,745,1919,42.13926776740847
MG,50059,PIEDADE DO RIO GRANDE,0024,16,4083,2904,1208,1409,6.921487603305785,2026-10-04 20:19:01,2026-10-04 20:24:17,2857,991,1612,21.736086804340218
MG,50075,PIEDADE DOS GERAIS,0047,14,5270,3651,1853,1448,-11.092851273623666,2026-10-04 19:04:00,2026-10-04 22:44:35,3567,1546,1763,6.08354359405663
MG,50091,PIMENTA,0114,23,7313,5389,3252,1778,-27.352013360549268,2026-10-04 20:13:29,2026-10-04 20:13:29,5207,2561,2246,-6.049548684463223
MG,41360,PINGO D'ÁGUA,0072,14,4149,2955,1129,1670,18.307952622673437,2026-10-04 21:53:32,2026-10-04 21:53:32,3031,1006,1879,28.802375453645663
MG,41386,PINTÓPOLIS,0285,28,6546,4353,1250,2798,35.56168159889731,2026-10-04 18:41:17,2026-10-04 18:57:44,4095,918,2932,49.181929181929185
MG,50113,PIRACEMA,0208,22,6032,4736,2063,2155,1.9425675675675675,2026-10-04 18:22:53,2026-10-04 19:01:45,4525,1517,2590,23.712707182320443
MG,50130,PIRAJUBA,0082,14,4817,3563,1856,1522,-9.374122930115071,2026-10-04 19:10:35,2026-10-04 19:10:35,3240,1394,1734,10.493827160493828
MG,50156,PIRANGA,0217,48,14052,8749,3026,4932,21.785346896788205,2026-10-04 17:36:20,2026-10-04 20:07:48,8992,2569,5593,33.629893238434164
MG,50199,PIRANGUINHO,0051,23,7298,5608,2982,2130,-15.192582025677604,2026-10-04 20:56:24,2026-10-04 20:56:24,5466,2552,2403,-2.725942188071716
MG,50172,PIRANGUÇU,0051,15,4789,3633,2074,1254,-22.57087806220754,2026-10-04 20:56:26,2026-10-04 20:56:26,3552,1906,1303,-16.97635135135135
MG,50210,PIRAPETINGA,0007,37,9414,7238,3304,3539,3.2467532467532467,2026-10-04 17:36:54,2026-10-04 19:08:20,7688,3141,4196,13.722684703433924
MG,50237,PIRAPORA,0218,137,41904,29395,15504,11637,-13.155298520156489,2026-10-04 17:49:47,2026-10-04 20:41:25,29388,14622,12602,-6.873553831495848
MG,50253,PIRAÚBA,0239,27,9664,7230,3064,3680,8.520055325034578,2026-10-04 18:41:14,2026-10-04 20:56:24,7243,2722,4158,19.826038934143313
MG,50270,PITANGUI,0219,70,21464,16412,10412,4660,-35.04752620034122,2026-10-04 19:23:17,2026-10-04 19:29:52,16670,9476,5725,-22.501499700059988
MG,50296,PIUMHI,0220,75,26253,18664,11798,5561,-33.4172738962709,2026-10-04 18:57:43,2026-10-04 20:12:55,18573,10889,6598,-23.103429709793787
MG,50318,PLANURA,0116,25,8677,6071,3121,2628,-8.12057321693296,2026-10-04 20:27:25,2026-10-04 20:51:51,5909,2709,2905,3.3169741072939583
MG,50377,POCRANE,0129,26,7548,5399,2601,2621,0.3704389701796629,2026-10-04 19:11:10,2026-10-04 22:06:54,5371,2339,2762,7.875628374604357
MG,50393,POMPÉU,0223,69,24330,17033,7984,7718,-1.5616743967592321,2026-10-04 19:00:17,2026-10-04 20:52:33,17376,6612,9731,17.950046040515655
MG,50415,PONTE NOVA,0224,152,44494,32951,10611,19696,27.571242147431033,2026-10-04 18:27:20,2026-10-04 20:10:44,34505,9943,22134,35.331111433125635
MG,41408,PONTO CHIQUE,0218,13,3901,2583,625,1871,48.23848238482385,2026-10-04 19:17:24,2026-10-04 19:17:24,2511,436,1961,60.73277578653923
MG,40584,PONTO DOS VOLANTES,0175,31,9457,6083,2053,3707,27.19053098799934,2026-10-04 19:07:49,2026-10-04 20:58:28,6006,1592,4059,41.07559107559108
MG,50431,PORTEIRINHA,0226,113,31682,23331,8563,13656,21.82932578972183,2026-10-04 17:58:52,2026-10-04 22:09:32,22596,7272,14220,30.748805098247477
MG,50458,PORTO FIRME,0217,30,9025,6262,2261,3598,21.35100606834877,2026-10-04 21:51:18,2026-10-04 21:51:18,6616,1938,4288,35.51995163240629
MG,50474,POTÉ,0270,41,12644,8322,3526,4420,10.742609949531362,2026-10-04 21:40:31,2026-10-04 21:40:31,7856,2924,4568,20.926680244399186
MG,50490,POUSO ALEGRE,0227,360,112425,82880,46748,28345,-22.20439189189189,2026-10-04 18:22:53,2026-10-04 20:53:09,83105,43132,31617,-13.855965345045425
MG,50512,POUSO ALTO,0306,18,5593,4259,2337,1620,-16.83493777882132,2026-10-04 19:32:28,2026-10-04 20:07:49,4296,2113,1756,-8.310055865921788
MG,50334,POÇO FUNDO,0164,37,12809,9670,5067,3873,-12.34746639089969,2026-10-04 18:42:15,2026-10-04 20:25:54,9900,4336,4846,5.151515151515151
MG,50350,POÇOS DE CALDAS,0222,162,48820,34214,18539,12333,-18.1387736014497,2026-10-04 18:33:20,2026-10-04 19:21:07,35866,18635,13646,-13.910109853342998
MG,50350,POÇOS DE CALDAS,0350,239,74046,51524,27383,18700,-16.852340656781305,2026-10-04 18:59:46,2026-10-04 20:29:13,52179,26634,20449,-11.85342762413998
MG,50539,PRADOS,0228,23,7485,5648,2223,2913,12.21671388101983,2026-10-04 18:26:54,2026-10-04 19:25:03,5684,1787,3396,28.30752990851513
MG,50555,PRATA,0229,76,22334,15759,7964,6185,-11.288787359604036,2026-10-04 17:23:43,2026-10-04 19:12:08,15744,6556,8323,11.223323170731707
MG,50598,PRATINHA,0327,11,3312,2476,1569,690,-35.50080775444265,2026-10-04 19:09:55,2026-10-04 19:09:55,2239,1267,785,-21.52746761947298
MG,50571,PRATÁPOLIS,0293,25,7457,5373,2807,2133,-12.544202493951238,2026-10-04 17:53:53,2026-10-04 18:20:12,5448,2498,2569,1.303230543318649
MG,50610,PRESIDENTE BERNARDES,0217,23,5729,3818,1243,2318,28.15610267155579,2026-10-04 18:58:15,2026-10-04 20:07:48,3973,1045,2673,40.97659199597282
MG,50636,PRESIDENTE JUSCELINO,0100,17,4089,2610,959,1485,20.153256704980844,2026-10-04 20:18:05,2026-10-04 20:18:05,2567,708,1700,38.64433190494741
MG,50652,PRESIDENTE KUBITSCHEK,0262,12,3087,2261,401,1671,56.16983635559487,2026-10-04 20:52:34,2026-10-04 20:52:34,2170,274,1797,70.18433179723502
MG,50679,PRESIDENTE OLEGÁRIO,0230,51,16281,11578,6239,4356,-16.26360338573156,2026-10-04 18:16:12,2026-10-04 19:24:27,11390,5086,5422,2.9499561018437226
MG,50717,PRUDENTE DE MORAIS,0174,26,8555,6394,3238,2611,-9.806068188927119,2026-10-04 20:23:43,2026-10-04 20:51:20,6359,2817,2993,2.767730775279132
MG,50733,QUARTEL GERAL,0104,13,3749,2751,1283,1286,0.10905125408942203,2026-10-04 19:32:29,2026-10-04 19:32:29,2605,901,1497,22.879078694817657
MG,50750,QUELUZITO,0088,8,2785,2153,935,985,2.3223409196470044,2026-10-04 19:16:25,2026-10-04 19:16:25,2013,754,1057,15.052160953800298
MG,50776,RAPOSOS,0194,40,12906,10164,3629,5196,15.417158598976782,2026-10-04 18:26:54,2026-10-04 20:46:59,10574,3220,6145,27.662190278040477
MG,50792,RAUL SOARES,0231,68,18357,13034,5220,6994,13.61055700475679,2026-10-04 17:36:20,2026-10-04 19:03:23,13110,4649,7645,22.852784134248665
MG,50814,RECREIO,0201,26,7959,5609,2129,3204,19.16562667142093,2026-10-04 21:27:11,2026-10-04 21:47:03,5863,2010,3564,26.505202114958212
MG,41424,REDUTO,0167,17,5853,4316,2116,1916,-4.633920296570899,2026-10-04 21:04:11,2026-10-04 21:04:11,4328,1846,2265,9.681146025878004
MG,50830,RESENDE COSTA,0232,33,9645,7309,3368,3132,-3.2288958817895743,2026-10-04 17:43:13,2026-10-04 18:26:27,7246,2677,3733,14.573557825006901
MG,50857,RESPLENDOR,0233,53,12729,8793,5450,2968,-28.226998749004892,2026-10-04 18:23:32,2026-10-04 19:31:03,8786,5284,3104,-24.812201229228318
MG,50873,RESSAQUINHA,0025,18,4433,3547,1258,1893,17.902452776994643,2026-10-04 20:07:50,2026-10-04 20:38:57,3427,1036,2047,29.501021301429823
MG,40606,RIACHINHO,0329,20,6015,4370,1703,2241,12.311212814645309,2026-10-04 18:32:19,2026-10-04 19:07:50,4090,1245,2589,32.86063569682152
MG,50890,RIACHO DOS MACHADOS,0226,31,8031,5538,1835,3358,27.50090285301553,2026-10-04 18:50:06,2026-10-04 21:00:23,5393,1362,3755,44.37233450769516
MG,50911,RIBEIRÃO DAS NEVES,0286,327,118123,86245,39768,38207,-1.809959997681025,2026-10-04 18:17:15,2026-10-04 20:10:43,88646,37473,44438,7.857094510750626
MG,50911,RIBEIRÃO DAS NEVES,0321,335,100461,75405,35450,32801,-3.5130296399443006,2026-10-04 18:43:19,2026-10-04 19:23:47,76771,33231,37122,5.06832006877597
MG,50938,RIBEIRÃO VERMELHO,0216,12,3461,2619,1080,1330,9.545628102329133,2026-10-04 18:37:20,2026-10-04 19:02:57,2598,917,1445,20.323325635103927
MG,50954,RIO ACIMA,0194,26,8371,6501,2825,2964,2.138132594985387,2026-10-04 19:00:17,2026-10-04 20:24:18,6703,2502,3548,15.604953006116665
MG,50970,RIO CASCA,0234,36,10834,7212,2429,4258,25.36051026067665,2026-10-04 18:12:07,2026-10-04 19:00:18,7533,2267,4817,33.8510553564317
MG,51012,RIO DO PRADO,0149,13,4338,2986,781,2098,44.10582719356999,2026-10-04 19:11:10,2026-10-04 20:13:56,2836,518,2197,59.2031029619182
MG,50997,RIO DOCE,0225,9,2624,1956,628,1224,30.470347648261757,2026-10-04 19:23:18,2026-10-04 19:23:18,1919,557,1245,35.8520062532569
MG,51039,RIO ESPERA,0011,23,5784,3883,1517,2022,13.005408189544166,2026-10-04 17:31:43,2026-10-04 18:59:19,3953,1293,2372,27.295724766000507
MG,51055,RIO MANSO,0047,16,5025,3764,1654,1672,0.4782146652497343,2026-10-04 19:02:58,2026-10-04 19:02:58,3631,1330,1987,18.094188928669787
MG,51071,RIO NOVO,0235,30,7131,5120,2162,2595,8.45703125,2026-10-04 18:14:10,2026-10-04 18:57:43,5416,2006,3067,19.59010339734121
MG,51098,RIO PARANAÍBA,0254,39,11055,8052,4434,3107,-16.480377545951317,2026-10-04 20:43:08,2026-10-04 20:57:05,7696,3311,3931,8.056133056133056
MG,51110,RIO PARDO DE MINAS,0237,108,22281,16287,6231,9138,17.848590900718364,2026-10-04 18:18:45,2026-10-04 20:58:29,14700,5124,8558,23.360544217687075
MG,51136,RIO PIRACICABA,0150,47,12444,8708,3402,4544,13.11437758383096,2026-10-04 17:46:20,2026-10-04 19:17:27,8941,2913,5215,25.746560787383963
MG,51152,RIO POMBA,0239,45,13402,10153,4244,5195,9.36668964837979,2026-10-04 17:35:03,2026-10-04 20:32:54,10659,3983,5954,18.491415705037998
MG,51179,RIO PRETO,0240,18,5409,4052,1543,2242,17.250740375123396,2026-10-04 17:46:21,2026-10-04 20:55:46,4011,1224,2528,32.510595861381205
MG,51195,RIO VERMELHO,0294,41,10175,5637,1856,3386,27.14209686003193,2026-10-04 17:52:45,2026-10-04 19:21:44,5920,1495,4018,42.61824324324324
MG,51217,RITÁPOLIS,0232,19,4803,3520,1335,1859,14.886363636363637,2026-10-04 17:59:28,2026-10-04 18:20:13,3496,1043,2125,30.949656750572082
MG,51233,ROCHEDO DE MINAS,0258,8,2917,2099,1026,926,-4.764173415912339,2026-10-04 18:33:49,2026-10-04 20:13:29,1872,840,907,3.5790598290598292
MG,51250,RODEIRO,0275,21,6844,5247,2639,2283,-6.78482942633886,2026-10-04 21:01:09,2026-10-04 21:07:46,5146,2218,2676,8.900116595413914
MG,51276,ROMARIA,0110,10,3430,2688,1110,1402,10.863095238095237,2026-10-04 19:30:33,2026-10-04 19:30:33,2514,806,1592,31.26491646778043
MG,51292,RUBELITA,0244,33,7524,4620,1030,3363,50.497835497835496,2026-10-04 18:13:34,2026-10-04 19:21:09,4517,672,3646,65.84015939783042
MG,51314,RUBIM,0009,25,7158,4814,1362,3179,37.74407976734524,2026-10-04 17:41:13,2026-10-04 19:00:15,4626,1112,3257,46.36835278858625
MG,51330,SABARÁ,0241,295,94323,71131,32586,31450,-1.5970533241484022,2026-10-04 18:15:19,2026-10-04 21:24:01,73032,30855,35019,5.701610253039763
MG,51357,SABINÓPOLIS,0242,44,12417,7596,2260,4853,34.13638757240653,2026-10-04 18:35:13,2026-10-04 19:07:50,7719,1846,5492,47.23409768104677
MG,51373,SACRAMENTO,0243,60,20911,15413,8728,5315,-22.143644975021086,2026-10-04 17:41:14,2026-10-04 19:00:49,14841,7628,6142,-10.01280237180783
MG,51390,SALINAS,0244,107,33019,23272,9122,12741,15.550876589893434,2026-10-04 17:21:56,2026-10-04 20:22:15,22703,7675,13686,26.47667709113333
MG,51411,SALTO DA DIVISA,0144,18,4987,3349,1212,2008,23.76828904150493,2026-10-04 17:26:36,2026-10-04 20:44:19,3394,988,2224,36.417206835592225
MG,51438,SANTA BÁRBARA,0245,81,24261,17433,6288,9234,16.898984684219585,2026-10-04 17:46:37,2026-10-04 20:32:54,18148,5691,10772,27.997575490412167
MG,40649,SANTA BÁRBARA DO LESTE,0071,24,6925,5206,2623,2273,-6.723011909335383,2026-10-04 21:01:07,2026-10-04 21:01:07,5329,2413,2611,3.7155188590729966
MG,41440,SANTA BÁRBARA DO MONTE VERDE,0240,11,3595,2669,1083,1422,12.701386286998876,2026-10-04 18:41:18,2026-10-04 19:07:16,2505,819,1522,28.063872255489024
MG,51454,SANTA BÁRBARA DO TUGÚRIO,0025,18,4340,3202,978,2017,32.44846970643348,2026-10-04 18:51:34,2026-10-04 19:12:08,3328,687,2437,52.58413461538461
MG,41467,SANTA CRUZ DE MINAS,0328,19,6469,4967,2608,1881,-14.636601570364405,2026-10-04 19:09:56,2026-10-04 21:23:26,4976,2378,2137,-4.843247588424437
MG,41483,SANTA CRUZ DE SALINAS,0175,15,4496,2955,574,2175,54.179357021996616,2026-10-04 18:09:55,2026-10-04 20:51:20,2792,391,2226,65.72349570200574
MG,51470,SANTA CRUZ DO ESCALVADO,0225,17,4879,3666,1089,2393,35.57010365521004,2026-10-04 17:41:59,2026-10-04 19:21:13,3646,948,2543,43.74657158529896
MG,51497,SANTA EFIGÊNIA DE MINAS,0283,13,3985,2631,1008,1437,16.305587229190422,2026-10-04 20:50:15,2026-10-04 20:53:45,2405,708,1554,35.17671517671518
MG,51519,SANTA FÉ DE MINAS,0285,14,3706,2376,627,1626,42.04545454545455,2026-10-04 17:46:20,2026-10-04 19:07:51,2367,506,1744,52.302492606675116
MG,41505,SANTA HELENA DE MINAS,0004,18,5344,3818,1127,2539,36.98271346254584,2026-10-04 20:10:45,2026-10-04 21:02:23,3551,814,2551,48.91579836665728
MG,51535,SANTA JULIANA,0340,32,11819,8834,5141,3259,-21.304052524337784,2026-10-04 20:11:23,2026-10-04 20:11:23,8171,3872,3944,0.8811650960714723
MG,51551,SANTA LUZIA,0246,190,63695,48990,22944,20412,-5.16840171463564,2026-10-04 18:12:06,2026-10-04 19:29:51,49679,21624,23017,2.804001690855291
MG,51551,SANTA LUZIA,0312,289,100973,75542,36757,31212,-7.340287522173096,2026-10-04 18:43:22,2026-10-04 20:10:45,79362,36003,36501,0.6275043471686701
MG,51578,SANTA MARGARIDA,0002,38,12910,10333,4913,4888,-0.2419432884931772,2026-10-04 21:01:08,2026-10-04 21:02:23,9871,4617,4784,1.6918245365211224
MG,51594,SANTA MARIA DE ITABIRA,0113,28,8798,6297,2143,3692,24.59901540416071,2026-10-04 19:21:10,2026-10-04 20:58:29,6422,1760,4202,38.02553721582062
MG,51616,SANTA MARIA DO SALTO,0144,16,4598,2885,1115,1625,17.677642980935875,2026-10-04 17:57:25,2026-10-04 19:07:48,2835,987,1703,25.25573192239859
MG,51632,SANTA MARIA DO SUAÇUÍ,0247,43,12134,7200,2651,4151,20.833333333333332,2026-10-04 18:28:24,2026-10-04 19:00:19,7463,2326,4834,33.60578855688061
MG,51837,SANTA RITA DE CALDAS,0345,23,7062,5333,3341,1532,-33.9208700543784,2026-10-04 18:18:44,2026-10-04 19:08:20,5444,3104,1923,-21.693607641440117
MG,51870,SANTA RITA DE IBITIPOCA,0024,14,3384,2383,724,1404,28.535459504825848,2026-10-04 20:58:26,2026-10-04 21:47:40,2488,532,1729,48.11093247588425
MG,51853,SANTA RITA DE JACUTINGA,0240,20,4360,3384,1426,1734,9.101654846335697,2026-10-04 19:12:34,2026-10-04 19:12:34,3321,1110,2006,26.979825353809094
MG,40665,SANTA RITA DE MINAS,0071,20,5935,4445,2256,1949,-6.906636670416198,2026-10-04 20:10:43,2026-10-04 20:10:43,4339,2040,2045,0.11523392486748099
MG,51896,SANTA RITA DO ITUETO,0233,24,5151,3781,2283,1341,-24.914043903729173,2026-10-04 18:44:52,2026-10-04 20:12:30,3573,1925,1463,-12.930310663308145
MG,51918,SANTA RITA DO SAPUCAÍ,0248,93,31737,23280,14359,6239,-34.87972508591065,2026-10-04 18:17:34,2026-10-04 19:13:38,23732,13558,7278,-26.46216079555031
MG,51934,SANTA ROSA DA SERRA,0327,12,3513,2408,1268,1002,-11.046511627906977,2026-10-04 18:50:09,2026-10-04 18:50:09,2333,979,1238,11.101585940848693
MG,51950,SANTA VITÓRIA,0308,65,17312,12626,5586,6187,4.760019008395375,2026-10-04 18:47:53,2026-10-04 18:47:53,12800,4762,7380,20.453125
MG,51659,SANTANA DA VARGEM,0273,20,5973,4624,2273,1941,-7.179930795847751,2026-10-04 18:42:15,2026-10-04 18:51:33,4720,1942,2407,9.851694915254237
MG,51675,SANTANA DE CATAGUASES,0079,14,3385,2669,1331,1178,-5.732484076433121,2026-10-04 18:58:15,2026-10-04 20:15:33,2577,1123,1276,5.9371362048894065
MG,51691,SANTANA DE PIRAPAMA,0264,26,7165,5329,2418,2431,0.24394820791893412,2026-10-04 17:25:25,2026-10-04 20:16:06,5459,1900,3084,21.688954020882946
MG,51713,SANTANA DO DESERTO,0173,13,3542,2769,1052,1550,17.984832069339113,2026-10-04 19:23:48,2026-10-04 20:50:15,2650,781,1692,34.37735849056604
MG,51730,SANTANA DO GARAMBÉU,0162,7,2352,1714,563,1034,27.479579929988333,2026-10-04 18:24:01,2026-10-04 19:24:28,1738,430,1208,44.76409666283084
MG,51756,SANTANA DO JACARÉ,0296,13,3915,2925,1355,1359,0.13675213675213677,2026-10-04 20:29:13,2026-10-04 20:40:27,2914,1181,1514,11.427590940288264
MG,51772,SANTANA DO MANHUAÇU,0167,26,7807,5760,2529,2934,7.03125,2026-10-04 21:25:52,2026-10-04 21:33:59,5582,2036,3290,22.465066284485847
MG,40681,SANTANA DO PARAÍSO,0130,77,25815,19209,11146,6686,-23.2182830964652,2026-10-04 20:10:42,2026-10-04 20:50:15,17361,9595,6817,-16.001382408847416
MG,51799,SANTANA DO RIACHO,0143,20,6031,4280,1645,2289,15.046728971962617,2026-10-04 20:16:33,2026-10-04 22:16:45,4163,1335,2544,29.041556569781406
MG,51810,SANTANA DOS MONTES,0088,12,3869,2846,1181,1457,9.697821503865073,2026-10-04 20:12:29,2026-10-04 20:12:29,2865,952,1685,25.584642233856894
MG,51993,SANTO ANTÔNIO DO AVENTUREIRO,0170,15,3747,2910,1287,1382,3.2646048109965635,2026-10-04 18:47:55,2026-10-04 20:43:37,2759,1047,1500,16.418992388546574
MG,52019,SANTO ANTÔNIO DO GRAMA,0234,12,3941,2812,874,1756,31.365576102418206,2026-10-04 18:51:33,2026-10-04 18:51:33,2893,686,2030,46.4569650881438
MG,52035,SANTO ANTÔNIO DO ITAMBÉ,0262,11,3863,2142,538,1452,42.6704014939309,2026-10-04 20:13:55,2026-10-04 20:13:55,2170,383,1623,57.142857142857146
MG,52051,SANTO ANTÔNIO DO JACINTO,0144,30,9461,5932,2550,3158,10.249494268374916,2026-10-04 18:25:04,2026-10-04 20:30:47,5967,2090,3599,25.289089994972347
MG,52078,SANTO ANTÔNIO DO MONTE,0249,79,21033,16065,11398,3696,-47.942732648615,2026-10-04 17:36:03,2026-10-04 21:03:01,15448,10386,4073,-40.86613153806318
MG,41521,SANTO ANTÔNIO DO RETIRO,0237,26,6670,4739,1406,3076,35.23950200464233,2026-10-04 17:49:26,2026-10-04 21:02:22,4258,1075,2919,43.306716768435884
MG,52094,SANTO ANTÔNIO DO RIO ABAIXO,0083,9,2393,1527,579,837,16.895874263261298,2026-10-04 19:25:57,2026-10-04 19:25:57,1419,436,886,31.712473572938688
MG,52116,SANTO HIPÓLITO,0095,11,3387,2092,621,1282,31.596558317399616,2026-10-04 19:25:56,2026-10-04 20:10:44,2004,492,1388,44.71057884231537
MG,52132,SANTOS DUMONT,0250,130,37567,27175,9912,15053,18.918123275068996,2026-10-04 18:15:03,2026-10-04 20:17:33,28600,9349,16899,26.3986013986014
MG,53074,SAPUCAÍ-MIRIM,0205,18,6091,4370,2425,1604,-18.787185354691076,2026-10-04 19:10:36,2026-10-04 19:10:36,4109,1945,1764,-4.404964711608664
MG,53090,SARDOÁ,0283,16,4955,3348,1479,1629,4.480286738351254,2026-10-04 21:01:06,2026-10-04 21:01:06,3027,1106,1736,20.81268582755203
MG,40800,SARZEDO,0288,75,26228,20154,10834,7093,-18.56207204525156,2026-10-04 18:41:16,2026-10-04 22:16:14,19388,9481,8277,-6.210026820713844
MG,40827,SEM PEIXE,0012,12,3765,2527,803,1534,28.92758211317768,2026-10-04 20:56:24,2026-10-04 20:56:24,2551,647,1752,43.31634653077224
MG,40843,SENADOR AMARAL,0059,16,6008,4589,2898,1372,-33.25343212028764,2026-10-04 21:44:30,2026-10-04 21:52:19,4175,2191,1736,-10.89820359281437
MG,53112,SENADOR CORTES,0170,9,2545,1918,765,1020,13.29509906152242,2026-10-04 18:55:58,2026-10-04 19:25:30,1891,619,1132,27.128503437334743
MG,53139,SENADOR FIRMINO,0261,24,7117,5181,1729,3028,25.072379849449913,2026-10-04 17:41:58,2026-10-04 18:21:13,4952,1290,3305,40.690630048465266
MG,53155,SENADOR JOSÉ BENTO,0227,8,2481,1878,1116,646,-25.026624068157613,2026-10-04 19:11:40,2026-10-04 19:11:40,1702,894,685,-12.27967097532315
MG,53198,SENHORA DE OLIVEIRA,0217,17,5747,4107,1306,2466,28.24446067689311,2026-10-04 20:57:40,2026-10-04 21:12:23,4048,939,2863,47.5296442687747
MG,53210,SENHORA DO PORTO,0121,14,3323,2108,770,1159,18.453510436432637,2026-10-04 19:23:18,2026-10-04 19:29:52,2110,652,1317,31.51658767772512
MG,53236,SENHORA DOS REMÉDIOS,0025,29,8367,6246,2390,3325,14.969580531540185,2026-10-04 21:03:40,2026-10-04 21:03:40,6320,1809,4068,35.74367088607595
MG,53252,SERICITA,0339,22,7087,5431,2758,2427,-6.094641870742037,2026-10-04 20:53:10,2026-10-04 20:53:10,5025,2494,2352,-2.825870646766169
MG,53279,SERITINGA,0006,7,2045,1509,689,722,2.1868787276341948,2026-10-04 18:44:52,2026-10-04 18:50:08,1401,504,815,22.198429693076374
MG,53295,SERRA AZUL DE MINAS,0294,11,3725,2076,647,1258,29.43159922928709,2026-10-04 18:28:25,2026-10-04 18:28:25,2091,435,1510,51.41080822572932
MG,53317,SERRA DA SAUDADE,0104,4,1281,963,531,360,-17.757009345794394,2026-10-04 18:33:48,2026-10-04 18:33:48,889,419,395,-2.699662542182227
MG,53350,SERRA DO SALITRE,0211,31,9396,7279,4358,2516,-25.30567385629894,2026-10-04 20:43:08,2026-10-04 20:48:57,6723,3451,2948,-7.481778967722743
MG,53333,SERRA DOS AIMORÉS,0190,26,6251,4410,1648,2562,20.72562358276644,2026-10-04 19:23:18,2026-10-04 19:23:18,3963,1296,2463,29.447388342165027
MG,53376,SERRANIA,0008,18,6378,4562,2194,2041,-3.3537921964050854,2026-10-04 18:44:52,2026-10-04 19:14:47,4675,2014,2345,7.080213903743315
MG,53392,SERRANOS,0346,10,2075,1565,656,803,9.39297124600639,2026-10-04 17:48:36,2026-10-04 17:48:36,1591,551,916,22.94154619736015
MG,42382,SERRANÓPOLIS DE MINAS,0226,16,4136,3080,971,1967,32.33766233766234,2026-10-04 18:34:11,2026-10-04 19:23:48,2895,734,2020,44.42141623488774
MG,53414,SERRO,0262,56,17103,10550,2952,6898,37.40284360189573,2026-10-04 17:55:46,2026-10-04 21:09:22,10904,2481,7841,49.1562729273661
MG,53430,SETE LAGOAS,0263,166,49000,37937,21186,12828,-22.031262356011283,2026-10-04 18:38:13,2026-10-04 20:57:41,39416,20167,14899,-13.365130911305053
MG,53430,SETE LAGOAS,0264,207,66934,50537,26851,18225,-17.068682351544414,2026-10-04 18:22:16,2026-10-04 20:05:06,51362,24807,21418,-6.5982633075036015
MG,53430,SETE LAGOAS,0322,162,51482,39600,22267,13186,-22.931818181818183,2026-10-04 18:12:23,2026-10-04 20:57:41,40190,20667,15128,-13.782035332172182
MG,42404,SETUBINHA,0165,29,9306,5782,1563,3959,41.43894846074023,2026-10-04 21:49:32,2026-10-04 21:49:32,5346,949,4151,59.89524878413767
MG,53457,SILVEIRÂNIA,0239,10,2977,2393,854,1333,20.016715419974926,2026-10-04 18:48:53,2026-10-04 19:07:51,2120,567,1391,38.867924528301884
MG,53473,SILVIANÓPOLIS,0248,21,4859,3581,2020,1247,-21.586149120357444,2026-10-04 20:10:42,2026-10-04 20:10:42,3657,1840,1486,-9.680065627563577
MG,53511,SIMONÉSIA,0167,57,16466,11977,5855,5363,-4.107873424062787,2026-10-04 18:11:14,2026-10-04 21:09:59,11405,4960,5749,6.918018412976765
MG,53490,SIMÃO PEREIRA,0173,10,3145,2499,1099,1220,4.841936774709884,2026-10-04 19:04:43,2026-10-04 20:50:12,2427,930,1337,16.76967449526164
MG,53538,SOBRÁLIA,0267,18,4076,3033,1407,1472,2.143092647543686,2026-10-04 18:51:35,2026-10-04 20:13:56,2990,1286,1520,7.826086956521739
MG,53554,SOLEDADE DE MINAS,0259,17,5000,3715,1896,1533,-9.771197846567969,2026-10-04 18:23:32,2026-10-04 18:23:32,3823,1772,1745,-0.7062516348417474
MG,52159,SÃO BENTO ABADE,0272,12,4193,3002,1390,1276,-3.7974683544303796,2026-10-04 19:22:52,2026-10-04 19:22:52,3062,1287,1509,7.250163291966035
MG,52175,SÃO BRÁS DO SUAÇUÍ,0106,12,3755,2687,1060,1383,12.020841086713807,2026-10-04 19:08:51,2026-10-04 19:21:11,2655,805,1598,29.868173258003768
MG,41548,SÃO DOMINGOS DAS DORES,0128,20,5911,4559,2382,1929,-9.936389559113842,2026-10-04 19:09:29,2026-10-04 20:56:25,3960,1886,1829,-1.4393939393939394
MG,52191,SÃO DOMINGOS DO PRATA,0251,44,14284,10025,3879,5369,14.86284289276808,2026-10-04 18:14:10,2026-10-04 20:53:45,10495,3402,6330,27.89899952358266
MG,52213,SÃO FRANCISCO,0252,152,41950,28587,9161,17831,30.328470983314094,2026-10-04 17:28:51,2026-10-04 20:48:29,27523,7674,18390,38.93470915234531
MG,52230,SÃO FRANCISCO DE PAULA,0197,23,5996,4588,1756,2468,15.518744551002616,2026-10-04 19:07:51,2026-10-04 19:07:51,4577,1440,2752,28.665064452698275
MG,52256,SÃO FRANCISCO DE SALES,0297,23,4637,3575,1481,1865,10.741258741258742,2026-10-04 18:57:43,2026-10-04 18:57:43,3538,1284,2125,23.770491803278688
MG,52272,SÃO FRANCISCO DO GLÓRIA,0069,13,4163,3229,1257,1808,17.064106534530815,2026-10-04 18:59:19,2026-10-04 18:59:19,3260,1009,2088,33.09815950920245
MG,41564,SÃO FÉLIX DE MINAS,0117,13,3799,2662,1366,1177,-7.09992486851991,2026-10-04 19:13:39,2026-10-04 20:47:57,2316,981,1226,10.578583765112263
MG,52299,SÃO GERALDO,0284,20,7348,5404,1861,3199,24.759437453737974,2026-10-04 20:17:34,2026-10-04 20:53:10,5398,1569,3524,36.21711745090774
MG,52310,SÃO GERALDO DA PIEDADE,0283,13,3667,2428,898,1394,20.42833607907743,2026-10-04 22:37:24,2026-10-04 22:49:10,2374,684,1507,34.66722830665543
MG,41580,SÃO GERALDO DO BAIXIO,0117,12,3221,2294,1155,1024,-5.710549258936355,2026-10-04 18:42:12,2026-10-04 20:29:13,2193,905,1169,12.038303693570452
MG,52337,SÃO GONÇALO DO ABAETÉ,0210,21,5648,4097,2118,1728,-9.519160361239932,2026-10-04 17:41:59,2026-10-04 20:16:34,3874,1679,1975,7.640681466184822
MG,52353,SÃO GONÇALO DO PARÁ,0103,32,8689,6841,3850,2351,-21.912001169419675,2026-10-04 19:21:45,2026-10-04 19:21:45,6613,3103,2894,-3.1604415545138362
MG,52370,SÃO GONÇALO DO RIO ABAIXO,0022,38,11721,9015,4113,4108,-0.05546311702717693,2026-10-04 20:57:40,2026-10-04 20:59:40,8551,2960,4863,22.254707051806808
MG,45098,SÃO GONÇALO DO RIO PRETO,0101,12,3128,2036,482,1416,45.87426326129666,2026-10-04 21:00:23,2026-10-04 21:00:23,1962,339,1480,58.154943934760446
MG,52396,SÃO GONÇALO DO SAPUCAÍ,0253,58,19134,13207,6699,5411,-9.75240402816688,2026-10-04 18:36:17,2026-10-04 21:02:22,13833,6368,6246,-0.8819489626256054
MG,52418,SÃO GOTARDO,0254,98,28579,21321,14127,5818,-38.97096759063834,2026-10-04 18:28:23,2026-10-04 19:07:11,20067,11349,7617,-18.59769771266258
MG,41629,SÃO JOAQUIM DE BICAS,0041,70,25074,17953,8139,8138,-0.005570099704784716,2026-10-04 18:32:19,2026-10-04 20:10:42,15796,6394,8235,11.654849328944037
MG,41645,SÃO JOSÉ DA BARRA,0010,26,6753,5028,2668,1951,-14.260143198090692,2026-10-04 19:31:02,2026-10-04 19:31:02,4917,2214,2304,1.8303843807199511
MG,40789,SÃO JOSÉ DA LAPA,0311,68,19738,15503,8081,5944,-13.784428820228342,2026-10-04 18:59:18,2026-10-04 20:12:29,15425,7307,6766,-3.507293354943274
MG,52590,SÃO JOSÉ DA SAFIRA,0247,15,4189,2859,1098,1639,18.922700244840854,2026-10-04 18:16:12,2026-10-04 19:16:23,2607,894,1576,26.160337552742615
MG,52612,SÃO JOSÉ DA VARGINHA,0202,14,3988,2996,1581,1171,-13.684913217623498,2026-10-04 20:42:34,2026-10-04 20:48:29,2807,1213,1365,5.415033843961525
MG,52639,SÃO JOSÉ DO ALEGRE,0051,11,3727,2760,1707,854,-30.905797101449274,2026-10-04 20:25:54,2026-10-04 20:57:41,2765,1451,1036,-15.009041591320072
MG,52655,SÃO JOSÉ DO DIVINO,0169,12,3170,2363,1279,1002,-11.722386796445196,2026-10-04 18:19:03,2026-10-04 19:14:12,2277,1073,1082,0.3952569169960474
MG,52671,SÃO JOSÉ DO GOIABAL,0251,16,4897,3456,1148,2082,27.025462962962962,2026-10-04 19:03:59,2026-10-04 19:03:59,3267,892,2193,39.82246709519437
MG,52698,SÃO JOSÉ DO JACURI,0212,21,5252,3646,1233,2200,26.522216127262755,2026-10-04 20:10:42,2026-10-04 20:10:42,3575,913,2453,43.07692307692308
MG,52710,SÃO JOSÉ DO MANTIMENTO,0158,10,3068,2272,963,1221,11.355633802816902,2026-10-04 18:34:40,2026-10-04 19:07:17,2144,774,1274,23.32089552238806
MG,52434,SÃO JOÃO BATISTA DO GLÓRIA,0010,21,6432,4871,2890,1620,-26.072675015397248,2026-10-04 19:25:57,2026-10-04 19:25:57,4732,2507,1917,-12.46830092983939
MG,40703,SÃO JOÃO DA LAGOA,0094,18,5131,3772,1059,2405,35.68398727465536,2026-10-04 20:24:18,2026-10-04 20:53:45,3593,776,2616,51.2106874478152
MG,52450,SÃO JOÃO DA MATA,0164,11,3192,2367,1477,731,-31.51668779045205,2026-10-04 18:44:31,2026-10-04 18:50:08,2262,1250,838,-18.21396993810787
MG,52477,SÃO JOÃO DA PONTE,0255,83,22992,15309,3219,11436,53.67430922986478,2026-10-04 19:26:28,2026-10-04 20:53:10,14458,2322,11526,63.6602572969982
MG,41602,SÃO JOÃO DAS MISSÕES,0166,36,9981,7120,2041,4897,40.1123595505618,2026-10-04 18:27:19,2026-10-05 00:47:00,6653,1441,5008,53.614910566661656
MG,52493,SÃO JOÃO DEL REI,0328,218,70117,52330,25618,21946,-7.017007452703994,2026-10-04 18:30:22,2026-10-04 21:00:24,53397,24050,23944,-0.19851302507631516
MG,40720,SÃO JOÃO DO MANHUAÇU,0167,27,9811,7487,4078,3126,-12.715373313743823,2026-10-04 21:37:29,2026-10-04 21:37:29,7059,3460,3356,-1.4732965009208103
MG,40746,SÃO JOÃO DO MANTENINHA,0169,19,5242,4097,2019,1875,-3.514766902611667,2026-10-04 19:25:03,2026-10-04 19:25:03,3624,1636,1822,5.132450331125828
MG,52515,SÃO JOÃO DO ORIENTE,0128,22,6955,5186,2444,2506,1.195526417277285,2026-10-04 20:53:09,2026-10-04 20:53:09,5068,2126,2761,12.529597474348856
MG,40762,SÃO JOÃO DO PACUÍ,0094,16,4046,2828,674,1986,46.39321074964639,2026-10-04 20:10:43,2026-10-04 20:10:43,2797,535,2090,55.595280657847695
MG,52531,SÃO JOÃO DO PARAÍSO,0237,82,18054,12740,5958,5914,-0.3453689167974882,2026-10-04 18:29:15,2026-10-04 20:51:21,11366,4642,5770,9.92433573816646
MG,52558,SÃO JOÃO EVANGELISTA,0257,38,12840,8687,2739,5385,30.459307010475424,2026-10-04 18:33:20,2026-10-04 19:31:03,8582,2107,6043,45.86343509671405
MG,52574,SÃO JOÃO NEPOMUCENO,0258,66,20106,14884,6904,6580,-2.176834184359043,2026-10-04 18:17:34,2026-10-04 18:43:20,15326,6460,7538,7.033798773326374
MG,52736,SÃO LOURENÇO,0259,116,34836,25221,15030,8155,-27.259030173268307,2026-10-04 17:59:28,2026-10-04 18:27:20,25540,14575,8708,-22.97180892717306
MG,52752,SÃO MIGUEL DO ANTA,0268,23,6021,4704,1524,2867,28.55017006802721,2026-10-04 19:25:29,2026-10-04 19:25:29,4745,1227,3142,40.35827186512118
MG,52779,SÃO PEDRO DA UNIÃO,0125,14,4328,3163,1815,1127,-21.751501738855517,2026-10-04 18:38:13,2026-10-04 18:57:45,3136,1595,1319,-8.801020408163266
MG,52817,SÃO PEDRO DO SUAÇUÍ,0212,15,4666,3192,1193,1806,19.204260651629074,2026-10-04 20:52:35,2026-10-04 20:52:35,3298,1061,2068,30.533656761673743
MG,52795,SÃO PEDRO DOS FERROS,0234,24,6402,4377,1213,2860,37.628512679917755,2026-10-04 19:00:50,2026-10-04 19:12:08,4405,1034,3146,47.945516458569806
MG,52833,SÃO ROMÃO,0285,26,7275,4602,1649,2763,24.206866579747935,2026-10-04 18:43:22,2026-10-04 20:07:49,4394,1199,3012,41.26081019572144
MG,52850,SÃO ROQUE DE MINAS,0220,18,5891,4348,3085,979,-48.4360625574977,2026-10-04 17:35:03,2026-10-04 20:45:21,4133,2868,1023,-44.64069683038955
MG,52876,SÃO SEBASTIÃO DA BELA VISTA,0248,18,6472,4731,2627,1754,-18.45275840202917,2026-10-04 20:56:25,2026-10-04 20:56:25,4340,2020,2000,-0.4608294930875576
MG,42340,SÃO SEBASTIÃO DA VARGEM ALEGRE,0284,9,3045,2314,1018,1104,3.7165082108902334,2026-10-04 20:53:44,2026-10-04 20:53:44,2205,837,1216,17.188208616780045
MG,42366,SÃO SEBASTIÃO DO ANTA,0128,17,5604,4031,2202,1644,-13.842718928305631,2026-10-04 21:01:09,2026-10-04 21:02:23,3673,1721,1789,1.8513476722025592
MG,52892,SÃO SEBASTIÃO DO MARANHÃO,0247,34,8934,5399,2048,3061,18.762733839599925,2026-10-04 18:16:14,2026-10-04 19:25:03,5230,1696,3244,29.59847036328872
MG,52914,SÃO SEBASTIÃO DO OESTE,0139,29,7573,5908,3047,2501,-9.24170616113744,2026-10-04 19:07:51,2026-10-04 20:30:48,4972,2149,2489,6.838294448913918
MG,52930,SÃO SEBASTIÃO DO PARAÍSO,0260,147,51162,35867,19067,12696,-17.762846070203807,2026-10-04 17:45:13,2026-10-04 18:59:20,36202,17215,14851,-6.530025965416275
MG,52957,SÃO SEBASTIÃO DO RIO PRETO,0113,9,2043,1328,619,607,-0.9036144578313253,2026-10-04 19:13:08,2026-10-04 20:11:53,1292,500,695,15.092879256965944
MG,52973,SÃO SEBASTIÃO DO RIO VERDE,0259,7,2163,1686,969,572,-23.54685646500593,2026-10-04 18:26:27,2026-10-04 18:26:27,1651,886,595,-17.625681405208965
MG,53031,SÃO THOMÉ DAS LETRAS,0272,19,5182,3854,1261,2318,27.426050856253244,2026-10-04 20:15:33,2026-10-04 20:49:41,3798,979,2569,41.864139020537124
MG,52990,SÃO TIAGO,0232,32,9396,7055,3273,2913,-5.102763997165131,2026-10-04 18:26:54,2026-10-04 20:47:27,6888,2510,3371,12.5
MG,53015,SÃO TOMÁS DE AQUINO,0260,17,5951,4281,2178,1654,-12.24013081055828,2026-10-04 18:35:13,2026-10-04 18:35:13,4297,1916,1928,0.27926460321154295
MG,53058,SÃO VICENTE DE MINAS,0346,22,5681,4002,1806,1940,3.3483258370814593,2026-10-04 18:18:01,2026-10-04 18:18:01,4204,1708,2181,11.251189343482398
MG,53570,TABULEIRO,0239,13,4006,2983,1211,1579,12.336573918873617,2026-10-04 18:35:13,2026-10-04 19:22:25,3061,1017,1819,26.20058804312316
MG,53597,TAIOBEIRAS,0266,84,27594,19957,11580,7283,-21.531292278398556,2026-10-04 18:28:24,2026-10-04 20:46:59,18847,9943,7822,-11.253780442510745
MG,42420,TAPARUBA,0129,13,4088,2907,1243,1544,10.354317165462676,2026-10-04 21:01:43,2026-10-04 22:06:54,2703,990,1587,22.086570477247502
MG,53619,TAPIRA,0017,15,4968,3899,2754,871,-48.29443447037702,2026-10-04 19:16:22,2026-10-04 20:43:09,3537,2317,997,-37.3197625106022
MG,53635,TAPIRAÍ,0021,8,1974,1515,718,676,-2.772277227722772,2026-10-04 19:15:22,2026-10-04 19:15:22,1461,583,771,12.867898699520875
MG,53651,TAQUARAÇU DE MINAS,0056,19,5759,4025,2110,1557,-13.73913043478261,2026-10-04 18:51:35,2026-10-04 20:10:45,3507,1638,1527,-3.165098374679213
MG,53678,TARUMIRIM,0267,44,10127,7537,3744,3462,-3.7415417274777765,2026-10-04 17:58:51,2026-10-04 20:57:40,7131,3075,3756,9.549852755574253
MG,53694,TEIXEIRAS,0268,45,10098,7596,2702,4307,21.12954186413902,2026-10-04 18:10:55,2026-10-04 18:43:21,7839,2333,5020,34.27733129225667
MG,53716,TEÓFILO OTONI,0269,335,106567,73389,34422,34828,0.5532164220796032,2026-10-04 17:48:37,2026-10-04 21:17:09,73292,33233,35724,3.398733831796103
MG,53732,TIMÓTEO,0098,175,59600,43865,24867,15867,-20.517496865382423,2026-10-04 18:39:17,2026-10-04 20:15:33,45310,24760,17562,-15.886117854778195
MG,53759,TIRADENTES,0328,22,6892,5336,2556,2399,-2.942278860569715,2026-10-04 19:23:18,2026-10-04 20:57:41,5400,2228,2723,9.166666666666666
MG,53775,TIROS,0254,25,6214,4523,3195,1080,-46.760999336723415,2026-10-04 20:11:54,2026-10-04 20:11:54,4190,2562,1395,-27.852028639618137
MG,53791,TOCANTINS,0275,47,12649,9945,4696,4550,-1.4680744092508797,2026-10-04 19:17:26,2026-10-04 22:12:14,10119,4168,5245,10.643344203972724
MG,42587,TOCOS DO MOJI,0227,13,4159,3292,1513,1430,-2.5212636695018227,2026-10-04 19:29:52,2026-10-04 19:29:52,3151,1164,1631,14.820691843859093
MG,53813,TOLEDO,0112,21,7507,5476,3420,1673,-31.902848794740688,2026-10-04 19:23:48,2026-10-04 19:29:50,4709,2601,1812,-16.75514971331493
MG,53830,TOMBOS,0111,26,6714,5233,2487,2516,0.5541754251863176,2026-10-04 17:21:56,2026-10-04 18:12:23,5318,2148,2947,15.024445280180519
MG,53856,TRÊS CORAÇÕES,0272,173,56588,39187,21745,13698,-20.534871258325467,2026-10-04 18:59:20,2026-10-04 20:45:22,41786,21646,15554,-14.579045613363327
MG,41157,TRÊS MARIAS,0309,82,24921,17115,8632,7107,-8.910312591294186,2026-10-04 18:15:04,2026-10-04 19:16:45,17398,7792,8462,3.8510173583170477
MG,53872,TRÊS PONTAS,0273,153,45341,33388,15431,14545,-2.653648017251707,2026-10-04 17:58:52,2026-10-04 18:54:49,34494,13923,17261,9.677045283237664
MG,53899,TUMIRITINGA,0138,17,5517,3790,1745,1898,4.036939313984169,2026-10-04 19:07:50,2026-10-04 21:09:22,3707,1430,2109,18.316698138656594
MG,53910,TUPACIGUARA,0274,65,20966,15260,7260,7105,-1.015727391874181,2026-10-04 17:49:27,2026-10-04 19:01:20,14950,6073,8147,13.872909698996656
MG,53937,TURMALINA,0336,56,16553,12336,4187,7373,25.826848249027236,2026-10-04 18:15:19,2026-10-04 20:17:05,11654,2976,8085,43.83902522738974
MG,53953,TURVOLÂNDIA,0253,17,4957,3664,1952,1444,-13.864628820960698,2026-10-04 21:01:06,2026-10-04 21:02:22,3428,1586,1547,-1.1376896149358227
MG,40860,UBAPORANGA,0071,41,10135,7902,4333,3185,-14.527967603138446,2026-10-04 18:51:35,2026-10-04 20:14:30,7555,3909,3255,-8.656518861681006
MG,53996,UBAÍ,0050,43,9797,6840,1682,4902,47.07602339181287,2026-10-04 17:46:37,2026-10-04 21:28:37,6464,1311,4838,54.56373762376238
MG,54011,UBERABA,0276,261,78393,58823,29413,23264,-10.453394080546724,2026-10-04 17:58:52,2026-10-04 20:50:49,59618,27325,26970,-0.5954577476601026
MG,54011,UBERABA,0326,248,75587,57751,30656,21087,-16.569410053505568,2026-10-04 18:26:54,2026-10-04 20:11:23,57366,28596,23403,-9.052400376529652
MG,54011,UBERABA,0347,286,82858,61671,31038,24540,-10.536556890596877,2026-10-04 18:13:34,2026-10-04 19:21:08,61922,28102,28611,0.822001873324505
MG,54038,UBERLÂNDIA,0278,425,139600,105350,52659,42549,-9.59658281917418,2026-10-04 18:30:40,2026-10-04 20:19:36,100286,45989,45501,-0.4866083002612528
MG,54038,UBERLÂNDIA,0279,442,142633,109257,55622,42856,-11.68437720237605,2026-10-04 18:40:02,2026-10-04 20:58:29,106834,50367,46533,-3.5887451560364676
MG,54038,UBERLÂNDIA,0299,279,80638,61907,32575,23455,-14.731775081977805,2026-10-04 18:27:20,2026-10-04 21:27:42,62074,30000,26295,-5.968682540193962
MG,54038,UBERLÂNDIA,0314,325,104856,79761,39173,33203,-7.484861022304133,2026-10-04 19:01:20,2026-10-04 19:25:03,75325,33709,35139,1.898440092930634
MG,54038,UBERLÂNDIA,0335,232,72306,53646,26764,21816,-9.223427655370392,2026-10-04 18:44:30,2026-10-04 20:14:30,53934,24679,24606,-0.1353506137130567
MG,53970,UBÁ,0275,239,71547,52666,25035,23492,-2.9297839213154595,2026-10-04 17:37:38,2026-10-04 21:46:23,54497,23297,27196,7.154522267280767
MG,54054,UMBURATIBA,0073,13,2736,1863,657,1120,24.852388620504563,2026-10-04 17:46:20,2026-10-04 19:11:39,1743,445,1228,44.922547332185886
MG,54070,UNAÍ,0280,191,64172,47812,30244,13714,-34.572910566385005,2026-10-04 18:17:15,2026-10-04 20:40:58,46264,24929,17962,-15.059225315580148
MG,42447,UNIÃO DE MINAS,0142,12,3158,2375,1088,1185,4.08421052631579,2026-10-04 18:23:32,2026-10-04 18:23:32,2398,882,1432,22.93577981651376
MG,42463,URUANA DE MINAS,0320,11,3686,2619,1338,1099,-9.125620465826652,2026-10-04 17:41:58,2026-10-04 20:23:15,2467,1068,1268,8.107012565869477
MG,40886,URUCUIA,0320,27,7988,5554,2148,3034,15.952466690673388,2026-10-04 18:41:18,2026-10-04 20:13:56,5219,1665,3240,30.17819505652424
MG,54097,URUCÂNIA,0339,27,8712,6098,2210,3550,21.974417841915383,2026-10-04 19:21:44,2026-10-04 20:10:42,6299,2002,4000,31.71932052706779
MG,40908,VARGEM ALEGRE,0072,21,5430,3990,1881,1956,1.8796992481203008,2026-10-04 19:21:13,2026-10-04 19:21:13,4098,1734,2249,12.567105905319668
MG,54119,VARGEM BONITA,0220,8,2601,1798,1079,611,-26.02892102335929,2026-10-04 20:51:21,2026-10-04 20:51:21,1878,1030,747,-15.069222577209798
MG,42480,VARGEM GRANDE DO RIO PARDO,0237,18,4199,3137,1501,1399,-3.251514185527574,2026-10-04 19:04:44,2026-10-04 20:55:12,3001,1363,1401,1.2662445851382873
MG,54135,VARGINHA,0281,305,104607,76210,42950,25551,-22.830337226085817,2026-10-04 17:55:45,2026-10-04 19:07:14,79043,41672,28811,-16.270890527940487
MG,42501,VARJÃO DE MINAS,0210,20,6717,4993,2610,1998,-12.257160024033647,2026-10-04 17:57:26,2026-10-04 18:59:47,4913,2080,2543,9.423977203338083
MG,54178,VARZELÂNDIA,0255,54,17159,11610,2895,8365,47.114556416881996,2026-10-04 21:57:24,2026-10-04 22:54:29,10510,2290,7803,52.45480494766889
MG,54194,VAZANTE,0295,53,16950,12262,6165,4982,-9.647692056760723,2026-10-04 17:46:20,2026-10-04 19:21:09,12100,4950,6240,10.661157024793388
MG,42528,VERDELÂNDIA,0147,27,6974,4883,1414,3283,38.275650215031746,2026-10-04 18:58:15,2026-10-04 20:12:29,4643,1083,3399,49.88154210639673
MG,42544,VEREDINHA,0336,18,5268,3765,1228,2210,26.08233731739708,2026-10-04 18:34:11,2026-10-04 20:44:19,3532,818,2517,48.10305775764439
MG,42560,VERMELHO NOVO,0231,17,5097,3657,1569,1851,7.71123872026251,2026-10-04 17:21:56,2026-10-04 19:07:50,3556,1355,1973,17.379077615298087
MG,54232,VERÍSSIMO,0347,11,3223,2307,1041,1104,2.730819245773732,2026-10-04 19:21:08,2026-10-04 19:21:08,2177,815,1224,18.787322002756085
MG,54259,VESPASIANO,0311,301,87691,66427,32456,27581,-7.338883285411053,2026-10-04 18:46:38,2026-10-04 20:31:15,67273,30471,31416,1.4047240349025611
MG,54291,VIEIRAS,0187,12,4007,3125,1371,1602,7.392,2026-10-04 20:53:44,2026-10-04 20:53:44,3018,1140,1720,19.218025182239895
MG,54330,VIRGEM DA LAPA,0015,31,10159,6451,2009,4174,33.56068826538521,2026-10-04 20:18:05,2026-10-04 21:57:24,6406,1594,4482,45.0827349359975
MG,54372,VIRGINÓPOLIS,0283,28,8530,5534,1988,2913,16.71485363209252,2026-10-04 19:07:51,2026-10-04 19:21:45,5636,1519,3604,36.99432221433641
MG,54399,VIRGOLÂNDIA,0247,17,4613,3094,911,2006,35.39107950872657,2026-10-04 18:44:51,2026-10-04 18:44:51,2980,688,2094,47.18120805369127
MG,54356,VIRGÍNIA,0137,23,7521,5761,2645,2687,0.7290400972053463,2026-10-04 19:17:27,2026-10-04 20:21:05,5635,2344,2772,7.595385980479148
MG,54410,VISCONDE DO RIO BRANCO,0284,102,30721,22990,9901,11462,6.7899086559373645,2026-10-04 18:18:44,2026-10-04 20:59:40,23117,8712,13028,18.670242678548256
MG,54275,VIÇOSA,0282,193,61609,45338,14071,27070,28.671313247165735,2026-10-04 18:31:56,2026-10-04 20:54:30,45831,12600,29535,36.950972049486154
MG,54437,VOLTA GRANDE,0007,20,4431,2995,1122,1691,18.998330550918197,2026-10-04 18:59:20,2026-10-04 19:07:17,2973,975,1849,29.39791456441305
MG,54151,VÁRZEA DA PALMA,0310,85,27190,19008,9205,8491,-3.7563131313131315,2026-10-04 18:19:03,2026-10-04 21:42:16,18633,7528,9750,11.925079160628991
MG,54216,WENCESLAU BRAZ,0134,11,2695,2037,1084,778,-15.022091310751104,2026-10-04 19:25:55,2026-10-04 20:48:28,2012,942,880,-3.081510934393638
MG,40118,ÁGUA BOA,0067,38,11836,7631,3057,4211,15.122526536495872,2026-10-04 17:21:56,2026-10-04 20:12:55,7366,2418,4612,29.785500950312244
MG,40134,ÁGUA COMPRIDA,0347,10,2699,2023,1176,753,-20.909540286702917,2026-10-04 19:21:10,2026-10-04 19:21:10,1751,923,744,-10.222729868646487
MG,40177,ÁGUAS FORMOSAS,0004,49,14491,10529,4605,5334,6.923734447715832,2026-10-04 20:17:05,2026-10-04 20:21:04,10539,4049,5940,17.942878831008635
MG,40193,ÁGUAS VERMELHAS,0213,31,10868,7149,2268,4486,31.02531822632536,2026-10-04 19:07:17,2026-10-04 21:01:09,6504,1656,4399,42.1740467404674
MS,55018,ALCINÓPOLIS,0038,13,3809,2836,1510,1092,-14.739069111424541,2026-10-04 17:42:14,2026-10-04 18:13:10,2630,1123,1306,6.9581749049429655
MS,90115,AMAMBAI,0001,96,27203,18422,10701,6943,-20.399522310281185,2026-10-04 17:28:21,2026-10-04 19:07:07,19528,10109,8358,-8.966612044244162
MS,90131,ANASTÁCIO,0049,79,18203,12954,7224,5052,-16.767021769337656,2026-10-04 17:35:16,2026-10-04 19:32:20,13256,6364,6034,-2.489438744719372
MS,90158,ANAURILÂNDIA,0006,22,6297,4628,2396,1933,-10.004321521175454,2026-10-04 18:18:58,2026-10-04 18:24:00,4573,1897,2320,9.249945331292368
MS,91693,ANGÉLICA,0027,30,8695,6114,3246,2453,-12.970232253843637,2026-10-04 17:54:30,2026-10-04 19:20:54,6276,2788,3024,3.760356915232632
MS,90174,ANTÔNIO JOÃO,0052,28,7911,5822,3542,2031,-25.95328065956716,2026-10-04 18:39:52,2026-10-04 19:20:54,5699,2730,2648,-1.4388489208633093
MS,90190,APARECIDA DO TABOADO,0024,61,19558,13571,8093,4599,-25.746076191879744,2026-10-04 17:47:44,2026-10-04 18:31:50,13301,7221,5032,-16.45740921735208
MS,90212,AQUIDAUANA,0010,143,36393,25127,12723,11058,-6.626338201934175,2026-10-04 17:29:29,2026-10-04 19:20:54,25838,11937,12259,1.2462264881182754
MS,91715,ARAL MOREIRA,0019,31,8273,6235,3563,2504,-16.98476343223737,2026-10-04 17:21:55,2026-10-04 19:22:08,6005,2962,2812,-2.4979184013322233
MS,90298,BANDEIRANTES,0034,24,6799,4889,2842,1734,-22.663121292697895,2026-10-04 17:44:11,2026-10-04 18:29:08,4672,2223,2072,-3.2320205479452055
MS,90379,BATAGUASSU,0006,69,19771,13716,7765,5075,-19.612131816856227,2026-10-04 17:21:54,2026-10-04 18:33:52,13601,6768,5748,-7.4994485699580915
MS,90395,BATAYPORÃ,0005,30,8414,5940,3307,2360,-15.942760942760943,2026-10-04 19:30:21,2026-10-04 20:07:29,6021,2815,2753,-1.029729280850357
MS,90417,BELA VISTA,0017,67,16420,11683,6983,4235,-23.521355816143114,2026-10-04 17:26:36,2026-10-04 19:22:08,11667,6129,4904,-10.499700008571184
MS,98019,BODOQUENA,0015,28,6487,4794,2574,1943,-13.162286191072173,2026-10-04 17:31:43,2026-10-04 18:30:14,5000,2289,2343,1.08
MS,90433,BONITO,0030,64,19254,13861,8663,4388,-30.84193059663805,2026-10-04 17:39:54,2026-10-04 18:38:25,13237,7340,5113,-16.8240537886228
MS,90450,BRASILÂNDIA,0041,34,9576,6304,3941,2019,-30.488578680203045,2026-10-04 17:22:29,2026-10-04 17:51:49,6237,3296,2451,-13.548180214846882
MS,90557,CAARAPÓ,0028,73,22152,15845,10049,5160,-30.855159356263805,2026-10-04 17:40:32,2026-10-04 20:10:47,15870,9003,6137,-18.059231253938247
MS,90492,CAMAPUÃ,0014,44,10948,8003,4886,2725,-27.00237410970886,2026-10-04 17:49:25,2026-10-04 18:43:12,8378,4253,3559,-8.283599904511817
MS,90514,CAMPO GRANDE,0008,417,123948,96320,57246,30560,-27.705564784053156,2026-10-04 17:28:52,2026-10-04 19:22:08,98730,54083,33672,-20.673554137546844
MS,90514,CAMPO GRANDE,0035,395,116051,89039,51563,29406,-24.88460112984198,2026-10-04 17:32:42,2026-10-04 19:20:53,91763,49410,32348,-18.593550777546504
MS,90514,CAMPO GRANDE,0036,375,107052,84959,53957,23385,-35.98441601242953,2026-10-04 17:30:40,2026-10-04 18:43:13,87475,52616,24693,-31.921120320091454
MS,90514,CAMPO GRANDE,0044,311,91224,69362,39482,23688,-22.770393010582165,2026-10-04 17:32:42,2026-10-04 18:32:09,72487,38174,26638,-15.914577786361692
MS,90514,CAMPO GRANDE,0053,448,135000,101871,56198,36622,-19.216460032786564,2026-10-04 17:31:43,2026-10-04 18:55:34,105737,53600,41124,-11.799086412514068
MS,90514,CAMPO GRANDE,0054,243,67910,52137,31226,16195,-28.829813759901796,2026-10-04 17:32:42,2026-10-04 18:33:52,54556,30759,18101,-23.201847642789062
MS,90530,CARACOL,0017,22,4723,3579,2214,1241,-27.186364906398435,2026-10-04 18:00:36,2026-10-04 18:19:21,3459,1771,1550,-6.3891298063024
MS,90573,CASSILÂNDIA,0003,55,15301,10701,6951,2961,-37.28623493131483,2026-10-04 17:46:17,2026-10-04 18:46:30,10909,6252,3598,-24.328536071133925
MS,91782,CHAPADÃO DO SUL,0048,76,23000,16972,12182,3860,-49.03370256893707,2026-10-04 17:39:54,2026-10-04 18:41:07,15132,10087,4350,-37.91303198519693
MS,90611,CORGUINHO,0040,17,4479,3249,1750,1287,-14.250538627269929,2026-10-04 17:27:44,2026-10-04 18:38:25,2982,1384,1352,-1.0731052984574112
MS,98590,CORONEL SAPUCAIA,0019,49,12105,9579,4988,4295,-7.234575634199812,2026-10-04 18:43:12,2026-10-04 19:29:33,8868,4254,4254,0.0
MS,90638,CORUMBÁ,0007,162,44330,32552,15940,14814,-3.4590808552469894,2026-10-04 17:21:54,2026-10-04 19:07:37,33418,14748,15893,3.4262972050990483
MS,90638,CORUMBÁ,0050,87,23218,17092,8573,7518,-6.172478352445588,2026-10-04 17:41:12,2026-10-04 21:03:36,17965,8201,8180,-0.1168939604787086
MS,98035,COSTA RICA,0038,76,22355,15565,10033,4613,-34.821715387086414,2026-10-04 17:35:02,2026-10-04 18:55:33,15602,8605,6034,-16.478656582489425
MS,90654,COXIM,0012,105,26464,18767,10656,7119,-18.846912132999414,2026-10-04 17:21:54,2026-10-04 18:37:14,18686,9149,8298,-4.554211709301081
MS,91758,DEODÁPOLIS,0039,42,10690,7882,4411,3048,-17.29256533874651,2026-10-04 17:51:49,2026-10-04 19:20:54,7845,3849,3452,-5.060548119821543
MS,91804,DOIS IRMÃOS DO BURITI,0049,34,8601,6346,2509,3579,16.861014812480303,2026-10-04 17:58:49,2026-10-04 19:20:54,6203,1963,3853,30.46912784136708
MS,98051,DOURADINA,0018,18,4920,4020,2506,1358,-28.557213930348258,2026-10-04 18:31:50,2026-10-04 19:24:37,3984,2222,1553,-16.792168674698797
MS,90735,DOURADOS,0018,330,93879,72124,44681,22289,-31.046530974432923,2026-10-04 17:32:10,2026-10-04 19:08:55,71807,39861,25690,-19.734844792290446
MS,90735,DOURADOS,0043,253,72990,56708,34802,18188,-29.297453622063905,2026-10-04 17:47:44,2026-10-04 19:30:35,58397,32735,20803,-20.432556466941794
MS,91731,ELDORADO,0025,35,8988,6087,3759,2021,-28.55265319533432,2026-10-04 17:21:12,2026-10-04 20:37:46,6194,3433,2378,-17.032612205360024
MS,55069,FIGUEIRÃO,0014,10,2805,2088,1151,792,-17.193486590038315,2026-10-04 17:40:32,2026-10-04 18:25:53,1924,884,876,-0.4158004158004158
MS,90751,FÁTIMA DO SUL,0004,62,16886,12776,7072,4939,-16.69536631183469,2026-10-04 17:58:49,2026-10-04 19:15:24,12661,6025,5610,-3.2777821657057102
MS,90794,GLÓRIA DE DOURADOS,0039,31,8125,6011,3427,2278,-19.114955914157377,2026-10-04 18:18:40,2026-10-04 19:26:02,5879,2842,2630,-3.6060554516074164
MS,90816,GUIA LOPES DA LAGUNA,0022,30,7950,5604,3255,2092,-20.753033547466096,2026-10-04 17:35:17,2026-10-04 18:43:12,5547,2759,2433,-5.87705065801334
MS,90859,IGUATEMI,0025,34,10722,7358,4552,2452,-28.540364229410166,2026-10-04 17:34:11,2026-10-04 18:47:42,7602,4242,2997,-16.37726913970008
MS,90875,INOCÊNCIA,0023,23,7251,4491,2721,1514,-26.87597417056335,2026-10-04 18:09:46,2026-10-04 18:22:10,4454,2293,1794,-11.203412662775033
MS,90891,ITAPORÃ,0043,47,14201,11289,7419,3349,-36.05279475595712,2026-10-04 17:39:12,2026-10-04 18:59:25,10930,6452,3854,-23.769441903019214
MS,98078,ITAQUIRAÍ,0025,52,14628,9844,4871,4474,-4.032913449817148,2026-10-04 17:45:12,2026-10-04 19:22:32,9937,4117,5227,11.170373352118345
MS,90930,IVINHEMA,0027,66,21196,15141,9512,4696,-31.80767452612113,2026-10-04 17:54:29,2026-10-04 19:20:54,15403,8504,5896,-16.93176653898591
MS,55034,JAPORÃ,0033,23,6581,4866,1452,3273,37.422934648582,2026-10-04 17:46:29,2026-10-04 20:13:47,4357,1169,3049,43.14895570346569
MS,90972,JARAGUARI,0034,20,6048,4387,2211,1870,-7.772965580123091,2026-10-04 17:22:29,2026-10-04 18:24:56,3982,1771,1889,2.9633350075339027
MS,90999,JARDIM,0022,69,18633,13151,8299,4191,-31.237168276176718,2026-10-04 17:36:52,2026-10-04 18:34:55,12950,7401,4757,-20.416988416988417
MS,91014,JATEÍ,0004,16,4340,3302,1822,1368,-13.74924288310115,2026-10-04 17:30:03,2026-10-04 18:42:04,3318,1527,1537,0.3013863773357444
MS,91820,JUTI,0028,21,5982,4216,2196,1873,-7.661290322580645,2026-10-04 17:42:14,2026-10-04 18:48:40,4043,1793,2084,7.197625525599802
MS,91030,LADÁRIO,0050,50,13609,9915,4969,4451,-5.224407463439234,2026-10-04 18:16:11,2026-10-04 18:46:30,10120,4566,4732,1.640316205533597
MS,55026,LAGUNA CARAPÃ,0043,19,5465,4182,2667,1358,-31.30081300813008,2026-10-04 18:23:27,2026-10-04 20:58:12,4295,2393,1668,-16.88009313154831
MS,91073,MARACAJU,0016,111,29813,22524,16185,5356,-48.077606109039245,2026-10-04 17:51:32,2026-10-04 20:10:47,21688,13484,7072,-29.564736259682775
MS,91111,MIRANDA,0015,76,20066,14121,5937,7626,11.960909284045039,2026-10-04 17:54:10,2026-10-04 20:16:25,14271,5194,8380,22.324994744586924
MS,91790,MUNDO NOVO,0033,50,14988,10570,6593,3461,-29.631031220435194,2026-10-04 17:36:19,2026-10-04 18:54:38,10407,6025,3863,-20.77447871624868
MS,91138,NAVIRAÍ,0002,136,37528,26830,17261,8020,-34.44278792396571,2026-10-04 17:44:55,2026-10-04 18:30:34,27002,16195,9124,-26.186949114880377
MS,91154,NIOAQUE,0045,42,10377,7813,4238,3297,-12.044029182132343,2026-10-04 17:21:12,2026-10-04 19:30:35,7906,3813,3692,-1.5304831773336707
MS,55000,NOVA ALVORADA DO SUL,0011,54,16244,10372,5815,4003,-17.47011183956807,2026-10-04 17:58:49,2026-10-04 18:12:08,10806,5383,4832,-5.09901906348325
MS,91235,NOVA ANDRADINA,0005,122,35629,24451,14489,8442,-24.731094842746717,2026-10-04 17:44:11,2026-10-04 20:10:47,25307,13211,10254,-11.684514166041016
MS,55042,NOVO HORIZONTE DO SUL,0027,16,3610,2763,1442,1177,-9.591024249004706,2026-10-04 18:34:55,2026-10-04 18:34:55,2902,1275,1431,5.375603032391454
MS,91251,PARANAÍBA,0013,107,31506,22386,12815,8030,-21.374966496917715,2026-10-04 17:21:55,2026-10-04 19:12:40,22623,11266,9219,-9.04831366308624
MS,91847,PARANHOS,0001,32,9433,5950,2600,3192,9.949579831932773,2026-10-04 18:18:40,2026-10-04 20:48:25,6054,2346,3419,17.72381896266931
MS,55050,PARAÍSO DAS ÁGUAS,0048,16,4335,3087,2253,701,-50.27534823453191,2026-10-04 17:23:11,2026-10-04 18:37:15,2985,1905,888,-34.07035175879397
MS,91278,PEDRO GOMES,0026,22,6048,4462,2508,1784,-16.22590766472434,2026-10-04 17:37:37,2026-10-04 18:54:38,4285,2063,2002,-1.4235705950991833
MS,91316,PONTA PORÃ,0019,96,25296,18098,12044,5046,-38.66725605039231,2026-10-04 17:34:12,2026-10-04 18:55:34,18907,11127,6450,-24.736869942349394
MS,91316,PONTA PORÃ,0052,153,44661,32035,19374,10778,-26.833151240830343,2026-10-04 17:55:27,2026-10-04 19:20:53,32214,17489,12311,-16.073756751722854
MS,91375,PORTO MURTINHO,0020,30,8647,5622,2949,2441,-9.03593027392387,2026-10-04 17:23:40,2026-10-04 20:51:48,5495,2697,2596,-1.8380345768880801
MS,91413,RIBAS DO RIO PARDO,0032,60,16370,10934,6317,3970,-21.465154563746115,2026-10-04 17:28:21,2026-10-04 18:25:53,9943,4865,4387,-4.807402192497234
MS,91430,RIO BRILHANTE,0011,87,26188,19195,11885,6397,-28.590778848658505,2026-10-04 17:40:33,2026-10-04 18:47:42,18973,10106,7852,-11.880040056922995
MS,91456,RIO NEGRO,0040,16,4176,3144,1775,1215,-17.8117048346056,2026-10-04 17:53:52,2026-10-04 18:31:49,2968,1399,1338,-2.055256064690027
MS,91472,RIO VERDE DE MATO GROSSO,0021,56,13917,10162,6090,3583,-24.67034048415666,2026-10-04 17:31:42,2026-10-04 18:37:14,10507,5493,4462,-9.812505948415343
MS,91499,ROCHEDO,0034,16,4984,3578,2125,1229,-25.04192286193404,2026-10-04 17:30:40,2026-10-04 18:11:00,3309,1603,1399,-6.165004533091569
MS,91863,SANTA RITA DO PARDO,0041,18,5541,3534,2061,1219,-23.82569326542162,2026-10-04 17:21:55,2026-10-04 18:17:47,3640,1721,1613,-2.967032967032967
MS,98116,SELVÍRIA,0009,22,7236,4966,2363,2305,-1.1679420056383407,2026-10-04 19:11:44,2026-10-04 19:22:32,4968,1842,2835,19.98792270531401
MS,98132,SETE QUEDAS,0033,34,7773,5544,3659,1694,-35.443722943722946,2026-10-04 17:41:57,2026-10-04 18:38:41,5383,3136,1967,-21.716514954486346
MS,91570,SIDROLÂNDIA,0031,118,35153,24783,13860,9542,-17.423233668240325,2026-10-04 17:53:52,2026-10-04 19:17:17,24988,12603,10845,-7.035376980950857
MS,91880,SONORA,0026,40,11254,8401,4947,3066,-22.39019164385192,2026-10-04 17:51:32,2026-10-04 18:37:14,8227,4269,3567,-8.532879542968276
MS,98094,SÃO GABRIEL DO OESTE,0040,73,23080,16940,11840,4130,-45.51357733175915,2026-10-04 17:30:39,2026-10-04 19:12:40,16121,10198,4994,-32.28087587618634
MS,98159,TACURU,0033,22,7003,4490,1695,2596,20.066815144766146,2026-10-04 18:37:14,2026-10-04 19:11:43,4749,1474,3034,32.849020846494
MS,98175,TAQUARUSSU,0005,13,3942,2895,1413,1381,-1.1053540587219344,2026-10-04 19:08:55,2026-10-04 19:08:55,2756,1131,1516,13.969521044992742
MS,91596,TERENOS,0054,48,13850,10407,5363,4404,-9.214951474968771,2026-10-04 17:27:44,2026-10-04 19:10:03,10155,4542,4669,1.2506154603643524
MS,91650,TRÊS LAGOAS,0009,142,39413,28471,17016,9355,-26.90808190790629,2026-10-04 17:46:29,2026-10-04 18:42:04,28267,15397,10380,-17.748611455053595
MS,91650,TRÊS LAGOAS,0051,155,49093,34105,19674,11992,-22.524556516639787,2026-10-04 17:41:12,2026-10-04 19:05:09,35139,18000,14256,-10.654827968923419
MS,91901,VICENTINA,0004,21,5998,4674,2164,2237,1.5618314077877622,2026-10-04 18:47:42,2026-10-04 19:10:45,4570,1632,2528,19.60612691466083
MS,90034,ÁGUA CLARA,0023,43,13465,8695,5370,2865,-28.80966072455434,2026-10-04 17:21:54,2026-10-04 18:12:08,8084,4181,3428,-9.314695695200395
MT,90018,ACORIZAL,0001,26,7353,5923,2864,2776,-1.485733580955597,2026-10-04 17:25:25,2026-10-04 19:28:53,5471,2220,2986,14.001096691646865
MT,89877,ALTA FLORESTA,0024,125,43203,32395,23270,7677,-48.133971291866025,2026-10-04 18:12:40,2026-10-04 20:23:46,29932,19745,8557,-37.378056929039154
MT,90050,ALTO ARAGUAIA,0008,44,11527,8503,5403,2478,-34.399623662236856,2026-10-04 17:21:12,2026-10-04 18:43:14,8668,5007,3188,-20.985233041070604
MT,90042,ALTO BOA VISTA,0015,16,4151,3165,2349,681,-52.70142180094787,2026-10-04 17:25:25,2026-10-04 18:11:01,2885,2047,716,-46.13518197573657
MT,90077,ALTO GARÇAS,0045,31,8774,6593,4272,2012,-34.27878052479903,2026-10-04 17:44:55,2026-10-04 17:51:32,6038,3440,2324,-18.482941371315004
MT,90093,ALTO PARAGUAI,0007,24,6195,4574,1956,2427,10.297332750327941,2026-10-04 17:53:53,2026-10-04 19:10:37,4522,1599,2648,23.197700132684652
MT,98612,ALTO TAQUARI,0008,26,7979,5825,3951,1552,-41.18454935622318,2026-10-04 18:17:31,2026-10-04 18:54:41,5325,3302,1761,-28.938967136150236
MT,90263,APIACÁS,0050,22,6340,4671,3244,1266,-42.34639263540998,2026-10-04 17:21:55,2026-10-04 18:32:11,4165,2417,1557,-20.64825930372149
MT,98639,ARAGUAIANA,0009,10,3259,2364,1295,849,-18.866328257191203,2026-10-04 18:15:01,2026-10-04 18:15:01,2300,1036,1117,3.5217391304347827
MT,90239,ARAGUAINHA,0008,5,1233,936,498,400,-10.47008547008547,2026-10-04 18:43:13,2026-10-04 18:43:13,814,314,465,18.55036855036855
MT,89893,ARAPUTANGA,0041,34,11533,8722,6325,2005,-49.529924329282274,2026-10-04 17:40:33,2026-10-04 19:11:43,8480,5617,2349,-38.5377358490566
MT,90255,ARENÁPOLIS,0017,31,7881,6052,3621,2101,-25.11566424322538,2026-10-04 18:17:30,2026-10-04 19:00:11,5962,3221,2371,-14.256960751425696
MT,90271,ARIPUANÃ,0011,54,17103,11483,8794,2192,-57.49368631890621,2026-10-04 17:20:29,2026-10-04 19:14:52,9146,6510,2264,-46.42466652088345
MT,90336,BARRA DO BUGRES,0013,81,22360,16898,8893,7085,-10.699491064031246,2026-10-04 18:17:30,2026-10-04 20:57:08,17367,7905,8475,3.28208671618587
MT,90352,BARRA DO GARÇAS,0009,157,47123,35119,21019,11720,-26.478544377687292,2026-10-04 17:27:44,2026-10-04 19:30:18,33201,18492,12688,-17.481401162615583
MT,90310,BARÃO DE MELGAÇO,0038,25,6862,5484,2064,3158,19.948942377826405,2026-10-04 17:21:56,2026-10-04 20:07:45,4897,1636,3010,28.057994690626913
MT,73709,BOA ESPERANÇA DO NORTE,0043,13,4326,3189,2243,764,-46.37817497648165,2026-10-04 18:09:25,2026-10-04 20:11:33,,,,
MT,90905,BOM JESUS DO ARAGUAIA,0053,19,5661,4053,2638,1161,-36.44214162348877,2026-10-04 17:46:18,2026-10-04 19:15:07,3433,1960,1328,-18.409554325662686
MT,90468,BRASNORTE,0056,39,12659,8966,6575,2108,-49.82154807048851,2026-10-04 17:45:12,2026-10-04 19:29:35,8174,5632,2229,-41.63200391485197
MT,98655,CAMPINÁPOLIS,0026,38,11507,8185,3471,4457,12.046426389737324,2026-10-04 17:31:44,2026-10-04 21:09:31,7245,2905,4094,16.411318150448587
MT,90484,CAMPO NOVO DO PARECIS,0060,88,31126,23154,16547,5529,-47.58573032737324,2026-10-04 17:57:26,2026-10-04 20:53:13,19499,12526,6180,-32.54525873121698
MT,90506,CAMPO VERDE,0012,96,33977,25697,18026,6202,-46.01315328637584,2026-10-04 17:25:24,2026-10-04 20:51:50,23548,15196,7158,-34.13453371836249
MT,90743,CAMPOS DE JÚLIO,0042,18,6787,4857,3554,1115,-50.21618282890673,2026-10-04 19:15:07,2026-10-04 19:15:07,3834,2602,1103,-39.09754825247783
MT,90085,CANABRAVA DO NORTE,0028,14,4167,2956,2090,749,-45.36535859269283,2026-10-04 17:30:41,2026-10-04 19:04:13,2563,1641,785,-33.398361295357006
MT,91936,CANARANA,0031,52,17766,13356,10515,2339,-61.21593291404612,2026-10-04 17:25:24,2026-10-04 19:20:55,11558,8650,2520,-53.03685758781796
MT,90760,CARLINDA,0024,24,8400,6062,3707,2064,-27.103266248762786,2026-10-04 18:44:43,2026-10-04 20:49:30,5665,2980,2332,-11.43865842894969
MT,90549,CASTANHEIRA,0035,28,6035,4407,3050,1174,-42.56864079872929,2026-10-04 17:32:43,2026-10-04 18:42:05,4156,2559,1378,-28.4167468719923
MT,90590,CHAPADA DOS GUIMARÃES,0034,66,17941,13475,6773,5968,-5.974025974025974,2026-10-04 17:28:21,2026-10-04 19:25:19,12558,5722,6127,3.2250358337314857
MT,90522,CLÁUDIA,0032,28,8579,6683,5097,1351,-56.052670956157414,2026-10-04 18:32:11,2026-10-04 20:07:46,6162,4385,1534,-46.26744563453424
MT,98671,COCALINHO,0030,21,5454,3690,2233,1171,-28.78048780487805,2026-10-04 17:26:36,2026-10-04 18:15:17,3179,1693,1393,-9.436929852154766
MT,89788,COLNIZA,0011,67,19479,13832,10609,2679,-57.330827067669176,2026-10-04 17:30:51,2026-10-04 21:01:00,12178,8656,3004,-46.41156183281327
MT,89796,COLÍDER,0023,82,23598,17912,14305,2786,-64.30884323358642,2026-10-04 17:47:45,2026-10-04 19:17:18,17540,13331,3328,-57.02964652223489
MT,99015,COMODORO,0061,47,14317,10155,7003,2733,-42.04825209256524,2026-10-04 17:35:03,2026-10-04 20:11:07,9793,6301,3082,-32.870417645256815
MT,90280,CONFRESA,0028,80,26068,19460,14321,4262,-51.69064748201439,2026-10-04 17:31:43,2026-10-04 20:25:37,15782,10371,4802,-35.287035863642124
MT,91006,CONQUISTA D'OESTE,0061,10,3426,2378,1751,539,-50.96719932716569,2026-10-04 18:38:42,2026-10-04 19:07:21,2117,1442,590,-40.24563060935286
MT,90425,COTRIGUAÇU,0048,30,7706,5798,4146,1419,-47.033459813728875,2026-10-04 17:39:54,2026-10-04 19:29:35,6045,3995,1755,-37.05541770057899
MT,90670,CUIABÁ,0001,303,97974,78847,48992,23618,-32.18131317615128,2026-10-04 17:32:43,2026-10-04 20:58:13,77578,46675,24271,-28.87932145711413
MT,90670,CUIABÁ,0039,344,114806,91823,52578,31527,-22.925628655129977,2026-10-04 17:32:43,2026-10-04 19:10:57,89659,49342,32402,-18.893808764318138
MT,90670,CUIABÁ,0051,349,122055,96428,54175,34018,-20.903679429211433,2026-10-04 17:31:43,2026-10-04 19:25:19,92669,49606,35191,-15.55536371386332
MT,90670,CUIABÁ,0055,342,121682,94518,52892,34044,-19.9411752258829,2026-10-04 17:32:43,2026-10-04 19:20:54,88403,46477,35203,-12.752960872368584
MT,89800,CURVELÂNDIA,0018,16,4408,3473,2214,1113,-31.70169881946444,2026-10-04 19:08:09,2026-10-04 19:08:09,3305,1934,1203,-22.118003025718608
MT,90476,CÁCERES,0006,209,62205,45853,24018,19130,-10.660153097943429,2026-10-04 17:21:56,2026-10-04 21:02:29,46454,21725,21730,0.010763335773022775
MT,98337,DENISE,0013,21,5710,4466,2523,1757,-17.15181370353784,2026-10-04 20:17:38,2026-10-04 20:25:17,4409,2243,1950,-6.645497845316398
MT,90697,DIAMANTINO,0007,56,16562,12285,8095,3667,-36.043956043956044,2026-10-04 17:40:34,2026-10-04 19:07:22,12161,7126,4527,-21.3715977304498
MT,90719,DOM AQUINO,0012,21,6230,4840,2999,1582,-29.276859504132233,2026-10-04 17:35:17,2026-10-04 19:22:37,4719,2430,1988,-9.366391184573002
MT,90786,FELIZ NATAL,0036,23,7181,5303,3675,1449,-41.97623986422779,2026-10-04 17:21:55,2026-10-04 18:31:50,4508,2815,1559,-27.861579414374447
MT,99031,FIGUEIRÓPOLIS D'OESTE,0041,12,2866,2249,1758,416,-59.670964873277015,2026-10-04 18:27:05,2026-10-04 18:27:05,2116,1512,493,-48.156899810964084
MT,90824,GAÚCHA DO NORTE,0057,21,6795,4942,3271,1509,-35.65358154593282,2026-10-04 17:20:29,2026-10-04 19:11:20,3922,2568,1231,-34.08975012748598
MT,90778,GENERAL CARNEIRO,0009,16,4719,3343,1742,1440,-9.033801974274605,2026-10-04 17:30:41,2026-10-04 20:53:53,3048,1425,1496,2.3293963254593177
MT,90204,GLÓRIA D'OESTE,0018,9,2685,2078,1447,556,-42.87776708373436,2026-10-04 18:48:41,2026-10-04 18:48:41,1982,1250,651,-30.22199798183653
MT,99058,GUARANTÃ DO NORTE,0044,78,22729,17235,13975,2696,-65.44241369306643,2026-10-04 17:20:29,2026-10-04 20:47:16,15986,12410,3024,-58.71387464031027
MT,90832,GUIRATINGA,0002,27,8175,6170,3448,2322,-18.249594813614262,2026-10-04 18:11:00,2026-10-04 18:29:08,6254,3019,2808,-3.373840741925168
MT,99074,INDIAVAÍ,0041,9,2028,1612,1031,508,-32.44416873449131,2026-10-04 17:26:36,2026-10-04 17:33:46,1488,795,624,-11.491935483870968
MT,91081,IPIRANGA DO NORTE,0043,17,5997,4703,3454,1043,-51.265149904316395,2026-10-04 18:50:13,2026-10-04 18:50:13,3632,2549,963,-43.66740088105727
MT,91103,ITANHANGÁ,0021,17,5239,4083,3373,618,-67.4748959098702,2026-10-04 18:15:02,2026-10-04 18:44:43,3797,2922,801,-55.85988938635765
MT,98698,ITAÚBA,0023,13,4349,3198,2389,696,-52.93933708567855,2026-10-04 17:54:11,2026-10-04 18:57:35,2918,1846,918,-31.802604523646334
MT,90913,ITIQUIRA,0010,27,9345,6739,4240,2111,-31.592224365632884,2026-10-04 17:35:03,2026-10-04 18:30:15,6470,3572,2472,-17.001545595054097
MT,90956,JACIARA,0014,62,20547,15510,10618,4059,-42.288845905867184,2026-10-04 17:54:11,2026-10-04 19:29:35,15195,9593,4687,-32.286936492267195
MT,90565,JANGADA,0003,27,7473,5914,2682,2967,4.81907338518769,2026-10-04 17:29:31,2026-10-04 19:28:52,5468,1963,3230,23.17117776152158
MT,89915,JAURU,0041,37,7115,5125,3775,1155,-51.1219512195122,2026-10-04 17:55:26,2026-10-04 18:18:40,4913,3282,1393,-38.44901282312233
MT,98191,JUARA,0027,85,25464,18722,14232,3717,-56.16387138126269,2026-10-04 17:21:12,2026-10-04 19:24:39,17277,12362,4059,-48.05811194073045
MT,90581,JURUENA,0048,27,7692,5457,3965,1295,-48.92798240791644,2026-10-04 17:53:52,2026-10-04 18:58:26,4453,3019,1240,-39.95059510442398
MT,91898,JUSCIMEIRA,0014,34,8751,6976,4261,2434,-26.18979357798165,2026-10-04 17:53:53,2026-10-04 19:08:37,6712,3667,2700,-14.407032181168058
MT,98310,JUÍNA,0035,109,34218,24270,17325,5871,-47.19406674907293,2026-10-04 17:30:42,2026-10-04 19:29:35,23311,15291,6915,-35.93153446870576
MT,90301,LAMBARI D'OESTE,0052,16,4215,3205,1746,1294,-14.102964118564742,2026-10-04 19:23:52,2026-10-04 19:29:35,3068,1478,1393,-2.770534550195567
MT,90603,LUCAS DO RIO VERDE,0021,153,54792,41398,30711,8636,-53.32383206918209,2026-10-04 17:31:43,2026-10-04 18:59:28,36336,25571,9278,-44.839828269484805
MT,91057,LUCIARA,0015,9,2406,1845,1017,748,-14.579945799457995,2026-10-04 17:21:13,2026-10-04 18:10:52,1652,836,739,-5.871670702179177
MT,98710,MARCELÂNDIA,0032,34,9499,6711,5292,1265,-60.005960363582176,2026-10-04 17:21:12,2026-10-04 19:13:46,6073,4487,1397,-50.880948460398486
MT,90620,MATUPÁ,0033,47,15134,11376,8825,2114,-58.992616033755276,2026-10-04 17:21:12,2026-10-04 20:13:48,9572,6661,2525,-43.20936063518596
MT,91774,MIRASSOL D'OESTE,0018,65,19682,14777,10277,3781,-43.96020843202274,2026-10-04 17:59:25,2026-10-04 19:07:22,14195,9085,4326,-33.525889397675236
MT,91170,NOBRES,0003,40,12502,9639,6602,2637,-41.134972507521525,2026-10-04 17:21:12,2026-10-04 19:12:55,8964,5659,2833,-31.526104417670684
MT,91197,NORTELÂNDIA,0017,22,4871,3704,1798,1663,-3.6447084233261338,2026-10-04 18:29:09,2026-10-04 18:58:26,3618,1600,1775,4.8369264787175235
MT,91219,NOSSA SENHORA DO LIVRAMENTO,0020,50,13537,10779,3739,6530,25.892939975879024,2026-10-04 17:40:33,2026-10-04 21:01:00,9637,2782,6339,36.90982670955692
MT,90387,NOVA BANDEIRANTES,0050,31,10127,7382,6062,1120,-66.94662693037117,2026-10-04 17:21:12,2026-10-04 19:20:55,6471,4958,1255,-57.22454025652913
MT,89818,NOVA BRASILÂNDIA,0034,14,3832,2891,1500,1210,-10.0311310965064,2026-10-04 17:32:11,2026-10-04 20:59:40,2712,1156,1346,7.005899705014749
MT,98752,NOVA CANAÃ DO NORTE,0023,34,10256,7533,5758,1499,-56.537899907075534,2026-10-04 17:31:44,2026-10-04 19:13:46,7040,4769,1855,-41.39204545454545
MT,90140,NOVA GUARITA,0033,12,4119,3091,2075,900,-38.01358783565189,2026-10-04 20:57:30,2026-10-04 20:59:20,2814,1706,1017,-24.484719260838663
MT,90867,NOVA LACERDA,0061,15,4972,3355,2201,978,-36.45305514157973,2026-10-04 18:23:55,2026-10-04 19:20:56,3053,1760,1144,-20.176875204716673
MT,90166,NOVA MARILÂNDIA,0017,10,3030,2243,1392,758,-28.2657155595185,2026-10-04 18:38:27,2026-10-04 18:56:34,2006,1116,779,-16.79960119641077
MT,90123,NOVA MARINGÁ,0029,15,4626,3257,2432,741,-51.91894381332514,2026-10-04 17:34:10,2026-10-04 17:51:32,2975,2012,875,-38.21848739495798
MT,90360,NOVA MONTE VERDE,0050,20,6036,4588,3339,1041,-50.0871839581517,2026-10-04 17:32:43,2026-10-04 18:23:55,4331,2925,1220,-39.36735165088894
MT,90646,NOVA MUTUM,0005,115,37953,29224,22032,5669,-55.99165069805639,2026-10-04 17:21:55,2026-10-04 18:59:06,24316,17140,6198,-44.999177496298735
MT,90964,NOVA NAZARÉ,0030,14,3521,2316,1191,1011,-7.772020725388601,2026-10-04 17:39:13,2026-10-04 18:00:36,1718,894,737,-9.138533178114086
MT,98736,NOVA OLÍMPIA,0019,45,12967,9754,4935,4303,-6.479393069509944,2026-10-04 17:21:56,2026-10-04 19:30:18,9030,3914,4680,8.482834994462902
MT,89826,NOVA SANTA HELENA,0023,10,3384,2515,1830,587,-49.4234592445328,2026-10-04 17:29:31,2026-10-04 19:24:39,2204,1499,625,-39.6551724137931
MT,90883,NOVA UBIRATÃ,0043,23,7592,5537,4121,1186,-53.007043525374755,2026-10-04 17:21:12,2026-10-04 19:09:24,5515,3554,1743,-32.8377153218495
MT,91952,NOVA XAVANTINA,0026,51,16249,11696,8243,2868,-45.955882352941174,2026-10-04 17:23:40,2026-10-04 20:12:42,11046,7099,3411,-33.38765163860221
MT,98795,NOVO HORIZONTE DO NORTE,0027,12,3305,2546,1779,648,-44.422623723487824,2026-10-04 19:22:36,2026-10-04 19:22:36,2263,1384,713,-29.65090587715422
MT,90808,NOVO MUNDO,0044,17,6075,4465,3294,1043,-50.414333706606946,2026-10-04 17:39:13,2026-10-04 19:31:53,3793,2557,1106,-38.254679673081995
MT,90948,NOVO SANTO ANTÔNIO,0015,6,2039,1402,950,376,-40.94151212553495,2026-10-04 17:22:29,2026-10-04 18:22:49,1273,723,472,-19.7172034564022
MT,98779,NOVO SÃO JOAQUIM,0026,19,5505,4030,2796,1035,-43.69727047146402,2026-10-04 17:21:12,2026-10-04 18:28:21,3839,2463,1213,-32.560562646522534
MT,89834,PARANATINGA,0057,55,16917,12327,8745,3087,-45.899245558530055,2026-10-04 17:21:12,2026-10-04 19:20:54,10978,7166,3295,-35.261431954818725
MT,98833,PARANAÍTA,0024,29,9406,7047,5150,1630,-49.95033347523769,2026-10-04 18:17:30,2026-10-04 20:52:50,6732,4330,2046,-33.92751039809863
MT,91812,PEDRA PRETA,0045,42,14477,10632,6283,3751,-23.81489841986456,2026-10-04 17:30:42,2026-10-04 19:07:22,10336,5304,4444,-8.320433436532507
MT,98817,PEIXOTO DE AZEVEDO,0033,80,23802,17193,10882,5506,-31.268539521898447,2026-10-04 17:21:12,2026-10-04 20:49:30,16363,8720,6893,-11.16543421133044
MT,90344,PLANALTO DA SERRA,0034,11,3110,2280,1193,953,-10.526315789473685,2026-10-04 17:21:55,2026-10-04 18:44:23,1985,885,992,5.390428211586902
MT,91294,POCONÉ,0004,89,25545,18827,7486,10514,16.08328464439369,2026-10-04 18:30:36,2026-10-04 20:59:40,17805,5830,11240,30.38472339230553
MT,90700,PONTAL DO ARAGUAIA,0009,18,5354,4227,2495,1408,-25.71563756801514,2026-10-04 18:36:11,2026-10-04 20:11:49,3721,1962,1546,-11.179790378930395
MT,91332,PONTE BRANCA,0008,9,2037,1484,680,704,1.6172506738544474,2026-10-04 17:36:04,2026-10-04 17:36:04,1432,504,843,23.6731843575419
MT,89990,PONTES E LACERDA,0025,130,34620,25111,19351,4594,-58.76707419059376,2026-10-04 17:36:53,2026-10-04 20:17:37,22742,16094,5367,-47.16823498373054
MT,98850,PORTO ALEGRE DO NORTE,0028,33,7904,5877,3863,1779,-35.46026884464863,2026-10-04 17:28:53,2026-10-04 19:15:07,5575,3165,2195,-17.39910313901345
MT,91359,PORTO DOS GAÚCHOS,0027,14,4455,3344,2583,640,-58.104066985645936,2026-10-04 19:22:17,2026-10-04 19:22:17,2943,2049,771,-43.42507645259939
MT,98876,PORTO ESPERIDIÃO,0018,26,8053,5739,3488,2055,-24.969506882732183,2026-10-04 17:21:12,2026-10-04 20:53:53,5448,2779,2474,-5.598384728340675
MT,90182,PORTO ESTRELA,0013,13,3328,2578,1048,1443,15.321955003878976,2026-10-04 19:20:54,2026-10-04 19:20:54,2351,770,1467,29.646958740961292
MT,91391,POXORÉU,0047,53,14509,10426,5778,4058,-16.49721849223096,2026-10-04 17:24:51,2026-10-04 19:24:11,9693,4467,4579,1.1554730217682865
MT,98892,PRIMAVERA DO LESTE,0040,159,57120,43218,32776,8209,-56.84437040122171,2026-10-04 17:26:36,2026-10-04 19:29:53,38037,27127,9203,-47.12253858085548
MT,90069,QUERÊNCIA,0053,54,18997,13985,10420,2992,-53.11405076868073,2026-10-04 17:21:12,2026-10-04 19:07:42,10581,7473,2786,-44.296380304319065
MT,98914,RESERVA DO CABAÇAL,0041,6,1838,1415,812,524,-20.353356890459363,2026-10-04 18:46:30,2026-10-04 18:46:30,1347,689,554,-10.022271714922049
MT,90662,RIBEIRÃO CASCALHEIRA,0031,27,7618,5651,3961,1483,-43.850645903379935,2026-10-04 17:28:52,2026-10-04 18:49:57,5046,3157,1658,-29.706698374950456
MT,90441,RIBEIRÃOZINHO,0009,8,2466,1926,1064,706,-18.587746625129803,2026-10-04 17:31:44,2026-10-04 18:33:54,1650,771,770,-0.06060606060606061
MT,89958,RIO BRANCO,0052,13,3897,2936,1732,1035,-23.739782016348773,2026-10-04 18:18:41,2026-10-04 19:28:53,2923,1523,1211,-10.673965104344852
MT,89960,RONDOLÂNDIA,0061,12,3084,2233,1295,861,-19.435736677115987,2026-10-04 17:31:43,2026-10-04 18:41:08,1882,968,804,-8.71413390010627
MT,91510,RONDONÓPOLIS,0010,244,81877,60713,41015,15967,-41.256403076771036,2026-10-04 17:21:56,2026-10-04 19:17:19,56775,35580,17998,-30.96785557023338
MT,91510,RONDONÓPOLIS,0046,303,95745,71903,44886,22079,-31.719121594370193,2026-10-04 17:21:55,2026-10-04 20:52:49,68439,39002,25160,-20.225310130188927
MT,91537,ROSÁRIO OESTE,0003,45,13155,9857,5223,4253,-9.84072232930912,2026-10-04 18:12:20,2026-10-04 21:09:31,9550,4075,4949,9.151832460732985
MT,89974,SALTO DO CÉU,0052,10,3076,2326,1566,680,-38.09114359415305,2026-10-04 18:27:06,2026-10-04 21:00:59,2223,1369,737,-28.43004948268106
MT,90107,SANTA CARMEM,0036,12,4178,3376,2624,612,-59.59715639810427,2026-10-04 17:36:53,2026-10-04 19:01:37,2813,2063,634,-50.799857803057236
MT,90980,SANTA CRUZ DO XINGU,0016,7,2268,1610,1175,370,-50.0,2026-10-04 19:01:37,2026-10-04 19:22:37,1291,821,419,-31.138652207591015
MT,91049,SANTA RITA DO TRIVELATO,0005,9,2606,1981,1373,478,-45.17920242301868,2026-10-04 17:41:58,2026-10-04 18:21:52,1641,1032,522,-31.078610603290677
MT,91979,SANTA TEREZINHA,0016,23,5358,3788,1909,1693,-5.70221752903907,2026-10-04 17:30:41,2026-10-04 19:25:41,3408,1359,1854,14.524647887323944
MT,90328,SANTO AFONSO,0017,12,2661,2011,1251,652,-29.78617603182496,2026-10-04 18:48:41,2026-10-04 19:23:03,1721,901,717,-10.691458454386984
MT,89843,SANTO ANTÔNIO DO LESTE,0040,10,2731,1967,1219,660,-28.418912048805286,2026-10-04 17:21:55,2026-10-04 17:53:52,1774,1042,642,-22.547914317925592
MT,91553,SANTO ANTÔNIO DO LEVERGER,0038,55,17145,13325,6285,6337,0.3902439024390244,2026-10-04 17:21:56,2026-10-04 20:19:07,12872,5343,6753,10.954008701056557
MT,90727,SAPEZAL,0042,55,20539,14652,10477,3520,-47.481572481572485,2026-10-04 18:12:21,2026-10-04 18:59:28,13001,8572,3971,-35.38958541650642
MT,90921,SERRA NOVA DOURADA,0053,5,1725,1156,836,271,-48.87543252595156,2026-10-04 19:22:37,2026-10-04 19:22:37,1140,724,374,-30.70175438596491
MT,89850,SINOP,0022,346,127167,96146,73701,17568,-58.38308405965927,2026-10-04 17:31:43,2026-10-04 19:23:02,81031,58474,18557,-49.26139378756278
MT,98930,SORRISO,0043,206,76028,58458,43990,11829,-55.0155667316706,2026-10-04 17:32:43,2026-10-04 19:10:37,51174,35904,13457,-43.86407159885879
MT,91839,SÃO FÉLIX DO ARAGUAIA,0015,31,8490,5769,3600,1921,-29.103830819899464,2026-10-04 17:28:21,2026-10-04 18:59:07,5068,2902,1910,-19.57379636937648
MT,90026,SÃO JOSÉ DO POVO,0002,10,3000,2292,1307,852,-19.851657940663177,2026-10-04 18:10:51,2026-10-04 19:12:56,2043,1020,883,-6.705824767498776
MT,91995,SÃO JOSÉ DO RIO CLARO,0029,39,11217,8596,6570,1741,-56.17729176361098,2026-10-04 17:57:26,2026-10-04 19:06:59,8309,6014,1937,-49.0672764472259
MT,90247,SÃO JOSÉ DO XINGU,0028,17,5340,3586,2293,1153,-31.790295593976577,2026-10-04 18:21:53,2026-10-04 18:31:51,2860,1536,1224,-10.909090909090908
MT,89931,SÃO JOSÉ DOS QUATRO MARCOS,0052,56,13117,9870,6871,2640,-42.86727456940223,2026-10-04 18:09:24,2026-10-04 18:34:55,9871,6343,3026,-33.60348495593151
MT,90409,SÃO PEDRO DA CIPA,0014,12,3891,3049,1736,1213,-17.153164972122006,2026-10-04 19:00:39,2026-10-04 19:10:57,2680,1318,1230,-3.283582089552239
MT,90220,TABAPORÃ,0027,23,8039,5796,4500,1093,-58.78191856452726,2026-10-04 17:21:12,2026-10-04 19:09:45,4964,3574,1155,-48.730862207896855
MT,91855,TANGARÁ DA SERRA,0019,220,70136,52755,38028,11800,-49.71661453890626,2026-10-04 17:21:56,2026-10-04 19:29:35,51371,34774,13286,-41.82904751708162
MT,90689,TAPURAH,0021,27,9694,7485,5887,1351,-60.60120240480962,2026-10-04 17:53:52,2026-10-04 19:16:10,6504,4751,1536,-49.431119311193115
MT,98957,TERRA NOVA DO NORTE,0033,32,9125,6773,4591,1873,-40.12992765391998,2026-10-04 17:57:26,2026-10-04 21:22:37,6178,3765,2101,-26.93428293946261
MT,91618,TESOURO,0002,10,2759,2035,1024,879,-7.125307125307125,2026-10-04 17:28:21,2026-10-04 19:29:35,2111,849,1075,10.705826622453813
MT,91634,TORIXORÉU,0009,13,3727,2909,1663,1057,-20.831900996906153,2026-10-04 17:21:56,2026-10-04 18:21:08,2639,1278,1200,-2.955665024630542
MT,90840,UNIÃO DO SUL,0032,10,3630,2640,1918,663,-47.53787878787879,2026-10-04 18:11:01,2026-10-04 18:44:43,2236,1416,741,-30.18783542039356
MT,91022,VALE DE SÃO DOMINGOS,0025,10,2721,2088,1610,415,-57.23180076628353,2026-10-04 17:49:24,2026-10-04 19:09:45,1897,1365,468,-47.28518713758566
MT,98973,VERA,0036,23,7850,5997,4397,1337,-51.02551275637819,2026-10-04 18:27:06,2026-10-04 18:43:14,5147,3461,1454,-38.99358849815427
MT,91090,VILA BELA DA SANTÍSSIMA TRINDADE,0025,43,11198,8081,4975,2791,-27.026358123994555,2026-10-04 17:31:44,2026-10-04 20:16:38,7550,3863,3252,-8.092715231788079
MT,98990,VILA RICA,0016,49,13846,10024,7421,2213,-51.95530726256983,2026-10-04 17:21:56,2026-10-04 18:44:24,9623,6247,2975,-34.00187051854931
MT,91677,VÁRZEA GRANDE,0020,276,94983,73929,40423,28282,-16.422513492675403,2026-10-04 17:30:41,2026-10-04 20:11:49,67904,34381,28987,-7.94356738925542
MT,91677,VÁRZEA GRANDE,0049,305,100002,77755,45158,27049,-23.289820590315735,2026-10-04 17:32:43,2026-10-04 20:50:38,74955,41282,28424,-17.154292575545327
MT,91910,ÁGUA BOA,0030,77,21159,15741,12438,2549,-62.82320055904962,2026-10-04 17:21:55,2026-10-04 18:33:54,14032,10472,3081,-52.67246294184721
PA,04014,ABAETETUBA,0007,388,123890,102876,24765,74035,47.89260857731638,2026-10-04 17:33:46,2026-10-04 22:25:52,98299,22267,70766,49.33824352231457
PA,04502,ABEL FIGUEIREDO,0051,21,6010,4404,2081,2182,2.293369663941871,2026-10-04 18:30:17,2026-10-04 18:49:59,4144,1563,2377,19.642857142857142
PA,04030,ACARÁ,0094,171,48817,39198,11954,25654,34.9507627940201,2026-10-04 17:24:21,2026-10-04 21:57:22,36940,9994,24143,38.302652950730916
PA,04057,AFUÁ,0016,99,29760,22243,7018,14123,31.94263363754889,2026-10-04 17:30:41,2026-10-04 20:53:28,20740,5785,12781,33.73191899710704
PA,04073,ALENQUER,0021,183,45624,35847,18312,16099,-6.173459424777526,2026-10-04 17:44:55,2026-10-04 21:38:10,32583,14435,15772,4.1033667863609855
PA,04090,ALMEIRIM,0055,99,23890,17208,5534,11089,32.2814969781497,2026-10-04 17:33:44,2026-10-04 21:22:10,17368,4798,11781,40.20612620912022
PA,04111,ALTAMIRA,0018,315,86743,64830,41004,20416,-31.75690266851766,2026-10-04 17:23:11,2026-10-04 20:50:26,63429,36642,23403,-20.872156269214397
PA,04138,ANAJÁS,0090,86,22636,17041,7411,8404,5.827122821430668,2026-10-04 17:33:44,2026-10-04 20:12:43,15369,6827,7161,2.173205803890949
PA,04154,ANANINDEUA,0043,361,121079,96159,43556,44138,0.605247558730852,2026-10-04 17:33:44,2026-10-04 19:24:38,139859,59320,65362,4.3200652085314495
PA,04154,ANANINDEUA,0072,353,118534,94023,44827,40681,-4.409559363134552,2026-10-04 17:33:46,2026-10-04 19:08:02,139016,62252,61066,-0.8531392069977557
PA,04154,ANANINDEUA,0107,344,118636,93467,42571,42754,0.1957910278494014,2026-10-04 17:33:46,2026-10-04 19:25:23,,,,
PA,04723,ANAPU,0080,77,25278,18453,13113,4771,-45.20674145125454,2026-10-04 18:17:32,2026-10-04 22:22:12,16319,9334,6332,-18.395735032783872
PA,04170,AUGUSTO CORRÊA,0052,141,39219,29997,8171,20300,40.434043404340436,2026-10-04 17:32:42,2026-10-04 21:41:11,28213,6634,19088,44.14277106298515
PA,04340,AURORA DO PARÁ,0049,74,18265,13948,4466,8980,32.36306280470318,2026-10-04 17:21:14,2026-10-04 19:30:20,13852,3480,9519,43.5965925498123
PA,04197,AVEIRO,0034,57,11870,8816,4043,4498,5.161070780399274,2026-10-04 17:27:44,2026-10-04 20:48:22,8135,2953,4740,21.96681007990166
PA,04219,BAGRE,0015,54,16607,12625,2849,9427,52.1029702970297,2026-10-04 17:28:52,2026-10-04 20:48:22,11691,2316,8816,55.59832349670687
PA,04235,BAIÃO,0035,103,27595,22118,6006,15458,42.73442445067366,2026-10-04 17:21:12,2026-10-04 21:36:52,20811,4653,15094,50.1705828648311
PA,04588,BANNACH,0060,12,3170,2322,1525,690,-35.9603789836348,2026-10-04 17:30:42,2026-10-04 18:10:52,2180,1238,848,-17.889908256880734
PA,04251,BARCARENA,0065,322,102889,80178,27194,47254,25.019331986330414,2026-10-04 17:26:35,2026-10-04 20:58:13,76002,23416,46430,30.28078208468198
PA,04804,BELTERRA,0104,73,17778,13833,7175,6023,-8.327911515940142,2026-10-04 17:37:37,2026-10-04 20:32:30,11992,5169,6056,7.396597731821214
PA,04278,BELÉM,0001,252,81919,66186,27976,33105,7.749372979179887,2026-10-04 17:33:45,2026-10-04 19:20:58,69972,29579,32777,4.570399588406791
PA,04278,BELÉM,0028,270,98760,77962,33064,38607,7.109874041199559,2026-10-04 17:33:46,2026-10-04 20:10:30,81831,34133,38488,5.321944006550085
PA,04278,BELÉM,0029,286,98680,79574,31364,41784,13.094729434237314,2026-10-04 17:33:44,2026-10-04 20:18:49,83710,32221,42463,12.235097359933102
PA,04278,BELÉM,0030,363,127832,96100,42330,46179,4.005202913631634,2026-10-04 17:32:44,2026-10-04 20:51:38,96566,41737,44106,2.4532444131474844
PA,04278,BELÉM,0073,358,130572,102695,46986,46509,-0.4644822045863966,2026-10-04 17:33:45,2026-10-04 20:50:26,103974,46720,45883,-0.8050089445438283
PA,04278,BELÉM,0076,266,86500,69296,32500,31173,-1.914973447240822,2026-10-04 17:33:44,2026-10-04 18:21:52,72457,33995,30025,-5.47911174903736
PA,04278,BELÉM,0095,277,98757,78290,36296,35552,-0.9503129390726786,2026-10-04 17:33:45,2026-10-04 19:20:58,82973,38208,35376,-3.413158497342509
PA,04278,BELÉM,0096,284,101695,81548,32160,42947,13.227792220532692,2026-10-04 17:33:44,2026-10-04 20:11:54,85423,33584,42658,10.622431897732461
PA,04278,BELÉM,0097,354,127241,97834,42310,47160,4.957376781078152,2026-10-04 17:33:45,2026-10-04 20:10:31,99797,42201,46907,4.715572612403179
PA,04278,BELÉM,0098,279,96825,76733,36391,33554,-3.6972358698343606,2026-10-04 17:33:45,2026-10-04 19:04:48,80804,38186,33524,-5.769516360576209
PA,04294,BENEVIDES,0078,154,49269,39461,17146,19932,7.060135323483946,2026-10-04 17:32:43,2026-10-04 20:57:52,37208,14975,19270,11.54321651257794
PA,04049,BOM JESUS DO TOCANTINS,0100,44,12477,9256,4521,4360,-1.7394122731201382,2026-10-04 17:32:42,2026-10-04 20:10:30,8489,3477,4541,12.533867357757098
PA,04316,BONITO,0041,47,12897,10080,3159,6451,32.65873015873016,2026-10-04 18:13:49,2026-10-04 20:59:56,9904,2428,6710,43.23505654281099
PA,04332,BRAGANÇA,0013,341,94963,73464,26670,41880,20.704018294674942,2026-10-04 17:44:56,2026-10-04 22:01:01,68974,22673,40248,25.480615884246237
PA,04227,BRASIL NOVO,0018,59,16697,13029,9164,3429,-44.01719241691611,2026-10-04 17:31:43,2026-10-04 20:55:26,11924,7470,3875,-30.14927876551493
PA,05932,BREJO GRANDE DO ARAGUAIA,0057,26,6821,5232,2433,2648,4.109327217125382,2026-10-04 17:21:55,2026-10-04 21:00:16,5163,2035,2898,16.71508812705791
PA,04448,BREU BRANCO,0103,122,32173,23328,10484,11864,5.915637860082304,2026-10-04 17:36:53,2026-10-04 20:27:10,22608,8732,12627,17.228414720452935
PA,04359,BREVES,0015,239,77288,59305,20877,35854,25.254194418683078,2026-10-04 17:32:44,2026-10-04 21:18:12,53763,17819,32399,27.119022375983484
PA,04375,BUJARU,0087,79,21846,18256,5255,12347,38.84750219106047,2026-10-04 17:36:54,2026-10-04 21:29:41,17668,4647,11878,40.9270998415214
PA,04391,CACHOEIRA DO ARARI,0002,66,18975,14611,2982,11255,56.621723359113,2026-10-04 17:32:53,2026-10-04 20:59:55,14098,2520,10686,57.92310966094482
PA,04766,CACHOEIRA DO PIRIÁ,0014,58,14421,11187,3590,7191,32.18914811835166,2026-10-04 17:32:43,2026-10-04 21:29:21,10665,2516,7535,47.06047819971871
PA,04413,CAMETÁ,0012,357,106190,89329,19380,67400,53.75633892688825,2026-10-04 17:22:30,2026-10-04 22:16:52,82812,17289,61121,52.92952712167319
PA,04707,CANAÃ DOS CARAJÁS,0075,204,73378,53407,33546,16676,-31.587619600426912,2026-10-04 18:55:52,2026-10-04 20:41:00,35827,21128,13059,-22.52212018868451
PA,04430,CAPANEMA,0025,203,54759,43106,16976,23613,15.396928501832692,2026-10-04 17:43:16,2026-10-04 20:51:54,42028,14809,24307,22.59921956790711
PA,04456,CAPITÃO POÇO,0070,153,42609,34299,12771,20007,21.096824980320125,2026-10-04 18:18:43,2026-10-04 22:20:01,33443,10818,20487,28.91187991507939
PA,04472,CASTANHAL,0004,202,61925,50172,25527,20885,-9.25217252650881,2026-10-04 17:35:04,2026-10-04 20:51:53,50009,23751,21551,-4.399208142534344
PA,04472,CASTANHAL,0050,253,82009,65670,32434,28178,-6.480889294959646,2026-10-04 17:33:45,2026-10-04 21:24:21,62463,28578,28268,-0.4962938059331124
PA,04499,CHAVES,0017,63,15966,10826,3305,7098,35.03602438573804,2026-10-04 17:35:05,2026-10-04 20:54:15,9951,2771,6321,35.674806552105316
PA,04510,COLARES,0008,49,12702,10030,2462,7126,46.50049850448654,2026-10-04 17:54:12,2026-10-04 21:47:22,9002,1864,6411,50.510997556098644
PA,04537,CONCEIÇÃO DO ARAGUAIA,0024,115,33537,23961,13757,8907,-20.241225324485622,2026-10-04 17:22:31,2026-10-04 20:48:22,24017,12110,10307,-7.507182412457842
PA,05819,CONCÓRDIA DO PARÁ,0087,82,24113,19431,7737,11158,17.605887499356697,2026-10-04 17:55:45,2026-10-04 22:40:33,18821,6389,11500,27.155836565538493
PA,04529,CUMARU DO NORTE,0059,30,8216,5930,3864,1929,-32.63069139966273,2026-10-04 17:21:13,2026-10-04 21:02:03,5348,3206,1962,-23.261032161555722
PA,05851,CURIONÓPOLIS,0058,56,17009,12534,7212,4765,-19.52289771820648,2026-10-04 18:15:03,2026-10-04 20:48:22,12427,6081,5750,-2.663555162146938
PA,04553,CURRALINHO,0086,87,25964,20650,4207,15895,56.60048426150121,2026-10-04 17:28:22,2026-10-04 21:47:40,18253,3556,13871,56.511258423272885
PA,04740,CURUÁ,0021,51,11427,9308,2292,6668,47.01332187365707,2026-10-04 17:21:55,2026-10-04 20:25:40,8718,1789,6415,53.06262904335857
PA,04570,CURUÇÁ,0009,124,36832,27912,7417,19407,42.956434508455146,2026-10-04 17:55:45,2026-10-04 21:35:31,25810,6246,17963,45.39713289422704
PA,05975,DOM ELISEU,0084,112,30137,23357,12367,10038,-9.97131480926489,2026-10-04 17:43:17,2026-10-04 20:57:52,22639,9705,11863,9.532223154732982
PA,04120,ELDORADO DOS CARAJÁS,0058,77,20306,15621,8096,6895,-7.6883682222648995,2026-10-04 17:51:35,2026-10-04 21:05:21,14646,6676,7206,3.6187354909190224
PA,04596,FARO,0089,29,7131,5280,1242,3894,50.22727272727273,2026-10-04 17:31:44,2026-10-04 18:15:03,5033,883,3988,61.69282733955891
PA,04561,FLORESTA DO ARAGUAIA,0024,49,13756,10417,5926,4084,-17.682634155707017,2026-10-04 17:32:43,2026-10-04 19:29:41,10665,5350,4826,-4.913267698077824
PA,05878,GARRAFÃO DO NORTE,0081,77,22326,17166,5663,10723,29.476872888267504,2026-10-04 18:17:31,2026-10-04 22:24:12,16825,3960,11603,45.426448736998516
PA,04006,GOIANÉSIA DO PARÁ,0103,87,21405,16190,7667,7830,1.0067943174799259,2026-10-04 17:30:42,2026-10-04 20:28:31,15965,6085,9008,18.308800501096147
PA,04618,GURUPÁ,0026,89,24520,19963,5808,13613,39.09733006061213,2026-10-04 17:24:21,2026-10-04 22:49:30,17336,4414,12035,43.96054453161052
PA,04634,IGARAPÉ-AÇU,0005,104,31175,25024,7277,16703,37.66783887468031,2026-10-04 18:12:21,2026-10-04 20:58:13,24589,5923,16956,44.869657163772416
PA,04650,IGARAPÉ-MIRI,0006,166,53657,44218,14783,27542,28.854765027816725,2026-10-04 17:57:26,2026-10-04 22:00:12,40975,13133,25116,29.244661378889568
PA,04677,INHANGAPI,0004,34,9354,7675,2860,4430,20.45602605863192,2026-10-04 17:36:53,2026-10-04 21:29:21,7542,2509,4409,25.192256695836647
PA,04189,IPIXUNA DO PARÁ,0049,93,24689,18350,6832,10829,21.78201634877384,2026-10-04 17:31:44,2026-10-04 20:56:17,17368,5288,11077,33.33141409488715
PA,04693,IRITUIA,0011,102,26388,21315,5721,14585,41.58573774337321,2026-10-04 18:31:54,2026-10-04 21:21:23,20765,4612,14636,48.27353720202263
PA,04715,ITAITUBA,0034,287,85347,61244,42299,16245,-42.54131016915943,2026-10-04 17:30:41,2026-10-04 21:24:21,58949,34063,21740,-20.904510678722286
PA,04731,ITUPIRANGA,0056,121,32730,24645,11137,12516,5.595455467640495,2026-10-04 17:21:56,2026-10-04 21:26:50,23926,8472,14322,24.450388698487
PA,04200,JACAREACANGA,0102,55,13777,9708,4841,4694,-1.5142150803461063,2026-10-04 17:21:14,2026-10-04 19:22:12,8812,3986,4382,4.493871992737176
PA,04758,JACUNDÁ,0069,117,30585,23394,11463,10825,-2.7271950072668205,2026-10-04 17:43:12,2026-10-04 21:10:09,24384,9627,13309,15.1000656167979
PA,04774,JURUTI,0105,135,39112,30902,11942,17817,19.01171445213902,2026-10-04 17:22:30,2026-10-04 21:54:11,28774,10785,16377,19.43421144088413
PA,04790,LIMOEIRO DO AJURU,0088,78,22959,18840,4401,13910,50.4723991507431,2026-10-04 17:31:44,2026-10-04 21:18:12,17976,4276,12509,45.79995549621718
PA,04812,MAGALHÃES BARATA,0005,35,8796,6958,2100,4579,35.628054038516815,2026-10-04 17:30:42,2026-10-04 19:29:40,6610,1816,4356,38.42662632375189
PA,04839,MARABÁ,0023,336,103415,80606,42906,33258,-11.969332307768653,2026-10-04 17:21:13,2026-10-04 20:56:55,79660,38343,36334,-2.5219683655536027
PA,04839,MARABÁ,0100,247,76525,59700,33448,23092,-17.34673366834171,2026-10-04 17:33:45,2026-10-04 20:14:31,59818,30044,26130,-6.543180982313016
PA,04855,MARACANÃ,0031,118,27798,22225,6786,14545,34.9111361079865,2026-10-04 17:40:34,2026-10-04 23:55:54,20598,5778,13482,37.40168948441596
PA,04871,MARAPANIM,0032,93,25293,20004,6308,12915,33.02839432113577,2026-10-04 17:30:42,2026-10-04 20:51:37,18780,5348,12018,35.51650692225772
PA,04642,MARITUBA,0078,276,90873,71727,30495,35565,7.068467940942742,2026-10-04 17:32:43,2026-10-04 20:14:15,67934,27552,34111,9.654959225130273
PA,05770,MEDICILÂNDIA,0085,74,20484,15786,11318,3806,-47.5864690231851,2026-10-04 17:21:57,2026-10-04 21:26:50,15061,9415,4768,-30.85452493194343
PA,04898,MELGAÇO,0099,62,19565,14648,4952,9241,29.280447842708902,2026-10-04 17:31:44,2026-10-04 20:53:55,12557,3857,8042,33.3280242096042
PA,04910,MOCAJUBA,0035,99,29081,23360,5901,16587,45.74486301369863,2026-10-04 18:00:38,2026-10-04 21:17:02,21577,4909,15487,49.0244241553506
PA,04936,MOJU,0037,202,56811,45457,13493,29900,36.0934509536485,2026-10-04 17:35:03,2026-10-04 20:59:55,43560,10858,30251,44.52020202020202
PA,04863,MOJUÍ DOS CAMPOS,0020,95,24248,18454,11924,5740,-33.510350059607674,2026-10-04 17:30:41,2026-10-04 20:18:49,15791,8614,6211,-15.217528972199354
PA,04952,MONTE ALEGRE,0019,222,52563,41623,21437,18579,-6.8663959829901735,2026-10-04 17:33:45,2026-10-04 20:59:02,38708,17901,18112,0.5451069546347008
PA,04979,MUANÁ,0010,98,30413,23803,5394,17644,51.46410116371886,2026-10-04 17:30:42,2026-10-04 23:30:02,21693,4758,15710,50.48633199649657
PA,04103,MÃE DO RIO,0049,92,25345,19958,9396,9709,1.5682934161739652,2026-10-04 17:29:31,2026-10-04 20:07:50,19093,7738,10003,11.862986434819044
PA,04480,NOVA ESPERANÇA DO PIRIÁ,0081,50,15528,11869,5759,5714,-0.37913893335580084,2026-10-04 18:16:11,2026-10-04 21:18:11,12030,4689,6643,16.242726517040733
PA,04600,NOVA IPIXUNA,0023,39,11487,8741,4349,3953,-4.530374099073333,2026-10-04 17:53:55,2026-10-04 21:26:02,8145,3365,4205,10.313075506445673
PA,04995,NOVA TIMBOTEUA,0033,41,11967,9333,2761,6158,36.39772849030322,2026-10-04 18:12:43,2026-10-04 21:24:21,9122,2216,6352,45.340934005700504
PA,04383,NOVO PROGRESSO,0091,87,24783,17589,14798,2357,-70.73170731707317,2026-10-04 17:21:55,2026-10-04 19:24:14,16111,12824,2830,-62.03215194587549
PA,04421,NOVO REPARTIMENTO,0101,159,45702,34663,20744,12531,-23.693852234370944,2026-10-04 17:46:36,2026-10-04 21:35:31,32712,17086,14140,-9.00586940572267
PA,05037,OEIRAS DO PARÁ,0045,91,25487,20593,4029,16001,58.13625989413878,2026-10-04 17:55:45,2026-10-04 20:57:52,19032,3321,14713,59.85708280790248
PA,05053,ORIXIMINÁ,0038,195,50827,37821,17678,18589,2.408714735200021,2026-10-04 17:32:43,2026-10-04 21:12:00,35982,13572,19850,17.447612695236508
PA,05959,OURILÂNDIA DO NORTE,0074,83,25886,18908,11989,6063,-31.34123122487836,2026-10-04 17:21:11,2026-10-04 20:10:30,16793,9605,6496,-18.51366640862264
PA,05070,OURÉM,0041,64,16525,12956,3455,8947,42.389626427909846,2026-10-04 18:12:21,2026-10-04 21:00:47,12615,2809,8939,48.592944906856914
PA,05916,PACAJÁ,0080,99,29481,22206,15214,6201,-40.58812933441412,2026-10-04 17:32:44,2026-10-04 21:02:03,20813,11511,8162,-16.090904723009658
PA,04162,PALESTINA DO PARÁ,0057,21,5862,4430,2087,2208,2.7313769751693004,2026-10-04 17:32:42,2026-10-04 20:11:37,4527,1687,2651,21.294455489286502
PA,05096,PARAGOMINAS,0042,246,76388,58512,34754,20989,-23.52508887065901,2026-10-04 17:22:31,2026-10-04 21:11:01,55250,29708,22360,-13.299547511312218
PA,05835,PARAUAPEBAS,0075,228,80475,61023,36609,20163,-26.95049407600413,2026-10-04 18:23:55,2026-10-04 20:55:04,56453,32032,21221,-19.150443731954017
PA,05835,PARAUAPEBAS,0106,358,120867,90376,52635,31483,-23.404443657608216,2026-10-04 17:44:14,2026-10-04 20:56:36,83555,45364,33424,-14.289988630243553
PA,04308,PAU D'ARCO,0059,30,8655,6460,3802,2411,-21.53250773993808,2026-10-04 18:47:45,2026-10-04 20:36:22,5444,2667,2452,-3.949301983835415
PA,05118,PEIXE-BOI,0025,36,9487,7510,2429,4783,31.344873501997338,2026-10-04 18:15:02,2026-10-04 20:46:52,7028,1942,4661,38.688104723961295
PA,04782,PIÇARRA,0062,35,9403,7288,3981,3063,-12.596048298572997,2026-10-04 17:36:03,2026-10-04 22:02:42,7217,3548,3322,-3.1314950810586115
PA,04626,PLACAS,0068,56,14807,11501,8356,2777,-48.50882531953743,2026-10-04 17:54:11,2026-10-04 19:25:44,10305,6163,3607,-24.80349344978166
PA,05134,PONTA DE PEDRAS,0027,73,23302,17698,4000,13032,51.034015142954004,2026-10-04 17:30:42,2026-10-04 20:56:55,17080,3667,12296,50.521077283372364
PA,05150,PORTEL,0044,149,41746,30457,10679,18831,26.765603966247497,2026-10-04 17:32:44,2026-10-04 22:49:30,26386,7865,16823,33.94982187523687
PA,05177,PORTO DE MOZ,0082,83,23709,17998,7591,9783,12.179131014557173,2026-10-04 17:33:45,2026-10-04 21:20:00,17069,5361,10943,32.70256019684809
PA,05193,PRAINHA,0092,111,27386,21263,10016,10767,3.5319569204721817,2026-10-04 17:32:04,2026-10-04 20:56:55,20004,7946,11278,16.656668666266746
PA,05215,PRIMAVERA,0033,36,11339,8322,2136,5798,44.00384522951214,2026-10-04 17:36:54,2026-10-04 20:17:40,8216,1823,5811,48.53943524829601
PA,04685,QUATIPURU,0033,36,10484,7496,1860,5282,45.651013874066166,2026-10-04 18:11:12,2026-10-04 19:29:40,7404,1673,5259,48.4332793084819
PA,05673,REDENÇÃO,0059,205,62358,48610,34761,11726,-47.38736885414524,2026-10-04 17:21:57,2026-10-04 20:11:13,46973,30037,14587,-32.89123539054351
PA,05690,RIO MARIA,0060,50,13846,10333,6461,3376,-29.855801800058067,2026-10-04 17:35:05,2026-10-04 21:00:47,10475,5618,4344,-12.162291169451073
PA,05738,RONDON DO PARÁ,0051,100,26999,20113,11652,7754,-19.380500174016806,2026-10-04 17:25:25,2026-10-04 20:13:06,20415,10056,9409,-3.169238305167769
PA,05894,RURÓPOLIS,0068,82,20247,15384,10826,3946,-44.721788871554864,2026-10-04 17:33:46,2026-10-04 20:28:31,13934,7772,5359,-17.31735323668724
PA,05231,SALINÓPOLIS,0064,121,38078,29692,10812,17220,21.581570793479724,2026-10-04 18:33:45,2026-10-04 21:01:15,27075,8441,16767,30.751615881809787
PA,05258,SALVATERRA,0003,78,20320,15805,4050,11124,44.75798797848782,2026-10-04 17:36:20,2026-10-04 20:53:55,15156,3885,10190,41.600686196885725
PA,04243,SANTA BÁRBARA DO PARÁ,0036,64,18358,14391,5763,7853,14.522965742477938,2026-10-04 17:59:27,2026-10-04 20:55:26,13472,5177,7127,14.474465558194774
PA,05274,SANTA CRUZ DO ARARI,0002,28,7042,4785,1400,3307,39.85370950888192,2026-10-04 17:28:23,2026-10-04 18:37:19,4587,1161,3200,44.45171135818618
PA,05290,SANTA IZABEL DO PARÁ,0036,155,49185,39749,17718,19808,5.2579939117965235,2026-10-04 18:13:32,2026-10-04 23:02:35,38225,15362,19464,10.731196860693263
PA,04146,SANTA LUZIA DO PARÁ,0041,70,18518,14170,4286,9388,36.005645730416376,2026-10-04 17:36:20,2026-10-04 21:35:20,13468,3070,9564,48.217998217998215
PA,05991,SANTA MARIA DAS BARREIRAS,0024,50,13340,9717,6587,2749,-39.49778738293712,2026-10-04 17:32:43,2026-10-04 20:42:00,9202,5338,3467,-20.33253640512932
PA,05312,SANTA MARIA DO PARÁ,0004,68,22313,17538,8061,8568,2.890865549093397,2026-10-04 18:30:18,2026-10-04 21:01:15,16885,6708,8978,13.44388510512289
PA,05339,SANTANA DO ARAGUAIA,0046,83,25280,18135,12320,5193,-39.29969671905156,2026-10-04 17:28:52,2026-10-04 19:10:48,16735,9876,6172,-22.133253659994025
PA,05355,SANTARÉM,0020,249,71328,56285,29429,23444,-10.63338367238163,2026-10-04 17:33:45,2026-10-04 20:32:30,55086,26686,23495,-5.7927604109937185
PA,05355,SANTARÉM,0083,345,98457,77533,44205,28442,-20.330697896379608,2026-10-04 17:32:53,2026-10-04 21:02:02,74208,38099,29189,-12.006791720569211
PA,05355,SANTARÉM,0104,278,83820,64839,34444,26496,-12.258054565924828,2026-10-04 17:33:46,2026-10-04 20:56:36,58449,27951,25696,-3.858064295368612
PA,05371,SANTARÉM NOVO,0033,27,6794,5539,1397,3967,46.398266835168805,2026-10-04 17:38:23,2026-10-04 20:55:04,5191,1159,3767,50.24080138701599
PA,05398,SANTO ANTÔNIO DO TAUÁ,0036,87,26159,21302,7569,12601,23.622195099051734,2026-10-04 17:59:27,2026-10-04 21:15:31,19809,6361,12027,28.60316017971629
PA,04847,SAPUCAIA,0061,17,5430,3863,2099,1615,-12.52912244369661,2026-10-04 20:43:30,2026-10-04 21:21:23,3658,1576,1913,9.212684527063969
PA,05550,SENADOR JOSÉ PORFÍRIO,0054,49,14884,10973,6729,3870,-26.0548619338376,2026-10-04 17:32:43,2026-10-04 21:11:12,9426,4068,4881,8.625079567154678
PA,05576,SOURE,0003,78,22800,17403,3861,12917,52.0370051140608,2026-10-04 18:00:39,2026-10-04 21:00:47,16736,3498,12101,51.4041586998088
PA,05410,SÃO CAETANO DE ODIVELAS,0008,58,15886,12727,3231,8792,43.69450773945156,2026-10-04 17:36:54,2026-10-04 22:03:00,12125,2713,8478,47.54639175257732
PA,04464,SÃO DOMINGOS DO ARAGUAIA,0057,59,15405,11766,5526,5838,2.6517083120856704,2026-10-04 17:54:31,2026-10-04 20:59:56,11862,4571,6668,17.678300455235206
PA,05436,SÃO DOMINGOS DO CAPIM,0050,104,25155,19832,5026,14001,45.2551432029044,2026-10-04 17:26:36,2026-10-04 21:02:03,18794,3948,13427,50.436309460466106
PA,05479,SÃO FRANCISCO DO PARÁ,0005,57,15923,13070,5029,7503,18.92884468247896,2026-10-04 17:57:25,2026-10-04 20:52:14,12293,4117,7402,26.722525014235742
PA,05452,SÃO FÉLIX DO XINGU,0053,154,43015,31913,23071,7515,-48.745025538181935,2026-10-04 17:32:43,2026-10-04 20:39:51,29654,18706,9778,-30.107236797733865
PA,05797,SÃO GERALDO DO ARAGUAIA,0062,73,19494,15061,8816,5631,-21.147334174357614,2026-10-04 18:30:38,2026-10-04 21:00:17,14879,7831,6403,-9.5974191813966
PA,04820,SÃO JOÃO DA PONTA,0009,24,6367,4887,1472,3174,34.82709228565582,2026-10-04 17:43:16,2026-10-04 19:24:38,4818,1286,3182,39.352428393524285
PA,04065,SÃO JOÃO DE PIRABAS,0064,64,18795,14266,3996,9710,40.05327351745409,2026-10-04 17:57:26,2026-10-04 21:21:23,13456,3540,9054,40.97800237812128
PA,05495,SÃO JOÃO DO ARAGUAIA,0057,48,13212,9840,4197,5336,11.575203252032521,2026-10-04 18:28:24,2026-10-04 21:30:31,8538,3086,5024,22.69852424455376
PA,05517,SÃO MIGUEL DO GUAMÁ,0011,152,42257,33895,11437,20545,26.871219943944535,2026-10-04 18:13:49,2026-10-04 22:16:02,32486,9153,20452,34.78113648956474
PA,05533,SÃO SEBASTIÃO DA BOA VISTA,0048,78,23902,18836,4401,13805,49.92567424081546,2026-10-04 17:25:25,2026-10-04 21:06:20,17510,3944,12744,50.25699600228441
PA,04022,TAILÂNDIA,0093,200,55596,41873,22994,16699,-15.033553841377499,2026-10-04 18:18:42,2026-10-04 20:55:03,39397,16644,20617,10.084524202350433
PA,04545,TERRA ALTA,0032,44,12581,9534,3236,5918,28.130899937067337,2026-10-04 17:25:25,2026-10-04 20:10:31,8377,2500,5332,33.80685209502209
PA,04367,TERRA SANTA,0089,61,15511,11925,5591,5682,0.7631027253668763,2026-10-04 17:31:43,2026-10-04 20:18:49,10752,4076,6114,18.954613095238095
PA,05592,TOMÉ-AÇU,0039,185,52852,39457,16970,20574,9.13399396811719,2026-10-04 17:33:46,2026-10-04 21:36:52,38676,13846,22565,22.5436963491571
PA,04669,TRACUATEUA,0013,93,25730,20055,4403,15002,52.84966342557966,2026-10-04 18:19:24,2026-10-04 21:24:50,19089,3662,14326,55.864634082455865
PA,04286,TRAIRÃO,0034,43,12441,8880,6697,1848,-54.60585585585586,2026-10-04 17:49:25,2026-10-04 20:52:34,8391,5348,2722,-31.295435585746635
PA,04081,TUCUMÃ,0074,91,28014,20314,14240,5046,-45.259426996160286,2026-10-04 17:24:52,2026-10-04 19:09:18,20053,12354,6862,-27.387423328180322
PA,05614,TUCURUÍ,0040,236,73025,53875,24019,26736,5.043155452436195,2026-10-04 17:32:04,2026-10-04 20:52:14,54153,20907,29837,16.490314479345557
PA,04324,ULIANÓPOLIS,0084,69,20159,15550,8453,6506,-12.520900321543408,2026-10-04 18:12:43,2026-10-04 20:59:03,14668,6704,7409,4.8063812380692665
PA,05754,URUARÁ,0079,105,31993,24320,18737,4745,-57.5328947368421,2026-10-04 17:35:17,2026-10-04 20:59:03,21864,15092,5730,-42.81924624954263
PA,05630,VIGIA,0008,144,39656,30492,9291,19402,33.15951725042634,2026-10-04 18:27:10,2026-10-04 21:48:30,29940,7942,19936,40.06012024048096
PA,05657,VISEU,0014,168,43477,33417,6907,25524,55.711164975910464,2026-10-04 17:33:45,2026-10-04 21:03:42,32720,5763,25546,60.46149144254279
PA,04405,VITÓRIA DO XINGU,0018,58,16489,12697,7026,5134,-14.90115775380011,2026-10-04 17:43:16,2026-10-04 20:13:06,11400,5312,5454,1.2456140350877194
PA,05711,XINGUARA,0061,117,35427,26816,17605,7894,-36.213454653937944,2026-10-04 17:21:12,2026-10-04 21:02:03,26313,15385,9613,-21.935925208072057
PA,04260,ÁGUA AZUL DO NORTE,0061,34,10878,8125,5316,2433,-35.48307692307692,2026-10-04 17:42:16,2026-10-04 20:59:56,7507,4105,3079,-13.667243905688025
PA,05010,ÓBIDOS,0022,171,39920,31381,9826,20194,33.0391000924126,2026-10-04 17:24:22,2026-10-04 22:03:00,29312,7800,19762,40.8092248908297
PB,19038,AGUIAR,0066,17,4779,3716,719,2862,57.66953713670613,2026-10-04 19:04:13,2026-10-04 19:11:09,3683,571,2965,65.00135758892208
PB,19054,ALAGOA GRANDE,0009,80,23238,16929,4323,11918,44.86384310945714,2026-10-04 17:33:48,2026-10-04 20:16:59,16207,3573,11860,51.13222681557352
PB,19070,ALAGOA NOVA,0013,52,16592,12188,2785,8684,48.400065638332784,2026-10-04 17:29:32,2026-10-04 19:20:57,11872,2243,8721,54.565363881401616
PB,19097,ALAGOINHA,0009,40,12228,9324,1803,7145,57.29300729300729,2026-10-04 17:31:45,2026-10-04 18:38:45,8825,1385,7026,63.920679886685555
PB,19763,ALCANTIL,0018,19,5001,4031,1483,2293,20.094269412056562,2026-10-04 17:30:41,2026-10-04 19:04:13,3860,1309,2261,24.66321243523316
PB,19925,ALGODÃO DE JANDAÍRA,0067,10,3119,2365,326,1968,69.4291754756871,2026-10-04 18:09:27,2026-10-04 18:44:45,2279,287,1918,71.56647652479157
PB,19119,ALHANDRA,0073,66,21079,15922,6439,8729,14.382615249340535,2026-10-04 17:27:44,2026-10-04 20:54:27,14686,5275,8729,23.518997684869944
PB,19585,AMPARO,0043,9,2665,2173,310,1804,68.75287620800736,2026-10-04 17:21:55,2026-10-04 18:38:45,2047,226,1764,75.13434294088911
PB,19844,APARECIDA,0063,25,7247,5629,1376,4027,47.095398827500446,2026-10-04 17:29:32,2026-10-04 19:25:10,5498,1158,4090,53.32848308475809
PB,19178,ARARA,0048,37,9325,6784,1569,4851,48.37853773584906,2026-10-04 17:47:45,2026-10-04 18:30:37,6384,1255,4725,54.354636591478695
PB,19194,ARARUNA,0020,47,14816,10462,3109,6942,36.63735423437201,2026-10-04 17:32:44,2026-10-04 19:09:46,9785,2175,7030,49.61676034747062
PB,19151,ARAÇAGI,0047,55,14344,10791,2098,8271,57.205078305995734,2026-10-04 17:31:43,2026-10-04 19:22:12,10379,1557,8345,65.40129106850371
PB,19216,AREIA,0011,82,19068,14285,2885,10722,54.86174308715436,2026-10-04 17:21:12,2026-10-04 19:23:45,13698,2669,10263,55.43875018250839
PB,19909,AREIA DE BARAÚNAS,0065,8,2502,1813,442,1295,47.049089906232766,2026-10-04 17:23:12,2026-10-04 19:20:58,1703,238,1378,66.94069289489137
PB,19232,AREIAL,0019,21,6597,5042,1368,3373,39.765965886552955,2026-10-04 17:28:51,2026-10-04 18:44:45,4635,1029,3300,48.996763754045304
PB,19259,AROEIRAS,0049,56,16290,12451,2635,9216,52.855192354027785,2026-10-04 17:28:21,2026-10-04 19:09:27,12059,2131,9398,60.26204494568372
PB,19321,ASSUNÇÃO,0027,14,4201,3142,888,2137,39.75175047740293,2026-10-04 17:22:31,2026-10-04 19:14:56,3143,638,2379,55.39293668469615
PB,19313,BANANEIRAS,0014,63,19361,14286,3567,10014,45.12809743805124,2026-10-04 17:30:42,2026-10-04 19:20:56,13542,2317,10394,59.64407029980801
PB,19305,BARAÚNA,0025,18,4663,3644,761,2681,52.689352360043905,2026-10-04 17:32:44,2026-10-04 18:48:44,3433,520,2743,64.75385959801922
PB,19330,BARRA DE SANTA ROSA,0067,43,11480,8896,1760,6795,56.59847122302158,2026-10-04 17:22:30,2026-10-04 19:02:49,8305,1367,6603,63.04635761589404
PB,19780,BARRA DE SANTANA,0049,28,7793,6035,1568,4182,43.31400165700083,2026-10-04 18:11:02,2026-10-04 19:20:56,5749,1268,4145,50.0434858236215
PB,19356,BARRA DE SÃO MIGUEL,0062,18,6048,4920,1388,3334,39.552845528455286,2026-10-04 17:28:51,2026-10-04 20:11:34,4712,1159,3331,46.09507640067912
PB,19372,BAYEUX,0061,248,74369,59157,27396,27912,0.8722551853542269,2026-10-04 17:30:42,2026-10-04 20:11:34,59310,25160,30224,8.538189175518463
PB,19291,BAÍA DA TRAIÇÃO,0055,27,8424,6460,1295,4975,56.96594427244582,2026-10-04 18:17:14,2026-10-04 21:05:39,5881,892,4775,66.02618602278524
PB,19399,BELÉM,0014,45,13281,9749,2977,6371,34.813827059185556,2026-10-04 17:32:53,2026-10-04 20:54:27,9683,2525,6638,42.47650521532583
PB,19410,BELÉM DO BREJO DO CRUZ,0038,22,6644,4963,1347,3427,41.91013499899255,2026-10-04 17:40:35,2026-10-04 19:16:38,4818,1077,3502,50.33208800332088
PB,19500,BERNARDINO BATISTA,0053,13,3353,2346,407,1873,62.489343563512364,2026-10-04 17:31:45,2026-10-04 20:16:59,2343,323,1923,68.28851899274434
PB,19437,BOA VENTURA,0042,20,5167,3703,658,2894,60.38347285984337,2026-10-04 17:28:21,2026-10-04 17:59:28,3841,587,3060,64.38427492840407
PB,19941,BOA VISTA,0022,20,6123,5059,1566,3243,33.14884364498913,2026-10-04 18:23:30,2026-10-04 20:54:44,4956,1345,3314,39.72962066182405
PB,19453,BOM JESUS,0068,11,3055,2499,350,2041,67.66706682673069,2026-10-04 17:40:36,2026-10-04 18:43:17,2380,230,2059,76.84873949579831
PB,19470,BOM SUCESSO,0036,15,4846,3778,572,3112,67.23133933298041,2026-10-04 18:12:22,2026-10-04 18:48:44,3658,344,3112,75.66976489885184
PB,19496,BONITO DE SANTA FÉ,0040,27,7923,6046,1474,4356,47.66787958981145,2026-10-04 17:41:13,2026-10-04 19:16:38,5729,1269,4223,51.56222726479316
PB,19518,BOQUEIRÃO,0062,52,15970,12652,3981,8029,31.994941511223523,2026-10-04 17:31:45,2026-10-04 19:23:27,11687,3255,7821,39.06905108239925
PB,19550,BORBOREMA,0011,20,4895,3696,919,2623,46.103896103896105,2026-10-04 17:33:46,2026-10-04 17:55:31,3367,616,2576,58.21205821205821
PB,19577,BREJO DO CRUZ,0038,36,10744,8400,2640,5362,32.404761904761905,2026-10-04 17:30:52,2026-10-04 19:08:09,7946,1983,5514,44.437452806443495
PB,19593,BREJO DOS SANTOS,0036,18,5994,4774,1235,3382,44.972769166317555,2026-10-04 17:29:32,2026-10-04 19:04:47,4652,1121,3335,47.59243336199484
PB,19615,CAAPORÃ,0073,56,17081,13269,4214,8448,31.908960735549023,2026-10-04 18:22:51,2026-10-04 19:29:38,12956,3743,8633,37.74313059586292
PB,19631,CABACEIRAS,0062,17,5237,4223,1327,2661,31.588917830925883,2026-10-04 17:35:19,2026-10-04 18:33:55,3971,1131,2555,35.859984890455806
PB,19658,CABEDELO,0057,168,54022,40482,18499,19051,1.3635689936267972,2026-10-04 17:28:21,2026-10-04 22:02:40,39032,16630,19453,7.232527157204345
PB,19674,CACHOEIRA DOS ÍNDIOS,0068,31,7912,6043,842,4922,67.51613437034585,2026-10-04 17:24:21,2026-10-04 19:25:10,5842,742,4870,70.66073262581308
PB,19690,CACIMBA DE AREIA,0065,18,4343,3377,689,2575,55.84838614154575,2026-10-04 17:32:43,2026-10-04 18:00:40,3047,494,2455,64.35838529701346
PB,19712,CACIMBA DE DENTRO,0020,42,14334,10179,2752,6977,41.50702426564496,2026-10-04 19:01:11,2026-10-04 19:24:42,9920,2056,7392,53.79032258064516
PB,19364,CACIMBAS,0030,26,6623,4536,744,3612,63.22751322751323,2026-10-04 17:21:56,2026-10-04 19:07:01,4363,513,3693,72.88562915425166
PB,19739,CAIÇARA,0014,22,6526,4780,1483,3075,33.30543933054393,2026-10-04 17:38:22,2026-10-04 19:09:46,4589,1168,3188,44.0183046415341
PB,19755,CAJAZEIRAS,0068,178,47827,37693,7508,28253,55.03674422306529,2026-10-04 17:27:45,2026-10-04 19:25:10,36545,6105,28685,61.78683814475304
PB,19380,CAJAZEIRINHAS,0052,15,3758,2853,636,2137,52.61128636522958,2026-10-04 17:33:45,2026-10-04 18:23:56,2929,464,2353,64.49300102424036
PB,19771,CALDAS BRANDÃO,0075,23,5445,4280,1126,3004,43.87850467289719,2026-10-04 17:44:13,2026-10-04 20:16:00,4192,869,3136,54.079198473282446
PB,19798,CAMALAÚ,0029,20,6294,4907,588,4206,73.73140411656817,2026-10-04 17:39:35,2026-10-04 22:13:41,4637,441,4047,77.76579685141255
PB,19810,CAMPINA GRANDE,0016,250,75913,60972,28222,28668,0.7314833038115857,2026-10-04 17:34:11,2026-10-04 19:16:38,60800,27004,28883,3.0904605263157894
PB,19810,CAMPINA GRANDE,0017,386,125003,100688,44835,48488,3.6280390910535516,2026-10-04 17:33:45,2026-10-04 19:20:56,97671,41675,47795,6.265933593390054
PB,19810,CAMPINA GRANDE,0072,321,104342,83776,35934,41627,6.795502291825821,2026-10-04 17:33:48,2026-10-04 19:22:36,83152,33954,42196,9.911968443332691
PB,19062,CAPIM,0007,23,7251,5160,1424,3533,40.872093023255815,2026-10-04 17:20:30,2026-10-04 20:51:51,4898,1085,3519,49.693752552062065
PB,19240,CARAÚBAS,0022,15,4534,3685,850,2687,49.850746268656714,2026-10-04 17:42:00,2026-10-04 20:14:15,3441,597,2678,60.47660563789596
PB,19836,CARRAPATEIRA,0040,9,2444,1864,273,1522,67.00643776824035,2026-10-04 17:27:45,2026-10-04 20:11:53,1730,232,1422,68.78612716763006
PB,19607,CASSERENGUE,0048,21,6406,4637,921,3513,55.89821004960103,2026-10-04 17:47:46,2026-10-04 18:55:38,4388,602,3531,66.75022789425707
PB,19852,CATINGUEIRA,0032,18,5416,3905,1035,2742,43.71318822023047,2026-10-04 17:39:13,2026-10-04 18:38:26,3882,821,2842,52.060793405461105
PB,19879,CATOLÉ DO ROCHA,0036,70,22557,17870,4521,12601,45.21544487968663,2026-10-04 17:31:43,2026-10-04 19:20:56,17098,3665,12620,52.37454673061177
PB,19801,CATURITÉ,0059,20,5518,4414,1030,3131,47.59855006796556,2026-10-04 18:11:03,2026-10-04 18:32:14,4022,773,2998,55.32073595226256
PB,19895,CONCEIÇÃO,0041,57,15357,11309,2644,8262,49.677248209390754,2026-10-04 17:34:11,2026-10-04 19:29:38,10900,1987,8425,59.06422018348624
PB,19917,CONDADO,0051,21,5803,4328,865,3307,56.42329020332717,2026-10-04 17:21:12,2026-10-04 20:07:48,4246,667,3380,63.89543099387659
PB,19933,CONDE,0003,81,27248,20208,7703,11440,18.492676167854317,2026-10-04 17:34:11,2026-10-04 23:12:51,17617,6093,10649,25.861383890560255
PB,19950,CONGO,0043,16,5388,4312,849,3307,57.003710575139145,2026-10-04 18:54:43,2026-10-04 20:37:29,4254,655,3395,64.40996708979783
PB,19976,COREMAS,0052,50,12873,9425,2672,6382,39.36339522546419,2026-10-04 17:21:57,2026-10-04 18:16:13,8890,1788,6736,55.65804274465692
PB,19704,COXIXOLA,0058,8,2047,1608,333,1203,54.1044776119403,2026-10-04 17:31:44,2026-10-04 17:54:12,1529,258,1196,61.34728580771746
PB,19992,CRUZ DO ESPÍRITO SANTO,0003,55,16431,12661,3791,8410,36.4821104178185,2026-10-04 17:48:35,2026-10-04 23:22:11,12541,3076,8879,46.27222709512798
PB,20010,CUBATI,0023,22,6956,5242,1376,3612,42.65547500953834,2026-10-04 17:34:11,2026-10-04 20:14:15,5022,1084,3677,51.632815611310235
PB,20052,CUITEGI,0011,22,6098,4501,1115,3216,46.678515885358806,2026-10-04 17:32:44,2026-10-04 19:04:13,4218,839,3143,54.62304409672831
PB,20036,CUITÉ,0024,58,17388,13008,2578,9903,56.31150061500615,2026-10-04 17:58:50,2026-10-04 18:37:15,12830,1964,10224,64.38035853468433
PB,19089,CUITÉ DE MAMANGUAPE,0007,25,7662,5608,1324,4083,49.197574893009985,2026-10-04 17:21:12,2026-10-04 19:20:55,5198,834,4137,63.54367064255483
PB,19100,CURRAL DE CIMA,0060,21,6226,4614,1047,3335,49.58820979627222,2026-10-04 17:27:45,2026-10-04 19:29:38,4323,650,3402,63.65949572056442
PB,20079,CURRAL VELHO,0042,8,2327,1738,374,1243,50.0,2026-10-04 17:33:48,2026-10-04 18:17:14,1763,320,1302,55.700510493477026
PB,19275,DAMIÃO,0024,16,4885,3557,610,2777,60.92212538656171,2026-10-04 17:55:45,2026-10-04 19:29:38,3297,430,2703,68.9414619350925
PB,20095,DESTERRO,0030,30,7716,5829,1400,4244,48.79053010808029,2026-10-04 17:23:42,2026-10-04 19:29:39,5599,946,4426,62.15395606358278
PB,20133,DIAMANTE,0042,20,5910,4247,764,3320,60.183659053449496,2026-10-04 17:32:43,2026-10-04 18:22:51,3987,651,3144,62.52821670428894
PB,20150,DONA INÊS,0014,31,9272,7017,1271,5492,60.15391192817443,2026-10-04 17:32:44,2026-10-04 19:20:57,6701,816,5653,72.18325623041338
PB,20176,DUAS ESTRADAS,0047,18,3885,2922,865,1932,36.5160848733744,2026-10-04 17:28:21,2026-10-04 17:49:26,2747,564,2051,54.131780123771385
PB,20192,EMAS,0032,13,3824,2710,748,1836,40.14760147601476,2026-10-04 17:49:49,2026-10-04 19:02:49,2498,486,1875,55.6044835868695
PB,20214,ESPERANÇA,0019,80,26015,20033,6326,12496,30.799181350771228,2026-10-04 17:33:45,2026-10-04 19:09:27,19038,5268,12510,38.03971005357705
PB,20230,FAGUNDES,0059,41,10547,7913,1609,5939,54.72008087956527,2026-10-04 17:28:51,2026-10-04 18:10:53,7369,1263,5742,60.78165287013163
PB,20257,FREI MARTINHO,0025,10,2942,2303,634,1521,38.514980460269214,2026-10-04 17:46:19,2026-10-04 17:58:51,2259,510,1619,49.09251881363435
PB,19623,GADO BRAVO,0049,26,8093,6253,1164,4811,58.32400447785063,2026-10-04 18:17:14,2026-10-04 19:20:57,5816,891,4626,64.2193947730399
PB,20273,GUARABIRA,0010,154,43618,34315,12337,19765,21.646510272475595,2026-10-04 17:33:46,2026-10-04 19:22:36,33531,11134,20150,26.888550893203305
PB,20290,GURINHÉM,0075,43,11420,8546,2096,6110,46.96934238240112,2026-10-04 17:21:55,2026-10-04 20:14:29,8621,1912,6346,51.43254842825658
PB,20311,GURJÃO,0022,12,3193,2579,445,2045,62.03955021326095,2026-10-04 17:30:41,2026-10-04 18:38:45,2502,339,2055,68.58513189448442
PB,20338,IBIARA,0041,20,5580,4165,735,3245,60.2641056422569,2026-10-04 17:33:48,2026-10-04 19:07:01,3978,570,3244,67.21970839617899
PB,19534,IGARACY,0066,23,5888,4301,1022,3030,46.68681701929784,2026-10-04 17:42:01,2026-10-04 18:41:11,4096,662,3172,61.279296875
PB,20354,IMACULADA,0074,35,9116,6721,1160,5354,62.401428358875165,2026-10-04 17:29:33,2026-10-04 19:26:22,6211,722,5274,73.28932539043632
PB,20370,INGÁ,0008,50,15724,11904,3666,7800,34.72782258064516,2026-10-04 17:32:44,2026-10-04 19:20:56,11319,3027,7757,41.78814382896016
PB,20397,ITABAIANA,0006,72,19586,15302,5524,9027,22.892432361782774,2026-10-04 17:30:42,2026-10-04 19:04:47,14914,5056,9176,27.6250502883197
PB,20419,ITAPORANGA,0033,56,17565,13143,3220,9241,45.81145857110249,2026-10-04 17:31:45,2026-10-04 18:33:18,12813,2520,9547,54.842737844376806
PB,20435,ITAPOROROCA,0060,43,14182,11109,2933,7656,42.515077864794314,2026-10-04 18:12:04,2026-10-04 20:12:45,10204,2186,7466,51.74441395531164
PB,20451,ITATUBA,0008,31,9118,7056,2011,4811,39.682539682539684,2026-10-04 17:22:30,2026-10-04 20:12:45,6516,1505,4743,49.69306322897483
PB,20478,JACARAÚ,0060,44,14325,10442,3493,6352,27.379812296494926,2026-10-04 17:44:13,2026-10-04 20:13:50,10036,2527,6927,43.8421681944998
PB,20494,JERICÓ,0036,21,6938,5061,1212,3696,49.081209247184354,2026-10-04 17:36:53,2026-10-04 19:20:55,5271,732,4328,68.22234870043636
PB,19666,JOCA CLAUDINO,0053,10,2516,1877,297,1496,63.87852956846031,2026-10-04 17:30:42,2026-10-04 18:37:33,1907,250,1550,68.16990036706869
PB,20516,JOÃO PESSOA,0001,306,108691,86577,38708,41390,3.09782043729859,2026-10-04 17:32:53,2026-10-04 19:31:15,88294,38412,42347,4.456701474618887
PB,20516,JOÃO PESSOA,0064,324,106804,84067,38312,39359,1.2454351885995694,2026-10-04 17:34:11,2026-10-04 20:27:29,86071,38070,41529,4.018775197220899
PB,20516,JOÃO PESSOA,0070,323,116470,93192,43571,42121,-1.5559275474289638,2026-10-04 17:33:45,2026-10-04 20:40:32,92699,42173,43158,1.0625788843461095
PB,20516,JOÃO PESSOA,0076,356,129338,105337,48082,48711,0.597131112524564,2026-10-04 17:33:48,2026-10-04 20:41:31,98362,44172,44885,0.7248734267298347
PB,20516,JOÃO PESSOA,0077,405,130447,101797,46413,47442,1.0108352898415474,2026-10-04 17:33:47,2026-10-04 19:24:41,93092,41144,45324,4.490181755682551
PB,20532,JUAREZ TÁVORA,0009,24,7954,6090,1507,4374,47.07717569786535,2026-10-04 17:44:13,2026-10-04 20:07:48,5796,1234,4321,53.26086956521739
PB,20559,JUAZEIRINHO,0056,49,14045,10630,2803,7484,44.03574788334901,2026-10-04 17:28:21,2026-10-04 18:30:17,10184,2141,7593,53.53495679497251
PB,20575,JUNCO DO SERIDÓ,0056,20,5990,4621,1187,3154,42.566544038086995,2026-10-04 17:48:36,2026-10-04 18:59:08,4453,870,3305,54.682236694363354
PB,20591,JURIPIRANGA,0044,33,9829,7472,2253,4914,35.61295503211991,2026-10-04 17:31:45,2026-10-04 18:25:56,7638,1867,5481,47.31605132233569
PB,20613,JURU,0074,31,8201,5998,1040,4766,62.12070690230077,2026-10-04 17:32:44,2026-10-04 19:14:09,5685,629,4819,73.70272647317502
PB,20630,LAGOA,0031,18,4698,3540,595,2777,61.63841807909605,2026-10-04 17:26:36,2026-10-04 18:33:56,3545,461,2933,69.73201692524682
PB,20656,LAGOA DE DENTRO,0060,23,7869,5613,1519,3814,40.88722608230893,2026-10-04 17:33:48,2026-10-04 20:10:52,5336,1067,3998,54.9287856071964
PB,20672,LAGOA SECA,0013,68,22056,17149,6181,10065,22.64855093591463,2026-10-04 17:31:44,2026-10-04 20:20:40,16113,5279,9738,27.67330726742382
PB,20699,LASTRO,0063,14,4395,3466,717,2619,54.87593768032314,2026-10-04 18:38:45,2026-10-04 18:47:45,3366,493,2755,67.20142602495544
PB,20710,LIVRAMENTO,0027,20,5930,4396,1034,3164,48.45313921747043,2026-10-04 17:30:42,2026-10-04 18:26:23,4311,869,3234,54.85966133147762
PB,19160,LOGRADOURO,0014,15,4789,3737,1245,2318,28.712871287128714,2026-10-04 17:49:49,2026-10-04 19:20:55,3169,897,2102,38.02461344272641
PB,20737,LUCENA,0002,42,12879,9873,3248,6131,29.200850805226374,2026-10-04 17:28:21,2026-10-04 19:12:59,9557,2885,6128,33.93324264936695
PB,20770,MALTA,0051,18,5263,3979,686,3150,61.925106810756475,2026-10-04 17:30:41,2026-10-04 18:21:54,3896,491,3251,70.84188911704312
PB,20796,MAMANGUAPE,0007,115,34604,26085,9234,15315,23.3122484186314,2026-10-04 17:33:48,2026-10-04 19:08:10,25219,7160,16631,37.55501804195249
PB,20818,MANAÍRA,0034,31,9110,6646,922,5507,68.9888654829973,2026-10-04 17:49:50,2026-10-04 20:50:40,6383,661,5412,74.43208522638258
PB,19968,MARCAÇÃO,0055,26,7913,6036,1194,4660,57.422133863485755,2026-10-04 18:00:40,2026-10-04 20:43:39,5535,770,4570,68.65401987353206
PB,20834,MARI,0004,65,18460,14497,4108,9729,38.77353935296958,2026-10-04 18:20:11,2026-10-04 19:09:27,13741,3414,9659,45.44792955388982
PB,19461,MARIZÓPOLIS,0035,20,6301,4919,1532,3079,31.449481601951618,2026-10-04 17:28:22,2026-10-04 20:51:00,4895,1201,3448,45.90398365679265
PB,20850,MASSARANDUBA,0016,37,12155,9256,2610,6224,39.04494382022472,2026-10-04 17:39:35,2026-10-04 19:20:55,8970,2216,6241,44.87179487179487
PB,20877,MATARACA,0007,28,8714,6330,1965,4083,33.459715639810426,2026-10-04 17:21:56,2026-10-04 18:46:32,6138,1610,4270,43.3365917236885
PB,19143,MATINHAS,0013,15,4881,3538,722,2680,55.34200113058225,2026-10-04 17:36:53,2026-10-04 19:29:38,3325,603,2566,59.037593984962406
PB,19488,MATO GROSSO,0036,10,3319,2101,404,1635,58.591147072822466,2026-10-04 17:33:48,2026-10-04 18:48:44,2219,176,1969,80.80216313654799
PB,19984,MATURÉIA,0030,24,5807,4368,804,3434,60.21062271062271,2026-10-04 17:34:11,2026-10-04 17:55:30,4064,532,3355,69.46358267716535
PB,20893,MOGEIRO,0006,37,11482,8820,2751,5739,33.87755102040816,2026-10-04 17:54:31,2026-10-04 20:35:02,8266,2275,5680,41.192838132107426
PB,20915,MONTADAS,0050,15,5373,4149,1153,2762,38.78042901904073,2026-10-04 17:57:26,2026-10-04 19:12:59,3821,934,2679,45.66867312221932
PB,20931,MONTE HOREBE,0040,15,4313,3152,605,2398,56.88451776649746,2026-10-04 17:33:46,2026-10-04 18:19:24,2932,339,2399,70.25920873124147
PB,20958,MONTEIRO,0029,98,27191,20907,4647,15329,51.09293538049457,2026-10-04 17:33:45,2026-10-04 20:53:19,20100,3732,15433,58.21393034825871
PB,20974,MULUNGU,0075,33,9094,7206,1761,5094,46.253122398001665,2026-10-04 17:40:34,2026-10-04 18:42:09,7084,1480,5197,52.4703557312253
PB,20753,MÃE D'ÁGUA,0030,17,3876,3079,634,2314,54.56316986034427,2026-10-04 17:22:30,2026-10-04 17:49:27,2950,455,2363,64.67796610169492
PB,20990,NATUBA,0018,25,6840,5054,1261,3551,45.310645033636725,2026-10-04 19:03:12,2026-10-04 20:57:11,4870,1059,3498,50.082135523613964
PB,21016,NAZAREZINHO,0063,26,7091,5532,1039,4305,59.03832248734635,2026-10-04 18:16:13,2026-10-04 19:16:12,5470,700,4549,70.3656307129799
PB,21032,NOVA FLORESTA,0024,29,8307,6222,1552,4309,44.310511089681775,2026-10-04 17:51:34,2026-10-04 19:04:32,5916,1072,4471,57.454361054766736
PB,21059,NOVA OLINDA,0042,20,5895,3942,709,3092,60.45154743784881,2026-10-04 17:33:46,2026-10-04 18:23:58,3673,491,3011,68.6087666757419
PB,21075,NOVA PALMEIRA,0025,13,3681,3069,533,2373,59.9543825350277,2026-10-04 17:33:46,2026-10-04 18:13:50,2798,345,2282,69.22802001429592
PB,21091,OLHO D'ÁGUA,0066,26,7440,5282,1266,3802,48.01211662249148,2026-10-04 17:43:14,2026-10-04 19:16:38,4992,827,3858,60.71714743589744
PB,21113,OLIVEDOS,0023,13,4073,3169,895,2103,38.11928053013569,2026-10-04 17:26:36,2026-10-04 18:37:33,3120,683,2215,49.1025641025641
PB,21130,OURO VELHO,0043,12,3098,2527,476,1975,59.3193510091017,2026-10-04 17:46:19,2026-10-04 17:55:30,2420,432,1905,60.86776859504132
PB,19720,PARARI,0058,9,2403,1925,423,1434,52.51948051948052,2026-10-04 17:29:33,2026-10-04 18:22:15,1718,307,1345,60.41909196740396
PB,21156,PASSAGEM,0065,10,2846,2177,604,1485,40.46853468075333,2026-10-04 17:30:04,2026-10-04 17:42:01,2007,382,1522,56.80119581464873
PB,21172,PATOS,0028,233,67671,52322,17681,31431,26.27957646878942,2026-10-04 17:33:48,2026-10-04 19:12:43,52459,15475,33579,34.51076078461274
PB,21199,PAULISTA,0069,34,10996,8545,2536,5574,35.55295494441194,2026-10-04 17:30:41,2026-10-04 20:52:03,7709,1824,5536,48.15151122065119
PB,21210,PEDRA BRANCA,0042,14,4075,3004,826,2025,39.913448735019976,2026-10-04 17:29:31,2026-10-04 18:43:16,2797,601,2011,50.41115480872363
PB,21237,PEDRA LAVRADA,0025,23,5944,4792,1000,3540,53.00500834724541,2026-10-04 17:30:42,2026-10-04 17:44:13,4806,829,3664,58.98876404494382
PB,21253,PEDRAS DE FOGO,0044,78,25239,19354,6368,12172,29.988632840756434,2026-10-04 17:34:10,2026-10-04 20:42:31,18345,5349,11992,36.21150177159989
PB,19747,PEDRO RÉGIS,0060,18,5725,3934,1273,2448,29.867819013726486,2026-10-04 19:24:42,2026-10-04 19:24:42,3705,828,2641,48.93387314439946
PB,21270,PIANCÓ,0032,44,12777,9527,2576,6507,41.26167733809174,2026-10-04 17:24:22,2026-10-04 19:24:42,9429,2099,6760,49.43260154841447
PB,21296,PICUÍ,0025,59,15036,11719,3308,7815,38.458912876525304,2026-10-04 17:33:49,2026-10-04 18:32:14,11656,2538,8346,49.82841455044612
PB,21318,PILAR,0044,33,10756,8480,2659,5404,32.37028301886792,2026-10-04 17:44:59,2026-10-04 19:23:45,7946,1952,5627,46.24968537628996
PB,21334,PILÕES,0011,27,7122,5343,1212,3896,50.23395096387797,2026-10-04 18:44:26,2026-10-04 18:44:26,5081,962,3866,57.15410352292856
PB,21350,PILÕEZINHOS,0047,21,5890,4479,995,3287,51.17213663764233,2026-10-04 18:59:29,2026-10-04 20:07:48,3955,636,3104,62.40202275600506
PB,21377,PIRPIRITUBA,0047,34,8201,6388,1621,4375,43.112085159674386,2026-10-04 17:40:34,2026-10-04 18:48:44,5782,1220,4183,51.24524386025597
PB,21393,PITIMBU,0073,42,13151,9903,3089,6395,33.38382308391397,2026-10-04 17:46:37,2026-10-04 21:37:31,9456,2729,6382,38.63155668358714
PB,21415,POCINHOS,0050,50,15440,11818,3914,7251,28.236588255203927,2026-10-04 17:30:41,2026-10-04 18:42:07,10732,3211,6852,33.9265747297801
PB,21431,POMBAL,0031,88,25859,19862,6509,12343,29.37267143288692,2026-10-04 17:29:31,2026-10-04 20:11:10,19088,5562,12448,36.07502095557418
PB,19640,POÇO DANTAS,0053,14,4135,3094,373,2590,71.65481577246283,2026-10-04 17:38:24,2026-10-04 20:41:50,2974,316,2543,74.88231338264963
PB,19526,POÇO DE JOSÉ DE MOURA,0037,17,4432,3495,561,2786,63.6623748211731,2026-10-04 17:44:58,2026-10-04 19:29:37,3046,422,2491,67.92514773473408
PB,21458,PRATA,0043,14,4236,3278,904,2273,41.76327028676022,2026-10-04 18:55:49,2026-10-04 19:02:49,3194,744,2310,49.029430181590484
PB,21474,PRINCESA ISABEL,0034,51,16939,12364,2283,9524,58.56518925913944,2026-10-04 17:47:46,2026-10-04 20:57:32,11930,1615,9810,68.69237217099749
PB,21490,PUXINANÃ,0050,39,12878,10086,3204,6222,29.92266508030934,2026-10-04 17:28:21,2026-10-04 19:04:13,9621,2660,6344,38.29123791705644
PB,21512,QUEIMADAS,0059,137,36681,28356,7873,19096,39.57892509521794,2026-10-04 17:34:11,2026-10-04 19:04:32,27340,6750,19148,45.3474762253109
PB,21539,QUIXABA,0028,8,2501,1958,590,1286,35.5464759959142,2026-10-04 17:27:46,2026-10-04 19:01:40,1847,469,1301,45.046020573903625
PB,21555,REMÍGIO,0067,50,15062,11510,2589,8385,50.356211989574284,2026-10-04 18:16:11,2026-10-04 18:41:10,10760,2056,8177,56.886617100371744
PB,19828,RIACHO DE SANTO ANTÔNIO,0062,9,2834,2270,799,1389,25.991189427312776,2026-10-04 18:15:17,2026-10-04 18:15:17,1983,537,1360,41.50277357539082
PB,21571,RIACHO DOS CAVALOS,0038,26,8428,6748,1403,5133,55.2756372258447,2026-10-04 17:54:12,2026-10-04 19:26:06,6198,889,5084,67.68312358825428
PB,19208,RIACHÃO,0020,11,3550,2637,588,1975,52.59764884338263,2026-10-04 18:16:12,2026-10-04 18:54:43,2380,439,1842,58.94957983193277
PB,19127,RIACHÃO DO BACAMARTE,0008,18,4999,3809,1069,2576,39.56419007613547,2026-10-04 17:27:45,2026-10-04 19:12:43,3465,720,2569,53.36219336219336
PB,19003,RIACHÃO DO POÇO,0004,20,4868,3823,1211,2455,32.53989013863458,2026-10-04 17:32:44,2026-10-04 20:07:48,3463,902,2376,42.56425064972567
PB,21598,RIO TINTO,0055,66,18838,14952,4688,9588,32.77153558052434,2026-10-04 17:33:45,2026-10-04 20:10:51,14868,3965,10175,41.767554479418884
PB,21610,SALGADINHO,0065,13,3477,2526,738,1645,35.906571654790184,2026-10-04 17:31:46,2026-10-04 19:20:58,2443,449,1841,56.97912402783463
PB,21636,SALGADO DE SÃO FÉLIX,0006,41,10366,7779,2070,5369,42.40905000642756,2026-10-04 17:33:45,2026-10-04 18:44:25,7372,1719,5264,48.08735756918068
PB,20001,SANTA CECÍLIA,0018,24,7090,5785,1537,3979,42.212618841832324,2026-10-04 18:33:56,2026-10-04 20:52:51,5521,1215,4000,50.44376018837167
PB,21652,SANTA CRUZ,0063,26,5529,4503,780,3572,62.003109038418835,2026-10-04 17:32:43,2026-10-04 18:17:14,4478,648,3669,67.4631531933899
PB,21679,SANTA HELENA,0037,21,5959,4603,620,3803,69.15055398653053,2026-10-04 17:33:46,2026-10-04 20:16:59,4376,454,3763,75.61700182815356
PB,19569,SANTA INÊS,0041,13,3848,2878,361,2441,72.27241139680334,2026-10-04 17:24:52,2026-10-04 18:39:54,2855,217,2544,81.5061295971979
PB,21695,SANTA LUZIA,0026,47,12261,9759,3022,6173,32.28814427707757,2026-10-04 17:33:46,2026-10-04 17:49:27,9410,2318,6544,44.909670563230605
PB,21750,SANTA RITA,0002,213,67464,52601,21970,27354,10.23554685272143,2026-10-04 17:33:46,2026-10-04 20:59:42,50044,18884,27915,18.046119414914873
PB,21750,SANTA RITA,0003,119,36075,27989,10942,15359,15.781199757047412,2026-10-04 17:44:13,2026-10-04 20:13:03,26844,9636,15518,21.911786618983758
PB,21776,SANTA TERESINHA,0065,22,5773,4394,1199,2993,40.828402366863905,2026-10-04 17:34:11,2026-10-04 18:31:52,4354,938,3189,51.6995865870464
PB,21717,SANTANA DE MANGUEIRA,0041,16,4562,3333,444,2757,69.3969396939694,2026-10-04 19:09:27,2026-10-04 19:09:27,3323,325,2858,76.22630153475775
PB,21733,SANTANA DOS GARROTES,0066,25,6318,4592,1039,3327,49.825783972125436,2026-10-04 17:51:50,2026-10-04 18:32:12,4393,854,3250,54.54131572956977
PB,19267,SANTO ANDRÉ,0056,9,3035,2322,546,1688,49.181739879414295,2026-10-04 18:19:23,2026-10-04 19:14:09,2242,354,1779,63.559322033898304
PB,22071,SAPÉ,0004,138,38037,29004,9366,18302,30.80954351123983,2026-10-04 17:41:13,2026-10-04 19:13:47,28234,7905,18697,38.22341857335128
PB,22110,SERRA BRANCA,0058,36,10863,8418,2291,5775,41.38750296982656,2026-10-04 17:30:04,2026-10-04 19:22:12,8067,1943,5629,45.69232676335689
PB,22136,SERRA DA RAIZ,0047,11,3167,2424,738,1584,34.9009900990099,2026-10-04 17:29:32,2026-10-04 17:58:50,2306,545,1598,45.66348655680832
PB,22152,SERRA GRANDE,0033,10,3110,2338,324,1915,68.04961505560308,2026-10-04 17:22:30,2026-10-04 18:56:35,2328,303,1894,68.34192439862542
PB,22179,SERRA REDONDA,0072,25,6492,5151,1205,3722,48.86429819452533,2026-10-04 17:21:12,2026-10-04 19:08:39,4920,1020,3593,52.296747967479675
PB,22195,SERRARIA,0011,17,4595,3329,793,2346,46.65064583959147,2026-10-04 17:57:25,2026-10-04 18:21:12,3120,642,2286,52.69230769230769
PB,19186,SERTÃOZINHO,0047,16,5104,3974,991,2759,44.489179667840965,2026-10-04 18:16:12,2026-10-04 19:14:09,3351,665,2532,55.71471202626082
PB,19020,SOBRADO,0004,28,8060,6204,1914,4051,34.4455190199871,2026-10-04 18:13:50,2026-10-04 20:10:52,5616,1402,3849,43.57193732193732
PB,22233,SOLEDADE,0023,39,11716,9160,2579,6151,38.995633187772924,2026-10-04 17:28:22,2026-10-04 20:07:48,8587,2165,5933,43.88028415046
PB,22217,SOLÂNEA,0048,72,22196,16689,4787,11013,37.30600994667146,2026-10-04 17:21:55,2026-10-04 19:20:57,15961,3812,11154,45.99962408370403
PB,19283,SOSSÊGO,0024,11,3672,2990,534,2347,60.635451505016725,2026-10-04 18:12:04,2026-10-04 19:11:30,2632,305,2189,71.580547112462
PB,22250,SOUSA,0035,163,48187,38523,11592,24676,33.96412532772629,2026-10-04 17:32:43,2026-10-04 21:00:22,37735,9618,25912,43.18007155160991
PB,22276,SUMÉ,0043,52,14168,10955,2432,8123,51.94888178913738,2026-10-04 17:30:41,2026-10-04 19:12:59,10624,1885,8323,60.598644578313255
PB,19402,SÃO BENTINHO,0051,12,3802,2816,494,2216,61.15056818181818,2026-10-04 17:35:19,2026-10-04 18:41:10,2878,376,2378,69.56219596942321
PB,21792,SÃO BENTO,0069,94,29523,23247,10379,11253,3.75962489783628,2026-10-04 17:34:10,2026-10-04 19:29:38,21257,8358,11629,15.38787223032413
PB,19429,SÃO DOMINGOS,0031,10,3287,2448,616,1758,46.650326797385624,2026-10-04 17:36:53,2026-10-04 18:44:25,2433,478,1800,54.33621043978627
PB,19224,SÃO DOMINGOS DO CARIRI,0062,10,3072,2355,644,1592,40.254777070063696,2026-10-04 17:36:06,2026-10-04 17:43:15,2274,527,1593,46.877748460861916
PB,19860,SÃO FRANCISCO,0063,17,4138,3287,810,2305,45.48220261636751,2026-10-04 17:41:14,2026-10-04 18:56:35,3243,621,2459,56.6759173604687
PB,21857,SÃO JOSÉ DA LAGOA TAPADA,0052,27,7125,5398,1047,4164,57.74360874397925,2026-10-04 17:27:44,2026-10-04 20:46:19,5126,779,4162,65.99687865782286
PB,21873,SÃO JOSÉ DE CAIANA,0033,18,5643,3899,778,2958,55.91177224929469,2026-10-04 17:26:35,2026-10-04 19:00:40,3702,602,2940,63.15505132360886
PB,21890,SÃO JOSÉ DE ESPINHARAS,0051,15,4450,3564,773,2660,52.946127946127945,2026-10-04 17:31:44,2026-10-04 18:38:45,3389,594,2664,61.079964591324874
PB,21911,SÃO JOSÉ DE PIRANHAS,0040,58,15561,11867,2068,9261,60.61346591387883,2026-10-04 17:21:57,2026-10-04 21:13:41,11621,1570,9612,69.2023061698649
PB,19445,SÃO JOSÉ DE PRINCESA,0034,13,3236,2376,317,1990,70.41245791245791,2026-10-04 17:31:45,2026-10-04 19:07:44,2465,229,2131,77.16024340770791
PB,21938,SÃO JOSÉ DO BONFIM,0065,16,4531,3505,995,2365,39.08701854493581,2026-10-04 18:13:32,2026-10-04 18:13:32,3219,715,2363,51.19602360981671
PB,19542,SÃO JOSÉ DO BREJO DO CRUZ,0038,8,2613,2015,620,1293,33.39950372208437,2026-10-04 17:44:13,2026-10-04 18:41:10,1812,429,1273,46.57836644591612
PB,21954,SÃO JOSÉ DO SABUGI,0026,17,4227,3632,1023,2460,39.56497797356828,2026-10-04 17:21:57,2026-10-04 19:07:02,3473,767,2514,50.302332277569825
PB,21970,SÃO JOSÉ DOS CORDEIROS,0058,13,3778,2936,557,2297,59.264305177111716,2026-10-04 17:34:11,2026-10-04 18:28:22,2657,405,2150,65.67557395558902
PB,19046,SÃO JOSÉ DOS RAMOS,0006,18,5940,4387,1118,3104,45.27011625256439,2026-10-04 17:36:06,2026-10-04 19:20:58,4192,834,3153,55.31965648854962
PB,21814,SÃO JOÃO DO CARIRI,0022,17,4578,3717,752,2856,56.60478880817864,2026-10-04 17:32:43,2026-10-04 18:09:55,3373,530,2679,63.71182923213756
PB,19135,SÃO JOÃO DO RIO DO PEIXE,0037,56,14571,11402,2155,8769,58.00736712857393,2026-10-04 17:33:48,2026-10-04 19:23:45,11031,1697,8822,64.59069893935273
PB,21830,SÃO JOÃO DO TIGRE,0029,13,3965,3052,568,2396,59.89515072083879,2026-10-04 18:27:09,2026-10-04 21:27:50,2996,468,2406,64.68624833110815
PB,21997,SÃO MAMEDE,0026,27,7110,5348,1627,3456,34.19970082273747,2026-10-04 17:32:45,2026-10-04 19:03:12,5350,1276,3752,46.2803738317757
PB,22012,SÃO MIGUEL DE TAIPU,0044,19,6576,5048,2023,2823,15.847860538827259,2026-10-04 17:36:20,2026-10-04 20:14:15,4734,1798,2743,19.96197718631179
PB,22039,SÃO SEBASTIÃO DE LAGOA DE ROÇA,0019,29,9171,6839,1963,4471,36.672028074279865,2026-10-04 17:44:59,2026-10-04 18:50:15,6402,1615,4315,42.17432052483599
PB,22055,SÃO SEBASTIÃO DO UMBUZEIRO,0029,12,3304,2517,357,2085,68.65315852205006,2026-10-04 17:28:22,2026-10-04 18:48:44,2413,271,2036,73.14546208039785
PB,22098,SÃO VICENTE DO SERIDÓ,0023,31,9254,7063,1370,5352,56.378309500212374,2026-10-04 17:31:44,2026-10-04 18:44:45,6644,1228,5048,57.49548464780253
PB,22292,TACIMA,0020,27,8148,6023,1635,4139,41.57396646189606,2026-10-04 17:36:54,2026-10-04 18:27:08,5649,1220,4188,52.540272614622054
PB,22314,TAPEROÁ,0027,38,11366,8220,1825,6102,52.031630170316305,2026-10-04 17:28:51,2026-10-04 18:31:52,7846,1357,6094,60.37471322967117
PB,22330,TAVARES,0034,44,11897,8490,1172,7091,69.7173144876325,2026-10-04 17:36:05,2026-10-04 19:23:26,8148,811,7058,76.66912125675012
PB,22357,TEIXEIRA,0030,42,12091,9154,1901,6957,55.232685164955214,2026-10-04 17:57:26,2026-10-04 20:21:51,8981,1452,7140,63.33370448725086
PB,19682,TENÓRIO,0056,10,3314,2593,622,1889,48.86232163517162,2026-10-04 17:33:48,2026-10-04 19:08:39,2332,382,1846,62.77873070325901
PB,22373,TRIUNFO,0037,29,7597,5910,823,4848,68.10490693739425,2026-10-04 17:28:22,2026-10-04 18:41:11,5578,588,4750,74.61455718895661
PB,22390,UIRAÚNA,0053,47,13083,10069,2143,7431,52.51762836428642,2026-10-04 17:25:27,2026-10-04 21:11:59,9584,1607,7562,62.134808013355595
PB,22411,UMBUZEIRO,0018,25,7797,5960,1366,4314,49.46308724832215,2026-10-04 18:17:32,2026-10-04 20:54:27,5102,973,3915,57.663661309290475
PB,19887,VIEIRÓPOLIS,0053,18,5431,4217,877,3189,54.82570547782784,2026-10-04 17:29:32,2026-10-04 20:16:00,3840,623,3037,62.864583333333336
PB,20117,VISTA SERRANA,0051,13,3470,2573,521,1934,54.91643995336184,2026-10-04 17:21:13,2026-10-04 17:36:20,2353,482,1722,52.69868253293668
PB,22438,VÁRZEA,0026,10,2845,2371,502,1755,52.846900042176294,2026-10-04 17:32:43,2026-10-04 18:21:53,2158,300,1773,68.25764596848934
PB,19348,ZABELÊ,0029,9,2666,2002,318,1616,64.83516483516483,2026-10-04 17:30:04,2026-10-04 19:22:36,1830,229,1525,70.81967213114754
PB,19011,ÁGUA BRANCA,0074,33,8397,6282,1112,4874,59.88538681948424,2026-10-04 17:31:45,2026-10-04 18:42:08,5858,672,4946,72.96005462615227
PE,26310,ABREU E LIMA,0119,233,79387,64196,24301,36334,18.74415851454919,2026-10-04 18:30:16,2026-10-04 21:00:45,65606,24746,37691,19.73142700362772
PE,23019,AFOGADOS DA INGAZEIRA,0066,103,30094,23059,5300,16835,50.02385185827659,2026-10-04 18:11:00,2026-10-04 20:50:22,21459,4334,16466,56.535719278624356
PE,23035,AFRÂNIO,0107,50,17488,12892,3770,8397,35.89047471300031,2026-10-04 17:41:12,2026-10-04 20:47:40,12998,2616,9681,54.35451607939683
PE,23051,AGRESTINA,0086,62,20932,16241,3992,11514,46.314882088541346,2026-10-04 18:11:00,2026-10-04 20:59:41,15501,3299,11690,54.13199148442036
PE,23116,ALAGOINHA,0120,43,12070,9634,1235,8034,70.57297072866929,2026-10-04 18:29:09,2026-10-04 19:20:56,9424,973,8207,76.76146010186757
PE,23132,ALIANÇA,0125,98,29186,21427,5825,14569,40.80832594390255,2026-10-04 17:21:55,2026-10-04 20:18:28,20807,5480,14651,44.07651271206805
PE,23159,ALTINHO,0048,52,17270,13456,3028,9814,50.43103448275862,2026-10-04 17:51:32,2026-10-04 21:44:08,12979,2654,9861,55.528160875260035
PE,23175,AMARAJI,0031,50,17368,13135,3900,8734,36.80243623905596,2026-10-04 18:41:09,2026-10-04 20:10:30,12741,3711,8525,37.78353347460953
PE,23191,ANGELIM,0116,25,9105,6887,1511,5111,52.27239727021925,2026-10-04 18:09:47,2026-10-04 21:00:44,6582,1288,5044,57.06472196900638
PE,23213,ARARIPINA,0084,177,60070,45275,10820,32160,47.134180011043625,2026-10-04 17:29:29,2026-10-04 21:02:10,43874,8091,33659,58.27597210192825
PE,23205,ARAÇOIABA,0085,49,17404,13527,3680,9092,40.008871146595695,2026-10-04 18:09:47,2026-10-04 20:52:02,13096,3552,9036,41.87538179596824
PE,23230,ARCOVERDE,0057,171,51729,40462,10211,28253,44.58998566556275,2026-10-04 17:36:19,2026-10-04 21:00:45,38620,8763,28252,50.463490419471775
PE,23256,BARRA DE GUABIRABA,0039,30,10106,8094,2835,4988,26.599950580677046,2026-10-04 19:16:13,2026-10-04 20:51:21,7913,2618,5025,30.418299001642865
PE,23272,BARREIROS,0042,99,30474,22106,7196,13980,30.68850085949516,2026-10-04 18:30:15,2026-10-04 19:20:55,22242,7283,14124,30.75712615771963
PE,23337,BELO JARDIM,0045,180,60920,46521,13557,30166,35.70215601556286,2026-10-04 18:22:11,2026-10-04 22:00:09,45811,12047,31267,41.95498897644671
PE,23299,BELÉM DE MARIA,0043,32,9176,7325,1864,5113,44.35494880546075,2026-10-04 18:10:51,2026-10-04 19:13:47,7224,1671,5315,50.44296788482835
PE,23310,BELÉM DO SÃO FRANCISCO,0073,52,15567,11786,1927,9306,62.608179195655865,2026-10-04 18:17:13,2026-10-04 20:59:22,11747,1590,9731,69.30280071507619
PE,23353,BETÂNIA,0108,30,10088,7534,873,6368,72.93602336076454,2026-10-04 19:01:38,2026-10-04 20:49:31,7017,721,6128,77.05572181844093
PE,23370,BEZERROS,0035,152,48313,37941,10523,25506,39.49026119501331,2026-10-04 17:55:28,2026-10-04 21:24:18,37066,9262,26340,46.07456968650515
PE,23396,BODOCÓ,0080,83,27831,21495,2881,17737,69.11374738311235,2026-10-04 17:36:52,2026-10-04 21:04:20,19620,1817,17029,77.53312945973497
PE,23418,BOM CONSELHO,0061,110,34189,25604,5154,19346,55.42883924386815,2026-10-04 18:16:10,2026-10-04 21:07:20,24817,4457,19475,60.51496957730588
PE,23434,BOM JARDIM,0033,106,30623,23291,5347,16995,50.01073375982139,2026-10-04 17:38:21,2026-10-04 20:11:51,22652,4817,17080,54.13650008829242
PE,23450,BONITO,0039,92,30694,23139,7418,14524,30.710056614374,2026-10-04 18:30:15,2026-10-04 20:49:54,22931,6996,15298,36.2042649688195
PE,23493,BREJINHO,0099,23,7811,5630,1009,4350,59.34280639431616,2026-10-04 18:38:28,2026-10-04 20:14:13,5408,716,4510,70.15532544378698
PE,23515,BREJO DA MADRE DE DEUS,0054,110,36268,26824,8750,16581,29.19400536832687,2026-10-04 18:43:12,2026-10-04 21:22:20,25024,7142,16888,38.946611253196934
PE,23477,BREJÃO,0092,36,9703,7649,1588,5721,54.03320695515754,2026-10-04 17:54:30,2026-10-04 22:05:20,6957,1160,5644,64.45306885151646
PE,23531,BUENOS AIRES,0023,33,11990,9200,2089,6822,51.44565217391305,2026-10-04 18:47:44,2026-10-04 20:07:46,8710,1812,6638,55.407577497129736
PE,23558,BUÍQUE,0060,117,42576,29058,4117,23785,67.68531901713814,2026-10-04 18:12:02,2026-10-04 22:08:31,26217,3030,22412,73.92912995384674
PE,23574,CABO DE SANTO AGOSTINHO,0015,208,69431,54754,14853,36685,39.872885999196406,2026-10-04 17:47:45,2026-10-04 20:35:08,53309,14584,36237,40.61790692003226
PE,23574,CABO DE SANTO AGOSTINHO,0121,288,102709,79283,22797,51701,36.45674356419409,2026-10-04 17:59:26,2026-10-04 20:55:02,74882,22237,49090,35.860420394754414
PE,23590,CABROBÓ,0077,81,25723,20151,3541,15648,60.081385539179195,2026-10-04 17:36:01,2026-10-04 21:22:20,19316,2861,15805,67.01180368606337
PE,23612,CACHOEIRINHA,0044,51,16068,12547,3036,8924,46.92755240296485,2026-10-04 17:26:36,2026-10-04 20:53:48,12117,2681,8966,51.86927457291409
PE,23639,CAETÉS,0130,62,20683,14594,1472,12694,76.89461422502399,2026-10-04 18:46:31,2026-10-04 22:21:50,13899,1092,12467,81.84042017411325
PE,23671,CALUMBI,0108,21,7378,5774,735,4824,70.81745756841012,2026-10-04 18:17:32,2026-10-04 21:02:10,5047,555,4423,76.63958787398454
PE,23655,CALÇADO,0094,23,7893,6124,898,4938,65.96995427824952,2026-10-04 18:27:09,2026-10-04 20:21:49,5941,647,5071,74.46557818549066
PE,26298,CAMARAGIBE,0127,204,73713,58899,23444,31518,13.708212363537582,2026-10-04 18:13:48,2026-10-04 20:55:24,57051,22955,30770,13.698269968975127
PE,26298,CAMARAGIBE,0138,151,53439,43081,16878,23453,15.261948422738563,2026-10-04 18:09:25,2026-10-04 20:50:23,42121,16460,23414,16.509579544645188
PE,23698,CAMOCIM DE SÃO FÉLIX,0132,49,15623,12099,3386,8145,39.333829242086125,2026-10-04 17:54:11,2026-10-04 20:52:02,11610,2833,8444,48.32902670111972
PE,23710,CAMUTANGA,0027,21,7337,5495,1582,3655,37.72520473157416,2026-10-04 19:03:11,2026-10-04 20:16:28,5559,1425,3941,45.25993883792049
PE,23736,CANHOTINHO,0116,63,17167,12907,3486,9050,43.10839079569226,2026-10-04 17:32:42,2026-10-04 20:51:21,12669,3208,9041,46.04151866761386
PE,23752,CAPOEIRAS,0130,50,16542,11851,1509,9833,70.23879841363598,2026-10-04 17:54:10,2026-10-04 22:40:01,11132,1202,9595,75.39525691699605
PE,23167,CARNAUBEIRA DA PENHA,0069,37,12559,9654,839,8527,79.6353842966646,2026-10-04 18:31:53,2026-10-04 22:21:30,8760,615,7994,84.2351598173516
PE,23779,CARNAÍBA,0098,52,16879,12455,1896,10126,66.07788036932959,2026-10-04 18:59:28,2026-10-04 20:54:12,11731,1335,10101,74.72508737533032
PE,23795,CARPINA,0020,169,59993,47995,19665,25652,12.474216064173351,2026-10-04 18:00:36,2026-10-04 20:58:10,45769,18701,24968,13.69267408070965
PE,23817,CARUARU,0041,76,24481,19887,5870,13096,36.33529441343591,2026-10-04 17:53:52,2026-10-04 21:31:40,18188,5038,12497,41.01055641082032
PE,23817,CARUARU,0105,325,121541,98558,42107,49729,7.733517319750806,2026-10-04 17:54:10,2026-10-04 21:01:51,92310,37914,49043,12.056115263785072
PE,23817,CARUARU,0106,307,109248,87269,34786,46866,13.842257846428858,2026-10-04 18:17:31,2026-10-04 21:01:30,84788,32207,47866,18.46841534179365
PE,23221,CASINHAS,0034,40,12078,9041,1766,6872,56.476053533901116,2026-10-04 18:13:30,2026-10-04 20:15:29,8706,1361,6951,64.20859177578681
PE,23833,CATENDE,0043,85,25872,19381,4962,13575,44.440431350291526,2026-10-04 19:03:10,2026-10-04 20:49:31,18639,4497,13470,48.140994688556255
PE,23850,CEDRO,0076,29,10190,7354,1180,5762,62.30622790318194,2026-10-04 18:44:23,2026-10-04 20:58:11,7205,735,6160,75.29493407356003
PE,23876,CHÃ DE ALEGRIA,0021,38,11584,9061,2563,6192,40.05076702350734,2026-10-04 17:49:24,2026-10-04 19:20:56,8701,2249,6194,45.339616136076316
PE,23892,CHÃ GRANDE,0031,54,18860,14918,4736,9418,31.384904142646466,2026-10-04 19:01:38,2026-10-04 20:52:02,14480,4207,9718,38.05939226519337
PE,23914,CONDADO,0125,56,19764,15259,4387,10200,38.09555016711449,2026-10-04 18:17:57,2026-10-04 20:52:02,14942,3989,10414,42.999598447329674
PE,23930,CORRENTES,0059,42,14583,9808,1808,7601,59.06402936378466,2026-10-04 18:26:20,2026-10-04 20:45:30,9311,1210,7801,70.78724089786274
PE,23957,CORTÊS,0028,38,11265,8367,2088,5846,44.91454523724155,2026-10-04 17:53:52,2026-10-04 19:25:20,7977,1972,5666,46.30813589068572
PE,23973,CUMARU,0091,49,14479,11449,2624,8371,50.196523713861474,2026-10-04 17:35:01,2026-10-04 20:53:48,11075,2315,8449,55.386004514672685
PE,23990,CUPIRA,0086,63,19864,15389,5083,9537,28.942751315874975,2026-10-04 20:17:39,2026-10-04 20:49:31,14915,4796,9548,31.86054307743882
PE,24015,CUSTÓDIA,0065,84,29588,21560,3202,17343,65.58905380333952,2026-10-04 18:33:18,2026-10-04 21:01:51,20316,2222,17684,76.10750147666863
PE,23140,DORMENTES,0107,46,16158,12587,3325,8436,40.605386509891154,2026-10-04 17:40:33,2026-10-04 21:35:20,12316,2316,9469,58.07892172783371
PE,24031,ESCADA,0019,158,48189,37632,10368,25252,39.551445578231295,2026-10-04 17:51:33,2026-10-04 20:37:29,37326,10034,25712,42.00289342549429
PE,24058,EXU,0079,85,29164,21591,3357,17334,64.73530637765735,2026-10-04 18:59:09,2026-10-04 21:15:48,20161,2184,17233,74.6441148752542
PE,24074,FEIRA NOVA,0135,57,18025,14099,4585,8818,30.02340591531314,2026-10-04 17:21:55,2026-10-04 20:13:50,13672,4366,8711,31.780280866003512
PE,30015,FERNANDO DE NORONHA,0004,10,3657,2354,1019,1153,5.692438402718777,2026-10-04 18:13:31,2026-10-04 19:17:19,2174,902,1140,10.9475620975161
PE,24090,FERREIROS,0027,29,10137,7791,2096,5312,41.27839815171352,2026-10-04 18:47:44,2026-10-04 19:32:15,7586,1905,5422,46.361718955971526
PE,24112,FLORES,0067,59,16541,12042,1801,9756,66.06045507390799,2026-10-04 17:32:42,2026-10-04 20:52:03,11846,1402,10174,74.05031234171872
PE,24139,FLORESTA,0072,75,25254,18960,2854,15329,65.7964135021097,2026-10-04 17:58:49,2026-10-04 20:59:41,18118,2351,15262,71.26062479302351
PE,24155,FREI MIGUELINHO,0046,43,12929,10724,3174,7028,35.93808280492354,2026-10-04 18:18:40,2026-10-04 20:53:49,9790,2455,7057,47.007150153217566
PE,24171,GAMELEIRA,0028,46,14871,10831,3167,7190,37.14338472901856,2026-10-04 17:51:33,2026-10-04 20:23:18,11182,3191,7597,39.40261133965301
PE,24198,GARANHUNS,0056,292,99315,76730,19550,53078,43.69607715365568,2026-10-04 17:43:12,2026-10-04 21:02:10,75248,17690,54269,48.61125877099724
PE,24210,GLÓRIA DO GOITÁ,0021,66,23472,17986,4406,12792,46.62515289669743,2026-10-04 17:21:11,2026-10-04 19:30:18,17291,3880,12857,51.917182349199
PE,24236,GOIANA,0025,204,67037,53874,18178,32987,27.488213238296765,2026-10-04 17:32:42,2026-10-04 20:53:48,49909,16386,31649,30.58165861868601
PE,24252,GRANITO,0080,23,6958,5576,917,4418,62.78694404591105,2026-10-04 18:32:11,2026-10-04 20:59:22,5385,608,4547,73.14763231197772
PE,24279,GRAVATÁ,0030,185,67863,52221,18368,30773,23.754811282817258,2026-10-04 17:49:24,2026-10-04 21:00:43,50939,16885,31678,29.04061720881839
PE,24295,IATI,0136,49,16331,10959,1655,8880,65.92754813395383,2026-10-04 18:44:44,2026-10-04 20:59:23,10415,1312,8795,71.84829572731637
PE,24317,IBIMIRIM,0128,68,21737,15976,1891,13547,72.9594391587381,2026-10-04 18:11:01,2026-10-04 21:29:28,14801,1474,13032,78.08931828930477
PE,24333,IBIRAJUBA,0048,24,6807,5225,1036,3979,56.32535885167464,2026-10-04 17:49:24,2026-10-04 19:14:38,5115,868,4089,62.971652003910066
PE,24350,IGARASSU,0085,248,89866,70636,23072,43364,28.727561017045133,2026-10-04 17:47:45,2026-10-04 21:02:59,68683,21690,43924,32.371911535605605
PE,24376,IGUARACY,0066,33,9100,6898,1109,5541,64.25050739344738,2026-10-04 18:28:22,2026-10-04 19:10:58,6705,841,5644,71.6331096196868
PE,24511,ILHA DE ITAMARACÁ,0131,51,18612,14394,3718,9986,43.54592191190774,2026-10-04 18:56:34,2026-10-04 20:29:17,13449,3393,9575,45.96624284333408
PE,24392,INAJÁ,0063,45,15906,11874,1209,10390,77.32019538487451,2026-10-04 18:25:56,2026-10-04 22:37:19,10633,940,9507,80.56992382206339
PE,24414,INGAZEIRA,0050,12,4249,3396,462,2829,69.69964664310955,2026-10-04 18:56:34,2026-10-04 20:55:24,3257,353,2843,76.4507215228738
PE,24430,IPOJUCA,0016,264,89076,69167,17919,47651,42.985816935821994,2026-10-04 17:45:11,2026-10-04 20:33:51,63774,16142,45294,45.71141844638881
PE,24457,IPUBI,0133,68,24789,17472,3679,12714,51.711309523809526,2026-10-04 18:29:09,2026-10-04 21:09:28,15912,2358,12952,66.57868275515334
PE,24473,ITACURUBA,0073,17,4741,3688,507,3081,69.7939262472885,2026-10-04 17:59:26,2026-10-04 18:59:09,3480,411,2965,73.39080459770115
PE,25976,ITAMBÉ,0027,77,24464,18554,5144,12589,40.126118357227554,2026-10-04 17:47:45,2026-10-04 20:22:29,18079,4634,12837,45.37308479451297
PE,24538,ITAPETIM,0099,38,11940,9085,1690,7010,58.55806274078151,2026-10-04 17:49:25,2026-10-04 21:08:20,8861,1417,7253,65.86164089831847
PE,26336,ITAPISSUMA,0131,59,21440,17273,4738,11659,40.06831471082035,2026-10-04 18:18:40,2026-10-04 21:01:30,15440,3950,10954,45.362694300518136
PE,24554,ITAQUITINGA,0125,39,12828,10256,2990,6809,37.23673946957879,2026-10-04 18:09:26,2026-10-04 20:22:29,10275,2961,6934,38.666666666666664
PE,24490,ITAÍBA,0143,68,21182,15596,2758,11977,59.1113105924596,2026-10-04 18:00:36,2026-10-04 20:59:42,13885,1977,11427,68.05905653583004
PE,24570,JABOATÃO DOS GUARARAPES,0011,328,116346,86282,30815,49999,22.234069678496095,2026-10-04 17:54:30,2026-10-04 21:00:44,87964,31954,51318,22.0135509981356
PE,24570,JABOATÃO DOS GUARARAPES,0101,327,124550,92906,39493,46664,7.718554237616516,2026-10-04 18:17:32,2026-10-04 20:55:01,88688,37737,44938,8.119475013530579
PE,24570,JABOATÃO DOS GUARARAPES,0118,359,132039,100617,40757,53503,12.667839430712505,2026-10-04 17:40:33,2026-10-04 20:58:33,97729,40436,52041,11.874673842973937
PE,24570,JABOATÃO DOS GUARARAPES,0147,328,125620,92243,36474,49809,14.456381514044427,2026-10-04 18:47:44,2026-10-04 20:57:50,92869,37218,50948,14.784266009109606
PE,23302,JAQUEIRA,0043,30,9225,6782,1751,4771,44.529637275140075,2026-10-04 20:10:30,2026-10-04 20:10:30,6660,1680,4773,46.44144144144144
PE,24597,JATAÚBA,0054,51,15816,11692,2465,8687,53.21587410195005,2026-10-04 17:55:28,2026-10-04 21:39:00,10966,1916,8698,61.845704906073315
PE,23264,JATOBÁ,0089,37,11616,8545,1157,7017,68.57811585722645,2026-10-04 18:24:57,2026-10-04 20:56:34,8007,1072,6707,70.37592106906457
PE,24635,JOAQUIM NABUCO,0038,44,14094,10533,2975,7120,39.35251115541631,2026-10-04 18:33:55,2026-10-04 20:59:22,9565,2480,6750,44.641923680083636
PE,24619,JOÃO ALFREDO,0088,74,24726,18268,4046,13280,50.54740529888329,2026-10-04 18:17:31,2026-10-04 20:10:30,17703,3279,13629,58.464667005592275
PE,23124,JUCATI,0092,34,10180,7823,1232,6329,65.15403297967532,2026-10-04 18:28:21,2026-10-04 20:31:19,7558,986,6301,70.32283672929347
PE,24651,JUPI,0092,49,13003,10450,1694,8218,62.430622009569376,2026-10-04 17:57:23,2026-10-04 20:24:19,9605,1296,7953,69.30765226444561
PE,24678,JUREMA,0094,36,12362,9146,1809,6985,56.59304614038924,2026-10-04 19:00:40,2026-10-04 20:34:10,8652,1598,6641,58.287101248266296
PE,24694,LAGOA DE ITAENGA,0135,56,18474,14436,4164,9561,37.385702410640064,2026-10-04 18:42:06,2026-10-04 21:00:45,13834,4056,9114,36.56209339308949
PE,23027,LAGOA DO CARRO,0020,44,15710,12696,3689,8436,37.38972904851922,2026-10-04 18:24:56,2026-10-04 20:59:41,11780,3213,8188,42.23259762308998
PE,24716,LAGOA DO OURO,0059,35,12046,8676,1468,6822,61.71046565237437,2026-10-04 18:44:43,2026-10-04 20:58:11,7947,1063,6690,70.80659368315088
PE,24732,LAGOA DOS GATOS,0086,41,11190,8839,1848,6686,54.7346984953049,2026-10-04 19:09:46,2026-10-04 22:02:08,8648,1656,6728,58.649398704902865
PE,23183,LAGOA GRANDE,0137,62,20661,15773,3252,11618,53.04000507195841,2026-10-04 17:21:55,2026-10-04 20:53:48,15432,2587,12188,62.21487817522032
PE,24759,LAJEDO,0094,91,32462,24765,7567,15821,33.32929537653947,2026-10-04 17:59:26,2026-10-04 20:56:14,23451,6280,16037,41.6059016673063
PE,24775,LIMOEIRO,0024,152,45789,36388,9746,24895,41.631856656040455,2026-10-04 17:29:30,2026-10-04 20:13:03,35136,8855,24808,45.40357468123862
PE,24791,MACAPARANA,0090,66,20026,14743,4843,9088,28.79332564606932,2026-10-04 17:40:32,2026-10-04 20:20:48,14214,4347,9253,34.5152666385254
PE,24813,MACHADOS,0088,35,11111,8524,1954,6219,50.03519474425153,2026-10-04 17:58:50,2026-10-04 18:48:43,8036,1595,6121,56.32155301144848
PE,23248,MANARI,0063,45,14245,10234,1131,8703,73.98866523353527,2026-10-04 18:27:09,2026-10-04 21:00:45,9233,852,8167,79.22668688400303
PE,24830,MARAIAL,0043,30,8002,5916,1657,4055,40.5341446923597,2026-10-04 18:32:12,2026-10-04 20:59:42,6011,1595,4229,43.81966394942605
PE,24856,MIRANDIBA,0069,35,11941,8653,1675,6695,58.01456142378366,2026-10-04 17:25:24,2026-10-04 22:10:29,8532,1426,6891,64.05297702766057
PE,25852,MOREILÂNDIA,0079,32,9938,7496,944,6275,71.1179295624333,2026-10-04 18:28:22,2026-10-04 20:36:21,7160,732,6161,75.82402234636872
PE,24872,MORENO,0014,138,48774,37272,11818,23371,30.99645846748229,2026-10-04 17:44:11,2026-10-04 20:10:29,37487,11884,23781,31.736335262891135
PE,24899,NAZARÉ DA MATA,0023,75,25649,19849,6506,12367,29.52793591616706,2026-10-04 18:27:08,2026-10-04 20:51:20,19891,6893,12228,26.821175405962496
PE,24910,OLINDA,0010,297,98781,79565,29747,44502,18.544586187393953,2026-10-04 17:33:45,2026-10-04 19:20:55,80941,30506,44447,17.223656737623703
PE,24910,OLINDA,0100,300,101598,81427,31264,45474,17.451213970795926,2026-10-04 17:23:40,2026-10-04 20:29:17,82108,32189,45944,16.75232620451113
PE,24910,OLINDA,0117,296,101564,82215,28157,49224,25.624277808185855,2026-10-04 17:44:54,2026-10-04 19:24:37,83974,29181,50466,25.347131254912235
PE,24937,OROBÓ,0033,62,18326,13973,2665,10699,57.49660058684606,2026-10-04 18:10:51,2026-10-04 20:11:35,13944,2425,10775,59.88238668961561
PE,24953,OROCÓ,0077,41,12481,10062,1975,7581,55.71456966805804,2026-10-04 18:33:55,2026-10-04 21:49:31,9299,1534,7378,62.8454672545435
PE,24970,OURICURI,0082,148,48563,36944,5890,29476,63.84257254222607,2026-10-04 18:27:06,2026-10-04 21:39:58,35377,4455,29600,71.0772535828363
PE,24996,PALMARES,0037,128,40845,30780,8493,20803,39.993502274204026,2026-10-04 18:15:01,2026-10-04 20:50:23,30171,8287,20606,40.830598919492225
PE,25011,PALMEIRINA,0059,23,6511,4316,760,3348,59.962928637627435,2026-10-04 18:23:54,2026-10-04 18:48:43,4193,612,3427,67.13570236107799
PE,25038,PANELAS,0047,75,19612,15124,3284,11111,51.7521819624438,2026-10-04 17:28:20,2026-10-04 20:04:51,14621,2984,11148,55.83749401545722
PE,25054,PARANATAMA,0092,49,11943,9252,1502,7313,62.80804150453956,2026-10-04 17:50:05,2026-10-04 21:00:23,8292,1064,6968,71.20115774240232
PE,25070,PARNAMIRIM,0078,61,18517,14412,1618,12372,74.61837357757425,2026-10-04 17:43:12,2026-10-04 21:50:29,14071,1200,12525,80.48468481273541
PE,25097,PASSIRA,0091,79,26110,20039,5048,14147,45.406457408054294,2026-10-04 17:44:54,2026-10-04 20:48:39,19501,4409,14430,51.38710835341777
PE,25119,PAUDALHO,0017,142,45812,36224,13362,20935,20.906029151943464,2026-10-04 18:12:02,2026-10-04 20:49:31,34782,12692,20713,23.060778563624865
PE,25135,PAULISTA,0012,210,73902,60124,21583,34667,21.761692502162198,2026-10-04 17:57:23,2026-10-04 20:32:28,60134,21898,34906,21.631689227392158
PE,25135,PAULISTA,0114,241,84739,67814,25458,37844,18.264665113398415,2026-10-04 18:16:10,2026-10-04 20:50:24,67120,25317,37857,18.68295589988081
PE,25135,PAULISTA,0146,210,78545,61534,23723,33739,16.27718009555693,2026-10-04 17:33:46,2026-10-04 19:31:07,59766,23444,32799,15.652712244419904
PE,25151,PEDRA,0058,64,18714,14223,2621,11159,60.02952963509808,2026-10-04 17:36:19,2026-10-04 20:48:39,13786,2051,11230,66.5820397504715
PE,25178,PESQUEIRA,0055,179,52492,38647,6886,30246,60.44453644526095,2026-10-04 17:58:50,2026-10-04 22:04:09,36658,5448,29993,66.95673522832669
PE,25216,PETROLINA,0083,239,81945,64075,20315,39076,29.279750292625828,2026-10-04 17:41:12,2026-10-04 22:05:21,61357,16827,40573,38.70137066675359
PE,25216,PETROLINA,0144,243,79690,62913,23226,35320,19.22337195810087,2026-10-04 17:58:49,2026-10-04 21:00:43,60833,20087,36599,27.14316242828728
PE,25216,PETROLINA,0145,248,87485,66941,20004,42307,33.31739890351205,2026-10-04 17:43:12,2026-10-04 21:19:28,61679,15347,42911,44.68944049028032
PE,25194,PETROLÂNDIA,0070,87,26448,19216,4002,14390,54.059117402164865,2026-10-04 18:09:26,2026-10-04 21:01:51,18682,3178,15010,63.333690183063915
PE,25259,POMBOS,0102,61,20453,16179,5573,9886,26.65801347425675,2026-10-04 18:11:01,2026-10-04 20:58:34,15623,4976,10060,32.541765345964286
PE,25232,POÇÃO,0055,31,10334,7449,1253,5867,61.94120016109545,2026-10-04 18:14:06,2026-10-04 20:39:28,7376,987,6160,70.13286334056399
PE,25275,PRIMAVERA,0031,32,11000,8486,2270,5828,41.92788121612067,2026-10-04 19:13:47,2026-10-04 19:32:15,8290,2113,5879,45.428226779252114
PE,25291,QUIPAPÁ,0047,58,15431,10770,2002,8335,58.80222841225627,2026-10-04 17:29:29,2026-10-04 19:28:53,10776,1817,8622,63.149591685226426
PE,23000,QUIXABA,0098,21,6216,5004,594,4270,73.46123101518785,2026-10-04 18:44:22,2026-10-04 20:48:39,4820,429,4288,80.06224066390041
PE,25313,RECIFE,0001,319,116648,91410,39719,45312,6.118586587900667,2026-10-04 17:43:12,2026-10-04 20:10:29,92357,40599,44631,4.365668005673636
PE,25313,RECIFE,0002,308,108206,85875,34305,46104,13.739737991266376,2026-10-04 17:47:45,2026-10-04 20:16:39,88389,36367,46291,11.227641448596545
PE,25313,RECIFE,0003,330,114820,90687,35700,49341,15.041847232789705,2026-10-04 17:27:44,2026-10-04 20:28:10,91698,37509,49114,12.655674060502955
PE,25313,RECIFE,0004,318,109797,87578,29415,53185,27.141519559706776,2026-10-04 17:46:29,2026-10-04 21:02:10,88153,30083,52605,25.54876181184985
PE,25313,RECIFE,0005,321,116736,94828,33684,55072,22.554519762095584,2026-10-04 17:57:24,2026-10-04 20:45:30,94465,34463,53561,20.21701159159477
PE,25313,RECIFE,0006,305,107143,85508,32167,48337,18.910511297188567,2026-10-04 18:15:01,2026-10-04 20:54:12,88268,33988,48993,16.999365568495943
PE,25313,RECIFE,0007,312,110834,89766,31749,52252,22.840496401755676,2026-10-04 17:22:29,2026-10-04 19:29:37,91192,32409,52086,21.5775506623388
PE,25313,RECIFE,0008,318,107776,88447,34487,47761,15.00785781315364,2026-10-04 17:47:45,2026-10-04 19:29:37,90724,35613,46740,12.264670869891098
PE,25313,RECIFE,0009,308,115044,91579,33706,52657,20.693608796776555,2026-10-04 18:15:01,2026-10-04 20:36:09,90814,34473,51618,18.87924769308697
PE,25313,RECIFE,0149,324,113775,89076,39495,43407,4.3917553549777715,2026-10-04 17:47:45,2026-10-04 20:36:09,90521,40893,42660,1.952033229858265
PE,25313,RECIFE,0150,318,109628,88384,32841,50120,19.549918537291816,2026-10-04 17:44:12,2026-10-04 20:11:34,90115,34507,50263,17.48432558397603
PE,25330,RIACHO DAS ALMAS,0041,66,20962,17153,5157,11183,35.13088089547018,2026-10-04 18:12:20,2026-10-04 20:58:11,16064,4108,11358,45.131972111553786
PE,25356,RIBEIRÃO,0028,88,28323,21084,5912,14271,39.64617719597799,2026-10-04 17:36:52,2026-10-04 20:07:46,21287,5970,14553,40.320383332550385
PE,25372,RIO FORMOSO,0026,54,16933,12684,3363,8823,43.04635761589404,2026-10-04 18:09:25,2026-10-04 20:15:29,12146,3174,8562,44.360283220813436
PE,25399,SAIRÉ,0132,41,11278,8952,2705,5754,34.059428060768546,2026-10-04 17:57:24,2026-10-04 19:16:12,8867,2311,6170,43.52092026615541
PE,25410,SALGADINHO,0088,23,7134,5255,1170,3858,51.15128449096099,2026-10-04 18:11:01,2026-10-04 18:47:45,5177,1095,3891,54.008112806644775
PE,25437,SALGUEIRO,0075,132,43388,33801,7068,25069,53.25582083370315,2026-10-04 17:39:12,2026-10-04 21:22:08,32441,5588,25615,61.73360870503375
PE,25453,SALOÁ,0136,46,13660,9177,1238,7578,69.08575787294323,2026-10-04 18:38:43,2026-10-04 21:19:38,8795,929,7637,76.27060830017055
PE,25470,SANHARÓ,0045,44,16323,12296,2633,9184,53.277488614183476,2026-10-04 18:11:01,2026-10-04 20:58:34,12116,2221,9496,60.044569164740835
PE,23108,SANTA CRUZ,0082,37,12838,10308,1632,8183,63.55258051998448,2026-10-04 18:27:06,2026-10-04 20:56:34,9833,1140,8429,74.1279365402217
PE,23043,SANTA CRUZ DA BAIXA VERDE,0071,27,9916,7728,1341,5922,59.27795031055901,2026-10-04 19:07:00,2026-10-04 20:56:54,7189,918,6064,71.58158297398803
PE,25496,SANTA CRUZ DO CAPIBARIBE,0109,186,66108,54721,28844,21949,-12.60028142760549,2026-10-04 17:47:45,2026-10-04 20:58:33,50998,24637,23517,-2.196164555472764
PE,23329,SANTA FILOMENA,0082,35,12092,9468,1575,7455,62.10392902408112,2026-10-04 17:55:44,2026-10-04 21:16:50,9211,1003,7786,73.64021278905656
PE,25518,SANTA MARIA DA BOA VISTA,0081,97,30641,24391,4687,18695,57.43101963839121,2026-10-04 17:53:52,2026-10-04 21:38:00,23269,3481,18836,65.98908418926469
PE,25534,SANTA MARIA DO CAMBUCÁ,0046,34,11524,8847,2553,5875,37.54945179156776,2026-10-04 19:13:47,2026-10-04 20:30:09,8423,2230,5873,43.25062329336341
PE,25550,SANTA TEREZINHA,0099,28,8044,6073,1133,4646,57.84620451177342,2026-10-04 18:31:53,2026-10-04 19:16:13,6072,859,4990,68.03359683794466
PE,25771,SERRA TALHADA,0071,194,63665,49485,11797,34785,46.45448115590583,2026-10-04 17:26:36,2026-10-04 21:03:58,46533,9424,35650,56.360002578815035
PE,25798,SERRITA,0076,51,17061,12287,1846,9943,65.89891755513958,2026-10-04 18:12:02,2026-10-04 21:49:31,11722,1023,10252,78.73229824262071
PE,25810,SERTÂNIA,0062,98,27423,20080,3071,16273,65.74701195219123,2026-10-04 17:36:19,2026-10-04 20:58:11,18435,2362,15521,71.38052617304041
PE,25836,SIRINHAÉM,0026,86,28560,21422,6642,13760,33.22752310708617,2026-10-04 18:17:13,2026-10-04 21:00:23,21068,6536,13807,34.51205619897475
PE,25879,SOLIDÃO,0098,17,5531,4284,547,3621,71.75536881419234,2026-10-04 20:10:31,2026-10-04 21:01:51,4219,441,3713,77.55392273050487
PE,25895,SURUBIM,0034,141,48477,38186,12256,23893,30.474519457392763,2026-10-04 17:41:57,2026-10-04 20:56:34,36102,10195,24534,39.71802116226248
PE,25577,SÃO BENEDITO DO SUL,0047,27,7832,5555,1160,4156,53.93339333933393,2026-10-04 17:36:02,2026-10-04 19:08:10,5351,1045,4117,57.40982993832928
PE,25593,SÃO BENTO DO UNA,0052,113,38192,27446,6778,19371,45.882824455294035,2026-10-04 17:36:52,2026-10-04 22:05:29,26394,5927,19472,51.31848147306206
PE,25615,SÃO CAITANO,0044,103,30888,24457,5396,17925,51.22868708345259,2026-10-04 18:20:09,2026-10-04 20:53:49,23705,4683,18056,56.41425859523307
PE,25658,SÃO JOAQUIM DO MONTE,0132,58,17631,13525,3343,9591,46.195933456561924,2026-10-04 17:36:52,2026-10-04 20:59:42,13133,3088,9531,49.05962080255844
PE,25674,SÃO JOSÉ DA COROA GRANDE,0042,53,17746,12660,4845,7302,19.407582938388625,2026-10-04 19:11:19,2026-10-04 20:55:23,11611,4567,6724,18.57721126517957
PE,25690,SÃO JOSÉ DO BELMONTE,0074,93,28341,20566,3081,16729,66.36195662744335,2026-10-04 17:51:32,2026-10-04 20:57:50,19181,2108,16519,75.13164068609562
PE,25712,SÃO JOSÉ DO EGITO,0068,78,24100,18520,3901,13817,53.54211663066955,2026-10-04 17:51:32,2026-10-04 20:56:13,17650,3213,13915,60.63456090651558
PE,25631,SÃO JOÃO,0116,52,18178,13461,1951,10944,66.80781516974965,2026-10-04 18:35:06,2026-10-04 20:57:50,13328,1630,11311,72.63655462184875
PE,25739,SÃO LOURENÇO DA MATA,0013,234,83623,66341,22712,39605,25.46389110806289,2026-10-04 18:11:01,2026-10-04 20:53:48,63560,21834,38450,26.142227816236627
PE,25755,SÃO VICENTE FÉRRER,0090,43,14551,11042,2819,7759,44.73827205216446,2026-10-04 18:28:21,2026-10-04 20:41:09,10653,2236,8020,54.294564911292596
PE,25917,TABIRA,0050,70,21365,16682,3527,12416,53.284977820405224,2026-10-04 18:17:32,2026-10-04 20:12:43,15827,2368,13052,67.50489669552032
PE,25933,TACAIMBÓ,0044,40,11013,8455,2047,5938,46.02010644589001,2026-10-04 18:16:10,2026-10-04 20:58:11,7893,1531,5985,56.42974787786646
PE,25950,TACARATU,0089,57,18225,13862,1930,11478,68.87894964651565,2026-10-04 18:46:31,2026-10-04 20:57:50,13000,1480,11169,74.53076923076924
PE,23280,TAMANDARÉ,0026,55,20268,15248,4895,9800,32.168153200419724,2026-10-04 18:47:43,2026-10-04 21:03:58,14005,4298,9254,35.387361656551235
PE,25992,TAQUARITINGA DO NORTE,0051,69,22236,18129,8137,9132,5.488443929615533,2026-10-04 17:47:45,2026-10-04 20:53:14,16758,6777,9425,15.80140828261129
PE,26018,TEREZINHA,0061,22,6630,5022,898,3910,59.97610513739546,2026-10-04 18:44:44,2026-10-04 20:53:49,4694,696,3870,67.6182360460162
PE,26034,TERRA NOVA,0078,33,8841,7067,634,6165,78.26517617093533,2026-10-04 18:36:13,2026-10-04 20:07:47,6736,460,6081,83.44714964370546
PE,26050,TIMBAÚBA,0036,131,42020,32096,9840,20430,32.99476570289133,2026-10-04 17:43:13,2026-10-04 20:11:35,32010,9534,21021,35.88566073102155
PE,26077,TORITAMA,0112,103,35207,29107,13043,14612,5.390455904078057,2026-10-04 17:53:52,2026-10-04 20:59:42,26557,11140,14495,12.633204051662462
PE,26093,TRACUNHAÉM,0023,34,12070,9456,2652,6394,39.57275803722504,2026-10-04 18:11:00,2026-10-04 20:11:34,8844,2456,6093,41.12392582541836
PE,26115,TRINDADE,0133,72,25102,18100,5094,12140,38.92817679558011,2026-10-04 18:28:21,2026-10-04 20:57:50,16704,3666,12247,51.370929118773944
PE,26131,TRIUNFO,0067,37,12186,9607,1636,7422,60.22691787238472,2026-10-04 18:39:51,2026-10-04 21:06:19,8990,1163,7475,70.21134593993325
PE,26158,TUPANATINGA,0143,57,16635,12111,2330,9268,57.2867640987532,2026-10-04 18:16:09,2026-10-04 21:33:53,11706,1713,9516,66.65812403895438
PE,26174,TUPARETAMA,0068,32,7990,6303,952,5171,66.93637950182453,2026-10-04 17:48:34,2026-10-04 20:51:21,6268,753,5347,73.29291640076579
PE,26190,VENTUROSA,0120,40,14784,11370,2303,8562,55.04837291116974,2026-10-04 17:32:42,2026-10-04 20:57:51,10687,1658,8615,65.09778235239075
PE,26212,VERDEJANTE,0075,29,8411,6519,864,5392,69.45850590581378,2026-10-04 17:57:24,2026-10-04 20:30:09,6087,604,5269,76.63873829472647
PE,23086,VERTENTE DO LÉRIO,0034,25,8292,6505,1394,4812,52.54419677171406,2026-10-04 18:30:16,2026-10-04 20:25:28,5946,1013,4693,61.8903464513959
PE,26239,VERTENTES,0046,50,16698,13758,4323,8792,32.48291902892862,2026-10-04 18:16:09,2026-10-04 20:54:12,12493,3395,8663,42.167613863763705
PE,26255,VICÊNCIA,0090,74,22237,16533,5046,10651,33.90189318333031,2026-10-04 18:29:09,2026-10-04 21:36:50,16269,4846,10797,36.578769438810006
PE,26271,VITÓRIA DE SANTO ANTÃO,0018,252,81674,65250,26358,35063,13.340996168582375,2026-10-04 17:53:52,2026-10-04 20:51:35,63547,24885,35450,16.625489794954916
PE,26271,VITÓRIA DE SANTO ANTÃO,0102,57,22274,17336,6081,10347,24.60775265343793,2026-10-04 19:16:36,2026-10-04 21:00:44,16666,5568,10399,28.987159486379454
PE,23060,XEXÉU,0038,35,11213,8074,2137,5583,42.68020807530344,2026-10-04 18:59:09,2026-10-04 20:43:09,7359,1948,5064,42.342709607283595
PE,23078,ÁGUA PRETA,0038,64,20198,14781,3432,10808,49.90190108923618,2026-10-04 18:56:34,2026-10-04 20:58:11,14798,3544,10823,49.18907960535208
PE,23094,ÁGUAS BELAS,0064,109,35255,24199,5239,17727,51.60543824124964,2026-10-04 17:51:32,2026-10-04 21:59:59,22788,4394,17736,58.54835878532561
PI,12327,ACAUÃ,0038,27,6390,5443,793,4315,64.70696307183539,2026-10-04 19:10:38,2026-10-04 20:52:03,5300,448,4647,79.22641509433963
PI,10014,AGRICOLÂNDIA,0030,22,5547,4325,792,3373,59.676300578034684,2026-10-04 18:12:03,2026-10-04 20:59:43,3867,542,3135,67.05456426170157
PI,12319,ALAGOINHA DO PIAUÍ,0029,26,6145,5034,1249,3537,45.45093365117203,2026-10-04 19:01:38,2026-10-04 20:42:50,4878,979,3648,54.715047150471506
PI,10022,ALEGRETE DO PIAUÍ,0040,20,4534,3511,864,2512,46.938194246653374,2026-10-04 18:16:11,2026-10-04 19:02:49,3390,587,2665,61.29793510324484
PI,10057,ALTO LONGÁ,0047,47,12857,10756,1876,8458,61.19375232428412,2026-10-04 18:32:11,2026-10-04 21:27:10,10256,1442,8253,66.40990639625585
PI,10073,ALTOS,0032,134,37002,30516,5950,23026,55.957530475815965,2026-10-04 17:58:48,2026-10-04 20:56:03,28194,3984,22770,66.63119812726111
PI,12084,ALVORADA DO GURGUÉIA,0059,18,4659,3693,824,2725,51.47576496073653,2026-10-04 17:25:24,2026-10-04 19:29:36,3511,545,2826,64.96724579891769
PI,10090,AMARANTE,0008,69,16004,12338,1905,10090,66.339763332793,2026-10-04 17:39:54,2026-10-04 21:10:30,11735,1537,9683,69.41627609714529
PI,10111,ANGICAL DO PIAUÍ,0043,30,6640,5233,1006,4025,57.69157271163768,2026-10-04 17:36:02,2026-10-04 19:14:08,5165,853,4092,62.71055179090029
PI,10154,ANTÔNIO ALMEIDA,0014,14,3064,2423,837,1517,28.064382996285595,2026-10-04 19:10:39,2026-10-04 19:10:39,2316,586,1626,44.90500863557858
PI,10138,ANÍSIO DE ABREU,0079,29,7166,5853,765,4957,71.62139073979156,2026-10-04 17:27:44,2026-10-04 20:35:02,5603,582,4814,75.53096555416741
PI,10170,AROAZES,0089,22,5575,4310,735,3445,62.87703016241299,2026-10-04 17:38:21,2026-10-04 19:20:56,4331,564,3618,70.5148926344955
PI,12734,AROEIRAS DO ITAIM,0010,17,4352,3781,682,2937,59.640306797143616,2026-10-04 18:19:04,2026-10-04 19:22:11,3211,456,2633,67.79819370912489
PI,10197,ARRAIAL,0061,18,4367,3526,534,2858,65.9103800340329,2026-10-04 17:45:12,2026-10-04 19:23:24,3293,409,2696,69.45034922563012
PI,12106,ASSUNÇÃO DO PIAUÍ,0039,32,7632,5161,725,4225,67.81631466770006,2026-10-04 17:32:42,2026-10-04 20:59:43,5002,443,4316,77.42902838864454
PI,10219,AVELINO LOPES,0088,35,9563,7205,1751,5070,46.065232477446216,2026-10-04 17:30:40,2026-10-04 20:16:58,7000,1392,5165,53.9
PI,10049,BAIXA GRANDE DO RIBEIRO,0044,40,11444,9282,3764,4996,13.273001508295627,2026-10-04 18:31:52,2026-10-04 20:58:12,8217,2210,5675,42.16867469879518
PI,10600,BARRA D'ALCÂNTARA,0048,14,3576,2699,468,2172,63.134494257132275,2026-10-04 19:24:37,2026-10-04 19:24:37,2539,328,2111,70.22449783379284
PI,10235,BARRAS,0006,140,38201,29626,6806,21523,49.67596030513738,2026-10-04 17:55:44,2026-10-04 21:42:10,27548,5229,20919,56.95513285900973
PI,10251,BARREIRAS DO PIAUÍ,0035,17,3633,2534,565,1816,49.36858721389108,2026-10-04 17:21:12,2026-10-04 20:34:10,2574,450,1987,59.712509712509714
PI,10278,BARRO DURO,0074,25,6411,5014,1375,3441,41.20462704427603,2026-10-04 17:58:49,2026-10-04 18:48:42,4472,1038,3229,48.993738819320214
PI,10294,BATALHA,0045,83,22539,16207,4032,11524,46.22693897698525,2026-10-04 17:57:25,2026-10-04 21:47:21,15899,3347,11708,52.58821309516322
PI,10626,BELA VISTA DO PIAUÍ,0037,14,3462,2917,514,2195,57.62769969146383,2026-10-04 18:41:08,2026-10-04 20:31:51,2918,321,2310,68.1631254283756
PI,12335,BELÉM DO PIAUÍ,0068,14,3328,2849,570,2161,55.84415584415584,2026-10-04 18:59:28,2026-10-04 19:22:36,2499,329,2038,68.3873549419768
PI,10316,BENEDITINOS,0047,36,9612,7658,1172,6156,65.08226691042047,2026-10-04 18:50:14,2026-10-04 21:01:53,7474,814,6277,73.0933904201231
PI,10332,BERTOLÍNIA,0067,23,4969,3988,1054,2718,41.72517552657974,2026-10-04 18:30:15,2026-10-04 20:14:31,3686,739,2740,54.28648941942485
PI,12122,BETÂNIA DO PIAUÍ,0038,24,5865,4858,605,3969,69.24660354055166,2026-10-04 17:57:25,2026-10-04 20:56:04,4369,317,3881,81.57473105973907
PI,10669,BOA HORA,0006,23,6884,5351,1055,4079,56.51280134554289,2026-10-04 18:24:57,2026-10-04 21:43:09,4868,769,3817,62.612982744453575
PI,10359,BOCAINA,0028,23,5573,4654,890,3541,56.96175333046841,2026-10-04 17:42:14,2026-10-04 19:17:21,4448,807,3438,59.15017985611511
PI,10375,BOM JESUS,0015,77,19900,16107,6023,9349,20.649407090085056,2026-10-04 17:27:44,2026-10-04 21:33:20,15328,4165,10360,40.416231732776616
PI,10065,BOM PRINCÍPIO DO PIAUÍ,0033,26,6778,5471,1365,3906,46.44489124474502,2026-10-04 17:21:54,2026-10-04 19:30:22,4952,908,3850,59.41033925686591
PI,10081,BONFIM DO PIAUÍ,0095,21,4967,4000,344,3549,80.125,2026-10-04 18:31:53,2026-10-04 19:17:21,3932,254,3526,83.21464903357071
PI,12149,BOQUEIRÃO DO PIAUÍ,0071,23,6086,4590,698,3701,65.42483660130719,2026-10-04 19:11:20,2026-10-04 20:36:22,4092,495,3412,71.28543499511241
PI,10006,BRASILEIRA,0011,33,8739,6436,1122,5054,61.093847110006216,2026-10-04 18:12:02,2026-10-04 20:51:21,5773,811,4716,67.64247358392517
PI,10642,BREJO DO PIAUÍ,0036,13,3894,3035,379,2605,73.34431630971993,2026-10-04 18:09:25,2026-10-04 19:28:54,3052,252,2743,81.61861074705111
PI,10391,BURITI DOS LOPES,0033,71,17653,14180,3553,9990,45.394922425952046,2026-10-04 17:30:51,2026-10-04 20:44:00,13231,3089,9592,49.14972413271862
PI,10103,BURITI DOS MONTES,0034,30,6972,5844,917,4749,65.57152635181383,2026-10-04 17:39:13,2026-10-04 20:59:23,5426,533,4640,75.69111684482124
PI,10120,CABECEIRAS DO PIAUÍ,0006,36,9837,7403,1060,6010,66.86478454680535,2026-10-04 17:55:45,2026-10-04 21:48:30,6993,681,5938,75.17517517517517
PI,12343,CAJAZEIRAS DO PIAUÍ,0094,18,3662,2795,387,2349,70.19677996422182,2026-10-04 17:39:13,2026-10-04 19:04:32,2749,313,2280,71.55329210622044
PI,12572,CAJUEIRO DA PRAIA,0091,31,7643,6227,1453,4555,49.8153203789947,2026-10-04 18:12:42,2026-10-04 20:11:51,5584,990,4368,60.49426934097421
PI,10146,CALDEIRÃO GRANDE DO PIAUÍ,0040,21,5176,4309,786,3290,58.11093061035043,2026-10-04 17:21:12,2026-10-04 18:48:43,4250,549,3448,68.21176470588236
PI,10413,CAMPINAS DO PIAUÍ,0090,23,5376,4045,429,3523,76.48949320148331,2026-10-04 17:47:43,2026-10-04 21:54:10,3998,265,3635,84.29214607303652
PI,12351,CAMPO ALEGRE DO FIDALGO,0069,19,4536,3792,654,2978,61.28691983122363,2026-10-04 18:31:53,2026-10-04 20:53:16,3622,328,3174,78.5753727222529
PI,10723,CAMPO GRANDE DO PIAUÍ,0019,23,5304,4236,571,3478,68.62606232294617,2026-10-04 17:54:30,2026-10-04 19:11:20,3865,396,3279,74.59249676584734
PI,10740,CAMPO LARGO DO PIAUÍ,0049,23,5863,4500,1007,3349,52.044444444444444,2026-10-04 17:31:42,2026-10-04 19:24:37,4085,649,3232,63.231334149326806
PI,10430,CAMPO MAIOR,0007,79,19416,15816,3677,11332,48.400354071826,2026-10-04 17:21:12,2026-10-04 20:50:23,15084,3058,11120,53.447361442588175
PI,10430,CAMPO MAIOR,0096,67,16448,13242,3298,9284,45.20465186527715,2026-10-04 17:57:26,2026-10-04 21:00:23,13099,2878,9413,49.88930452706313
PI,10162,CANAVIEIRA,0025,15,3447,2630,596,1968,52.167300380228134,2026-10-04 17:21:54,2026-10-04 19:00:41,2592,348,2136,68.98148148148148
PI,10456,CANTO DO BURITI,0036,64,16253,12002,2803,8739,49.45842359606732,2026-10-04 17:33:44,2026-10-04 18:44:47,11666,1998,9073,60.646322647008404
PI,10472,CAPITÃO DE CAMPOS,0071,43,10509,7956,1419,6107,58.924082453494215,2026-10-04 17:47:43,2026-10-04 19:22:35,7676,1070,6155,66.24544033350703
PI,10707,CAPITÃO GERVÁSIO OLIVEIRA,0069,17,4054,3336,416,2776,70.74340527577938,2026-10-04 18:39:54,2026-10-04 20:36:09,3014,212,2730,83.54346383543464
PI,10499,CARACOL,0079,36,8414,6611,1087,5324,64.0901527756769,2026-10-04 18:30:36,2026-10-04 20:14:31,6333,736,5319,72.36696668245698
PI,12670,CARAÚBAS DO PIAUÍ,0033,22,5366,4170,1115,2861,41.8705035971223,2026-10-04 17:36:52,2026-10-04 20:52:03,3953,761,2998,56.58993169744498
PI,12165,CARIDADE DO PIAUÍ,0056,19,5023,4087,617,3235,64.05676535356007,2026-10-04 17:21:54,2026-10-04 19:11:21,3779,355,3257,76.79280232865838
PI,10510,CASTELO DO PIAUÍ,0034,75,16956,12372,3228,8570,43.17814419657291,2026-10-04 17:46:18,2026-10-04 20:56:53,11946,2433,8914,54.25246944583961
PI,12688,CAXINGÓ,0033,24,5777,4720,884,3632,58.220338983050844,2026-10-04 17:30:40,2026-10-04 19:22:36,4400,571,3560,67.93181818181819
PI,10537,COCAL,0053,92,23420,18538,5217,12569,39.65907864926098,2026-10-04 17:42:15,2026-10-04 20:53:49,16529,3113,12642,57.650190574142414
PI,12360,COCAL DE TELHA,0071,18,4645,3370,485,2737,66.82492581602374,2026-10-04 17:33:44,2026-10-04 20:46:20,3329,310,2902,77.8612195854611
PI,12696,COCAL DOS ALVES,0053,23,5586,4341,597,3550,68.02580050679568,2026-10-04 18:57:37,2026-10-04 19:23:23,4224,304,3758,81.77083333333333
PI,10189,COIVARAS,0032,23,5672,4853,991,3652,54.83206264166495,2026-10-04 17:41:57,2026-10-04 20:14:30,4373,706,3435,62.40567116396067
PI,10200,COLÔNIA DO GURGUÉIA,0067,20,5574,4284,960,3182,51.867413632119515,2026-10-04 17:55:44,2026-10-04 20:11:35,4087,732,3207,60.557866405676535
PI,10227,COLÔNIA DO PIAUÍ,0094,28,6180,4626,669,3861,69.00129701686122,2026-10-04 17:49:25,2026-10-04 21:30:30,4626,547,3907,72.63294422827497
PI,10553,CONCEIÇÃO DO CANINDÉ,0090,21,5002,3967,819,2949,53.69296697756491,2026-10-04 17:51:32,2026-10-04 20:26:49,3646,464,2968,68.67800329127812
PI,10243,CORONEL JOSÉ DIAS,0013,24,5395,4526,588,3773,70.37118868758286,2026-10-04 19:08:38,2026-10-04 20:02:01,4005,285,3579,82.24719101123596
PI,10570,CORRENTE,0022,87,21194,16049,4663,10577,36.849647953143496,2026-10-04 18:00:38,2026-10-04 20:41:10,15442,3570,11012,48.19323921771791
PI,10596,CRISTALÂNDIA DO PIAUÍ,0022,25,6237,4681,912,3580,56.996368297372356,2026-10-04 17:36:52,2026-10-04 20:58:12,4231,553,3478,69.13259276766722
PI,10618,CRISTINO CASTRO,0059,33,8594,6836,1679,4894,47.03042715038034,2026-10-04 17:59:27,2026-10-04 20:50:23,6006,1026,4773,62.387612387612386
PI,10634,CURIMATÁ,0026,41,9386,7351,1968,5040,41.79023262141205,2026-10-04 17:32:42,2026-10-04 19:24:38,6839,1456,5095,53.209533557537654
PI,10766,CURRAIS,0015,25,6287,5218,1233,3786,48.926791874281335,2026-10-04 18:59:28,2026-10-04 21:08:21,4281,644,3492,66.52651249708012
PI,12181,CURRAL NOVO DO PIAUÍ,0056,20,5409,4496,528,3797,72.70907473309609,2026-10-04 17:48:35,2026-10-04 20:11:12,3743,278,3371,82.63425060112209
PI,12580,CURRALINHOS,0058,21,5297,4398,673,3589,66.30286493860847,2026-10-04 17:40:33,2026-10-04 19:12:58,4018,484,3390,72.32453957192634
PI,10650,DEMERVAL LOBÃO,0054,53,13788,11419,2594,8346,50.372186706366584,2026-10-04 17:57:25,2026-10-04 20:41:11,9765,1879,7385,56.38504864311316
PI,12297,DIRCEU ARCOVERDE,0095,23,6674,5389,659,4615,73.40879569493413,2026-10-04 18:12:41,2026-10-04 20:13:51,4835,421,4214,78.4488107549121
PI,10677,DOM EXPEDITO LOPES,0062,26,6542,5533,1136,4187,55.141876016627506,2026-10-04 17:58:49,2026-10-04 19:07:45,5256,837,4177,63.54642313546423
PI,10685,DOM INOCÊNCIO,0013,32,7564,6235,852,5136,68.70890136327185,2026-10-04 18:16:10,2026-10-04 23:04:41,5937,447,5273,81.28684520801751
PI,11410,DOMINGOS MOURÃO,0012,19,4268,3319,504,2707,66.37541428141006,2026-10-04 17:32:42,2026-10-04 21:30:50,3259,330,2804,75.91285670451059
PI,10693,ELESBÃO VELOSO,0048,56,13416,10178,1712,8078,62.5466692866968,2026-10-04 17:46:37,2026-10-04 20:13:51,9528,1100,7974,72.14525608732158
PI,10715,ELISEU MARTINS,0067,22,4015,2945,573,2265,57.45331069609507,2026-10-04 17:33:43,2026-10-04 18:33:43,2792,444,2217,63.50286532951289
PI,10731,ESPERANTINA,0041,121,32709,24600,6841,16844,40.66260162601626,2026-10-04 18:12:20,2026-10-04 20:07:47,22979,5302,16567,49.02302101919143
PI,10260,FARTURA DO PIAUÍ,0095,19,4753,3857,361,3403,78.86958776250972,2026-10-04 18:00:39,2026-10-04 20:54:48,3620,229,3310,85.11049723756906
PI,10758,FLORES DO PIAUÍ,0072,19,4318,3139,586,2453,59.47754061803122,2026-10-04 18:37:15,2026-10-04 18:55:36,3104,446,2525,66.97809278350516
PI,12637,FLORESTA DO PIAUÍ,0090,10,2599,1948,258,1606,69.19917864476386,2026-10-04 17:58:50,2026-10-04 21:03:00,1892,195,1622,75.42283298097252
PI,10774,FLORIANO,0009,186,44933,35341,9154,24255,42.729407770012166,2026-10-04 17:51:32,2026-10-04 20:49:55,34803,7249,25485,52.3977818004195
PI,10790,FRANCINÓPOLIS,0048,19,4556,3522,418,3013,73.67972742759795,2026-10-04 17:57:26,2026-10-04 19:04:12,3256,342,2783,74.96928746928747
PI,10812,FRANCISCO AYRES,0061,21,5168,3860,671,3009,60.5699481865285,2026-10-04 17:39:12,2026-10-04 19:29:37,3527,440,2863,68.6986107173235
PI,12378,FRANCISCO MACEDO,0068,11,2841,2330,421,1794,58.927038626609445,2026-10-04 19:22:11,2026-10-04 20:16:58,2175,278,1762,68.22988505747126
PI,10839,FRANCISCO SANTOS,0028,30,7087,5640,967,4396,60.797872340425535,2026-10-04 17:37:36,2026-10-04 19:04:12,5583,760,4498,66.95325094035465
PI,10855,FRONTEIRAS,0040,39,9541,7532,1648,5572,52.097716409984066,2026-10-04 17:32:42,2026-10-04 19:16:38,7479,1276,5857,61.25150421179302
PI,10782,GEMINIANO,0062,25,6469,5442,905,4329,62.918044836457184,2026-10-04 17:59:27,2026-10-04 20:57:50,4972,617,4138,70.81657280772325
PI,10871,GILBUÉS,0035,39,8660,6706,1432,4968,52.72889949299135,2026-10-04 17:23:40,2026-10-04 20:57:50,6275,1020,4997,63.37848605577689
PI,10898,GUADALUPE,0046,33,8682,6143,1419,4444,49.24304085951489,2026-10-04 18:12:03,2026-10-04 19:07:25,6178,1064,4828,60.92586597604403
PI,10804,GUARIBAS,0079,17,4478,3360,352,2943,77.11309523809524,2026-10-04 17:38:21,2026-10-04 19:28:55,3219,180,2966,86.54861758310034
PI,10910,HUGO NAPOLEÃO,0052,15,4428,3486,806,2556,50.200803212851405,2026-10-04 19:16:38,2026-10-04 19:22:11,3396,544,2701,63.51590106007067
PI,10820,ILHA GRANDE,0004,37,9354,7512,1475,5736,56.722577209797656,2026-10-04 17:57:25,2026-10-04 19:01:12,6761,1084,5350,63.09717497411626
PI,10936,INHUMA,0064,48,13109,10132,1757,7909,60.718515594157125,2026-10-04 18:10:51,2026-10-04 20:51:35,9618,1362,7818,67.12414223331254
PI,10952,IPIRANGA DO PIAUÍ,0064,32,7746,6200,916,5053,66.7258064516129,2026-10-04 17:31:42,2026-10-04 21:03:20,5830,597,5007,75.64322469982848
PI,10979,ISAÍAS COELHO,0057,24,6463,5088,582,4360,74.25314465408805,2026-10-04 18:32:13,2026-10-04 21:04:40,4862,348,4322,81.73591114767585
PI,10995,ITAINÓPOLIS,0057,40,9605,7535,1422,5887,59.25680159256802,2026-10-04 17:31:42,2026-10-04 20:36:22,7416,1078,6033,66.81499460625675
PI,11010,ITAUEIRA,0072,36,9279,6847,1583,5029,50.32861107054185,2026-10-04 18:33:18,2026-10-04 19:31:54,6633,1141,5129,60.12362430272878
PI,10286,JACOBINA DO PIAUÍ,0038,23,5231,4474,888,3262,53.06213679034421,2026-10-04 17:46:37,2026-10-04 19:20:58,4246,522,3538,71.03155911446066
PI,11037,JAICÓS,0019,57,14188,10272,2034,7799,56.12344236760124,2026-10-04 17:38:22,2026-10-04 20:04:01,9659,1402,7744,65.65897090796149
PI,10308,JARDIM DO MULATO,0043,19,4530,3710,815,2752,52.21024258760108,2026-10-04 18:15:02,2026-10-04 19:07:46,3423,601,2655,60.00584282792872
PI,12394,JATOBÁ DO PIAUÍ,0007,30,6898,5687,943,4558,63.56602778266221,2026-10-04 17:23:40,2026-10-04 20:36:09,5179,643,4332,71.22996717513034
PI,11053,JERUMENHA,0025,22,4814,3719,803,2797,53.61656359236354,2026-10-04 17:39:54,2026-10-04 20:22:11,3602,604,2867,62.82620766240977
PI,11070,JOAQUIM PIRES,0041,47,11817,8978,2315,6401,45.511249721541546,2026-10-04 17:44:56,2026-10-04 20:58:13,8923,1835,6789,55.51944413313908
PI,12408,JOCA MARQUES,0027,22,5603,4448,943,3383,54.856115107913666,2026-10-04 18:25:54,2026-10-04 20:04:53,3759,563,3035,65.76217079010375
PI,11096,JOSÉ DE FREITAS,0024,130,35332,29394,4387,23802,66.05089474042322,2026-10-04 18:12:41,2026-10-04 21:34:12,27518,3279,22907,71.32785812922451
PI,12386,JOÃO COSTA,0020,16,3918,3088,524,2470,63.01813471502591,2026-10-04 18:38:45,2026-10-04 20:55:43,2703,331,2236,70.47724750277469
PI,12416,JUAZEIRO DO PIAUÍ,0034,25,5440,4486,919,3306,53.20998662505573,2026-10-04 17:43:13,2026-10-04 19:24:37,4415,693,3458,62.62740656851642
PI,10847,JUREMA,0079,21,5184,4034,573,3338,68.54238968765493,2026-10-04 17:21:54,2026-10-04 20:50:23,3749,364,3240,76.71379034409176
PI,12203,JÚLIO BORGES,0088,22,5222,3868,515,3178,68.846949327818,2026-10-04 19:02:49,2026-10-04 20:57:50,3553,343,2997,74.69743878412609
PI,10324,LAGOA ALEGRE,0016,31,8599,7193,1041,5855,66.92617822883359,2026-10-04 17:49:25,2026-10-04 21:13:41,6521,744,5495,72.8569237846956
PI,10863,LAGOA DE SÃO FRANCISCO,0012,24,6040,4500,931,3355,53.86666666666667,2026-10-04 17:28:52,2026-10-04 19:31:54,4439,591,3633,68.52894796125254
PI,10340,LAGOA DO BARRO DO PIAUÍ,0069,20,4646,3768,627,3000,62.97770700636943,2026-10-04 18:10:51,2026-10-04 21:22:49,3487,324,3053,78.26211643246343
PI,12424,LAGOA DO PIAUÍ,0054,18,5239,4436,1008,3226,50.0,2026-10-04 18:33:18,2026-10-04 20:21:50,3672,626,2838,60.239651416122
PI,12220,LAGOA DO SÍTIO,0089,19,4865,3876,617,3155,65.47987616099071,2026-10-04 18:12:42,2026-10-04 21:21:20,3531,447,2907,69.66864910790144
PI,12432,LAGOINHA DO PIAUÍ,0052,12,3244,2466,499,1883,56.123276561232764,2026-10-04 19:24:37,2026-10-04 19:29:38,2432,368,1965,65.66611842105263
PI,11118,LANDRI SALES,0046,23,5122,3762,808,2837,53.93407761828814,2026-10-04 18:58:08,2026-10-04 20:14:15,3402,432,2846,70.95825984714874
PI,11134,LUIS CORREIA,0091,105,27367,21466,5200,15245,46.79493151961241,2026-10-04 17:40:33,2026-10-04 21:30:50,20054,3736,15253,57.42993916425651
PI,11150,LUZILÂNDIA,0027,77,20147,15410,3705,11189,48.56586632057106,2026-10-04 17:39:54,2026-10-04 20:11:51,15058,2907,11578,57.58400850046487
PI,12440,MADEIRO,0027,27,6714,5006,922,3945,60.38753495805034,2026-10-04 18:00:38,2026-10-04 20:55:43,4619,716,3744,65.55531500324746
PI,11177,MANOEL EMÍDIO,0067,19,4913,3933,716,3075,59.97965929316044,2026-10-04 17:46:18,2026-10-04 19:23:44,3624,462,3011,70.33664459161147
PI,10367,MARCOLÂNDIA,0068,32,8736,7097,2140,4537,33.77483443708609,2026-10-04 20:14:31,2026-10-04 20:14:31,6079,1261,4486,53.051488731699294
PI,11193,MARCOS PARENTE,0046,16,4326,3380,972,2279,38.66863905325444,2026-10-04 18:47:44,2026-10-04 19:07:01,3097,773,2174,45.237326444946724
PI,12467,MASSAPÊ DO PIAUÍ,0019,27,6452,4629,591,3825,69.86390149060273,2026-10-04 17:57:26,2026-10-04 20:56:04,4544,288,3945,80.47975352112677
PI,11215,MATIAS OLÍMPIO,0080,38,9161,6812,1663,4920,47.8126834997064,2026-10-04 17:38:21,2026-10-04 20:04:53,6340,1143,4928,59.70031545741325
PI,11231,MIGUEL ALVES,0017,105,27719,20450,3438,16281,62.80195599022005,2026-10-04 17:57:25,2026-10-04 20:52:51,18566,2531,15013,67.2304212000431
PI,11258,MIGUEL LEÃO,0058,7,1890,1562,514,1001,31.17797695262484,2026-10-04 17:33:44,2026-10-04 19:20:56,1324,350,903,41.76737160120846
PI,12246,MILTON BRANDÃO,0012,28,7087,5069,1569,3324,34.62221345433024,2026-10-04 17:54:11,2026-10-04 21:26:50,4783,1259,3269,42.02383441354798
PI,11274,MONSENHOR GIL,0058,41,10476,8627,1698,6557,56.32317143850701,2026-10-04 17:41:57,2026-10-04 20:53:49,8235,1302,6545,63.667273831208256
PI,11290,MONSENHOR HIPÓLITO,0028,27,7493,6110,995,4911,64.09165302782324,2026-10-04 17:37:36,2026-10-04 21:01:53,5610,626,4709,72.7807486631016
PI,11312,MONTE ALEGRE DO PIAUÍ,0035,40,9415,7195,1386,5533,57.63724808895066,2026-10-04 17:51:49,2026-10-04 21:00:24,6853,886,5680,69.95476433678681
PI,10880,MORRO CABEÇA NO TEMPO,0088,18,4202,3209,540,2551,62.66749766282331,2026-10-04 18:30:15,2026-10-04 20:07:48,2754,392,2225,66.55773420479302
PI,12459,MORRO DO CHAPÉU DO PIAUÍ,0041,22,5871,4505,825,3554,60.57713651498335,2026-10-04 18:30:17,2026-10-04 21:13:50,4069,625,3301,65.76554435979357
PI,12475,MURICI DOS PORTELAS,0033,24,6070,4651,877,3539,57.23500322511288,2026-10-04 17:41:12,2026-10-04 20:30:51,4525,733,3525,61.70165745856354
PI,11339,NAZARÉ DO PIAUÍ,0061,31,6697,5196,623,4398,72.65204003079292,2026-10-04 18:00:38,2026-10-04 19:08:10,5007,430,4412,79.52865987617336
PI,12726,NAZÁRIA,0097,45,11555,9537,1919,7259,55.99245045611828,2026-10-04 17:28:52,2026-10-04 19:20:57,9052,1537,7137,61.8647812638091
PI,10928,NOSSA SENHORA DE NAZARÉ,0096,24,6117,5123,669,4250,69.90044895569002,2026-10-04 18:27:07,2026-10-04 20:10:29,4516,498,3855,74.33569530558016
PI,11355,NOSSA SENHORA DOS REMÉDIOS,0049,30,8627,6868,1551,5088,51.49970879440885,2026-10-04 18:17:57,2026-10-04 20:54:48,6545,1106,5151,61.80290297937357
PI,10960,NOVA SANTA RITA,0069,17,4142,3419,424,2847,70.86867505118455,2026-10-04 18:43:15,2026-10-04 19:11:21,3275,222,2942,83.05343511450381
PI,11371,NOVO ORIENTE DO PIAUÍ,0018,23,5158,4004,539,3316,69.35564435564436,2026-10-04 18:10:52,2026-10-04 21:03:41,3856,345,3359,78.16390041493776
PI,10901,NOVO SANTO ANTÔNIO,0047,19,4732,3877,549,3169,67.57802424555068,2026-10-04 18:28:23,2026-10-04 19:12:43,3637,394,3086,74.01704701677207
PI,11398,OEIRAS,0005,131,31021,24335,5135,18390,54.46887199506883,2026-10-04 17:30:40,2026-10-04 21:10:41,23318,4566,17737,56.48426108585642
PI,12483,OLHO D'ÁGUA DO PIAUÍ,0052,10,2708,2177,396,1711,60.404225999081305,2026-10-04 19:08:38,2026-10-04 19:13:47,1830,280,1447,63.77049180327869
PI,11436,PADRE MARCOS,0068,24,6038,4735,844,3749,61.35163674762408,2026-10-04 18:28:23,2026-10-04 20:15:50,4752,686,3842,66.41414141414141
PI,11452,PAES LANDIM,0037,15,4499,3365,866,2407,45.794947994056464,2026-10-04 18:34:06,2026-10-04 20:48:29,3107,710,2183,47.40907627936917
PI,12262,PAJEÚ DO PIAUÍ,0036,13,3407,2556,489,1992,58.80281690140845,2026-10-04 17:36:02,2026-10-04 20:14:15,2554,358,2057,66.52310101801096
PI,11479,PALMEIRA DO PIAUÍ,0059,19,4922,3953,1233,2492,31.849228434100684,2026-10-04 17:53:53,2026-10-04 18:37:14,3555,697,2654,55.049226441631504
PI,11495,PALMEIRAIS,0008,52,13336,10661,1639,8728,66.49470030953944,2026-10-04 18:12:41,2026-10-04 20:49:56,9841,1214,8267,71.66954577786811
PI,10944,PAQUETÁ,0010,18,4173,3595,603,2884,63.44923504867872,2026-10-04 17:31:42,2026-10-04 19:24:36,3317,454,2716,68.19415134157371
PI,11517,PARNAGUÁ,0026,32,7624,5771,1147,4413,56.59331138450875,2026-10-04 17:43:12,2026-10-04 20:07:47,5494,716,4577,70.2766654532217
PI,11533,PARNAÍBA,0003,413,112895,91456,31195,54720,25.722751924422674,2026-10-04 18:31:54,2026-10-04 21:33:00,84254,25869,52066,31.092885797706934
PI,11533,PARNAÍBA,0004,22,5528,4489,686,3595,64.80285141456895,2026-10-04 18:33:18,2026-10-04 18:54:42,4133,493,3422,70.86861843697072
PI,10405,PASSAGEM FRANCA DO PIAUÍ,0074,15,4164,2998,729,2169,48.03202134756504,2026-10-04 18:30:15,2026-10-04 20:58:12,2885,601,2219,56.08318890814558
PI,10383,PATOS DO PIAUÍ,0019,24,5568,4294,638,3479,66.16208663251048,2026-10-04 17:41:57,2026-10-04 18:43:14,4178,413,3556,75.22738152225945
PI,12718,PAU D'ARCO DO PIAUÍ,0032,21,5401,4534,814,3500,59.241288045875606,2026-10-04 18:31:53,2026-10-04 21:34:30,4013,515,3297,69.32469474208821
PI,11550,PAULISTANA,0038,67,17052,13611,2641,10282,56.138417456469035,2026-10-04 18:13:50,2026-10-04 23:36:12,12731,1711,10490,68.9576623988689
PI,12289,PAVUSSU,0072,15,3909,2994,393,2522,71.10888443553775,2026-10-04 20:32:29,2026-10-04 20:32:29,2844,242,2492,79.11392405063292
PI,11576,PEDRO II,0012,133,35312,25886,6395,18322,46.07509850884648,2026-10-04 17:27:44,2026-10-04 21:50:30,23990,4900,17672,53.2388495206336
PI,12491,PEDRO LAURENTINO,0069,13,3276,2651,635,1935,49.03809883062995,2026-10-04 18:24:58,2026-10-04 19:00:41,2276,638,1552,40.158172231985944
PI,11592,PICOS,0010,231,54212,45412,11917,31334,42.75742094600546,2026-10-04 17:42:15,2026-10-04 22:39:37,43612,10134,31183,48.264239200220125
PI,11614,PIMENTEIRAS,0089,42,9384,7174,1377,5552,58.1962642877056,2026-10-04 17:30:40,2026-10-04 20:50:23,7010,1091,5589,64.16547788873038
PI,11630,PIO IX,0029,57,15109,12091,2050,9583,62.302539078653545,2026-10-04 17:41:12,2026-10-04 20:46:30,11203,1321,9375,71.89145764527359
PI,11657,PIRACURUCA,0021,100,25821,20013,5216,13792,42.85214610503173,2026-10-04 17:34:11,2026-10-04 20:11:51,18863,3650,14425,57.12240894873562
PI,11673,PIRIPIRI,0011,212,53170,38542,10092,26574,42.763738259560995,2026-10-04 17:21:12,2026-10-04 20:45:31,37422,8085,27351,51.48308481641815
PI,11690,PORTO,0049,34,10000,7525,2049,5256,42.61794019933555,2026-10-04 18:30:37,2026-10-04 20:32:11,6752,1207,5291,60.485781990521325
PI,12599,PORTO ALEGRE DO PIAUÍ,0014,8,2106,1647,456,1138,41.40862173649059,2026-10-04 17:26:35,2026-10-04 19:25:44,1583,279,1209,58.74921036007581
PI,11711,PRATA DO PIAUÍ,0074,13,3706,2907,422,2402,68.11145510835914,2026-10-04 18:46:32,2026-10-04 18:46:32,2620,310,2209,72.48091603053435
PI,10421,QUEIMADA NOVA,0038,28,7227,5392,1115,3958,52.72626112759644,2026-10-04 18:44:24,2026-10-04 20:59:43,5631,607,4792,74.32072456046883
PI,11738,REDENÇÃO DO GURGUÉIA,0015,28,7001,5492,1634,3652,36.74435542607429,2026-10-04 19:24:37,2026-10-04 20:13:51,5031,1180,3558,47.26694494136355
PI,11754,REGENERAÇÃO,0043,61,14520,10856,1635,8908,66.99521002210759,2026-10-04 17:46:18,2026-10-04 20:14:15,10136,1196,8526,72.3164956590371
PI,12300,RIACHO FRIO,0026,19,4492,3546,491,2936,68.95093062605753,2026-10-04 18:12:03,2026-10-04 21:01:30,3267,299,2846,77.96143250688705
PI,12602,RIBEIRA DO PIAUÍ,0072,16,3891,3031,498,2426,63.609369844935664,2026-10-04 18:00:38,2026-10-04 21:00:45,2774,334,2331,71.98990627253065
PI,11770,RIBEIRO GONÇALVES,0044,22,5577,4435,1277,2910,36.82074408117249,2026-10-04 18:11:11,2026-10-04 21:00:23,4105,876,3063,53.276492082825825
PI,11797,RIO GRANDE DO PIAUÍ,0072,23,5426,4224,705,3407,63.96780303030303,2026-10-04 19:08:11,2026-10-04 19:20:59,4042,495,3406,72.01880257298367
PI,11819,SANTA CRUZ DO PIAUÍ,0062,26,5902,4985,845,4000,63.28986960882648,2026-10-04 17:44:12,2026-10-04 18:31:52,4441,518,3770,73.22675073181716
PI,10448,SANTA CRUZ DOS MILAGRES,0074,14,3971,3193,598,2465,58.47165674913874,2026-10-04 18:19:22,2026-10-04 20:07:47,2658,379,2143,66.36568848758465
PI,11835,SANTA FILOMENA,0035,23,5554,4335,1327,2782,33.56401384083045,2026-10-04 17:37:36,2026-10-04 20:07:48,4004,853,2961,52.64735264735265
PI,11851,SANTA LUZ,0059,20,5273,4328,1309,2874,36.15988909426987,2026-10-04 17:24:51,2026-10-04 20:30:51,3978,895,2906,50.553041729512316
PI,10464,SANTA ROSA DO PIAUÍ,0005,21,4981,3709,817,2769,52.62874090051227,2026-10-04 18:28:22,2026-10-04 19:22:11,3366,691,2531,54.66428995840761
PI,10480,SANTANA DO PIAUÍ,0062,18,4214,3498,519,2859,66.89536878216124,2026-10-04 17:21:54,2026-10-04 21:00:45,3264,442,2671,68.2904411764706
PI,11878,SANTO ANTÔNIO DE LISBOA,0028,24,6371,5230,1202,3867,50.95602294455067,2026-10-04 17:41:57,2026-10-04 20:13:03,4721,793,3698,61.53357339546706
PI,12653,SANTO ANTÔNIO DOS MILAGRES,0030,8,1955,1568,297,1236,59.88520408163265,2026-10-04 17:51:32,2026-10-04 19:08:38,1517,216,1262,68.95187870797626
PI,11894,SANTO INÁCIO DO PIAUÍ,0090,15,3644,3011,524,2407,62.53736300232481,2026-10-04 17:46:37,2026-10-04 18:43:14,2734,344,2330,72.64081931236284
PI,12041,SEBASTIÃO BARROS,0022,20,4633,3673,934,2554,44.10563572011979,2026-10-04 17:51:48,2026-10-04 19:14:08,3375,499,2727,66.01481481481481
PI,12068,SEBASTIÃO LEAL,0067,16,4234,3611,1419,2090,18.582110218775963,2026-10-04 17:59:27,2026-10-04 20:58:32,3294,1018,2176,35.154826958105645
PI,10545,SIGEFREDO PACHECO,0007,38,9278,7745,1382,6007,59.715945771465464,2026-10-04 17:25:24,2026-10-04 20:49:32,7079,967,5811,68.42774403164289
PI,12157,SIMPLÍCIO MENDES,0037,43,10329,8418,1542,6487,58.743169398907106,2026-10-04 17:51:48,2026-10-04 20:13:51,7923,1030,6451,68.42105263157895
PI,12130,SIMÕES,0056,52,12484,9700,1755,7549,59.7319587628866,2026-10-04 17:33:44,2026-10-04 19:08:38,8974,1127,7476,70.74882995319813
PI,12173,SOCORRO DO PIAUÍ,0037,16,4300,3285,604,2548,59.178082191780824,2026-10-04 18:13:50,2026-10-04 21:42:18,3236,510,2523,62.20642768850433
PI,12513,SUSSUAPARA,0062,25,6735,5624,995,4388,60.33072546230441,2026-10-04 17:45:12,2026-10-04 19:20:59,5156,697,4247,68.85182311869666
PI,10502,SÃO BRAZ DO PIAUÍ,0095,17,4155,3353,318,2923,77.69161944527289,2026-10-04 17:47:44,2026-10-04 19:03:12,3223,216,2903,83.36953149239838
PI,12505,SÃO FRANCISCO DE ASSIS DO PIAUÍ,0090,21,4780,3853,958,2515,40.41007007526603,2026-10-04 17:48:35,2026-10-04 20:26:49,3759,640,2812,57.78132482043097
PI,11932,SÃO FRANCISCO DO PIAUÍ,0094,27,6210,4468,1261,3051,40.0626678603402,2026-10-04 17:48:35,2026-10-04 20:10:30,4406,1090,3104,45.7103949160236
PI,11916,SÃO FÉLIX DO PIAUÍ,0074,15,3968,3163,809,2210,44.29339234903573,2026-10-04 17:53:53,2026-10-04 19:00:13,2937,566,2163,54.37521280217909
PI,12610,SÃO GONÇALO DO GURGUÉIA,0035,12,2882,2190,522,1579,48.2648401826484,2026-10-04 17:55:44,2026-10-04 20:55:43,2032,348,1589,61.07283464566929
PI,11959,SÃO GONÇALO DO PIAUÍ,0030,21,5172,4183,1080,2937,44.393975615586896,2026-10-04 18:30:37,2026-10-04 19:00:41,3565,730,2611,52.76297335203366
PI,10529,SÃO JOSÉ DO DIVINO,0021,21,5071,4087,733,3106,58.06214827501835,2026-10-04 17:36:02,2026-10-04 22:00:31,4060,501,3328,69.63054187192118
PI,12017,SÃO JOSÉ DO PEIXE,0061,15,3371,2428,469,1893,58.64909390444811,2026-10-04 17:43:12,2026-10-04 20:44:20,2383,303,1983,70.49937054133446
PI,12033,SÃO JOSÉ DO PIAUÍ,0064,27,6004,4663,711,3825,66.78104224748016,2026-10-04 17:48:35,2026-10-04 19:10:38,4597,602,3882,71.35088100935393
PI,11088,SÃO JOÃO DA CANABRAVA,0028,19,4502,3611,466,3026,70.89448906120188,2026-10-04 17:21:54,2026-10-04 19:09:47,3806,422,3242,74.09353652128219
PI,12009,SÃO JOÃO DA FRONTEIRA,0021,21,5375,4157,957,3006,49.29035362039933,2026-10-04 17:37:36,2026-10-04 19:17:21,3850,539,3127,67.22077922077922
PI,11975,SÃO JOÃO DA SERRA,0047,28,6905,5485,1112,4113,54.712853236098454,2026-10-04 17:43:13,2026-10-04 20:59:43,5083,782,4026,63.820578398583514
PI,12025,SÃO JOÃO DA VARJOTA,0005,19,4131,3313,467,2780,69.81587684877755,2026-10-04 18:28:22,2026-10-04 20:11:35,3060,422,2530,68.88888888888889
PI,10987,SÃO JOÃO DO ARRAIAL,0080,33,7625,6043,1834,4112,37.696508356776434,2026-10-04 18:59:28,2026-10-04 19:20:58,5477,1338,3964,47.945955815227315
PI,11991,SÃO JOÃO DO PIAUÍ,0020,61,15077,11944,2474,8975,54.42900200937709,2026-10-04 18:57:36,2026-10-04 21:05:40,11858,2075,9220,60.25468038455051
PI,12050,SÃO JULIÃO,0040,23,5605,4631,962,3497,54.73979702008206,2026-10-04 17:46:37,2026-10-04 18:45:11,4260,1170,2885,40.25821596244131
PI,10561,SÃO LOURENÇO DO PIAUÍ,0013,18,4860,3939,480,3309,71.82025894897183,2026-10-04 18:59:10,2026-10-04 20:52:03,4016,286,3555,81.39940239043824
PI,12629,SÃO LUIS DO PIAUÍ,0028,13,3574,2765,470,2170,61.482820976491865,2026-10-04 20:15:30,2026-10-04 20:15:30,2278,267,1908,72.03687445127305
PI,12661,SÃO MIGUEL DA BAIXA GRANDE,0074,11,2835,2189,607,1473,39.56144358154408,2026-10-04 20:43:39,2026-10-04 20:56:04,1933,378,1480,57.0098292809105
PI,12700,SÃO MIGUEL DO FIDALGO,0094,13,3027,2314,341,1933,68.79861711322386,2026-10-04 18:11:12,2026-10-04 20:14:31,2273,206,2003,79.0585129784426
PI,12076,SÃO MIGUEL DO TAPUIO,0039,67,15612,11180,1941,8834,61.65474060822898,2026-10-04 17:44:56,2026-10-04 20:05:05,11134,1352,9311,71.48374348841386
PI,12092,SÃO PEDRO DO PIAUÍ,0030,46,11541,9178,2176,6649,48.73610808455001,2026-10-04 18:13:31,2026-10-04 21:36:20,8736,1653,6635,57.02838827838828
PI,12114,SÃO RAIMUNDO NONATO,0013,106,27458,22535,4275,17439,58.41579764810295,2026-10-04 17:26:35,2026-10-04 20:51:22,20972,2830,17355,69.25901201602136
PI,12530,TAMBORIL DO PIAUÍ,0036,10,2989,2344,438,1804,58.27645051194539,2026-10-04 18:30:16,2026-10-04 20:51:22,2048,257,1694,70.166015625
PI,12521,TANQUE DO PIAUÍ,0048,12,2725,2160,369,1664,59.9537037037037,2026-10-04 20:41:11,2026-10-04 20:47:40,1903,274,1518,65.37046768260642
PI,12190,TERESINA,0001,350,120783,98649,28089,63528,35.92433780372837,2026-10-04 17:46:37,2026-10-04 20:36:22,97754,24904,64431,40.43517400822473
PI,12190,TERESINA,0002,358,119248,96350,31273,57781,27.51219512195122,2026-10-04 17:39:13,2026-10-04 21:09:37,96444,29017,58348,30.412467338559164
PI,12190,TERESINA,0063,365,113150,93040,29232,56765,29.592648323301805,2026-10-04 17:32:42,2026-10-04 20:39:29,92500,26065,58097,34.62918918918919
PI,12190,TERESINA,0097,375,104940,85519,27065,52305,29.513909189770693,2026-10-04 17:33:44,2026-10-04 20:40:33,87739,25429,54193,32.78359680415779
PI,12190,TERESINA,0098,395,134853,110632,36691,65811,26.3214983006725,2026-10-04 17:28:21,2026-10-04 20:59:43,108699,32905,66240,30.667255448532185
PI,12211,UNIÃO,0016,154,38750,31253,6896,23153,52.017406328992415,2026-10-04 18:28:22,2026-10-04 22:02:41,29026,5340,22208,58.11341555846482
PI,12238,URUÇUÍ,0014,73,18909,15251,5337,9150,25.00163923677136,2026-10-04 17:57:27,2026-10-04 20:59:43,13941,3682,9581,42.31403773043541
PI,12254,VALENÇA DO PIAUÍ,0018,67,17671,13911,2933,10447,54.01480842498742,2026-10-04 17:59:27,2026-10-04 21:01:53,12948,2321,9953,58.94346617238183
PI,12556,VERA MENDES,0057,14,3670,2808,406,2270,66.38176638176638,2026-10-04 18:31:52,2026-10-04 21:00:45,2562,279,2174,73.9656518345043
PI,12548,VILA NOVA DO PIAUÍ,0068,12,3001,2580,526,1886,52.713178294573645,2026-10-04 20:34:10,2026-10-04 20:34:10,2391,369,1873,62.90255123379339
PI,10588,VÁRZEA BRANCA,0095,19,4694,3779,455,3211,72.92934638793332,2026-10-04 17:36:52,2026-10-04 20:59:23,3654,303,3219,79.80295566502463
PI,12270,VÁRZEA GRANDE,0048,21,4174,3017,616,2281,55.187272124627114,2026-10-04 18:21:53,2026-10-04 19:16:12,2925,454,2315,63.623931623931625
PI,12564,WALL FERRAZ,0062,17,4305,3691,731,2839,57.11189379571932,2026-10-04 19:12:59,2026-10-04 20:07:49,3361,574,2665,62.21362689675692
PI,10030,ÁGUA BRANCA,0052,58,15858,12754,3820,8457,36.357221263917204,2026-10-04 17:48:34,2026-10-04 19:20:56,12349,3041,8835,46.91877884848976
PR,74012,ABATIÁ,0082,18,5976,4306,2635,1444,-27.65908035299582,2026-10-04 17:40:36,2026-10-04 19:09:54,4411,2329,1867,-10.473815461346634
PR,74039,ADRIANÓPOLIS,0048,23,5781,4201,1726,2225,11.878124256129492,2026-10-04 17:24:53,2026-10-04 21:46:56,3951,1379,2414,26.195899772209568
PR,74055,AGUDOS DO SUL,0144,26,8981,6937,4544,2002,-36.64408245639326,2026-10-04 17:42:18,2026-10-04 19:30:28,6363,3608,2377,-19.346220336319345
PR,74071,ALMIRANTE TAMANDARÉ,0171,211,77677,56841,31191,19638,-20.325117432838972,2026-10-04 18:27:21,2026-10-04 19:05:06,57017,28400,23050,-9.383166424048968
PR,84557,ALTAMIRA DO PARANÁ,0169,11,3441,2568,1260,1129,-5.101246105919003,2026-10-04 17:34:12,2026-10-04 17:44:16,2560,995,1391,15.46875
PR,74098,ALTO PARANÁ,0087,33,10406,7643,4457,2704,-22.93601988747874,2026-10-04 17:45:01,2026-10-04 18:34:03,8032,4030,3509,-6.486553784860558
PR,74926,ALTO PARAÍSO,0117,11,3269,2280,1321,830,-21.535087719298247,2026-10-04 17:33:46,2026-10-04 17:33:46,2195,1138,935,-9.248291571753986
PR,74110,ALTO PIQUIRI,0128,25,7426,5428,2713,2395,-5.858511422254974,2026-10-04 17:33:47,2026-10-04 19:15:04,5551,2451,2796,6.215096379030805
PR,79510,ALTÔNIA,0123,50,14510,10958,7311,2893,-40.317576200036505,2026-10-04 17:42:00,2026-10-04 18:09:29,11049,6813,3501,-29.97556339940266
PR,74136,ALVORADA DO SUL,0077,25,7430,5652,3473,1930,-27.30007077140835,2026-10-04 17:34:12,2026-10-04 18:12:30,5388,3047,2124,-17.130660727542686
PR,74152,AMAPORÃ,0072,13,4058,3044,1547,1309,-7.818659658344284,2026-10-04 17:58:56,2026-10-04 19:07:19,3109,1375,1570,6.272113219684786
PR,74179,AMPÉRE,0130,48,14532,11739,5616,5365,-2.138171905613766,2026-10-04 17:28:22,2026-10-04 19:09:54,11887,4609,6687,17.481282072852697
PR,74101,ANAHY,0126,9,2828,2290,1200,927,-11.921397379912664,2026-10-04 17:59:29,2026-10-04 18:41:16,2129,922,1049,5.965241897604509
PR,74195,ANDIRÁ,0057,55,16359,11876,6892,4223,-22.473896934994947,2026-10-04 17:33:47,2026-10-04 18:09:59,12297,6589,4972,-13.149548670407416
PR,74217,ANTONINA,0006,53,15653,11262,6940,3624,-29.44414846386077,2026-10-04 17:33:46,2026-10-04 19:05:26,11431,6765,3817,-25.789519727058
PR,74233,ANTÔNIO OLINTO,0012,25,6911,5226,2894,1832,-20.32146957520092,2026-10-04 17:29:33,2026-10-04 19:08:17,5123,2242,2403,3.1426898301776305
PR,74250,APUCARANA,0028,295,94187,70474,47060,16907,-42.785991997048555,2026-10-04 17:32:45,2026-10-04 19:25:48,71806,45398,20168,-35.13633958165056
PR,74276,ARAPONGAS,0061,247,84444,64346,46270,12880,-51.89133745687378,2026-10-04 17:53:59,2026-10-04 18:44:53,64011,45033,14401,-47.85427504647639
PR,74292,ARAPOTI,0164,66,19003,13753,9426,3483,-43.212390023994764,2026-10-04 17:27:45,2026-10-04 18:12:45,14362,8864,4601,-29.682495474167943
PR,75108,ARAPUÃ,0093,13,3263,2651,1278,1215,-2.3764617125612975,2026-10-04 18:48:51,2026-10-04 19:15:26,2553,1045,1349,11.907559733646691
PR,74314,ARARUNA,0074,36,10853,8514,5079,2827,-26.45055203194738,2026-10-04 17:29:32,2026-10-04 20:45:55,8658,4680,3423,-14.518364518364518
PR,74357,ARAUCÁRIA,0050,341,112066,84807,44601,30847,-16.21800087256948,2026-10-04 17:34:12,2026-10-04 20:04:07,81836,37999,35403,-3.172198054645877
PR,75086,ARIRANHA DO IVAÍ,0196,8,2527,1958,907,935,1.4300306435137895,2026-10-04 17:57:30,2026-10-04 18:59:16,1868,716,1040,17.34475374732334
PR,74373,ASSAÍ,0035,44,12321,8981,6168,2240,-43.73677764168801,2026-10-04 17:39:37,2026-10-04 18:24:01,9376,6066,2597,-36.99872013651877
PR,79537,ASSIS CHATEAUBRIAND,0113,87,27256,21045,13775,5958,-37.14421477785697,2026-10-04 18:16:14,2026-10-04 19:30:47,21103,12632,7231,-25.593517509358858
PR,74390,ASTORGA,0067,63,19627,15201,10863,3530,-48.24024735214788,2026-10-04 17:59:30,2026-10-04 18:48:51,15498,10530,4104,-41.46341463414634
PR,74411,ATALAIA,0071,12,3479,2779,1687,932,-27.16804605973372,2026-10-04 17:33:46,2026-10-04 17:40:36,2855,1544,1128,-14.57092819614711
PR,74438,BALSA NOVA,0182,40,12129,9478,5851,2840,-31.768305549694027,2026-10-04 17:40:37,2026-10-04 18:30:25,9109,5077,3346,-19.00318366450763
PR,74454,BANDEIRANTES,0058,82,24411,18078,12532,4584,-43.96504038057307,2026-10-04 18:00:41,2026-10-04 19:05:27,18849,12543,5338,-38.224839514032574
PR,74470,BARBOSA FERRAZ,0133,35,8859,6377,3460,2458,-15.712717578798808,2026-10-04 18:18:48,2026-10-04 19:13:15,6440,3215,2822,-6.10248447204969
PR,74519,BARRA DO JACARÉ,0057,9,2805,2154,1135,874,-12.116991643454039,2026-10-04 18:11:42,2026-10-04 18:32:32,2086,970,985,0.7190795781399808
PR,74497,BARRACÃO,0131,28,7600,5951,3262,2329,-15.67803730465468,2026-10-04 17:41:15,2026-10-04 19:25:04,5914,2990,2674,-5.343253297260738
PR,75124,BELA VISTA DA CAROBA,0083,9,2988,2407,1049,1210,6.688824262567511,2026-10-04 18:35:04,2026-10-04 18:54:46,2419,899,1413,21.248449772633318
PR,74535,BELA VISTA DO PARAÍSO,0077,43,12282,8904,5574,2779,-31.39038634321653,2026-10-04 18:26:26,2026-10-04 18:37:21,9518,5479,3480,-21.002311409960075
PR,74551,BITURUNA,0153,45,12808,9950,5048,4349,-7.025125628140704,2026-10-04 17:33:48,2026-10-04 20:11:58,9678,3737,5378,16.955982641041537
PR,74578,BOA ESPERANÇA,0170,13,3974,3123,2240,744,-47.90265770092859,2026-10-04 18:59:34,2026-10-04 18:59:34,3025,2044,851,-39.43801652892562
PR,74144,BOA ESPERANÇA DO IGUAÇU,0115,8,2309,1896,854,895,2.1624472573839664,2026-10-04 18:26:02,2026-10-04 18:26:02,1940,636,1200,29.072164948453608
PR,75140,BOA VENTURA DE SÃO ROQUE,0038,22,5080,4051,1872,1876,0.09874105159219945,2026-10-04 17:32:45,2026-10-04 19:29:00,4064,1357,2437,26.5748031496063
PR,79812,BOA VISTA DA APARECIDA,0165,20,7107,5429,2910,2189,-13.28053048443544,2026-10-04 18:09:28,2026-10-04 19:22:41,5259,2408,2534,2.3958927552766687
PR,74594,BOCAIÚVA DO SUL,0048,33,10205,7279,4328,2318,-27.613683198241517,2026-10-04 17:21:15,2026-10-04 19:09:55,7268,3684,2990,-9.548706659328564
PR,75167,BOM JESUS DO SUL,0131,14,3699,2990,1403,1423,0.6688963210702341,2026-10-04 17:28:22,2026-10-04 18:34:03,2922,1165,1658,16.872005475701574
PR,74616,BOM SUCESSO,0070,18,5316,4049,1916,1840,-1.8770066683131637,2026-10-04 17:33:48,2026-10-04 17:49:52,4095,1681,2138,11.15995115995116
PR,74160,BOM SUCESSO DO SUL,0073,11,3020,2514,1769,619,-45.74383452665076,2026-10-04 18:21:49,2026-10-04 18:21:49,2458,1428,914,-20.911310008136695
PR,74632,BORRAZÓPOLIS,0110,27,6279,5004,3013,1720,-25.839328537170264,2026-10-04 18:34:03,2026-10-04 18:37:21,5111,2752,2051,-13.715515554685972
PR,79839,BRAGANEY,0126,16,4330,3376,1953,1225,-21.563981042654028,2026-10-04 18:29:17,2026-10-04 18:38:12,3498,1736,1577,-4.545454545454546
PR,74187,BRASILÂNDIA DO SUL,0128,11,3350,2580,1258,1174,-3.255813953488372,2026-10-04 17:58:54,2026-10-04 18:26:26,2427,1009,1307,12.278533168520807
PR,74659,CAFEARA,0159,7,2223,1763,821,861,2.2688598979013044,2026-10-04 18:42:13,2026-10-04 18:42:13,1789,696,1016,17.887087758524316
PR,79855,CAFELÂNDIA,0126,41,13247,10639,7110,2768,-40.812106400977534,2026-10-04 17:21:14,2026-10-04 19:09:23,10416,6502,3346,-30.29953917050691
PR,74209,CAFEZAL DO SUL,0097,15,4161,3195,1970,1020,-29.7339593114241,2026-10-04 17:34:11,2026-10-04 18:26:59,3182,1759,1234,-16.499057196731616
PR,74675,CALIFÓRNIA,0076,25,6940,5369,3498,1487,-37.45576457440864,2026-10-04 17:31:46,2026-10-04 17:57:31,5460,3273,1774,-27.454212454212453
PR,74691,CAMBARÁ,0025,60,17864,12553,7552,4130,-27.26041583685175,2026-10-04 17:38:24,2026-10-04 19:16:43,13409,7432,5128,-17.182489372809307
PR,74730,CAMBIRA,0028,19,6442,4984,3314,1376,-38.88443017656501,2026-10-04 17:35:04,2026-10-04 18:35:58,4916,2872,1710,-23.637103336045566
PR,74713,CAMBÉ,0078,224,76178,56980,36772,14688,-38.75745875745876,2026-10-04 17:34:11,2026-10-04 19:07:18,57132,35256,16512,-32.80823356437723
PR,74756,CAMPINA DA LAGOA,0169,42,12371,9247,5520,3125,-25.900291986590247,2026-10-04 17:34:12,2026-10-04 18:55:55,9126,4740,3682,-11.593250054788516
PR,75183,CAMPINA DO SIMÃO,0044,14,3735,2791,1228,1308,2.866356144750985,2026-10-04 18:17:55,2026-10-04 18:45:18,2752,859,1750,32.37645348837209
PR,74772,CAMPINA GRANDE DO SUL,0195,103,35488,26649,15901,8274,-28.620210889714436,2026-10-04 17:36:49,2026-10-04 19:09:54,25851,14279,9482,-18.556342114424975
PR,74780,CAMPO BONITO,0112,12,3695,2812,1515,1135,-13.513513513513514,2026-10-04 17:34:12,2026-10-04 18:16:17,2869,1219,1489,9.410944579993028
PR,74799,CAMPO DO TENENTE,0011,20,6393,5070,3167,1515,-32.58382642998028,2026-10-04 17:54:33,2026-10-04 18:15:22,4932,2770,1776,-20.154095701540957
PR,74810,CAMPO LARGO,0009,296,94798,73035,44882,20761,-33.0266310672965,2026-10-04 17:33:46,2026-10-04 18:32:28,71150,40538,23731,-23.621925509487
PR,75205,CAMPO MAGRO,0182,66,21484,16370,9079,5501,-21.857055589492976,2026-10-04 17:25:26,2026-10-04 19:16:19,15776,7959,6463,-9.482758620689655
PR,74837,CAMPO MOURÃO,0031,216,70262,54281,32846,16646,-29.844697039479744,2026-10-04 17:30:42,2026-10-04 19:11:26,53941,29544,19738,-18.1791216328952
PR,74225,CANDÓI,0203,43,12050,9410,4740,4025,-7.598299681190223,2026-10-04 17:32:05,2026-10-04 18:55:26,9073,3607,5035,15.73900584150777
PR,84514,CANTAGALO,0203,35,9118,6600,3142,3054,-1.3333333333333333,2026-10-04 17:21:14,2026-10-04 18:09:59,6850,2586,3929,19.605839416058394
PR,74870,CAPANEMA,0107,54,15204,11831,6496,4468,-17.14140816499028,2026-10-04 18:12:46,2026-10-04 19:15:04,12092,5671,5737,0.5458154151505127
PR,74896,CAPITÃO LEÔNIDAS MARQUES,0165,34,11861,9013,5165,3336,-20.29291024076334,2026-10-04 17:54:33,2026-10-04 19:14:07,9148,4547,4121,-4.656755574989068
PR,75221,CARAMBEÍ,0139,51,17446,13670,9238,3192,-44.228237015362105,2026-10-04 17:21:14,2026-10-04 18:32:30,13081,8167,3601,-34.905588257778454
PR,74918,CARLÓPOLIS,0056,38,12148,8838,5552,2722,-32.02081918986196,2026-10-04 17:34:11,2026-10-04 18:44:52,8742,4840,3392,-16.56371539693434
PR,74934,CASCAVEL,0068,372,129129,101420,65167,27544,-37.09623348451982,2026-10-04 17:27:46,2026-10-04 18:50:06,99199,59161,31792,-27.58999586689382
PR,74934,CASCAVEL,0143,335,110825,87068,56067,23501,-37.40294941884504,2026-10-04 17:33:47,2026-10-04 19:29:44,85216,51085,27080,-28.16959256477657
PR,74950,CASTRO,0016,188,55971,42298,27057,11474,-36.840985389380116,2026-10-04 17:32:45,2026-10-04 18:57:42,42423,23547,14885,-20.4181693892464
PR,74977,CATANDUVAS,0166,27,7097,5310,3183,1798,-26.08286252354049,2026-10-04 18:12:29,2026-10-04 19:16:19,5344,2773,2285,-9.131736526946108
PR,74993,CENTENÁRIO DO SUL,0159,32,8551,6289,2800,3172,5.915089839402131,2026-10-04 17:28:22,2026-10-04 18:00:43,6543,2515,3744,18.783432676142443
PR,75019,CERRO AZUL,0007,48,13491,9958,4661,4665,0.04016870857601928,2026-10-04 17:33:47,2026-10-04 20:44:16,10112,3831,5588,17.375395569620252
PR,75035,CHOPINZINHO,0103,53,16864,13029,7713,4482,-24.798526364264333,2026-10-04 17:43:18,2026-10-04 18:43:21,13138,6856,5624,-9.377378596437813
PR,75051,CIANORTE,0088,189,58478,44411,30549,10283,-45.63283871113013,2026-10-04 17:34:11,2026-10-04 18:51:30,43913,29090,11573,-39.890237515086646
PR,75078,CIDADE GAÚCHA,0127,32,8899,6611,3676,2559,-16.89608228709726,2026-10-04 19:02:36,2026-10-04 21:12:06,6815,3439,3030,-6.001467351430668
PR,75094,CLEVELÂNDIA,0047,50,13247,9792,5539,3826,-17.493872549019606,2026-10-04 17:32:05,2026-10-04 17:54:33,9941,4542,4942,4.023740066391711
PR,75132,COLOMBO,0049,238,78670,59793,34514,18722,-26.41111835833626,2026-10-04 17:58:53,2026-10-04 18:54:47,59093,31721,21383,-17.49445788841318
PR,75132,COLOMBO,0186,248,83284,63247,35476,21012,-22.86906888864294,2026-10-04 18:11:16,2026-10-04 19:22:18,62186,32434,23749,-13.966166018074809
PR,75159,COLORADO,0095,59,17627,13343,7552,4883,-20.002997826575733,2026-10-04 17:54:16,2026-10-04 18:45:17,14192,6809,6429,-2.677564825253664
PR,75175,CONGONHINHAS,0099,21,6609,4760,2129,2378,5.23109243697479,2026-10-04 17:34:12,2026-10-04 18:28:28,4973,1829,2867,20.872712648300823
PR,75191,CONSELHEIRO MAIRINCK,0079,10,3221,2368,1260,956,-12.837837837837839,2026-10-04 20:14:18,2026-10-04 20:51:41,2295,1053,1086,1.4379084967320261
PR,75213,CONTENDA,0050,42,13638,10651,6403,3327,-28.879917378649893,2026-10-04 17:33:48,2026-10-04 18:57:43,10195,5161,4153,-9.887199607650809
PR,75230,CORBÉLIA,0126,45,13858,11081,7590,2774,-43.46178142766898,2026-10-04 17:34:11,2026-10-04 19:13:35,11093,6762,3633,-28.206977373118182
PR,75256,CORNÉLIO PROCÓPIO,0026,121,35102,25953,16058,7747,-32.023272839363464,2026-10-04 18:33:03,2026-10-04 19:01:44,27317,15591,9379,-22.74041805469122
PR,75248,CORONEL DOMINGOS SOARES,0032,18,5280,3934,1864,1877,0.3304524656837824,2026-10-04 17:31:44,2026-10-04 19:30:47,3873,1356,2383,26.51691195455719
PR,75272,CORONEL VIVIDA,0101,59,17708,13946,7845,5245,-18.643338591710886,2026-10-04 17:57:30,2026-10-04 19:01:44,13857,6546,6480,-0.4762935700368045
PR,75280,CORUMBATAÍ DO SUL,0133,12,3757,2753,1295,1250,-1.6345804576825282,2026-10-04 19:25:22,2026-10-04 22:34:17,2692,1090,1358,9.955423476968797
PR,75337,CRUZ MACHADO,0153,50,13735,10654,6358,3203,-29.61329078280458,2026-10-04 17:32:46,2026-10-04 19:25:22,10634,5320,4237,-10.18431446304307
PR,74241,CRUZEIRO DO IGUAÇU,0115,13,3622,2840,1464,1185,-9.82394366197183,2026-10-04 18:50:06,2026-10-04 18:50:06,2926,1194,1598,13.807245386192754
PR,75299,CRUZEIRO DO OESTE,0086,56,16510,12154,7335,4065,-26.904722725028797,2026-10-04 17:28:22,2026-10-04 20:50:03,12561,7255,4627,-20.921901122522094
PR,75310,CRUZEIRO DO SUL,0091,12,3922,2913,1298,1449,5.183659457603845,2026-10-04 18:34:02,2026-10-04 18:34:02,3083,1144,1776,20.499513460914695
PR,75264,CRUZMALTINA,0110,11,2730,2101,1227,728,-23.750594954783438,2026-10-04 18:15:23,2026-10-04 18:15:23,2104,1129,827,-14.35361216730038
PR,75353,CURITIBA,0001,414,137107,107790,59213,34483,-22.942759068559237,2026-10-04 17:30:04,2026-10-04 18:43:20,109717,58653,33727,-22.71844837171997
PR,75353,CURITIBA,0002,402,150108,117549,67585,35092,-27.642089681749738,2026-10-04 17:34:10,2026-10-04 18:34:02,116719,64916,34626,-25.951216168747163
PR,75353,CURITIBA,0003,388,139025,106632,61722,32207,-27.679308275189438,2026-10-04 17:33:48,2026-10-04 19:05:06,108293,60709,34269,-24.41524382924104
PR,75353,CURITIBA,0004,401,142789,110271,63477,33051,-27.592023288081183,2026-10-04 17:34:11,2026-10-04 18:20:35,111828,61793,34866,-24.07894266194513
PR,75353,CURITIBA,0145,390,139606,106374,62675,31683,-29.13493898885066,2026-10-04 17:34:12,2026-10-04 18:24:02,109003,60306,36903,-21.470051282992213
PR,75353,CURITIBA,0174,410,139717,108103,65302,29712,-32.922305578938605,2026-10-04 17:34:12,2026-10-04 18:39:16,109675,64121,31217,-30.001367677228174
PR,75353,CURITIBA,0175,388,137547,103139,56639,34707,-21.264507121457452,2026-10-04 17:34:12,2026-10-04 18:27:01,102382,52574,39396,-12.87140317633959
PR,75353,CURITIBA,0176,403,130590,102209,61780,28232,-32.82294122826757,2026-10-04 17:29:33,2026-10-04 18:32:30,103687,60655,29883,-29.677780242460482
PR,75353,CURITIBA,0177,445,150833,115634,60632,41323,-16.698375910199424,2026-10-04 17:34:11,2026-10-04 18:26:27,121554,62121,42009,-16.545732760748308
PR,75353,CURITIBA,0178,415,147826,115733,69696,31609,-32.909368978597286,2026-10-04 17:34:11,2026-10-04 18:15:23,115196,66461,31270,-30.548803777908955
PR,75370,CURIÚVA,0119,35,10807,7559,4476,2615,-24.619658685011245,2026-10-04 17:32:46,2026-10-04 17:51:37,7665,3727,3399,-4.279191128506197
PR,74853,CÂNDIDO DE ABREU,0106,51,11738,8704,4879,3243,-18.795955882352942,2026-10-04 17:32:46,2026-10-04 18:56:27,8808,4339,3842,-5.642597638510445
PR,79570,CÉU AZUL,0118,27,8788,6985,5247,1389,-55.23264137437366,2026-10-04 17:31:44,2026-10-04 19:14:07,6993,4921,1669,-46.5036465036465
PR,75400,DIAMANTE D'OESTE,0129,17,3758,2955,1266,1555,9.780033840947546,2026-10-04 19:21:02,2026-10-04 19:21:02,2955,1066,1718,22.06429780033841
PR,75396,DIAMANTE DO NORTE,0096,13,4379,3255,1902,1170,-22.48847926267281,2026-10-04 20:10:56,2026-10-04 20:10:56,3359,1765,1433,-9.883894016076214
PR,74268,DIAMANTE DO SUL,0112,12,3479,2572,1401,1082,-12.402799377916018,2026-10-04 17:25:26,2026-10-04 17:42:02,2435,1137,1201,2.628336755646817
PR,75418,DOIS VIZINHOS,0115,104,33146,26747,15013,10056,-18.532919579765956,2026-10-04 17:40:37,2026-10-04 18:27:01,25995,12240,12522,1.0848240046162723
PR,84654,DOURADINA,0142,22,6988,5465,3589,1545,-37.40164684354986,2026-10-04 18:34:03,2026-10-04 19:25:22,5230,3083,1898,-22.65774378585086
PR,75434,DOUTOR CAMARGO,0154,17,5175,4038,2659,1152,-37.32045567112432,2026-10-04 18:57:43,2026-10-04 18:57:43,3976,2367,1321,-26.30784708249497
PR,74942,DOUTOR ULYSSES,0007,20,5209,3889,1851,1796,-1.414245307276935,2026-10-04 17:34:11,2026-10-04 18:17:18,3790,1452,2113,17.440633245382585
PR,75477,ENGENHEIRO BELTRÃO,0116,33,10063,7632,4654,2494,-28.30188679245283,2026-10-04 17:31:46,2026-10-04 18:39:51,8081,4485,3101,-17.12659324341047
PR,74284,ENTRE RIOS DO OESTE,0129,15,3721,3085,2257,644,-52.28525121555916,2026-10-04 19:14:07,2026-10-04 19:21:03,3038,2159,771,-45.68795260039499
PR,75450,ENÉAS MARQUES,0069,17,5490,4418,2121,1988,-3.010411951109099,2026-10-04 17:45:20,2026-10-04 18:37:20,4351,1701,2404,16.157205240174672
PR,75302,ESPERANÇA NOVA,0135,7,2112,1565,1049,427,-39.7444089456869,2026-10-04 18:20:35,2026-10-04 18:20:35,1563,981,501,-30.71017274472169
PR,75329,ESPIGÃO ALTO DO IGUAÇU,0163,16,4416,3333,1937,1239,-20.942094209420944,2026-10-04 18:11:42,2026-10-04 18:45:17,3216,1795,1278,-16.07587064676617
PR,74306,FAROL,0183,10,2837,2172,1157,897,-11.970534069981584,2026-10-04 17:24:22,2026-10-04 18:54:47,2200,1026,1066,1.8181818181818181
PR,75493,FAXINAL,0110,45,12177,9400,6470,2331,-44.03191489361702,2026-10-04 17:38:24,2026-10-04 18:22:18,9380,6007,2744,-34.78678038379531
PR,74322,FAZENDA RIO GRANDE,0144,259,94019,68615,39363,21881,-25.478393937185746,2026-10-04 17:58:54,2026-10-04 20:51:41,62309,32547,24054,-13.6304546694699
PR,75345,FERNANDES PINHEIRO,0053,20,5554,4309,2288,1731,-12.926433047110699,2026-10-04 17:53:57,2026-10-04 20:07:52,4342,1912,2116,4.698295716259788
PR,84573,FIGUEIRA,0119,19,6360,4571,2071,2255,4.025377379129293,2026-10-04 18:10:59,2026-10-04 20:14:18,4831,1800,2758,19.830262885530946
PR,74349,FLOR DA SERRA DO SUL,0140,17,4381,3408,1771,1413,-10.504694835680752,2026-10-04 17:43:17,2026-10-04 17:47:49,3648,1559,1917,9.81359649122807
PR,75531,FLORAÍ,0071,15,4346,3533,2132,1183,-26.86102462496462,2026-10-04 17:33:48,2026-10-04 18:44:32,3617,1959,1452,-14.017141277301631
PR,75558,FLORESTA,0154,24,8070,6214,4014,1779,-35.9671709044094,2026-10-04 19:01:19,2026-10-04 19:04:39,5551,3202,2000,-21.653756079985587
PR,75574,FLORESTÓPOLIS,0065,34,9394,7398,3439,3450,0.1486888348202217,2026-10-04 18:19:30,2026-10-04 18:47:55,7617,3318,3940,8.165944597610608
PR,75590,FLÓRIDA,0150,9,2410,1933,1020,789,-11.950336264873254,2026-10-04 17:57:31,2026-10-04 18:15:09,1944,891,916,1.286008230452675
PR,75612,FORMOSA DO OESTE,0120,21,6080,4559,2982,1294,-37.025663522702345,2026-10-04 17:31:44,2026-10-04 18:39:15,4719,2823,1592,-26.086035176944268
PR,75639,FOZ DO IGUAÇU,0046,247,81849,62936,39677,18519,-33.61827888648786,2026-10-04 17:44:58,2026-10-04 18:44:52,85301,53487,26179,-32.01369268824516
PR,75639,FOZ DO IGUAÇU,0104,214,73529,55957,33898,17995,-28.420036813982165,2026-10-04 17:34:11,2026-10-04 18:37:21,,,,
PR,75639,FOZ DO IGUAÇU,0147,165,53743,41243,24039,13869,-24.65872996629731,2026-10-04 17:33:47,2026-10-04 18:46:39,70991,41660,24566,-24.079108619402458
PR,75361,FOZ DO JORDÃO,0168,16,4360,3209,1280,1746,14.521657837332503,2026-10-04 17:21:14,2026-10-04 18:11:16,3287,1079,2098,31.00091268634013
PR,79774,FRANCISCO ALVES,0097,21,6100,4442,2856,1370,-33.45339936965331,2026-10-04 17:58:56,2026-10-04 17:58:56,4541,2695,1673,-22.50605593481612
PR,75655,FRANCISCO BELTRÃO,0069,217,66806,54033,29992,19798,-18.86624840375326,2026-10-04 17:32:45,2026-10-04 18:44:52,53894,25704,24595,-2.057742976954763
PR,75515,FÊNIX,0116,12,3851,2921,1433,1286,-5.032523108524478,2026-10-04 17:42:18,2026-10-04 20:50:03,3005,1347,1455,3.594009983361065
PR,75671,GENERAL CARNEIRO,0153,32,8667,6495,3335,2785,-8.468052347959969,2026-10-04 17:30:42,2026-10-04 20:37:17,6444,2676,3472,12.352576039726877
PR,74004,GODOY MOREIRA,0132,11,2850,2150,877,1151,12.744186046511627,2026-10-04 18:44:53,2026-10-04 18:44:53,2065,719,1217,24.116222760290558
PR,75698,GOIOERÊ,0092,72,21161,16178,10278,4969,-32.81617010755347,2026-10-04 18:11:16,2026-10-04 19:02:55,16551,9772,5706,-24.566491450667634
PR,75388,GOIOXIM,0203,20,5428,4085,1785,2056,6.634026927784578,2026-10-04 17:27:45,2026-10-04 19:16:18,4152,1267,2666,33.69460500963391
PR,79596,GRANDES RIOS,0136,18,4758,3598,2260,1094,-32.40689271817676,2026-10-04 17:28:22,2026-10-04 18:57:42,3705,2209,1278,-25.128205128205128
PR,75736,GUAIRAÇÁ,0105,17,5399,4006,2456,1322,-28.30753869196206,2026-10-04 17:42:00,2026-10-04 18:59:34,3990,2089,1689,-10.025062656641603
PR,75426,GUAMIRANGA,0029,22,6603,5374,3420,1596,-33.94119836248604,2026-10-04 17:32:47,2026-10-04 18:34:03,5326,2967,2042,-17.3676304919264
PR,75752,GUAPIRAMA,0055,12,4064,2983,1626,1140,-16.292323164599395,2026-10-04 19:21:01,2026-10-04 19:21:01,2932,1440,1338,-3.478854024556617
PR,75779,GUAPOREMA,0127,6,1979,1473,859,510,-23.693143245078073,2026-10-04 20:57:54,2026-10-04 20:57:54,1548,823,655,-10.852713178294573
PR,75795,GUARACI,0064,15,4224,3283,2003,1089,-27.8403898872982,2026-10-04 17:42:00,2026-10-04 18:27:21,3367,1928,1245,-20.285120285120286
PR,75817,GUARANIAÇU,0112,44,11100,8373,5465,2436,-36.17580317687806,2026-10-04 17:33:46,2026-10-04 19:00:48,8606,4971,3101,-21.729026260748316
PR,75833,GUARAPUAVA,0043,252,75500,58652,32819,21144,-19.90554456796017,2026-10-04 17:32:46,2026-10-04 19:21:02,58720,28303,26063,-3.8147138964577656
PR,75833,GUARAPUAVA,0044,186,58346,44710,24041,16981,-15.790650861104899,2026-10-04 18:32:01,2026-10-04 19:01:44,44807,20354,21060,1.5756466623518646
PR,75850,GUARAQUEÇABA,0006,29,7430,5218,2717,2182,-10.252970486776542,2026-10-04 17:33:46,2026-10-04 19:10:32,5236,2593,2299,-5.614973262032086
PR,75876,GUARATUBA,0161,95,32489,23373,14855,6607,-35.28858084114149,2026-10-04 17:33:48,2026-10-04 18:38:12,21206,13350,6412,-32.71715552202207
PR,75710,GUAÍRA,0090,82,23809,17829,12008,4848,-40.15929104268327,2026-10-04 17:33:47,2026-10-04 18:12:47,17889,11413,5649,-32.22091788249762
PR,74365,HONÓRIO SERPA,0101,14,4366,3423,1585,1670,2.483201869704937,2026-10-04 17:23:43,2026-10-04 18:48:51,3472,1284,2060,22.350230414746544
PR,75892,IBAITI,0079,74,21627,15729,9639,5046,-29.20083921419035,2026-10-04 17:21:36,2026-10-04 19:07:18,15850,8570,6214,-14.864353312302839
PR,74020,IBEMA,0166,20,5098,3847,1962,1630,-8.630101377696906,2026-10-04 18:34:02,2026-10-04 18:34:02,3849,1711,1908,5.118212522733177
PR,75914,IBIPORÃ,0080,119,39987,28952,18657,7746,-37.68651561204753,2026-10-04 17:30:52,2026-10-04 19:07:18,29847,18186,8870,-31.21251717090495
PR,75930,ICARAÍMA,0172,24,7070,5314,3480,1602,-35.34060971019947,2026-10-04 17:32:46,2026-10-04 18:41:16,5368,3195,1904,-24.049925484351714
PR,75957,IGUARAÇU,0067,12,4057,3157,1985,967,-32.245802977510294,2026-10-04 18:54:48,2026-10-04 19:02:55,3039,1745,1126,-20.368542283645937
PR,74381,IGUATU,0126,8,2131,1716,836,787,-2.8554778554778553,2026-10-04 18:35:23,2026-10-04 18:35:23,1624,724,838,7.019704433497537
PR,75442,IMBAÚ,0111,29,8865,6698,3387,2890,-7.42012541057032,2026-10-04 18:34:02,2026-10-04 18:47:54,6545,2889,3361,7.21161191749427
PR,75973,IMBITUVA,0029,76,23461,18528,11802,5216,-35.546200345423145,2026-10-04 17:32:47,2026-10-04 18:45:17,18544,10535,6530,-21.59728213977567
PR,76015,INAJÁ,0091,8,2546,1951,869,994,6.406970784213224,2026-10-04 17:32:05,2026-10-04 18:15:23,1883,646,1127,25.544344131704726
PR,79618,INDIANÓPOLIS,0149,14,3803,2869,1749,943,-28.093412338794003,2026-10-04 17:53:58,2026-10-04 17:53:58,2933,1645,1094,-18.78622570746676
PR,75990,INÁCIO MARTINS,0034,31,8367,6556,3172,2850,-4.911531421598536,2026-10-04 17:43:17,2026-10-04 18:51:30,6487,2610,3486,13.503930938800679
PR,76031,IPIRANGA,0036,41,11267,9021,6042,2128,-43.38765103647046,2026-10-04 17:28:55,2026-10-04 20:55:09,9060,5220,3046,-23.995584988962474
PR,76058,IPORÃ,0097,47,12170,8889,5671,2683,-33.61457981775228,2026-10-04 17:33:46,2026-10-04 18:19:28,9081,5401,3204,-24.193370774143816
PR,74403,IRACEMA DO OESTE,0120,9,2427,1885,976,810,-8.806366047745358,2026-10-04 17:31:45,2026-10-04 18:22:19,1831,826,923,5.297651556526488
PR,76074,IRATI,0034,161,45672,35440,21227,10632,-29.895598194130926,2026-10-04 17:57:30,2026-10-04 19:09:54,36142,19046,13475,-15.414199546234299
PR,76090,IRETAMA,0141,26,7961,5710,2869,2459,-7.1803852889667255,2026-10-04 17:28:54,2026-10-04 18:47:54,5842,2336,3083,12.786716877781581
PR,76112,ITAGUAJÉ,0095,11,3512,2752,1395,1213,-6.613372093023256,2026-10-04 19:21:02,2026-10-04 19:21:02,2671,1154,1397,9.09771621115687
PR,75000,ITAIPULÂNDIA,0122,30,9902,8068,4998,2632,-29.325731284085276,2026-10-04 18:11:15,2026-10-04 18:34:03,7499,4355,2877,-19.709294572609682
PR,76139,ITAMBARACÁ,0057,16,5267,3820,2391,1220,-30.654450261780106,2026-10-04 18:19:30,2026-10-04 18:56:27,3705,2090,1433,-17.732793522267208
PR,76155,ITAMBÉ,0081,18,5052,4121,2467,1342,-27.299199223489445,2026-10-04 19:04:21,2026-10-04 19:04:21,4041,2179,1600,-14.328136599851522
PR,76171,ITAPEJARA D'OESTE,0073,28,9159,7251,3931,2878,-14.522134877947869,2026-10-04 17:33:47,2026-10-04 18:59:16,7256,3201,3728,7.262954796030871
PR,74446,ITAPERUÇU,0156,61,21624,17457,7469,8697,7.034427450306468,2026-10-04 17:24:52,2026-10-04 20:52:09,16751,5803,9972,24.888066384096472
PR,76198,ITAÚNA DO SUL,0096,10,2788,2046,829,1076,12.072336265884653,2026-10-04 17:43:15,2026-10-04 17:45:01,2138,682,1338,30.68288119738073
PR,76236,IVAIPORÃ,0093,82,24012,18776,10742,6516,-22.507456327226247,2026-10-04 17:59:30,2026-10-04 22:41:06,19094,9658,7963,-8.877134178275899
PR,76252,IVATUBA,0154,12,3152,2283,1397,673,-31.712658782303986,2026-10-04 18:30:22,2026-10-04 18:43:20,2027,1152,725,-21.06561420818944
PR,74462,IVATÉ,0172,20,5439,4226,2276,1679,-14.126833885470894,2026-10-04 17:40:36,2026-10-04 18:33:02,4394,2178,1959,-4.9840691852526176
PR,76210,IVAÍ,0036,37,10656,8614,5550,2445,-36.045971674019036,2026-10-04 17:59:29,2026-10-04 19:05:05,8477,4585,3288,-15.300224135897134
PR,76279,JABOTI,0019,15,4523,3505,2108,1146,-27.446504992867332,2026-10-04 18:24:01,2026-10-04 19:15:26,3325,1778,1338,-13.233082706766917
PR,76295,JACAREZINHO,0024,102,29711,21765,11043,9267,-8.159889731219849,2026-10-04 17:38:24,2026-10-04 19:21:02,22693,10508,10741,1.0267483364914292
PR,76317,JAGUAPITÃ,0064,33,11056,7873,5042,2280,-35.081925568398326,2026-10-04 17:43:15,2026-10-04 18:54:47,7942,4666,2841,-22.979098463863007
PR,76333,JAGUARIAÍVA,0018,85,25982,19374,12904,5219,-39.666563435532154,2026-10-04 17:36:26,2026-10-04 19:21:03,19970,11916,6973,-24.75212819228843
PR,76350,JANDAIA DO SUL,0070,56,16534,12751,8694,2994,-44.702376284213,2026-10-04 17:31:46,2026-10-04 18:37:56,13016,8153,3818,-33.30516287645974
PR,76376,JANIÓPOLIS,0183,16,4944,3668,1901,1571,-8.996728462377318,2026-10-04 17:30:04,2026-10-04 18:51:30,3687,1724,1771,1.2747491185245456
PR,76392,JAPIRA,0079,14,3943,2932,1576,1159,-14.22237380627558,2026-10-04 18:22:19,2026-10-04 19:16:19,2840,1314,1354,1.408450704225352
PR,76414,JAPURÁ,0149,25,7452,5861,3976,1476,-42.65483705852244,2026-10-04 17:42:18,2026-10-04 19:21:02,5709,3681,1657,-35.45279383429673
PR,76430,JARDIM ALEGRE,0093,33,9012,7120,3850,2847,-14.087078651685394,2026-10-04 17:38:24,2026-10-04 20:30:17,7136,3455,3297,-2.2141255605381165
PR,76457,JARDIM OLINDA,0091,5,1350,1113,429,626,17.69991015274034,2026-10-04 17:34:11,2026-10-04 17:36:05,1023,280,670,38.12316715542522
PR,76473,JATAIZINHO,0080,31,9482,7052,4190,2336,-26.290414066931366,2026-10-04 17:33:48,2026-10-04 18:24:01,7193,4050,2646,-19.518976782983454
PR,79979,JESUÍTAS,0120,25,7384,5810,3597,1856,-29.965576592082616,2026-10-04 17:34:11,2026-10-04 19:16:42,5755,3235,2168,-18.540399652476108
PR,76490,JOAQUIM TÁVORA,0055,28,9226,6808,4212,2112,-30.846063454759108,2026-10-04 17:54:17,2026-10-04 19:05:06,6967,3916,2644,-18.257499641165495
PR,76511,JUNDIAÍ DO SUL,0082,9,2911,2120,965,1035,3.30188679245283,2026-10-04 17:33:48,2026-10-04 19:04:21,1990,732,1147,20.85427135678392
PR,84638,JURANDA,0098,21,6202,4962,3295,1412,-37.94840790004031,2026-10-04 18:27:21,2026-10-04 18:44:53,4788,2781,1774,-21.03174603174603
PR,76538,JUSSARA,0149,17,5485,4174,2419,1434,-23.598466698610444,2026-10-04 17:41:14,2026-10-04 18:25:04,4276,2334,1695,-14.943872778297473
PR,76554,KALORÉ,0070,14,4004,3256,1967,1119,-26.044226044226043,2026-10-04 18:24:01,2026-10-04 18:37:21,3087,1596,1279,-10.268869452542923
PR,76570,LAPA,0010,119,36461,27960,16244,9069,-25.661659513590845,2026-10-04 17:38:24,2026-10-04 19:15:04,28563,14813,11103,-12.988831705353078
PR,74985,LARANJAL,0134,18,4694,3590,1457,1988,14.79108635097493,2026-10-04 17:35:20,2026-10-04 18:56:27,3552,1068,2344,35.92342342342342
PR,76597,LARANJEIRAS DO SUL,0045,84,24304,17876,8871,7835,-5.795479973148355,2026-10-04 17:32:05,2026-10-04 20:46:57,19008,7698,10256,13.457491582491583
PR,76619,LEÓPOLIS,0026,13,3502,2779,1465,1147,-11.442965095358042,2026-10-04 17:51:37,2026-10-04 19:14:07,2657,1152,1344,7.226194956718103
PR,74489,LIDIANÓPOLIS,0093,13,3461,2784,1757,874,-31.716954022988507,2026-10-04 17:29:33,2026-10-04 19:23:43,2570,1487,939,-21.32295719844358
PR,74047,LINDOESTE,0143,16,5116,3929,1785,1898,2.8760498854670398,2026-10-04 19:12:50,2026-10-04 19:21:03,3899,1529,2173,16.51705565529623
PR,76635,LOANDA,0085,56,15869,12262,7922,3646,-34.87196215951721,2026-10-04 17:34:11,2026-10-04 17:55:32,11990,7214,4181,-25.29608006672227
PR,76651,LOBATO,0150,13,3851,2960,1572,1193,-12.804054054054054,2026-10-04 17:38:25,2026-10-04 18:12:47,3026,1429,1413,-0.5287508261731659
PR,76678,LONDRINA,0041,321,99568,74991,49646,17391,-43.01182808603699,2026-10-04 17:33:46,2026-10-04 18:44:30,76777,50743,17785,-42.9269182176954
PR,76678,LONDRINA,0042,291,99857,77968,50504,19431,-39.85352965319105,2026-10-04 17:32:05,2026-10-04 18:50:06,80412,51590,19358,-40.08356961647515
PR,76678,LONDRINA,0146,298,98530,75196,49270,17937,-41.66843981062822,2026-10-04 17:34:12,2026-10-04 19:21:03,75568,48112,19026,-38.4898369680288
PR,76678,LONDRINA,0157,290,97023,71172,45588,17673,-39.22188501095937,2026-10-04 17:34:12,2026-10-04 19:13:35,72188,45719,18441,-37.78744389649249
PR,75809,LUIZIANA,0183,19,5953,4500,2333,1896,-9.71111111111111,2026-10-04 17:33:46,2026-10-04 18:35:22,4405,1958,2219,5.925085130533485
PR,84590,LUNARDELLI,0132,14,4235,3179,1746,1227,-16.325888644227746,2026-10-04 18:10:59,2026-10-04 18:51:30,3207,1595,1400,-6.080449017773621
PR,76694,LUPIONÓPOLIS,0159,14,4003,3104,1465,1479,0.45103092783505155,2026-10-04 17:34:12,2026-10-04 18:26:02,3074,1260,1657,12.91476903057905
PR,76716,MALLET,0037,37,10552,8236,5337,2100,-39.30305973773677,2026-10-04 17:58:53,2026-10-04 18:28:28,8423,4766,2940,-21.678736792116823
PR,76732,MAMBORÊ,0170,38,10615,8240,5730,2104,-44.00485436893204,2026-10-04 17:58:54,2026-10-04 18:25:04,8486,5324,2693,-31.004006599104407
PR,76775,MANDAGUARI,0060,86,27663,20576,13488,5397,-39.32251166407465,2026-10-04 17:34:12,2026-10-04 19:08:16,21364,12588,7055,-25.89870810709605
PR,76759,MANDAGUAÇU,0102,64,19903,14709,8997,4608,-29.83887415867836,2026-10-04 17:33:48,2026-10-04 18:24:02,14303,7912,5335,-18.017199188981333
PR,76791,MANDIRITUBA,0144,62,19907,15158,8758,5138,-23.88177859875973,2026-10-04 18:10:59,2026-10-04 19:02:36,14758,7614,6100,-10.258842661607265
PR,75469,MANFRINÓPOLIS,0069,11,3122,2489,970,1383,16.593009240658898,2026-10-04 18:26:02,2026-10-04 19:05:05,2422,712,1609,37.0355078447564
PR,75116,MANGUEIRINHA,0168,47,13764,10479,5398,4480,-8.760377898654452,2026-10-04 17:32:44,2026-10-04 18:34:02,10609,4459,5683,11.537373927797153
PR,76813,MANOEL RIBAS,0196,42,11018,8629,5884,2244,-42.183335264804725,2026-10-04 17:21:14,2026-10-04 18:17:54,8482,5099,2930,-25.571799103984908
PR,76830,MARECHAL CÂNDIDO RONDON,0121,154,40475,32596,23987,6627,-53.25806847465947,2026-10-04 18:13:18,2026-10-04 18:50:06,32314,22717,7801,-46.159559324131955
PR,76856,MARIA HELENA,0142,15,4789,3698,2011,1506,-13.656030286641428,2026-10-04 18:50:05,2026-10-04 20:49:38,3790,1878,1720,-4.1688654353562
PR,76872,MARIALVA,0081,99,30178,23136,15602,5730,-42.66943291839557,2026-10-04 18:00:41,2026-10-04 18:48:50,22502,13810,6796,-31.170562616656298
PR,79758,MARILENA,0096,19,5989,4483,2077,2131,1.204550524202543,2026-10-04 18:16:16,2026-10-04 19:15:04,4407,1699,2506,18.311776718856365
PR,76899,MARILUZ,0086,26,7588,5721,2917,2480,-7.63852473343821,2026-10-04 18:17:52,2026-10-04 18:17:52,6010,2761,2958,3.2778702163061566
PR,74330,MARILÂNDIA DO SUL,0076,28,7142,5353,3492,1462,-37.922660190547354,2026-10-04 17:34:11,2026-10-04 20:07:52,5552,3297,1853,-26.00864553314121
PR,76910,MARINGÁ,0066,331,103177,80273,52719,19520,-41.357617131538625,2026-10-04 17:31:45,2026-10-04 18:33:03,79506,49842,20771,-36.56453600986089
PR,76910,MARINGÁ,0137,305,98048,74167,47045,19639,-36.95174403710545,2026-10-04 17:33:46,2026-10-04 19:10:32,73948,43884,22314,-29.16914588629848
PR,76910,MARINGÁ,0192,338,101587,77702,46820,23005,-30.64914674010965,2026-10-04 17:34:11,2026-10-04 18:29:17,76003,42995,24449,-24.401668355196506
PR,74500,MARIPÁ,0124,18,5176,4304,3440,674,-64.26579925650557,2026-10-04 18:58:14,2026-10-04 19:02:55,4168,3214,762,-58.829174664107484
PR,76937,MARIÓPOLIS,0047,19,5494,4289,2733,1324,-32.85148053159244,2026-10-04 17:33:46,2026-10-04 17:46:21,4280,2301,1755,-12.757009345794392
PR,76953,MARMELEIRO,0140,37,11778,9225,5002,3580,-15.414634146341463,2026-10-04 17:34:11,2026-10-04 18:19:05,9268,4066,4669,6.506258092360811
PR,75485,MARQUINHO,0134,16,3876,2970,1473,1337,-4.579124579124579,2026-10-04 17:59:30,2026-10-04 18:39:16,3045,1171,1727,18.25944170771757
PR,76970,MARUMBI,0070,13,3950,3202,1706,1262,-13.86633354153654,2026-10-04 17:34:12,2026-10-04 17:47:51,3090,1412,1530,3.8187702265372168
PR,76996,MATELÂNDIA,0118,42,13751,10900,8141,2214,-54.37614678899082,2026-10-04 17:31:44,2026-10-04 19:21:02,10444,7545,2365,-49.597855227882036
PR,79634,MATINHOS,0194,100,35293,23989,13302,8531,-19.888282129309268,2026-10-04 18:09:28,2026-10-04 19:21:02,22419,11805,8736,-13.689281413087114
PR,74527,MATO RICO,0038,16,3238,2480,1146,1173,1.0887096774193548,2026-10-04 17:43:16,2026-10-04 18:12:29,2497,802,1536,29.395274329195033
PR,74543,MAUÁ DA SERRA,0076,25,7691,5845,3565,1928,-28.00684345594525,2026-10-04 17:32:45,2026-10-04 19:05:05,5728,3074,2340,-12.814245810055866
PR,77011,MEDIANEIRA,0114,126,37479,29271,19850,7595,-41.86737726760275,2026-10-04 17:21:33,2026-10-04 18:28:28,29339,18589,9159,-32.141518115818535
PR,74560,MERCEDES,0121,20,4929,4193,3387,577,-67.01645599809206,2026-10-04 19:00:47,2026-10-04 19:00:47,4029,3174,703,-61.33035492678084
PR,77038,MIRADOR,0100,8,2160,1562,633,834,12.868117797695263,2026-10-04 18:24:01,2026-10-04 19:21:02,1646,548,1022,28.79708383961118
PR,77054,MIRASELVA,0065,7,1851,1530,862,600,-17.124183006535947,2026-10-04 19:00:13,2026-10-04 19:00:13,1499,759,668,-6.070713809206137
PR,84697,MISSAL,0114,33,9671,7949,5368,2101,-41.09950937224808,2026-10-04 17:32:46,2026-10-04 18:15:08,7545,4788,2428,-31.278992710404243
PR,77070,MOREIRA SALES,0092,36,9161,7094,4197,2584,-22.737524668734142,2026-10-04 18:33:03,2026-10-04 18:33:03,7239,3943,2933,-13.952203343003177
PR,77097,MORRETES,0051,47,14680,10835,6155,3892,-20.886017535763727,2026-10-04 17:21:13,2026-10-04 19:16:18,10536,5666,4040,-15.432801822323462
PR,77119,MUNHOZ DE MELLO,0150,11,3547,2769,1627,999,-22.679667750090285,2026-10-04 17:54:17,2026-10-04 18:19:05,2709,1430,1132,-11.000369139904024
PR,77135,NOSSA SENHORA DAS GRAÇAS,0095,11,3173,2431,1064,1189,5.1419169066227886,2026-10-04 18:29:18,2026-10-04 18:29:18,2449,917,1390,19.31400571661903
PR,77151,NOVA ALIANÇA DO IVAÍ,0072,5,1565,1210,657,470,-15.454545454545455,2026-10-04 19:01:19,2026-10-04 19:01:19,1185,529,589,5.063291139240507
PR,77178,NOVA AMÉRICA DA COLINA,0035,12,3349,2739,1534,1060,-17.305585980284775,2026-10-04 17:35:04,2026-10-04 18:15:23,2557,1223,1184,-1.5252248728979272
PR,79650,NOVA AURORA,0120,35,9631,7844,5094,2338,-35.13513513513514,2026-10-04 17:34:12,2026-10-04 19:21:02,8012,4841,2776,-25.773839241138294
PR,77194,NOVA CANTU,0169,22,6004,4692,2148,2298,3.1969309462915603,2026-10-04 17:38:25,2026-10-04 18:44:53,4621,1728,2596,18.78381302748323
PR,77216,NOVA ESPERANÇA,0071,74,19494,14948,9358,4503,-32.47926143965748,2026-10-04 17:51:56,2026-10-04 18:37:21,15312,8915,5297,-23.628526645768027
PR,75027,NOVA ESPERANÇA DO SUDOESTE,0162,16,5165,4219,1985,1971,-0.33183218772220907,2026-10-04 18:26:59,2026-10-04 19:09:22,3921,1439,2266,21.091558275950014
PR,77232,NOVA FÁTIMA,0108,22,6087,4516,2490,1738,-16.651904340124002,2026-10-04 17:32:47,2026-10-04 18:15:08,4597,2248,2035,-4.633456602131825
PR,74586,NOVA LARANJEIRAS,0045,29,8591,6577,3044,3253,3.1777406112209214,2026-10-04 17:34:12,2026-10-04 19:29:44,6303,2396,3666,20.149135332381405
PR,77259,NOVA LONDRINA,0096,34,9738,7124,4022,2629,-19.55362156092083,2026-10-04 17:42:01,2026-10-04 17:54:16,7324,3740,3190,-7.5095576187875475
PR,79677,NOVA OLÍMPIA,0127,17,4854,3702,2360,1148,-32.73905996758509,2026-10-04 19:02:54,2026-10-04 20:10:56,3807,2269,1383,-23.2729183083793
PR,79952,NOVA PRATA DO IGUAÇU,0162,27,8864,7089,3665,3075,-8.322753561856397,2026-10-04 18:22:46,2026-10-04 19:03:18,6992,2925,3779,12.21395881006865
PR,74608,NOVA SANTA BÁRBARA,0063,13,3758,2854,1413,1230,-6.412053258584443,2026-10-04 18:37:55,2026-10-04 18:41:15,2743,1153,1417,9.624498724024791
PR,79790,NOVA SANTA ROSA,0124,24,7055,5978,4936,778,-69.55503512880563,2026-10-04 18:57:42,2026-10-04 19:09:22,5844,4804,867,-67.36824093086926
PR,75760,NOVA TEBAS,0196,24,6025,4681,1851,2438,12.540055543687247,2026-10-04 17:33:48,2026-10-04 18:15:09,4549,1392,2864,32.35876016706968
PR,74420,NOVO ITACOLOMI,0028,9,2996,2374,1494,696,-33.614153327716934,2026-10-04 18:10:59,2026-10-04 18:10:59,2313,1243,863,-16.428880242109813
PR,77275,ORTIGUEIRA,0167,71,20079,14239,6612,6754,0.9972610436126133,2026-10-04 17:58:55,2026-10-04 19:30:28,13957,5384,7852,17.68288314107616
PR,77291,OURIZONA,0102,10,2830,2288,1159,997,-7.080419580419581,2026-10-04 18:22:19,2026-10-04 18:22:19,2228,905,1178,12.253141831238779
PR,74063,OURO VERDE DO OESTE,0148,17,5332,4261,2672,1321,-31.706172260032854,2026-10-04 17:33:47,2026-10-04 19:12:51,3920,2274,1420,-21.785714285714285
PR,77313,PAIÇANDU,0154,100,30395,22712,12703,7842,-21.40278266995421,2026-10-04 18:16:15,2026-10-04 18:54:47,21935,11036,8949,-9.514474583998176
PR,77330,PALMAS,0032,103,32266,22715,11262,10127,-4.9966982170372,2026-10-04 17:45:20,2026-10-04 20:56:20,23262,9644,12571,12.58275298770527
PR,77356,PALMEIRA,0013,87,26972,21070,14241,4871,-44.47081158044613,2026-10-04 17:30:42,2026-10-04 19:10:55,21260,13093,6461,-31.194731890874884
PR,77372,PALMITAL,0134,41,10879,8284,4127,3670,-5.516658619024626,2026-10-04 17:38:24,2026-10-04 18:32:29,8278,3370,4463,13.20367238463397
PR,77399,PALOTINA,0124,84,24632,19844,14434,4166,-51.74360008062891,2026-10-04 18:57:43,2026-10-04 19:11:27,19484,13520,4899,-44.24656128105112
PR,77437,PARANACITY,0091,24,7616,5509,2705,2494,-3.8300962062080233,2026-10-04 18:29:17,2026-10-04 18:29:17,5785,2438,2988,9.507346585998272
PR,77453,PARANAGUÁ,0005,322,108469,83241,50905,25382,-30.661573022909383,2026-10-04 17:21:13,2026-10-04 19:22:18,82616,48442,26605,-26.43192601917304
PR,77470,PARANAPOEMA,0091,7,2106,1706,716,893,10.37514654161782,2026-10-04 17:21:13,2026-10-04 18:12:29,1717,615,990,21.84041933605125
PR,77496,PARANAVAÍ,0072,202,63954,47947,31593,12811,-39.17241954658269,2026-10-04 18:09:58,2026-10-04 20:26:06,49102,30000,15299,-29.939717323123293
PR,77410,PARAÍSO DO NORTE,0100,30,9490,7207,4044,2752,-17.9270154016928,2026-10-04 18:58:14,2026-10-04 19:09:54,7709,3866,3491,-4.864444156181087
PR,74624,PATO BRAGADO,0121,15,4506,3735,2899,644,-60.37483266398929,2026-10-04 18:57:43,2026-10-04 18:57:43,3691,2698,792,-51.63912218910864
PR,77518,PATO BRANCO,0073,204,64406,50984,31466,15294,-31.719755217323083,2026-10-04 17:34:11,2026-10-04 19:05:06,50402,27249,18968,-16.42990357525495
PR,77534,PAULA FREITAS,0033,18,4763,3714,2410,1022,-37.37210554658051,2026-10-04 17:57:29,2026-10-04 18:35:59,3571,1930,1397,-14.925791094931391
PR,77550,PAULO FRONTIN,0037,21,5698,4556,2942,1175,-38.78402107111501,2026-10-04 17:37:39,2026-10-04 18:39:16,4462,2305,1766,-12.07978484984312
PR,77577,PEABIRU,0074,33,9916,7594,4395,2655,-22.91282591519621,2026-10-04 18:16:16,2026-10-04 18:25:04,7820,4036,3247,-10.089514066496164
PR,75507,PEROBAL,0142,17,5670,4359,2812,1283,-35.076852489103004,2026-10-04 20:13:59,2026-10-04 20:13:59,4152,2525,1385,-27.45664739884393
PR,75043,PINHAIS,0188,280,99265,76420,43866,23903,-26.12274273750327,2026-10-04 18:23:35,2026-10-04 19:13:35,74124,40134,25849,-19.271760833198424
PR,74640,PINHAL DE SÃO BENTO,0083,9,2579,2068,768,1156,18.762088974854933,2026-10-04 17:32:05,2026-10-04 18:27:21,1905,477,1337,45.14435695538058
PR,77631,PINHALÃO,0019,19,5879,4574,2663,1607,-23.087013554875384,2026-10-04 17:26:37,2026-10-04 19:02:54,4276,2173,1809,-8.51262862488307
PR,77658,PINHÃO,0160,81,23849,17075,7295,8609,7.695461200585652,2026-10-04 17:21:14,2026-10-04 19:23:09,17421,5867,10459,26.35899202112393
PR,77690,PIRAQUARA,0155,214,73929,54409,29174,19477,-17.822419085077836,2026-10-04 17:33:46,2026-10-04 19:31:12,52701,25897,22023,-7.350904157416368
PR,77674,PIRAÍ DO SUL,0027,63,18800,14048,8665,4109,-32.43166287015946,2026-10-04 17:54:34,2026-10-04 19:23:43,14285,7789,5209,-18.06090304515226
PR,77712,PITANGA,0038,98,25677,19522,10166,7699,-12.637024894990267,2026-10-04 17:28:22,2026-10-04 19:07:46,20233,8667,10261,7.878218751544506
PR,74667,PITANGUEIRAS,0067,8,2622,2041,1267,643,-30.573248407643312,2026-10-04 18:32:31,2026-10-04 18:35:58,1991,1173,705,-23.505775991963837
PR,77615,PIÊN,0144,35,10850,9064,6672,1701,-54.84333627537511,2026-10-04 18:11:15,2026-10-04 18:48:50,8378,5532,2208,-39.67534017665314
PR,77739,PLANALTINA DO PARANÁ,0094,12,3432,2728,1305,1258,-1.7228739002932552,2026-10-04 18:41:15,2026-10-04 19:10:55,2604,1129,1338,8.026113671274961
PR,77755,PLANALTO,0107,38,10281,8155,4285,3434,-10.435315757204169,2026-10-04 18:13:41,2026-10-04 18:48:50,8308,3667,4270,7.258064516129032
PR,77771,PONTA GROSSA,0014,268,88329,67773,39397,20072,-28.514305106753426,2026-10-04 17:21:36,2026-10-04 18:32:29,68579,37412,22315,-22.01402761778387
PR,77771,PONTA GROSSA,0015,286,98273,75504,44481,21597,-30.308328035600763,2026-10-04 17:21:14,2026-10-04 18:39:51,74274,40917,24230,-22.466812074211703
PR,77771,PONTA GROSSA,0139,227,71788,55053,33968,14467,-35.42222948794798,2026-10-04 17:34:11,2026-10-04 18:20:16,55016,31504,17290,-25.836120401337794
PR,75523,PONTAL DO PARANÁ,0194,72,24938,17792,9884,6500,-19.019784172661872,2026-10-04 18:00:41,2026-10-04 18:55:26,15629,8262,6105,-13.801266875679826
PR,77798,PORECATU,0065,34,9608,7141,3483,3163,-4.481165102926761,2026-10-04 17:41:14,2026-10-04 19:09:54,7403,3397,3522,1.6885046602728624
PR,77810,PORTO AMAZONAS,0013,13,3870,2897,1769,828,-32.481877804625476,2026-10-04 18:21:18,2026-10-04 18:26:02,2936,1643,1027,-20.980926430517712
PR,75540,PORTO BARREIRO,0045,12,3139,2407,1342,909,-17.98919817199834,2026-10-04 17:58:54,2026-10-04 18:45:17,2555,1085,1349,10.332681017612524
PR,77836,PORTO RICO,0085,10,3003,2343,1565,670,-38.198890311566366,2026-10-04 17:21:35,2026-10-04 18:55:55,2103,1206,820,-18.3547313361864
PR,77852,PORTO VITÓRIA,0153,13,3274,2543,1483,851,-24.85253637436099,2026-10-04 17:51:37,2026-10-04 18:25:04,2444,1228,1005,-9.124386252045827
PR,75566,PRADO FERREIRA,0065,10,3188,2527,1339,1012,-12.94024535021765,2026-10-04 18:58:14,2026-10-04 18:58:14,2523,1218,1169,-1.9421323820848198
PR,79910,PRANCHITA,0083,17,4649,3860,2486,1174,-33.98963730569948,2026-10-04 17:21:35,2026-10-04 18:15:23,3802,2074,1533,-14.229352972119937
PR,77879,PRESIDENTE CASTELO BRANCO,0071,13,3887,2945,1396,1336,-2.037351443123939,2026-10-04 17:57:30,2026-10-04 19:07:47,3049,1248,1625,12.364709740898656
PR,77895,PRIMEIRO DE MAIO,0040,26,8333,6424,4377,1747,-40.94022415940224,2026-10-04 17:59:29,2026-10-04 20:56:39,,,,
PR,77917,PRUDENTÓPOLIS,0030,143,39039,30583,21823,6277,-50.83216165843769,2026-10-04 17:21:13,2026-10-04 19:12:50,30313,20602,7493,-43.24547223963316
PR,79693,PÉROLA,0135,30,9508,6995,4403,2124,-32.580414581844174,2026-10-04 17:21:13,2026-10-04 18:11:15,6973,3938,2672,-18.155743582389217
PR,77593,PÉROLA D'OESTE,0107,18,5285,4354,2734,1381,-31.074873679375287,2026-10-04 18:31:58,2026-10-04 19:11:52,4270,2339,1768,-13.372365339578455
PR,75582,QUARTO CENTENÁRIO,0092,13,3470,2766,1690,932,-27.404193781634127,2026-10-04 17:51:38,2026-10-04 18:48:51,2820,1424,1273,-5.3546099290780145
PR,77933,QUATIGUÁ,0055,20,6645,5030,3274,1467,-35.92445328031809,2026-10-04 18:43:21,2026-10-04 18:43:21,5150,3098,1824,-24.737864077669904
PR,77950,QUATRO BARRAS,0195,53,18192,13918,8918,3676,-37.66345739330364,2026-10-04 18:09:32,2026-10-04 19:09:23,13270,8020,4007,-30.241145440844008
PR,74683,QUATRO PONTES,0121,14,4065,3544,2954,384,-72.51693002257336,2026-10-04 18:44:51,2026-10-04 18:54:47,3217,2584,477,-65.49580354367423
PR,79553,QUEDAS DO IGUAÇU,0163,80,23209,17476,10344,6197,-23.729686427100024,2026-10-04 17:47:48,2026-10-04 18:37:20,17935,9992,7261,-15.227209367159187
PR,77976,QUERÊNCIA DO NORTE,0085,32,7996,6146,2984,2867,-1.9036771884152295,2026-10-04 17:21:35,2026-10-04 19:21:02,6379,2762,3346,9.155039974917699
PR,77992,QUINTA DO SOL,0116,13,4291,3355,1783,1391,-11.684053651266765,2026-10-04 17:21:13,2026-10-04 19:22:41,3321,1514,1614,3.0111412225233365
PR,78018,QUITANDINHA,0011,46,14118,11347,7780,2805,-43.84418789107253,2026-10-04 17:21:14,2026-10-04 19:04:21,10953,6766,3448,-30.293070391673513
PR,74705,RAMILÂNDIA,0118,11,3754,2860,1369,1327,-1.4685314685314685,2026-10-04 17:24:21,2026-10-04 18:42:12,2685,1146,1418,10.130353817504655
PR,78034,RANCHO ALEGRE,0084,10,3224,2492,1523,817,-28.330658105939005,2026-10-04 17:39:36,2026-10-04 18:44:31,2432,1357,955,-16.529605263157894
PR,74721,RANCHO ALEGRE D'OESTE,0092,10,2352,1860,1095,690,-21.774193548387096,2026-10-04 17:45:00,2026-10-04 17:45:00,1828,937,802,-7.38512035010941
PR,78050,REALEZA,0130,46,14524,11309,6803,3909,-25.590237863648422,2026-10-04 17:21:34,2026-10-04 18:33:02,11259,5993,4716,-11.34203748112621
PR,78077,REBOUÇAS,0062,38,12151,9504,5527,3168,-24.821127946127945,2026-10-04 18:32:28,2026-10-04 19:10:55,9681,4627,4307,-3.305443652515236
PR,78093,RENASCENÇA,0140,17,5351,4200,2299,1689,-14.523809523809524,2026-10-04 17:43:15,2026-10-04 18:14:11,4268,1908,2156,5.810684161199625
PR,78115,RESERVA,0039,64,20369,14576,8541,5136,-23.36031833150384,2026-10-04 18:34:02,2026-10-04 20:50:29,14982,7367,6629,-4.925911093311974
PR,75604,RESERVA DO IGUAÇU,0160,19,5460,4006,1822,1936,2.8457314028956566,2026-10-04 18:33:03,2026-10-04 19:11:27,4054,1366,2496,27.873704982733102
PR,78131,RIBEIRÃO CLARO,0023,30,9867,7091,4118,2497,-22.859963333803414,2026-10-04 18:12:48,2026-10-04 18:12:48,7099,3666,3111,-7.8180025355683895
PR,78158,RIBEIRÃO DO PINHAL,0082,34,10165,7133,3290,3345,0.7710640684144119,2026-10-04 17:58:55,2026-10-04 19:21:03,7668,2921,4265,17.52738654147105
PR,78174,RIO AZUL,0062,35,11268,9221,6545,1864,-50.76455915844269,2026-10-04 18:43:20,2026-10-04 20:42:03,9021,5323,2880,-27.081254849794924
PR,78190,RIO BOM,0076,11,3019,2337,1284,862,-18.05733846812152,2026-10-04 17:21:14,2026-10-04 18:27:20,2315,1161,962,-8.59611231101512
PR,74748,RIO BONITO DO IGUAÇU,0045,40,11105,8277,2939,4947,24.25999758366558,2026-10-04 17:27:46,2026-10-04 20:52:39,8845,2485,6039,40.18089315997739
PR,75620,RIO BRANCO DO IVAÍ,0136,13,3520,2571,1318,1092,-8.790353947880202,2026-10-04 17:48:38,2026-10-04 19:09:23,2565,1236,1183,-2.0662768031189085
PR,78212,RIO BRANCO DO SUL,0156,89,27280,21206,10808,8899,-9.002169197396963,2026-10-04 17:57:29,2026-10-04 19:15:26,21215,9245,10672,6.72637284939901
PR,78239,RIO NEGRO,0011,84,24158,18548,13188,3719,-51.05132628854863,2026-10-04 17:57:30,2026-10-04 19:13:35,18506,12132,4680,-40.268021182319245
PR,78255,ROLÂNDIA,0059,154,49517,36749,25073,8718,-44.50461237040464,2026-10-04 17:32:05,2026-10-04 19:29:43,37220,24463,10116,-38.54648038688877
PR,78271,RONCADOR,0141,30,8952,6813,3384,2964,-6.164685160722149,2026-10-04 17:21:13,2026-10-04 19:00:13,6711,2814,3525,10.594546267322306
PR,78298,RONDON,0100,25,6991,5433,3439,1706,-31.897662433278114,2026-10-04 18:32:28,2026-10-04 18:55:26,5681,3261,2147,-19.609223728216865
PR,75744,ROSÁRIO DO IVAÍ,0136,18,4714,3743,2035,1406,-16.804702110606467,2026-10-04 17:45:00,2026-10-04 18:25:04,3461,1788,1428,-10.401618029471251
PR,78310,SABÁUDIA,0061,19,6748,5281,3712,1184,-47.869721643628104,2026-10-04 19:15:03,2026-10-04 19:15:03,4849,3328,1263,-42.586100226850895
PR,78336,SALGADO FILHO,0131,16,3590,2964,1640,1108,-17.94871794871795,2026-10-04 17:58:54,2026-10-04 18:20:34,2883,1280,1444,5.688518903919528
PR,78352,SALTO DO ITARARÉ,0021,16,4614,3457,1784,1438,-10.008678044547295,2026-10-04 18:13:18,2026-10-04 19:10:55,3277,1340,1708,11.229783338419287
PR,78379,SALTO DO LONTRA,0162,37,11161,8735,3931,4257,3.732112192329708,2026-10-04 17:55:32,2026-10-04 18:39:50,8959,3047,5562,28.072329501060388
PR,78395,SANTA AMÉLIA,0058,11,3048,2339,1357,898,-19.623770842240273,2026-10-04 18:39:16,2026-10-04 18:39:16,2349,1193,1064,-5.491698595146871
PR,78417,SANTA CECÍLIA DO PAVÃO,0063,13,3121,2491,1326,1010,-12.685668406262545,2026-10-04 19:07:19,2026-10-04 19:07:19,2360,1112,1085,-1.1440677966101696
PR,78433,SANTA CRUZ DE MONTE CASTELO,0094,22,6773,5250,3135,1880,-23.904761904761905,2026-10-04 17:42:01,2026-10-04 19:05:06,5175,2704,2257,-8.63768115942029
PR,78450,SANTA FÉ,0150,28,9149,6973,4337,2272,-29.614226301448443,2026-10-04 18:13:17,2026-10-04 18:17:50,6949,3922,2693,-17.685997985321627
PR,79715,SANTA HELENA,0129,75,21071,16629,10545,5239,-31.908112333874556,2026-10-04 17:36:48,2026-10-04 19:11:52,16678,9700,6365,-19.996402446336493
PR,78476,SANTA INÊS,0095,7,1684,1409,628,693,4.613200851667849,2026-10-04 18:43:20,2026-10-04 18:43:20,1400,573,762,13.5
PR,78492,SANTA ISABEL DO IVAÍ,0094,26,7006,5320,3436,1617,-34.19172932330827,2026-10-04 17:35:20,2026-10-04 18:25:03,5348,3197,1847,-25.24308152580404
PR,78514,SANTA IZABEL DO OESTE,0130,29,8780,6881,3874,2663,-17.599186164801626,2026-10-04 18:35:04,2026-10-04 19:16:18,7208,3460,3439,-0.2913429522752497
PR,74764,SANTA LÚCIA,0165,8,3289,2465,1392,912,-19.472616632860042,2026-10-04 20:58:19,2026-10-04 20:58:19,2555,1273,1121,-5.949119373776908
PR,74802,SANTA MARIA DO OESTE,0038,31,8019,6099,2931,2824,-1.7543859649122806,2026-10-04 17:33:47,2026-10-04 18:58:14,6294,2247,3745,23.800444868128377
PR,78530,SANTA MARIANA,0109,33,9361,6908,3542,2909,-9.163288940359005,2026-10-04 17:28:23,2026-10-04 18:28:28,6954,3251,3328,1.1072763876905378
PR,74829,SANTA MÔNICA,0094,10,2710,2051,973,1000,1.3164310092637739,2026-10-04 18:12:47,2026-10-04 18:27:22,2144,883,1146,12.26679104477612
PR,74080,SANTA TEREZA DO OESTE,0143,30,10278,8040,4832,2618,-27.53731343283582,2026-10-04 18:44:53,2026-10-04 19:21:03,7345,3954,2950,-13.669162695711368
PR,84670,SANTA TEREZINHA DE ITAIPU,0147,56,18871,14915,10393,3722,-44.72678511565538,2026-10-04 17:21:14,2026-10-04 19:21:03,14385,9490,4184,-36.885644768856444
PR,78557,SANTANA DO ITARARÉ,0020,15,4659,3470,1886,1348,-15.504322766570604,2026-10-04 18:12:47,2026-10-04 19:21:02,3388,1474,1734,7.674144037780401
PR,78590,SANTO ANTÔNIO DA PLATINA,0022,107,32125,23440,14659,7056,-32.43600682593857,2026-10-04 17:43:16,2026-10-04 19:31:12,24604,14373,8625,-23.362054950414567
PR,78611,SANTO ANTÔNIO DO CAIUÁ,0087,7,2358,1876,824,968,7.67590618336887,2026-10-04 18:37:21,2026-10-04 19:22:42,1795,618,1072,25.292479108635096
PR,78638,SANTO ANTÔNIO DO PARAÍSO,0099,9,2247,1706,878,739,-8.147713950762016,2026-10-04 17:59:30,2026-10-04 17:59:30,1724,751,837,4.9883990719257545
PR,78573,SANTO ANTÔNIO DO SUDOESTE,0083,53,15509,12388,6705,5104,-12.923797223119147,2026-10-04 17:21:13,2026-10-04 19:32:01,12070,5465,6056,4.896437448218724
PR,78654,SANTO INÁCIO,0159,14,4802,3642,1910,1506,-11.092806150466776,2026-10-04 17:42:18,2026-10-04 18:39:51,3718,1688,1875,5.029585798816568
PR,78999,SAPOPEMA,0119,20,5485,4051,2059,1706,-8.713897803011601,2026-10-04 17:21:33,2026-10-04 19:13:35,3989,1726,2047,8.047129606417649
PR,84611,SARANDI,0206,218,72031,52143,29305,17759,-22.14295303300539,2026-10-04 17:57:30,2026-10-04 18:51:30,50921,25022,21425,-7.063883270163586
PR,75060,SAUDADE DO IGUAÇU,0103,16,5302,3934,1881,1792,-2.2623284189120487,2026-10-04 17:40:35,2026-10-04 18:16:16,4176,1638,2344,16.906130268199234
PR,79014,SENGÉS,0054,50,13757,10255,6582,2996,-34.96830814236957,2026-10-04 17:58:55,2026-10-04 19:01:44,10155,5652,3903,-17.22304283604136
PR,75647,SERRANÓPOLIS DO IGUAÇU,0114,17,4396,3651,2701,769,-52.917009038619554,2026-10-04 17:58:55,2026-10-04 18:15:23,3554,2403,1012,-39.1389983117614
PR,79030,SERTANEJA,0026,16,4818,3794,2313,1247,-28.096995255666844,2026-10-04 18:44:31,2026-10-04 18:44:31,3813,2049,1537,-13.427747180697613
PR,79057,SERTANÓPOLIS,0040,40,13311,10168,7245,2336,-48.27891424075531,2026-10-04 17:45:21,2026-10-04 18:39:16,10265,6893,2786,-40.00974184120799
PR,79073,SIQUEIRA CAMPOS,0021,50,16432,12058,6602,4336,-18.792502902637253,2026-10-04 17:36:04,2026-10-04 19:04:39,11847,5323,5555,1.9583016797501478
PR,75787,SULINA,0151,10,2942,2314,1264,872,-16.94036300777874,2026-10-04 17:25:25,2026-10-04 18:24:01,2314,983,1191,8.98876404494382
PR,78670,SÃO CARLOS DO IVAÍ,0100,17,5076,4037,2620,1251,-33.911320287342086,2026-10-04 18:09:32,2026-10-04 18:12:46,4196,2401,1633,-18.303145853193517
PR,78697,SÃO JERÔNIMO DA SERRA,0063,35,8538,6034,2667,3015,5.76731852833941,2026-10-04 18:00:43,2026-10-04 19:07:18,6138,2343,3392,17.090257412838056
PR,78816,SÃO JORGE D'OESTE,0151,29,8006,6555,3815,2408,-21.46453089244851,2026-10-04 17:29:33,2026-10-04 19:07:19,6590,3277,3006,-4.112291350531108
PR,78794,SÃO JORGE DO IVAÍ,0102,18,4820,3926,2746,1012,-44.167091186958736,2026-10-04 18:13:17,2026-10-04 18:27:22,3729,2187,1328,-23.035666398498257
PR,79995,SÃO JORGE DO PATROCÍNIO,0123,16,5235,4040,2502,1355,-28.39108910891089,2026-10-04 18:09:58,2026-10-04 18:37:20,4013,2237,1576,-16.471467729877897
PR,78832,SÃO JOSÉ DA BOA VISTA,0020,16,4737,3642,2269,1076,-32.75672707303679,2026-10-04 17:33:47,2026-10-04 18:31:58,3548,2068,1255,-22.914317925591885
PR,84719,SÃO JOSÉ DAS PALMEIRAS,0148,11,3463,2676,1301,1211,-3.3632286995515694,2026-10-04 17:32:46,2026-10-04 17:57:30,2638,1098,1375,10.50037907505686
PR,78859,SÃO JOSÉ DOS PINHAIS,0008,345,119389,92645,58416,23982,-37.167683091370286,2026-10-04 17:46:21,2026-10-04 18:59:16,87337,52536,25581,-30.863208033250512
PR,78859,SÃO JOSÉ DOS PINHAIS,0199,296,108150,81063,47192,24998,-27.378705451315643,2026-10-04 17:34:11,2026-10-04 19:08:16,77672,42791,27234,-20.02909671438871
PR,78719,SÃO JOÃO,0151,33,9177,7289,4441,2430,-27.589518452462613,2026-10-04 17:26:37,2026-10-04 18:27:00,7253,3711,3160,-7.59685647318351
PR,78735,SÃO JOÃO DO CAIUÁ,0087,16,4585,3638,1592,1868,7.586586036283673,2026-10-04 17:59:29,2026-10-04 17:59:29,3657,1315,2124,22.121957888980038
PR,78751,SÃO JOÃO DO IVAÍ,0132,29,9056,6790,3458,2814,-9.484536082474227,2026-10-04 17:21:14,2026-10-04 18:30:25,6702,2973,3287,4.685168606386154
PR,78778,SÃO JOÃO DO TRIUNFO,0052,46,11623,9017,4653,3409,-13.796162803593212,2026-10-04 17:29:32,2026-10-04 18:35:58,9065,3060,5309,24.809707666850525
PR,74845,SÃO MANOEL DO PARANÁ,0149,7,2070,1629,982,563,-25.721301411909145,2026-10-04 18:28:28,2026-10-04 18:28:28,1555,889,562,-21.028938906752412
PR,78875,SÃO MATEUS DO SUL,0012,115,34022,26279,14766,8875,-22.417139160546444,2026-10-04 17:33:46,2026-10-04 18:54:47,26709,12345,11977,-1.3778127223033434
PR,78891,SÃO MIGUEL DO IGUAÇU,0122,79,21857,17194,11029,5302,-33.30813074328254,2026-10-04 17:40:35,2026-10-04 18:30:22,17289,10358,6224,-23.911157383307305
PR,74861,SÃO PEDRO DO IGUAÇU,0148,18,5033,3846,2254,1405,-22.07488299531981,2026-10-04 17:33:47,2026-10-04 18:30:23,3870,2080,1612,-12.093023255813954
PR,78913,SÃO PEDRO DO IVAÍ,0132,25,6943,5278,3103,1842,-23.891625615763548,2026-10-04 18:32:28,2026-10-04 18:32:28,5333,2748,2201,-10.25689105569098
PR,78930,SÃO PEDRO DO PARANÁ,0085,11,2695,2084,1419,565,-40.978886756238005,2026-10-04 17:21:36,2026-10-04 18:13:42,1961,1232,648,-29.78072412034676
PR,78956,SÃO SEBASTIÃO DA AMOREIRA,0035,22,6561,4904,2390,2169,-4.506525285481239,2026-10-04 17:46:23,2026-10-04 18:32:00,5161,2260,2605,6.68475101724472
PR,78972,SÃO TOMÉ,0088,16,4816,3592,2231,1112,-31.152561247216035,2026-10-04 17:35:04,2026-10-04 18:16:15,,,,
PR,75663,TAMARANA,0146,29,9024,6545,3603,2511,-16.684491978609625,2026-10-04 17:31:44,2026-10-04 20:54:01,6286,3464,2363,-17.51511294941139
PR,79090,TAMBOARA,0072,14,4157,3100,1948,975,-31.387096774193548,2026-10-04 18:39:16,2026-10-04 18:39:16,3113,1723,1204,-16.672020558946354
PR,79111,TAPEJARA,0086,36,11635,8635,5373,2791,-29.901563404748117,2026-10-04 18:32:00,2026-10-04 18:32:00,9083,5133,3553,-17.39513376637675
PR,79731,TAPIRA,0127,17,4694,3430,1975,1300,-19.67930029154519,2026-10-04 19:02:54,2026-10-04 20:56:20,3632,1873,1576,-8.177312775330396
PR,79138,TEIXEIRA SOARES,0053,28,8083,6174,3739,1904,-29.721412374473598,2026-10-04 17:43:17,2026-10-04 18:50:06,6255,3250,2488,-12.182254196642686
PR,79154,TELÊMACO BORBA,0111,165,51913,39198,23280,12276,-28.07286086024797,2026-10-04 17:57:29,2026-10-04 18:59:16,40291,21166,15669,-13.643245389789284
PR,79170,TERRA BOA,0173,41,13355,9959,6562,2697,-38.80911738126318,2026-10-04 18:09:58,2026-10-04 18:12:29,10242,6302,3276,-29.545010740089825
PR,79197,TERRA RICA,0105,41,11783,8707,5510,2665,-32.67485930860227,2026-10-04 17:45:21,2026-10-04 18:42:13,8882,5235,3130,-23.699617203332583
PR,79219,TERRA ROXA,0125,47,13332,10473,7167,2796,-41.7358922944715,2026-10-04 17:21:34,2026-10-04 19:14:07,10572,6915,3219,-34.96027241770715
PR,79235,TIBAGI,0017,50,14864,10704,5748,4063,-15.741778774289985,2026-10-04 17:34:11,2026-10-04 18:58:14,11038,4831,5345,4.65664069577822
PR,79251,TIJUCAS DO SUL,0199,40,13059,10231,5747,3601,-20.97546671879582,2026-10-04 20:13:58,2026-10-04 20:13:58,9451,4633,4014,-6.549571473918104
PR,79278,TOLEDO,0075,355,108119,85568,56579,22331,-40.0243081525804,2026-10-04 17:25:26,2026-10-04 20:11:15,83218,52366,24725,-33.21516979499628
PR,79294,TOMAZINA,0019,25,6647,5099,2952,1776,-23.063345754069424,2026-10-04 17:29:32,2026-10-04 19:14:07,4966,2464,2124,-6.84655658477648
PR,79871,TRÊS BARRAS DO PARANÁ,0166,35,9120,7187,4329,2519,-25.184360651175734,2026-10-04 19:02:36,2026-10-04 19:02:36,7262,3858,3094,-10.52051776370146
PR,74888,TUNAS DO PARANÁ,0048,18,5500,4116,2296,1550,-18.124392614188533,2026-10-04 17:57:29,2026-10-04 18:37:20,3982,1848,1943,2.385735811150176
PR,79316,TUNEIRAS DO OESTE,0086,21,6721,5153,3229,1632,-30.991655346400155,2026-10-04 18:00:44,2026-10-04 19:29:44,5050,2950,1879,-21.207920792079207
PR,79936,TUPÃSSI,0148,21,6257,5029,3640,1154,-49.43328693577252,2026-10-04 17:28:22,2026-10-04 18:20:34,5010,3475,1316,-43.0938123752495
PR,84530,TURVO,0044,46,11863,9253,4324,4246,-0.8429698476169891,2026-10-04 17:21:37,2026-10-04 21:45:53,9174,3196,5341,23.381294964028775
PR,79332,UBIRATÃ,0098,66,19130,14789,9663,4259,-36.54067212117114,2026-10-04 17:22:32,2026-10-04 19:16:19,14801,8948,4993,-26.721167488683196
PR,79359,UMUARAMA,0089,256,82990,63490,43812,15059,-45.28744684202237,2026-10-04 17:46:38,2026-10-04 19:00:47,62205,40972,16880,-38.73000562655735
PR,79391,UNIFLOR,0071,8,2155,1738,878,780,-5.638665132336018,2026-10-04 18:00:41,2026-10-04 18:00:41,1750,767,906,7.942857142857143
PR,79375,UNIÃO DA VITÓRIA,0033,139,40654,29991,18160,8985,-30.592511086659332,2026-10-04 17:30:42,2026-10-04 19:07:17,30542,16584,11229,-17.533232925152248
PR,79413,URAÍ,0084,32,8555,6506,3836,2209,-25.00768521364894,2026-10-04 17:33:46,2026-10-04 18:32:28,6755,3609,2674,-13.84159881569208
PR,74900,VENTANIA,0017,24,7525,5849,3072,2392,-11.62591896050607,2026-10-04 17:58:54,2026-10-04 19:29:44,5843,2399,3121,12.356666096183467
PR,79898,VERA CRUZ DO OESTE,0118,21,6593,5149,3257,1648,-31.248786172072247,2026-10-04 17:38:23,2026-10-04 19:00:47,5214,2973,1976,-19.121595703874185
PR,79456,VERÊ,0115,24,6888,5653,3024,2365,-11.657526976826464,2026-10-04 17:21:37,2026-10-04 18:30:25,5785,2399,3141,12.82627484874676
PR,74969,VIRMOND,0203,12,3584,2841,1652,996,-23.090461105244632,2026-10-04 17:34:11,2026-10-04 18:30:52,2823,1342,1298,-1.5586255756287637
PR,79472,VITORINO,0073,18,5942,4839,3075,1488,-32.79603223806571,2026-10-04 17:32:44,2026-10-04 17:51:36,4385,2406,1705,-15.986316989737743
PR,79430,WENCESLAU BRAZ,0020,48,14549,10663,6708,3166,-33.21766857357216,2026-10-04 18:09:30,2026-10-04 18:30:23,10830,6300,3765,-23.407202216066484
PR,79499,XAMBRÊ,0117,19,5375,4038,2383,1427,-23.675086676572562,2026-10-04 17:30:52,2026-10-04 17:57:30,4120,2226,1681,-13.228155339805825
PR,74128,ÂNGULO,0150,9,2817,2241,1479,602,-39.1343150379295,2026-10-04 17:39:38,2026-10-04 19:00:47,2145,1294,713,-27.086247086247088
RJ,58017,ANGRA DOS REIS,0116,204,60516,44719,26805,15049,-26.288602160155637,2026-10-04 18:18:59,2026-10-04 19:30:37,45030,26874,15422,-25.43193426604486
RJ,58017,ANGRA DOS REIS,0147,239,76555,56290,35997,16810,-34.0859833007639,2026-10-04 17:30:39,2026-10-04 21:00:45,52759,33569,16504,-32.3451922894672
RJ,58181,APERIBÉ,0034,35,10135,7972,4917,2646,-28.487205218263924,2026-10-04 19:00:39,2026-10-04 19:17:19,7691,4290,2982,-17.006891171499156
RJ,58033,ARARUAMA,0092,325,111370,82197,53415,23451,-36.45388517829118,2026-10-04 19:11:19,2026-10-04 20:52:44,75536,46791,23067,-31.40754077525948
RJ,58220,AREAL,0174,33,10270,7843,4555,2663,-24.1234221598878,2026-10-04 17:32:42,2026-10-04 19:04:46,7623,4052,2899,-15.125278761642399
RJ,58408,ARMAÇÃO DOS BÚZIOS,0172,111,36236,27336,17294,8225,-33.17603160667252,2026-10-04 18:23:27,2026-10-04 19:20:55,24457,15040,7812,-29.553910945741507
RJ,59277,ARRAIAL DO CABO,0146,111,35242,26435,15959,8652,-27.641384528087762,2026-10-04 18:41:09,2026-10-04 19:20:55,23565,13917,8067,-24.824952259707192
RJ,58050,BARRA DO PIRAÍ,0093,260,69309,50432,24526,21967,-5.074159263959391,2026-10-04 17:54:09,2026-10-04 20:13:02,52042,23125,24596,2.826563160524192
RJ,58076,BARRA MANSA,0091,293,88118,65887,33906,26742,-10.873161625206793,2026-10-04 18:32:11,2026-10-04 19:20:56,67346,31842,30202,-2.4351854601609597
RJ,58076,BARRA MANSA,0094,159,45737,34097,18461,13071,-15.807842332169985,2026-10-04 18:33:53,2026-10-04 19:01:37,35641,17970,14623,-9.390870065374148
RJ,58041,BELFORD ROXO,0152,283,98478,71543,41174,25876,-21.382944522874354,2026-10-04 18:44:43,2026-10-04 20:11:34,70529,38859,27406,-16.23871031774164
RJ,58041,BELFORD ROXO,0153,240,81389,60121,34417,21795,-20.994328104988274,2026-10-04 18:19:00,2026-10-04 19:20:55,59330,32354,23283,-15.28906118321254
RJ,58041,BELFORD ROXO,0154,244,80065,57482,32870,20816,-20.970042796005707,2026-10-04 18:44:24,2026-10-04 20:37:09,58772,32395,22407,-16.994487170761587
RJ,58041,BELFORD ROXO,0155,241,86240,63537,36215,23296,-20.33303429497773,2026-10-04 19:14:08,2026-10-04 20:49:32,62703,34100,24675,-15.031178731480152
RJ,58092,BOM JARDIM,0042,74,22628,16798,9554,5896,-21.776401952613405,2026-10-04 17:59:25,2026-10-04 19:14:08,16106,8314,6323,-12.36185272569229
RJ,58114,BOM JESUS DO ITABAPOANA,0095,98,28472,21804,12229,8216,-18.404879838561733,2026-10-04 18:16:09,2026-10-04 20:42:20,22471,11658,9416,-9.977304080815273
RJ,58130,CABO FRIO,0096,229,77067,57236,34718,18460,-28.405199524774616,2026-10-04 18:33:53,2026-10-04 19:20:55,57114,34017,18390,-27.361067339006198
RJ,58130,CABO FRIO,0256,301,102615,74738,48495,21484,-36.14091894350933,2026-10-04 19:02:47,2026-10-04 21:02:11,64418,41167,19196,-34.106926635412464
RJ,58157,CACHOEIRAS DE MACACU,0049,150,46722,34871,20791,11917,-25.448080066530927,2026-10-04 18:15:00,2026-10-04 20:29:17,33892,19018,12743,-18.514693733034346
RJ,58173,CAMBUCI,0097,44,12296,9620,4932,4249,-7.0997920997921,2026-10-04 17:59:25,2026-10-04 20:37:28,9489,4418,4565,1.549162187796396
RJ,58190,CAMPOS DOS GOYTACAZES,0075,358,115698,85368,49377,29565,-23.20775934776497,2026-10-04 18:14:07,2026-10-04 20:56:54,85283,48183,30374,-20.882239133238745
RJ,58190,CAMPOS DOS GOYTACAZES,0076,316,99368,72693,46230,21443,-34.09819377381591,2026-10-04 17:41:11,2026-10-04 20:59:42,72637,45741,21901,-32.82073874196346
RJ,58190,CAMPOS DOS GOYTACAZES,0098,314,92671,68506,37802,24884,-18.85674247511167,2026-10-04 17:47:42,2026-10-04 19:12:57,70400,37898,25887,-17.061079545454547
RJ,58190,CAMPOS DOS GOYTACAZES,0129,202,62729,45597,27450,15213,-26.837291927100466,2026-10-04 17:59:25,2026-10-04 20:37:29,46442,27559,15709,-25.515696998406614
RJ,58211,CANTAGALO,0101,64,15148,11611,6198,4618,-13.607785720437516,2026-10-04 18:11:00,2026-10-04 19:24:39,11983,5891,5231,-5.507802720520738
RJ,58300,CARAPEBUS,0255,42,13468,10589,6124,3896,-21.040702615922182,2026-10-04 18:46:31,2026-10-04 19:09:44,9758,5139,4102,-10.627177700348431
RJ,58068,CARDOSO MOREIRA,0141,49,12616,9689,6014,3073,-30.354009701723605,2026-10-04 18:31:52,2026-10-04 18:34:55,8694,4974,3252,-19.806763285024154
RJ,58238,CARMO,0102,54,14237,11260,5468,4920,-4.8667850799289525,2026-10-04 17:33:43,2026-10-04 19:10:58,11248,4715,5838,9.983997155049787
RJ,58254,CASIMIRO DE ABREU,0050,117,35993,26758,17595,7582,-37.42058449809403,2026-10-04 17:57:25,2026-10-04 19:30:38,25018,15817,7670,-32.564553521464546
RJ,58165,COMENDADOR LEVY GASPARIAN,0040,30,8033,6539,2713,3289,8.808686343477596,2026-10-04 20:14:14,2026-10-04 20:14:14,6566,2442,3686,18.946085897045386
RJ,58270,CONCEIÇÃO DE MACABU,0051,78,16681,12864,5959,6013,0.4197761194029851,2026-10-04 18:24:55,2026-10-04 20:39:28,13180,5655,6540,6.7147192716236725
RJ,58297,CORDEIRO,0052,61,16926,13491,7210,5304,-14.127937143280706,2026-10-04 17:59:25,2026-10-04 19:02:28,13064,6479,5672,-6.1772810777709735
RJ,58319,DUAS BARRAS,0042,34,10314,7810,3919,3249,-8.578745198463508,2026-10-04 18:35:05,2026-10-04 19:24:39,7652,3382,3650,3.5023523261892318
RJ,58335,DUQUE DE CAXIAS,0078,333,103809,81548,46353,29596,-20.548633933388924,2026-10-04 18:33:53,2026-10-04 19:31:53,84439,45878,32818,-15.466786674404007
RJ,58335,DUQUE DE CAXIAS,0079,303,98057,75562,43335,27063,-21.534633810645563,2026-10-04 18:31:53,2026-10-04 20:39:19,78019,42189,30844,-14.541329676104539
RJ,58335,DUQUE DE CAXIAS,0103,273,82046,63691,31607,27623,-6.25520089180575,2026-10-04 18:16:09,2026-10-04 19:20:55,66823,31903,30016,-2.8238780060757525
RJ,58335,DUQUE DE CAXIAS,0126,311,109610,83392,45238,32347,-15.458317344589409,2026-10-04 18:47:43,2026-10-04 20:55:25,84706,43689,35664,-9.473945175076146
RJ,58335,DUQUE DE CAXIAS,0127,310,98937,76292,43803,27134,-21.848948775756305,2026-10-04 19:02:28,2026-10-04 21:01:30,76756,41734,29949,-15.3538485590703
RJ,58335,DUQUE DE CAXIAS,0128,193,65993,51460,32388,15661,-32.504858142246405,2026-10-04 19:03:11,2026-10-04 19:29:36,51279,30871,17288,-26.48842606135065
RJ,58335,DUQUE DE CAXIAS,0200,252,76242,59501,31565,23701,-13.216584595216887,2026-10-04 18:11:00,2026-10-04 19:11:44,61958,31729,25510,-10.037444720617192
RJ,58351,ENGENHEIRO PAULO DE FRONTIN,0074,42,11116,8813,4502,3652,-9.644842845795983,2026-10-04 18:33:54,2026-10-04 21:16:21,8702,3942,4095,1.7582165019535738
RJ,58106,GUAPIMIRIM,0149,145,44941,33772,19835,11616,-24.336728650953454,2026-10-04 19:00:40,2026-10-04 20:59:22,31864,17591,12058,-17.36442380115491
RJ,58262,IGUABA GRANDE,0181,95,30569,23873,15517,6773,-36.62715201273405,2026-10-04 17:29:29,2026-10-04 18:43:13,20153,12769,5984,-33.66744405299459
RJ,58378,ITABORAÍ,0104,291,98240,72772,38978,28570,-14.302204144451162,2026-10-04 18:09:46,2026-10-04 21:23:10,72459,37475,30205,-10.033260188520405
RJ,58378,ITABORAÍ,0151,249,79680,58045,32818,21110,-20.17055732621242,2026-10-04 18:33:54,2026-10-04 21:00:23,60048,32697,23327,-15.604183320010659
RJ,58394,ITAGUAÍ,0105,313,100542,75327,44965,24715,-26.882791031104386,2026-10-04 19:02:46,2026-10-04 20:10:30,71261,41991,24174,-25.002455761215813
RJ,59293,ITALVA,0141,52,11648,8847,5937,2457,-39.335367921329265,2026-10-04 17:57:25,2026-10-04 18:37:24,8557,5275,2823,-28.654902419072105
RJ,58416,ITAOCARA,0106,77,19120,14929,9761,4313,-36.49273226605935,2026-10-04 17:44:11,2026-10-04 18:37:13,15208,9266,4954,-28.353498158863754
RJ,58432,ITAPERUNA,0107,250,76037,56272,35918,17011,-33.59930338356554,2026-10-04 17:42:07,2026-10-04 19:16:36,55845,34039,18208,-28.348106365834006
RJ,58440,ITATIAIA,0198,88,26584,20064,11270,7164,-20.46451355661882,2026-10-04 18:42:06,2026-10-04 21:00:23,19409,9947,7952,-10.278736668555824
RJ,58149,JAPERI,0139,244,76652,56740,30840,22217,-15.197391610856538,2026-10-04 18:26:03,2026-10-04 19:20:55,56120,29752,22887,-12.23271560940841
RJ,58459,LAJE DO MURIAÉ,0112,25,6944,5354,2210,2843,11.822936122525215,2026-10-04 18:09:24,2026-10-04 19:15:08,5482,2042,3165,20.48522437066764
RJ,58475,MACAÉ,0109,298,96429,71752,36842,29331,-10.4680008919612,2026-10-04 18:30:35,2026-10-04 19:29:37,67908,32949,29328,-5.332214172115215
RJ,58475,MACAÉ,0254,261,89812,66274,35028,26411,-13.00208226453813,2026-10-04 18:59:28,2026-10-04 21:33:40,59006,29767,25175,-7.78225943124428
RJ,58386,MACUCO,0052,27,7132,5811,2946,2504,-7.6062639821029085,2026-10-04 18:14:07,2026-10-04 18:37:12,5602,2514,2721,3.695108889682256
RJ,58491,MAGÉ,0110,319,94155,72049,39593,27398,-16.925980929645103,2026-10-04 17:59:25,2026-10-04 20:13:49,72892,38157,30106,-11.045107830763321
RJ,58491,MAGÉ,0148,302,98747,75531,45888,24416,-28.42806264977294,2026-10-04 18:10:50,2026-10-04 20:51:21,76013,43744,27424,-21.470011708523543
RJ,58513,MANGARATIBA,0054,139,46501,32940,20418,10613,-29.766241651487555,2026-10-04 18:28:20,2026-10-04 19:04:12,28456,16728,9879,-24.06873770030925
RJ,58530,MARICÁ,0055,521,185609,138874,69193,59972,-6.639831789967885,2026-10-04 18:00:37,2026-10-04 21:29:28,110499,52811,50619,-1.9837283595326654
RJ,58556,MENDES,0056,56,14878,11313,5529,4966,-4.976575620967029,2026-10-04 17:34:11,2026-10-04 17:51:31,11692,5307,5449,1.2145056448853917
RJ,58467,MESQUITA,0083,190,64633,48340,27954,17011,-22.637567232105916,2026-10-04 19:01:37,2026-10-04 20:10:30,49253,27453,18159,-18.869916553306396
RJ,58467,MESQUITA,0150,220,71669,53157,30820,19072,-22.10057000959422,2026-10-04 18:57:36,2026-10-04 20:36:09,54813,30671,20528,-18.504734278364623
RJ,58572,MIGUEL PEREIRA,0048,77,24781,18462,10499,6675,-20.71281551294551,2026-10-04 18:00:37,2026-10-04 19:04:31,17978,9503,7069,-13.538769607297809
RJ,58599,MIRACEMA,0112,79,21056,16273,7380,7909,3.25078350642168,2026-10-04 17:43:12,2026-10-04 19:04:31,16566,7018,8499,8.939997585415911
RJ,58610,NATIVIDADE,0043,43,12453,9217,4648,3856,-8.592817619615927,2026-10-04 17:53:51,2026-10-04 19:10:58,9477,4499,4313,-1.9626464070908516
RJ,58637,NILÓPOLIS,0201,240,69942,52022,29882,18672,-21.548575602629658,2026-10-04 18:33:52,2026-10-04 20:56:15,54265,30271,19891,-19.128351607850362
RJ,58637,NILÓPOLIS,0221,188,58706,43992,24331,16717,-17.307692307692307,2026-10-04 18:46:31,2026-10-04 19:30:19,46303,24872,18113,-14.597326307150725
RJ,58653,NITERÓI,0071,372,112650,87605,34880,45472,12.090634096227385,2026-10-04 18:00:36,2026-10-04 19:07:42,86121,34212,41857,8.87704508772541
RJ,58653,NITERÓI,0072,367,120168,93120,42128,43511,1.485180412371134,2026-10-04 17:54:29,2026-10-04 19:07:23,92567,40820,41968,1.2401827865221948
RJ,58653,NITERÓI,0144,335,101830,77079,31049,40327,12.037000998975078,2026-10-04 18:00:37,2026-10-04 21:00:45,78215,30951,39792,11.303458415904878
RJ,58653,NITERÓI,0199,253,77604,60911,31252,24788,-10.61220469209174,2026-10-04 18:11:00,2026-10-04 19:11:44,59641,29827,23753,-10.18426921077782
RJ,58670,NOVA FRIBURGO,0026,217,64310,46457,24639,17332,-15.728523150440193,2026-10-04 18:16:09,2026-10-04 19:29:36,46480,23551,18110,-11.706110154905335
RJ,58670,NOVA FRIBURGO,0222,308,91056,66959,38899,22147,-25.018294777401096,2026-10-04 18:36:10,2026-10-04 20:59:21,66278,36567,23786,-19.2839252844081
RJ,58696,NOVA IGUAÇU,0027,262,79577,58141,33778,20189,-23.372491013226465,2026-10-04 18:33:16,2026-10-04 19:11:44,62170,34856,22143,-20.44876950297571
RJ,58696,NOVA IGUAÇU,0084,402,142315,101861,59676,35094,-24.13288697342457,2026-10-04 19:22:11,2026-10-04 20:59:22,100628,57009,36842,-20.041141630560084
RJ,58696,NOVA IGUAÇU,0156,375,121397,88680,53423,29243,-27.26657645466847,2026-10-04 18:44:25,2026-10-04 20:49:56,90551,52228,32653,-21.617651930956036
RJ,58696,NOVA IGUAÇU,0157,278,94098,69991,40932,24122,-24.017373662328012,2026-10-04 18:43:13,2026-10-04 19:20:55,72881,40778,26816,-19.157256349391474
RJ,58696,NOVA IGUAÇU,0158,285,100996,74707,45311,24451,-27.922416908723413,2026-10-04 18:47:43,2026-10-04 20:46:18,75864,44579,26317,-24.072023621216914
RJ,58696,NOVA IGUAÇU,0159,228,76548,56500,34334,18429,-28.150442477876105,2026-10-04 18:44:24,2026-10-04 19:20:55,58699,34462,20176,-24.33772295950527
RJ,58718,PARACAMBI,0070,105,33690,25163,13601,9799,-15.109486150300043,2026-10-04 18:18:59,2026-10-04 19:24:38,25677,14164,9826,-16.894497020679985
RJ,58750,PARATY,0057,113,35461,26025,15758,8622,-27.419788664745436,2026-10-04 17:57:25,2026-10-04 22:05:19,24213,14315,8407,-24.400115640358486
RJ,58734,PARAÍBA DO SUL,0028,121,34304,25397,13407,9988,-13.462219947237863,2026-10-04 18:10:50,2026-10-04 19:23:22,25224,12627,10387,-8.880431335236283
RJ,59315,PATY DO ALFERES,0048,78,24302,18460,11511,5718,-31.38136511375948,2026-10-04 18:32:10,2026-10-04 19:23:43,17599,10092,6164,-22.319449968748224
RJ,58777,PETRÓPOLIS,0029,459,134152,94580,50388,33857,-17.478325227320788,2026-10-04 18:30:34,2026-10-04 19:11:44,98755,52295,35141,-17.37025973368437
RJ,58777,PETRÓPOLIS,0065,345,105417,76835,45395,23715,-28.216307672284767,2026-10-04 17:51:31,2026-10-04 20:14:14,77427,45015,24733,-26.194996577421314
RJ,58246,PINHEIRAL,0030,56,18820,14234,6497,6639,0.9976113530982156,2026-10-04 18:57:36,2026-10-04 20:07:46,14021,5749,7297,11.040581984166607
RJ,58793,PIRAÍ,0030,78,23699,17510,8680,7529,-6.573386636207881,2026-10-04 18:28:20,2026-10-04 20:10:30,17380,8049,8004,-0.25891829689298046
RJ,58815,PORCIÚNCULA,0045,50,13293,9854,4476,4729,2.5674852851633854,2026-10-04 17:43:11,2026-10-04 19:22:10,10127,4182,5286,10.90155031104967
RJ,58327,PORTO REAL,0183,57,17925,14278,8172,5071,-21.71872811318112,2026-10-04 18:33:53,2026-10-04 19:25:42,13816,7202,5750,-10.509554140127388
RJ,58025,QUATIS,0183,35,10505,8405,4272,3560,-8.471148126115407,2026-10-04 18:31:51,2026-10-04 20:10:30,8431,3823,4065,2.870359387972957
RJ,58122,QUEIMADOS,0138,326,104602,82800,45795,30676,-18.25966183574879,2026-10-04 18:21:53,2026-10-04 21:38:29,76935,41093,30421,-13.871449925261585
RJ,58009,QUISSAMÃ,0255,62,19085,14478,7550,6028,-10.51250172675784,2026-10-04 17:51:31,2026-10-04 19:28:53,14445,6273,7299,7.102803738317757
RJ,58831,RESENDE,0031,206,65099,48572,29049,15075,-28.769661533393723,2026-10-04 18:10:50,2026-10-04 20:19:47,47678,26208,16879,-19.566676454549267
RJ,58831,RESENDE,0198,103,32921,23705,14177,7461,-28.331575616958446,2026-10-04 18:30:15,2026-10-04 20:55:25,24024,13256,8709,-18.926906426906427
RJ,58858,RIO BONITO,0032,145,45412,34809,21566,10836,-30.82536125714614,2026-10-04 17:57:25,2026-10-04 20:11:11,34767,20773,11329,-27.16368970575546
RJ,58874,RIO CLARO,0108,50,14700,11438,5372,5215,-1.3726175904878475,2026-10-04 18:18:41,2026-10-04 19:28:53,11593,5163,5649,4.192184939187441
RJ,58890,RIO DAS FLORES,0111,28,8711,6622,2476,3781,19.707037148897616,2026-10-04 19:28:53,2026-10-04 19:28:53,6390,2046,3937,29.593114241001565
RJ,58203,RIO DAS OSTRAS,0184,316,107737,79765,48383,25447,-28.754466244593495,2026-10-04 18:33:53,2026-10-04 20:56:14,70128,41639,23471,-25.906913073237508
RJ,60011,RIO DE JANEIRO,0004,320,119953,85598,27511,50695,27.084744970676883,2026-10-04 18:44:44,2026-10-04 19:20:56,88096,28641,47726,21.663866690882674
RJ,60011,RIO DE JANEIRO,0005,346,117499,77746,30427,41251,13.922259666092145,2026-10-04 18:30:14,2026-10-04 19:22:11,83407,32667,40639,9.557950771517978
RJ,60011,RIO DE JANEIRO,0007,283,107301,76128,27694,41991,18.780212274064734,2026-10-04 17:51:31,2026-10-04 20:58:12,80167,29642,40830,13.955867127371612
RJ,60011,RIO DE JANEIRO,0008,223,86645,60924,24830,30966,10.071564572253957,2026-10-04 17:46:29,2026-10-04 20:53:26,63455,26431,30996,7.1940745410133164
RJ,60011,RIO DE JANEIRO,0009,375,162015,119735,68854,39655,-24.386353196642585,2026-10-04 19:31:07,2026-10-04 21:01:30,111579,60831,38489,-20.02348112099947
RJ,60011,RIO DE JANEIRO,0010,217,84905,58620,27966,25605,-4.027635619242579,2026-10-04 19:20:58,2026-10-04 20:51:35,62147,29363,26690,-4.301092570840105
RJ,60011,RIO DE JANEIRO,0014,227,86468,59339,28179,26084,-3.5305616879286807,2026-10-04 19:14:54,2026-10-04 21:02:11,63822,29892,27409,-3.8905079753063205
RJ,60011,RIO DE JANEIRO,0016,324,119021,84481,24411,54208,35.270652572767844,2026-10-04 18:27:06,2026-10-04 19:22:35,88378,26078,52775,30.207744008689946
RJ,60011,RIO DE JANEIRO,0017,305,110622,74892,29573,37300,10.317523901084227,2026-10-04 18:44:25,2026-10-04 20:37:29,80312,29570,37676,10.09313676661022
RJ,60011,RIO DE JANEIRO,0021,244,90818,63404,26869,31477,7.26768027253801,2026-10-04 18:58:06,2026-10-04 21:00:23,66717,28049,33421,8.051920799796154
RJ,60011,RIO DE JANEIRO,0022,303,114063,78826,40465,32119,-10.587877096389516,2026-10-04 19:14:54,2026-10-04 21:00:23,83738,41636,34684,-8.3020850748764
RJ,60011,RIO DE JANEIRO,0023,225,79681,55740,30420,21047,-16.81557229996412,2026-10-04 18:11:00,2026-10-04 20:12:41,61098,33133,22877,-16.786146846050606
RJ,60011,RIO DE JANEIRO,0024,241,99069,68107,36997,25817,-16.415346440160334,2026-10-04 18:33:16,2026-10-04 20:49:32,73175,38996,28189,-14.768705158865734
RJ,60011,RIO DE JANEIRO,0025,240,100319,71165,38271,27206,-15.548373498208388,2026-10-04 20:48:29,2026-10-04 21:02:59,68072,35500,27537,-11.697908097308732
RJ,60011,RIO DE JANEIRO,0118,167,63536,43850,20620,19787,-1.8996579247434435,2026-10-04 17:51:31,2026-10-04 20:36:21,46893,21580,21022,-1.1899430618642441
RJ,60011,RIO DE JANEIRO,0119,365,150488,108911,56969,41096,-14.574285425714574,2026-10-04 19:16:13,2026-10-04 21:04:20,110813,55594,41332,-12.870331098336838
RJ,60011,RIO DE JANEIRO,0120,203,81865,60288,36119,19539,-27.501326963906582,2026-10-04 18:59:28,2026-10-04 21:02:11,61088,35579,20414,-24.824842849659507
RJ,60011,RIO DE JANEIRO,0122,200,88618,62932,36270,21669,-23.20123307697197,2026-10-04 19:23:43,2026-10-04 21:02:59,63098,35776,22212,-21.49671938888713
RJ,60011,RIO DE JANEIRO,0123,229,90391,64016,35601,23314,-19.193639090227443,2026-10-04 18:16:09,2026-10-04 20:11:34,67284,37119,24690,-18.472445157838415
RJ,60011,RIO DE JANEIRO,0125,283,106137,72579,39823,27237,-17.341104176139105,2026-10-04 18:43:13,2026-10-04 21:32:31,74893,40186,28969,-14.977367711268077
RJ,60011,RIO DE JANEIRO,0161,211,91866,62203,24301,33455,14.716332009710143,2026-10-04 19:14:08,2026-10-04 21:17:58,65605,24691,35797,16.928587760079264
RJ,60011,RIO DE JANEIRO,0162,334,119430,82639,38944,36972,-2.3862825058386474,2026-10-04 19:01:38,2026-10-04 21:32:10,88589,40773,39551,-1.3794037634469292
RJ,60011,RIO DE JANEIRO,0167,183,69857,47382,24605,18851,-12.143852095732557,2026-10-04 18:47:42,2026-10-04 20:51:21,52159,27015,20774,-11.965336758756878
RJ,60011,RIO DE JANEIRO,0169,212,88113,60381,23863,31780,13.11174044815422,2026-10-04 18:38:43,2026-10-04 21:32:10,64284,25489,33419,12.335884512475888
RJ,60011,RIO DE JANEIRO,0170,336,130542,92516,33676,51380,19.136149422802543,2026-10-04 18:42:06,2026-10-04 21:00:45,98645,36019,51324,15.515231385270415
RJ,60011,RIO DE JANEIRO,0176,249,92656,64902,32678,26941,-8.839481063757665,2026-10-04 19:24:38,2026-10-04 20:56:34,68214,33620,28295,-7.806315419122174
RJ,60011,RIO DE JANEIRO,0179,354,146559,103936,45628,49192,3.429033251231527,2026-10-04 19:28:54,2026-10-04 21:11:59,103267,42626,52183,9.254650566008502
RJ,60011,RIO DE JANEIRO,0180,247,90813,64648,33699,25218,-13.118735305036505,2026-10-04 18:47:42,2026-10-04 20:57:50,67477,34268,26718,-11.188997732560724
RJ,60011,RIO DE JANEIRO,0182,265,109473,78980,42720,29012,-17.3562927323373,2026-10-04 19:16:13,2026-10-04 21:01:52,77348,39979,29900,-13.030718312044268
RJ,60011,RIO DE JANEIRO,0185,259,108039,75795,39297,30227,-11.966488554654001,2026-10-04 19:20:55,2026-10-04 21:01:30,80522,41085,32100,-11.158441171356897
RJ,60011,RIO DE JANEIRO,0188,342,129422,88834,41638,40116,-1.7133079676700362,2026-10-04 19:02:28,2026-10-04 20:56:15,97568,45261,43582,-1.720851098720892
RJ,60011,RIO DE JANEIRO,0191,261,102110,71420,36071,29515,-9.179501540184821,2026-10-04 18:16:09,2026-10-04 20:14:28,76157,37933,31225,-8.80812006775477
RJ,60011,RIO DE JANEIRO,0192,150,62533,44193,22501,17897,-10.417939492679837,2026-10-04 19:12:57,2026-10-04 20:39:29,46760,23690,18459,-11.186911890504705
RJ,60011,RIO DE JANEIRO,0204,291,112832,75921,27188,43112,20.97443395108073,2026-10-04 19:00:39,2026-10-04 20:59:42,77654,28237,42405,18.24503567105365
RJ,60011,RIO DE JANEIRO,0211,254,99895,70084,22646,41137,26.384053421608357,2026-10-04 18:48:41,2026-10-04 20:52:44,73743,22559,42960,27.664998711742133
RJ,60011,RIO DE JANEIRO,0214,336,131225,91219,37038,46474,10.344336158037251,2026-10-04 19:11:44,2026-10-04 21:41:09,96723,39730,46650,7.15445137144216
RJ,60011,RIO DE JANEIRO,0216,221,84219,59747,26465,28218,2.9340385291311697,2026-10-04 17:59:25,2026-10-04 20:37:29,61223,27220,27802,0.9506231318295412
RJ,60011,RIO DE JANEIRO,0218,251,97724,67258,33962,27712,-9.29257486098308,2026-10-04 19:14:08,2026-10-04 20:56:15,72453,36359,29433,-9.559300512056092
RJ,60011,RIO DE JANEIRO,0219,270,103860,72022,36468,29890,-9.133320374330065,2026-10-04 19:16:13,2026-10-04 20:52:44,76691,38402,31882,-8.501649476470512
RJ,60011,RIO DE JANEIRO,0229,285,109501,76857,27552,43043,20.155613672144373,2026-10-04 18:16:09,2026-10-04 20:13:49,80260,29230,42194,16.15250436082731
RJ,60011,RIO DE JANEIRO,0230,143,62271,44029,23496,17107,-14.510890549410616,2026-10-04 18:57:37,2026-10-04 21:49:00,45477,23970,17971,-13.191283505948062
RJ,60011,RIO DE JANEIRO,0233,282,104274,72315,39938,27038,-17.83862269238747,2026-10-04 17:50:03,2026-10-04 19:23:22,77553,42640,28659,-18.02767139891429
RJ,60011,RIO DE JANEIRO,0234,200,83906,58311,32363,21549,-18.545385947762856,2026-10-04 18:34:55,2026-10-04 21:00:44,61552,33728,22818,-17.724850532882765
RJ,60011,RIO DE JANEIRO,0238,267,110026,77123,44217,27273,-21.970099710851496,2026-10-04 17:54:09,2026-10-04 21:22:09,81366,46037,29199,-20.69414743258855
RJ,60011,RIO DE JANEIRO,0241,171,74562,52550,29604,18852,-20.460513796384397,2026-10-04 19:15:08,2026-10-04 20:56:14,51085,28734,18591,-19.855143388470196
RJ,60011,RIO DE JANEIRO,0242,193,71967,51156,30037,17084,-25.32058800531707,2026-10-04 17:33:44,2026-10-04 19:20:56,52403,30097,17954,-23.17233746159571
RJ,60011,RIO DE JANEIRO,0243,208,87958,62920,34364,23568,-17.15829624920534,2026-10-04 20:28:19,2026-10-04 21:01:52,58301,31135,22793,-14.30850242705957
RJ,60011,RIO DE JANEIRO,0245,277,106811,76085,44735,25606,-25.14161792731813,2026-10-04 18:44:43,2026-10-04 21:02:11,78228,45054,26636,-23.543999590939304
RJ,60011,RIO DE JANEIRO,0246,263,110754,79167,44791,28235,-20.912754051561887,2026-10-04 18:23:53,2026-10-04 21:01:30,78745,43933,28634,-19.428535145088578
RJ,58912,SANTA MARIA MADALENA,0060,33,8846,6623,3277,2847,-6.492526045598671,2026-10-04 19:11:19,2026-10-04 20:53:26,6702,2953,3213,3.879438973440764
RJ,58939,SANTO ANTÔNIO DE PÁDUA,0034,120,33702,24689,14849,8371,-26.23840576775082,2026-10-04 18:15:00,2026-10-04 20:10:31,24189,13656,9097,-18.84740997974286
RJ,59072,SAPUCAIA,0061,57,15786,12023,6814,4495,-19.288031273392665,2026-10-04 18:33:16,2026-10-04 20:12:41,12394,6568,5142,-11.505567209940294
RJ,59099,SAQUAREMA,0062,283,92059,68647,44175,20288,-34.79685929465235,2026-10-04 18:37:12,2026-10-04 20:49:55,53881,32668,17521,-28.111950409235167
RJ,58424,SEROPÉDICA,0225,190,60965,45259,26529,15730,-23.860447645772112,2026-10-04 18:43:13,2026-10-04 20:53:49,44160,25064,16026,-20.466485507246375
RJ,59110,SILVA JARDIM,0063,61,18674,14279,8932,4450,-31.388752713775474,2026-10-04 17:46:29,2026-10-04 20:11:51,14303,8284,5123,-22.100258686988745
RJ,59137,SUMIDOURO,0064,53,14193,11360,7366,3345,-35.396126760563384,2026-10-04 17:59:25,2026-10-04 19:12:42,10820,6700,3536,-29.24214417744917
RJ,58955,SÃO FIDÉLIS,0035,111,30178,22803,14248,7229,-30.781037582774196,2026-10-04 18:33:53,2026-10-04 20:11:51,22924,13737,7828,-25.77647879951143
RJ,58289,SÃO FRANCISCO DE ITABAPOANA,0130,139,39905,28320,18882,8000,-38.425141242937855,2026-10-04 18:30:34,2026-10-04 21:01:30,27215,16831,8792,-29.538857247841264
RJ,58971,SÃO GONÇALO,0036,297,92503,65126,33472,27120,-9.753401099407302,2026-10-04 18:32:12,2026-10-04 20:25:02,68593,33749,29664,-5.955418191360635
RJ,58971,SÃO GONÇALO,0068,258,81072,58296,28353,25753,-4.4599972553863045,2026-10-04 20:53:25,2026-10-04 21:26:48,62039,29007,28140,-1.3975080191492448
RJ,58971,SÃO GONÇALO,0069,238,82178,60261,32171,23494,-14.399030882328537,2026-10-04 18:58:06,2026-10-04 20:41:09,61519,31716,25159,-10.65849574928071
RJ,58971,SÃO GONÇALO,0087,278,86214,62102,29179,28565,-0.9886960162313613,2026-10-04 18:31:52,2026-10-04 20:11:11,65795,29624,31155,2.3269245383387793
RJ,58971,SÃO GONÇALO,0132,275,92634,67731,37370,25294,-17.829354357679644,2026-10-04 18:15:00,2026-10-04 20:14:13,68103,35743,27417,-12.225599459642012
RJ,58971,SÃO GONÇALO,0133,304,100981,73718,41492,26986,-19.677690658997804,2026-10-04 18:57:36,2026-10-04 21:24:18,76998,41053,30310,-13.952310449622068
RJ,58971,SÃO GONÇALO,0135,369,117602,85418,45492,33772,-13.72076143201667,2026-10-04 18:00:37,2026-10-04 20:22:48,89174,45686,36858,-9.8997465628995
RJ,58343,SÃO JOSÉ DE UBÁ,0107,24,7636,5857,3697,1881,-31.00563428376302,2026-10-04 18:28:20,2026-10-04 20:55:25,5727,3289,2074,-21.215295966474596
RJ,59331,SÃO JOSÉ DO VALE DO RIO PRETO,0196,60,16230,12440,9219,2314,-55.5064308681672,2026-10-04 17:31:43,2026-10-04 19:07:01,12503,9263,2425,-54.69087419019435
RJ,58998,SÃO JOÃO DA BARRA,0037,137,43094,33002,19786,10656,-27.664990000606025,2026-10-04 18:31:52,2026-10-04 20:53:26,29252,16398,10893,-18.81922603582661
RJ,59013,SÃO JOÃO DE MERITI,0088,204,65961,50957,28770,18753,-19.65775065251094,2026-10-04 18:14:06,2026-10-04 19:29:36,54745,29879,21121,-15.99780801899717
RJ,59013,SÃO JOÃO DE MERITI,0089,234,76856,58735,34547,20267,-24.31259044862518,2026-10-04 18:42:05,2026-10-04 19:16:37,61844,34668,23052,-18.782743677640514
RJ,59013,SÃO JOÃO DE MERITI,0186,307,93677,71933,39243,27834,-15.860592495794698,2026-10-04 18:27:05,2026-10-04 19:14:54,75786,39725,30819,-11.751510833135407
RJ,59013,SÃO JOÃO DE MERITI,0187,345,103634,79636,45003,29163,-19.890501783113166,2026-10-04 18:59:08,2026-10-04 20:29:16,83432,45492,32393,-15.700210950234922
RJ,59030,SÃO PEDRO DA ALDEIA,0059,244,74913,56298,38306,14421,-42.4260186862766,2026-10-04 18:32:12,2026-10-04 20:13:02,52149,34986,13718,-40.78314061631095
RJ,59056,SÃO SEBASTIÃO DO ALTO,0060,28,7793,5721,3248,2181,-18.650585561964693,2026-10-04 18:28:21,2026-10-04 20:53:26,6046,3025,2690,-5.540853456830963
RJ,58360,TANGUÁ,0151,79,26468,20342,11510,7530,-19.565431127716057,2026-10-04 18:28:20,2026-10-04 19:30:38,19854,10634,8097,-12.778281454618716
RJ,59153,TERESÓPOLIS,0038,191,61291,44822,27616,13227,-32.102538931774575,2026-10-04 18:18:42,2026-10-04 19:22:11,43354,26347,12893,-31.032892005351293
RJ,59153,TERESÓPOLIS,0195,231,72421,53243,33968,14885,-35.841331254812836,2026-10-04 18:46:32,2026-10-04 21:20:29,51870,32753,14810,-34.59224985540775
RJ,59170,TRAJANO DE MORAES,0051,34,9269,7110,3561,3122,-6.174402250351617,2026-10-04 18:32:11,2026-10-04 20:11:11,6769,2927,3399,6.9729649874427535
RJ,59196,TRÊS RIOS,0040,77,19261,14002,6828,5993,-5.963433795172119,2026-10-04 17:41:56,2026-10-04 18:32:12,14689,6619,6804,1.2594458438287153
RJ,59196,TRÊS RIOS,0174,138,43219,32421,14557,15004,1.3787360044415657,2026-10-04 18:30:14,2026-10-04 20:10:31,32670,13291,16922,11.114172023262933
RJ,59218,VALENÇA,0111,196,56821,39883,16207,20463,10.67121329889928,2026-10-04 18:16:09,2026-10-04 19:29:36,40603,15066,22058,17.220402433317734
RJ,58084,VARRE-SAI,0043,28,8788,6736,4219,2102,-31.42814726840855,2026-10-04 18:10:59,2026-10-04 19:11:44,6432,3851,2152,-26.414800995024876
RJ,59234,VASSOURAS,0041,98,29259,22140,11112,9316,-8.112014453477869,2026-10-04 18:00:37,2026-10-04 20:10:31,22339,10379,10263,-0.5192712296879897
RJ,59250,VOLTA REDONDA,0090,324,97560,72223,37226,29415,-10.81511429876909,2026-10-04 18:30:35,2026-10-04 19:20:56,75235,36332,33140,-4.242706187279857
RJ,59250,VOLTA REDONDA,0131,381,124397,92735,45360,39968,-5.814417425998814,2026-10-04 18:33:54,2026-10-04 19:29:36,97310,45014,43703,-1.3472407768985715
RN,16012,ACARI,0022,29,9368,7120,2438,4256,25.53370786516854,2026-10-04 17:59:25,2026-10-04 18:17:56,7107,1968,4703,38.483185591670185
RN,16055,AFONSO BEZERRA,0018,33,10537,8125,2322,5434,38.30153846153846,2026-10-04 17:55:44,2026-10-04 20:58:31,7697,1884,5383,45.45926984539431
RN,16098,ALEXANDRIA,0041,41,11804,9094,1673,7130,60.0065977567627,2026-10-04 17:55:45,2026-10-04 20:55:25,8818,1129,7344,70.48083465638467
RN,16110,ALMINO AFONSO,0037,21,5166,4169,759,3274,60.32621731830175,2026-10-04 17:30:40,2026-10-04 18:23:28,4159,652,3318,64.10194758355374
RN,16136,ALTO DO RODRIGUES,0047,39,12062,9181,1811,6898,55.40790763533384,2026-10-04 18:00:36,2026-10-04 19:30:37,8931,1522,6989,61.21374986003807
RN,16152,ANGICOS,0018,31,10219,8057,2434,5255,35.01303214596003,2026-10-04 18:24:57,2026-10-04 20:07:45,7868,2171,5262,39.285714285714285
RN,16179,ANTÔNIO MARTINS,0038,23,5912,4751,796,3807,63.376131340770364,2026-10-04 17:38:21,2026-10-04 18:37:13,4672,602,3915,70.91181506849315
RN,16195,APODI,0035,91,30219,24663,5839,17301,46.47447593561205,2026-10-04 17:21:54,2026-10-04 20:42:19,23749,4412,17646,55.724451555854984
RN,16217,AREIA BRANCA,0032,75,22037,16542,5319,10235,29.718292830371176,2026-10-04 17:44:55,2026-10-04 20:24:17,16260,4487,10803,38.84378843788438
RN,16233,AREZ,0067,36,11506,8714,2899,5474,29.550149185219187,2026-10-04 17:53:51,2026-10-04 20:15:36,8771,2362,5985,41.306578497320714
RN,16039,ASSÚ,0029,133,45551,35339,9376,24169,41.860267692917176,2026-10-04 17:31:42,2026-10-04 22:03:09,34392,7671,24909,50.12212142358688
RN,30031,BARAÚNA,0058,63,22038,17394,5833,10688,27.911923651833966,2026-10-04 18:09:47,2026-10-04 21:00:42,16248,4493,10983,39.94337764647957
RN,16292,BARCELONA,0019,14,4679,3709,1433,2122,18.576435696953357,2026-10-04 17:48:33,2026-10-04 19:20:54,3642,1254,2201,26.00219659527732
RN,16276,BAÍA FORMOSA,0011,24,7404,5651,2045,3331,22.75703415324721,2026-10-04 17:54:09,2026-10-04 19:11:43,5423,1806,3327,28.04720634335239
RN,16314,BENTO FERNANDES,0062,19,4926,3989,927,2902,49.51115567811482,2026-10-04 17:44:12,2026-10-04 21:00:42,3918,725,3026,58.72894333843798
RN,17035,BOA SAÚDE,0053,25,8062,6177,2199,3665,23.733203820624897,2026-10-04 17:21:55,2026-10-04 19:20:56,5839,1996,3537,26.391505394759378
RN,16101,BODÓ,0020,11,3784,2805,602,2094,53.19073083778966,2026-10-04 17:40:33,2026-10-04 19:23:33,2631,473,2055,60.129228430254656
RN,16330,BOM JESUS,0005,30,9083,7162,2466,4354,26.361351577771572,2026-10-04 18:00:36,2026-10-04 19:20:54,6816,2230,4295,30.296361502347416
RN,16357,BREJINHO,0044,30,10102,7529,2424,4750,30.893877008898926,2026-10-04 17:21:54,2026-10-04 19:13:58,7574,2068,5065,39.56958014259308
RN,16390,CAICÓ,0025,137,45036,36284,12738,21376,23.80663653400948,2026-10-04 17:34:11,2026-10-04 21:00:21,35807,10816,23044,34.149747256123106
RN,16047,CAIÇARA DO NORTE,0052,18,5551,4216,1470,2536,25.28462998102467,2026-10-04 18:31:52,2026-10-04 19:09:25,4139,1184,2746,37.738584199081906
RN,16373,CAIÇARA DO RIO DO VENTO,0017,13,4196,3381,1023,2208,35.04880212954747,2026-10-04 17:51:33,2026-10-04 19:32:14,3059,714,2200,48.577966655769856
RN,16250,CAMPO GRANDE,0031,32,8816,6898,2022,4590,37.22818208176283,2026-10-04 18:41:08,2026-10-04 19:30:37,6802,1747,4692,43.29608938547486
RN,16411,CAMPO REDONDO,0068,26,8619,6692,1330,5150,57.083084279737,2026-10-04 18:31:51,2026-10-04 19:25:19,6548,1004,5316,65.85216860109958
RN,16438,CANGUARETAMA,0011,88,24690,19158,4971,13380,43.89289069840276,2026-10-04 18:17:31,2026-10-04 19:16:11,18296,3920,13523,52.486882378662
RN,16454,CARAÚBAS,0036,63,18980,15076,3295,11048,51.42610772088087,2026-10-04 18:13:02,2026-10-04 20:52:01,14929,2707,11418,58.349521066380866
RN,16497,CARNAUBAIS,0047,27,8684,6760,1637,4791,46.65680473372781,2026-10-04 17:58:51,2026-10-04 20:07:45,6945,1342,5192,55.43556515478762
RN,16470,CARNAÚBA DOS DANTAS,0022,17,6324,4933,2061,2382,6.507196432191364,2026-10-04 17:33:45,2026-10-04 19:29:36,4663,1750,2535,16.83465580098649
RN,16519,CEARÁ-MIRIM,0006,201,60280,47119,12957,31895,40.19185466584605,2026-10-04 17:26:34,2026-10-04 20:51:51,44868,10602,31891,47.448069893911025
RN,16535,CERRO CORÁ,0020,29,9720,7136,1660,5130,48.62668161434978,2026-10-04 19:23:22,2026-10-04 19:23:22,6772,1264,5143,57.27997637330183
RN,16551,CORONEL EZEQUIEL,0068,16,4902,3832,1021,2630,41.988517745302715,2026-10-04 17:32:11,2026-10-04 18:27:08,3484,662,2609,55.88404133180253
RN,16578,CORONEL JOÃO PESSOA,0043,15,4073,3158,568,2430,58.96136795440152,2026-10-04 17:39:12,2026-10-04 19:29:35,3100,450,2507,66.35483870967742
RN,16594,CRUZETA,0022,21,6955,5398,1479,3654,40.292701000370506,2026-10-04 18:16:09,2026-10-04 19:07:23,5226,1084,3870,53.31037122081898
RN,16616,CURRAIS NOVOS,0020,109,32922,25175,8808,14921,24.282025819265144,2026-10-04 17:34:11,2026-10-04 19:17:19,24111,7834,14775,28.787690265853758
RN,16632,DOUTOR SEVERIANO,0043,24,6326,5045,758,4046,65.17343904856294,2026-10-04 17:32:52,2026-10-04 20:10:29,4782,580,3970,70.89084065244667
RN,16659,ENCANTO,0065,15,5141,4029,759,3137,59.022089848597666,2026-10-04 17:41:57,2026-10-04 19:20:54,3822,472,3231,72.18733647305076
RN,16675,EQUADOR,0024,16,4769,3763,1097,2470,36.486845601913366,2026-10-04 17:55:45,2026-10-04 19:24:40,3642,999,2459,40.08786381109281
RN,16691,ESPÍRITO SANTO,0009,25,7961,6035,2483,3306,13.63711681855841,2026-10-04 17:40:33,2026-10-04 20:49:31,5746,2241,3328,18.91750783153498
RN,16713,EXTREMOZ,0064,116,39504,31333,13692,15787,6.686241342993011,2026-10-04 19:24:40,2026-10-04 22:04:08,22870,8832,12753,17.144731088762573
RN,16730,FELIPE GUERRA,0045,20,7070,5774,1091,4477,58.64218912365778,2026-10-04 17:58:50,2026-10-04 20:22:27,5688,845,4594,65.91068917018283
RN,16144,FERNANDO PEDROZA,0018,12,3409,2717,871,1763,32.830327567169675,2026-10-04 18:54:38,2026-10-04 18:54:38,2596,663,1793,43.52850539291217
RN,16756,FLORÂNIA,0021,29,8397,6588,1722,4517,42.42562234365513,2026-10-04 17:34:11,2026-10-04 19:16:11,6522,1428,4771,51.25728304201165
RN,16772,FRANCISCO DANTAS,0040,13,2868,2350,486,1754,53.95744680851064,2026-10-04 17:21:11,2026-10-04 17:51:33,2219,350,1778,64.35331230283911
RN,17515,FRUTUOSO GOMES,0039,14,4173,3416,608,2677,60.56791569086651,2026-10-04 17:58:51,2026-10-04 19:13:58,3246,475,2653,67.09796672828097
RN,16799,GALINHOS,0052,10,2858,2253,1089,1041,-2.130492676431425,2026-10-04 17:23:11,2026-10-04 20:59:21,2081,825,1162,16.194137433926
RN,16810,GOIANINHA,0009,70,22264,17335,6322,10212,22.44014998557831,2026-10-04 17:43:13,2026-10-04 20:59:21,16449,5228,10356,31.175147425375403
RN,16837,GOVERNADOR DIX-SEPT ROSADO,0049,39,12132,9450,2133,6889,50.32804232804233,2026-10-04 18:09:47,2026-10-04 19:12:41,9387,1669,7190,58.8153829764568
RN,16853,GROSSOS,0032,31,9557,7783,2484,4909,31.157651291275858,2026-10-04 17:54:29,2026-10-04 20:56:14,7249,1946,4924,41.081528486687816
RN,16870,GUAMARÉ,0030,45,15625,11559,3479,7385,33.791850506099145,2026-10-04 18:00:37,2026-10-04 20:27:07,11724,3048,7950,41.81166837256909
RN,16896,IELMO MARINHO,0046,40,11530,9419,2811,6124,35.173585306295784,2026-10-04 18:17:31,2026-10-04 21:00:21,8785,2470,5877,38.78201479795105
RN,16918,IPANGUAÇU,0054,39,12911,10080,2301,7437,50.95238095238095,2026-10-04 18:25:55,2026-10-04 20:33:38,10032,1632,8060,64.07496012759171
RN,16934,IPUEIRA,0026,7,2185,1790,441,1276,46.64804469273743,2026-10-04 17:54:09,2026-10-04 19:16:11,1692,304,1289,58.21513002364066
RN,16080,ITAJÁ,0054,21,7286,5775,1693,3859,37.506493506493506,2026-10-04 17:35:02,2026-10-04 20:38:18,5135,1255,3661,46.85491723466407
RN,16950,ITAÚ,0045,16,5189,4101,976,2930,47.6469153864911,2026-10-04 18:00:37,2026-10-04 18:57:34,3915,744,2984,57.215836526181356
RN,16993,JANDAÍRA,0062,19,6396,5104,1514,3384,36.63793103448276,2026-10-04 18:23:53,2026-10-04 20:52:01,4638,1151,3289,46.09745579991375
RN,17019,JANDUÍS,0031,17,4474,3594,778,2715,53.89538119087368,2026-10-04 17:35:03,2026-10-04 18:27:08,3471,579,2802,64.04494382022472
RN,17051,JAPI,0016,17,5746,4528,859,3530,58.98851590106007,2026-10-04 17:41:12,2026-10-04 20:11:50,4261,631,3445,66.04083548462802
RN,17078,JARDIM DE ANGICOS,0010,13,3156,2601,587,1865,49.134948096885815,2026-10-04 18:50:13,2026-10-04 21:01:51,2383,450,1785,56.02182123373898
RN,17094,JARDIM DE PIRANHAS,0026,35,11100,9178,1680,7115,59.2176944868163,2026-10-04 17:34:11,2026-10-04 19:30:18,8622,1267,6980,66.26072836928788
RN,17116,JARDIM DO SERIDÓ,0023,34,10316,8145,2599,5010,29.600982197667282,2026-10-04 17:22:29,2026-10-04 18:19:22,7990,2238,5296,38.272841051314145
RN,16977,JAÇANÃ,0068,20,6324,4992,1293,3488,43.97035256410256,2026-10-04 17:33:45,2026-10-04 19:20:55,4684,964,3478,53.67207514944492
RN,17175,JOSÉ DA PENHA,0042,17,5251,4079,627,3329,66.24172591321403,2026-10-04 17:59:25,2026-10-04 19:04:12,4073,485,3446,72.69825681315983
RN,17132,JOÃO CÂMARA,0010,93,27705,22029,6155,14852,39.47977665804167,2026-10-04 18:12:02,2026-10-04 21:01:51,20492,4982,14498,46.43763419871169
RN,17159,JOÃO DIAS,0041,10,3082,2270,494,1689,52.6431718061674,2026-10-04 17:42:13,2026-10-04 19:17:19,2365,368,1887,64.22832980972515
RN,17191,JUCURUTU,0027,59,15421,12385,3261,8585,42.98748486071861,2026-10-04 18:09:25,2026-10-04 19:12:55,12173,2836,8806,49.04296393658096
RN,16306,JUNDIÁ,0009,15,4775,3724,1282,2251,26.020408163265305,2026-10-04 17:51:32,2026-10-04 20:11:33,3328,950,2176,36.83894230769231
RN,17230,LAGOA D'ANTA,0015,19,6393,4908,1160,3586,49.42950285248574,2026-10-04 17:55:44,2026-10-04 19:29:36,4413,877,3345,55.92567414457285
RN,17256,LAGOA DE PEDRAS,0044,23,7693,6034,1589,4148,42.4096784885648,2026-10-04 17:32:43,2026-10-04 20:11:33,5637,1129,4197,54.42611318076991
RN,17272,LAGOA DE VELHOS,0019,11,3314,2636,834,1665,31.525037936267072,2026-10-04 17:30:40,2026-10-04 19:22:34,2500,724,1644,36.8
RN,17299,LAGOA NOVA,0020,45,12875,9613,2666,6509,39.97711432435244,2026-10-04 17:55:28,2026-10-04 18:42:06,9225,2031,6702,50.63414634146341
RN,17310,LAGOA SALGADA,0044,29,9613,7207,2255,4669,33.495212987373385,2026-10-04 17:26:35,2026-10-04 20:23:18,7129,1662,5063,47.706550708374245
RN,17337,LAJES,0017,29,9481,7303,1935,5008,42.078597836505544,2026-10-04 18:13:02,2026-10-04 20:26:00,6969,1474,5079,51.72908595207347
RN,17353,LAJES PINTADAS,0068,19,5230,4172,1331,2695,32.694151486097795,2026-10-04 17:32:43,2026-10-04 18:17:56,4095,1055,2826,43.24786324786325
RN,17370,LUCRÉCIA,0039,12,3467,2926,567,2252,57.58714969241285,2026-10-04 17:28:50,2026-10-04 18:38:43,2821,404,2300,67.21020914569301
RN,17396,LUÍS GOMES,0042,27,7360,5348,807,4426,67.67015706806282,2026-10-04 18:09:25,2026-10-04 18:42:06,5535,622,4712,73.89340560072267
RN,17434,MACAU,0030,78,22534,16971,3551,12556,53.061104236638975,2026-10-04 18:20:09,2026-10-04 19:29:57,16862,3193,12746,56.6540149448464
RN,17418,MACAÍBA,0005,172,54350,42758,14839,25616,25.204640067355818,2026-10-04 18:33:54,2026-10-04 21:49:58,41558,13369,25896,30.143414023774003
RN,16160,MAJOR SALES,0042,10,3212,2486,438,1944,60.57924376508447,2026-10-04 18:32:12,2026-10-04 20:53:48,2484,356,2024,67.14975845410628
RN,17450,MARCELINO VIEIRA,0065,22,7032,5661,942,4576,64.19360537007596,2026-10-04 18:31:50,2026-10-04 19:29:35,5442,608,4655,74.36604189636164
RN,17477,MARTINS,0038,25,7611,5971,1436,4300,47.96516496399263,2026-10-04 17:53:51,2026-10-04 20:13:50,5385,1077,4040,55.02321262766945
RN,17493,MAXARANGUAPE,0064,32,10437,8148,2810,4958,26.362297496318114,2026-10-04 17:28:21,2026-10-04 22:00:08,7416,2139,4925,37.56742179072276
RN,17213,MESSIAS TARGINO,0037,18,4715,3833,1099,2586,38.7946777980694,2026-10-04 17:31:42,2026-10-04 18:57:34,3693,884,2687,48.82209585702681
RN,17531,MONTANHAS,0012,35,9623,7303,1797,5215,46.8026838285636,2026-10-04 17:30:40,2026-10-04 18:31:52,7004,1366,5307,56.267846944603086
RN,17558,MONTE ALEGRE,0044,58,17267,13399,5043,7772,20.367191581461302,2026-10-04 17:28:21,2026-10-04 20:57:49,13204,4344,8161,28.907906694940927
RN,17574,MONTE DAS GAMELEIRAS,0015,10,3052,2464,875,1480,24.553571428571427,2026-10-04 18:09:47,2026-10-04 19:25:41,2175,578,1498,42.298850574712645
RN,17590,MOSSORÓ,0033,301,100751,80447,29504,45502,19.886384824791477,2026-10-04 17:47:43,2026-10-04 20:54:17,77314,25106,46984,28.297591639289134
RN,17590,MOSSORÓ,0034,263,87262,69717,24817,40005,21.78521737883156,2026-10-04 18:30:35,2026-10-04 20:36:09,66931,21272,41097,29.620056476072374
RN,17612,NATAL,0001,274,102932,78222,33227,39705,8.281557618061415,2026-10-04 17:43:13,2026-10-04 20:56:32,82939,33629,43032,11.337247856858655
RN,17612,NATAL,0002,335,116607,90605,42389,42146,-0.2681971193642735,2026-10-04 17:34:11,2026-10-04 21:04:37,93954,41992,44596,2.7715690657130083
RN,17612,NATAL,0003,312,127676,99031,45856,46551,0.7018004463248881,2026-10-04 17:43:12,2026-10-04 20:53:23,101699,45697,47247,1.5241054484311547
RN,17612,NATAL,0004,254,104780,79013,33768,39840,7.684811360155924,2026-10-04 17:31:42,2026-10-04 20:51:51,80170,31757,42443,13.329175502058126
RN,17612,NATAL,0069,302,121153,89506,37499,45548,8.99269322726968,2026-10-04 17:47:43,2026-10-04 21:00:42,90967,35867,48211,13.569756065386349
RN,17655,NOVA CRUZ,0012,97,27948,21272,7238,13168,27.87702143663031,2026-10-04 17:41:57,2026-10-04 19:11:18,20157,5748,13405,37.98680359180434
RN,17639,NÍSIA FLORESTA,0067,74,23401,18629,7562,10173,14.01578184550969,2026-10-04 17:51:33,2026-10-04 20:56:14,16712,6200,9763,21.32000957395883
RN,17671,OLHO D'ÁGUA DO BORGES,0039,18,4689,3611,851,2605,48.5738022708391,2026-10-04 18:54:38,2026-10-04 18:54:38,3396,501,2712,65.10600706713781
RN,17698,OURO BRANCO,0023,14,4580,3568,975,2406,40.106502242152466,2026-10-04 17:21:54,2026-10-04 18:43:13,3498,770,2565,51.315037164093766
RN,17710,PARANÁ,0042,14,4235,3242,461,2700,69.06230721776681,2026-10-04 17:41:12,2026-10-04 18:44:43,3135,297,2726,77.48006379585327
RN,17752,PARAZINHO,0052,17,5532,4352,1337,2871,35.248161764705884,2026-10-04 18:15:01,2026-10-04 19:20:56,4048,1040,2834,44.31818181818182
RN,17736,PARAÚ,0054,19,4339,3439,963,2319,39.43006687990695,2026-10-04 17:58:51,2026-10-04 18:18:59,3505,811,2515,48.61626248216833
RN,17779,PARELHAS,0024,57,17461,13645,5159,7308,15.749358739465006,2026-10-04 18:19:22,2026-10-04 18:59:06,13479,4658,7839,23.5996735662883
RN,17795,PARNAMIRIM,0050,427,147649,116543,59345,49084,-8.804475601280215,2026-10-04 17:58:51,2026-10-04 20:24:18,109936,53530,48084,-4.953791296754475
RN,17817,PASSA E FICA,0012,31,10054,7782,2928,4469,19.802107427396557,2026-10-04 19:14:53,2026-10-04 20:42:19,7249,2187,4645,33.90812525865637
RN,17833,PASSAGEM,0013,13,4547,3640,1377,2090,19.587912087912088,2026-10-04 17:31:42,2026-10-04 19:17:19,2947,960,1836,29.72514421445538
RN,17850,PATU,0037,29,9946,7962,2113,5488,42.38884702336097,2026-10-04 19:23:33,2026-10-04 20:19:47,7648,1630,5652,52.58891213389121
RN,17876,PAU DOS FERROS,0040,72,21145,16855,4466,11673,42.758825274399285,2026-10-04 18:33:53,2026-10-04 20:13:49,16556,3513,12280,52.95361198357091
RN,17892,PEDRA GRANDE,0052,15,4340,3276,832,2292,44.566544566544565,2026-10-04 17:28:21,2026-10-04 19:24:40,3252,695,2405,52.5830258302583
RN,17914,PEDRA PRETA,0017,10,3295,2634,833,1692,32.61199696279423,2026-10-04 17:57:24,2026-10-04 19:24:40,2608,680,1802,43.02147239263804
RN,17930,PEDRO AVELINO,0017,22,6554,4734,1312,3214,40.17743979721166,2026-10-04 17:36:52,2026-10-04 19:11:43,4713,1058,3395,49.586250795671546
RN,17957,PEDRO VELHO,0011,43,11914,9249,2551,6346,41.03146286084982,2026-10-04 18:56:34,2026-10-04 19:29:36,8995,2066,6490,49.18287937743191
RN,17973,PENDÊNCIAS,0047,38,10931,8244,1752,6152,53.37214944201844,2026-10-04 17:29:31,2026-10-04 19:23:22,8544,1551,6626,59.39840823970037
RN,17990,PILÕES,0041,12,3577,2812,406,2330,68.42105263157895,2026-10-04 17:57:24,2026-10-04 19:08:10,2709,294,2345,75.71059431524547
RN,18031,PORTALEGRE,0063,20,6896,5290,1768,3291,28.79017013232514,2026-10-04 19:04:31,2026-10-04 20:49:30,5143,1233,3495,43.98211160801089
RN,16284,PORTO DO MANGUE,0032,16,5103,4010,823,2980,53.790523690773064,2026-10-04 18:17:14,2026-10-04 21:44:48,3882,686,3001,59.63420917053065
RN,18015,POÇO BRANCO,0062,43,11674,9133,1756,7013,57.560494908573304,2026-10-04 18:15:17,2026-10-04 20:04:51,8802,1506,6922,61.53147012042717
RN,18074,PUREZA,0046,30,8502,6676,1690,4754,45.89574595566207,2026-10-04 17:41:56,2026-10-04 19:23:33,6105,1311,4479,51.891891891891895
RN,18090,RAFAEL FERNANDES,0065,15,4933,3910,744,3032,58.51662404092072,2026-10-04 18:13:11,2026-10-04 20:14:28,3921,598,3193,66.18209640397858
RN,18937,RAFAEL GODEIRO,0037,11,3667,2937,1268,1594,11.099761661559414,2026-10-04 18:33:54,2026-10-04 18:49:57,2868,958,1767,28.207810320781032
RN,18112,RIACHO DA CRUZ,0063,9,2759,2278,499,1712,53.24846356453029,2026-10-04 18:30:15,2026-10-04 20:33:31,2277,362,1811,63.63636363636363
RN,18139,RIACHO DE SANTANA,0065,11,3843,3020,470,2436,65.09933774834437,2026-10-04 17:40:33,2026-10-04 20:55:00,3026,393,2529,70.58823529411765
RN,18155,RIACHUELO,0008,21,6909,5566,1781,3609,32.842256557671575,2026-10-04 20:50:59,2026-10-04 20:50:59,5179,1288,3667,45.935508785479826
RN,16268,RIO DO FOGO,0064,37,10982,8749,3468,4901,16.379014744542232,2026-10-04 17:46:18,2026-10-04 20:50:59,7968,2813,4766,24.5105421686747
RN,18171,RODOLFO FERNANDES,0045,16,4641,3731,1095,2488,37.3358348968105,2026-10-04 17:30:39,2026-10-04 18:55:35,3352,555,2611,61.33651551312649
RN,18198,RUY BARBOSA,0019,13,4188,3252,1503,1637,4.120541205412054,2026-10-04 19:04:31,2026-10-04 20:42:19,3149,1304,1701,12.607176881549698
RN,18236,SANTA CRUZ,0016,87,27658,21722,6826,13899,32.56145842924224,2026-10-04 17:58:51,2026-10-04 19:22:34,20593,5615,13939,40.421502452289616
RN,16241,SANTA MARIA,0008,16,5115,4001,1314,2502,29.692576855786054,2026-10-04 19:23:22,2026-10-04 19:23:22,3639,918,2560,45.12228634240176
RN,18279,SANTANA DO MATOS,0018,38,11151,8575,1849,6393,52.99125364431487,2026-10-04 19:29:36,2026-10-04 20:56:32,8789,1551,6724,58.85766298782569
RN,18252,SANTANA DO SERIDÓ,0024,11,2635,2111,645,1264,29.322595926101375,2026-10-04 18:27:08,2026-10-04 19:10:37,2117,614,1317,33.20736891828059
RN,18295,SANTO ANTÔNIO,0013,57,19114,14579,4051,9964,40.55833733452226,2026-10-04 18:17:31,2026-10-04 20:56:14,14227,3415,10080,46.847543403387924
RN,18597,SENADOR ELÓI DE SOUZA,0005,17,5748,4526,1253,3126,41.38311975254088,2026-10-04 17:58:50,2026-10-04 19:20:54,4383,1079,3123,46.634725074150126
RN,18619,SENADOR GEORGINO AVELINO,0067,12,3761,2870,1018,1717,24.355400696864113,2026-10-04 18:28:21,2026-10-04 19:13:58,3056,890,2013,36.74738219895288
RN,18058,SERRA CAIADA,0053,25,9065,6999,2083,4688,37.219602800400054,2026-10-04 17:36:52,2026-10-04 20:14:12,6552,1761,4522,42.13980463980464
RN,18635,SERRA DE SÃO BENTO,0015,18,6185,4807,1546,3082,31.95340128978573,2026-10-04 17:27:44,2026-10-04 19:24:40,4254,1032,2991,46.05077574047955
RN,16020,SERRA DO MEL,0058,45,13225,10919,4006,6263,20.670391061452513,2026-10-04 18:45:09,2026-10-04 20:56:52,9435,3010,5886,30.482246952835187
RN,18651,SERRA NEGRA DO NORTE,0026,22,6262,4872,1988,2691,14.429392446633827,2026-10-04 17:46:17,2026-10-04 20:33:38,4915,1343,3358,40.9969481180061
RN,18678,SERRINHA,0013,21,7068,5441,1625,3563,35.61845249035104,2026-10-04 17:30:03,2026-10-04 19:29:37,5234,1302,3618,44.249140236912496
RN,16209,SERRINHA DOS PINTOS,0038,15,4196,3390,651,2625,58.230088495575224,2026-10-04 17:28:21,2026-10-04 19:06:59,3274,478,2669,66.92119731215638
RN,18694,SEVERIANO MELO,0045,27,6813,5434,1182,4033,52.46595509753404,2026-10-04 17:26:34,2026-10-04 18:44:42,5361,801,4233,64.01790710688304
RN,18317,SÃO BENTO DO NORTE,0052,13,4259,3224,889,2152,39.17493796526055,2026-10-04 17:59:25,2026-10-04 20:45:57,2977,617,2198,53.10715485387974
RN,18333,SÃO BENTO DO TRAIRÍ,0016,12,4458,3339,879,2312,42.917041030248576,2026-10-04 17:39:12,2026-10-04 19:25:19,3169,697,2310,50.899337330388136
RN,18350,SÃO FERNANDO,0023,12,3720,3058,874,2021,37.50817527795945,2026-10-04 17:58:51,2026-10-04 19:08:11,2928,671,2096,48.66803278688525
RN,18210,SÃO FRANCISCO DO OESTE,0040,12,4098,3146,710,2283,50.0,2026-10-04 17:32:11,2026-10-04 18:44:23,3125,552,2358,57.792
RN,18376,SÃO GONÇALO DO AMARANTE,0051,239,77509,62004,24704,33449,14.103928778788465,2026-10-04 17:33:44,2026-10-04 20:58:04,58691,21368,33841,21.251980712545365
RN,18414,SÃO JOSÉ DE MIPIBU,0007,112,35789,27360,10291,15658,19.61622807017544,2026-10-04 18:30:35,2026-10-04 20:50:40,25036,8218,15481,29.01022527560313
RN,18430,SÃO JOSÉ DO CAMPESTRE,0015,32,10539,8136,2474,5388,35.816125860373646,2026-10-04 18:32:12,2026-10-04 19:11:18,7912,2438,5148,34.25176946410516
RN,18457,SÃO JOSÉ DO SERIDÓ,0022,13,4515,3680,949,2481,41.630434782608695,2026-10-04 17:53:51,2026-10-04 19:24:39,3609,714,2689,54.724300360210584
RN,18392,SÃO JOÃO DO SABUGI,0026,18,5309,4319,1130,2979,42.81083584163001,2026-10-04 18:31:51,2026-10-04 20:56:14,4303,870,3157,53.14896583778759
RN,18473,SÃO MIGUEL,0043,64,19466,14253,3195,10398,50.536729109661124,2026-10-04 18:27:07,2026-10-04 20:52:01,13106,2040,10381,63.64260643979856
RN,16063,SÃO MIGUEL DO GOSTOSO,0014,32,9651,7639,2645,4631,25.998167299384736,2026-10-04 19:24:39,2026-10-04 21:01:51,6948,2047,4568,36.283822682786415
RN,18490,SÃO PAULO DO POTENGI,0008,44,14677,11401,5020,5861,7.376545917024822,2026-10-04 18:33:16,2026-10-04 21:01:51,10902,4257,6085,16.76756558429646
RN,18511,SÃO PEDRO,0008,21,6475,5106,1510,3375,36.52565609087348,2026-10-04 18:58:27,2026-10-04 18:58:27,4865,1196,3439,46.10483042137719
RN,18538,SÃO RAFAEL,0027,24,7520,5836,1628,3929,39.42769019876628,2026-10-04 17:46:18,2026-10-04 19:11:43,5756,1388,4033,45.95205003474635
RN,18554,SÃO TOMÉ,0019,27,9587,7170,3127,3817,9.623430962343097,2026-10-04 18:31:53,2026-10-04 19:29:37,7196,2924,3977,14.633129516397998
RN,18570,SÃO VICENTE,0021,20,5396,4284,1190,2882,39.49579831932773,2026-10-04 18:27:08,2026-10-04 19:16:12,3998,1020,2788,44.22211105552776
RN,18716,SÍTIO NOVO,0053,16,5162,4034,865,3015,53.29697570649479,2026-10-04 17:25:24,2026-10-04 18:55:35,3815,641,3021,62.38532110091743
RN,18732,TABOLEIRO GRANDE,0063,10,2762,2171,518,1547,47.397512666973746,2026-10-04 17:28:21,2026-10-04 17:41:12,2347,500,1743,52.96122709842352
RN,18759,TAIPU,0046,38,10547,8394,1829,6177,51.798903979032644,2026-10-04 17:57:24,2026-10-04 19:24:40,8216,1499,6286,58.26436222005842
RN,18775,TANGARÁ,0053,39,12583,9141,3172,5529,25.7849250629034,2026-10-04 17:35:03,2026-10-04 18:43:14,8921,2697,5732,34.02084968052909
RN,18791,TENENTE ANANIAS,0041,27,8205,6648,2132,4324,32.97232250300842,2026-10-04 17:45:12,2026-10-04 22:07:48,6192,1280,4700,55.23255813953488
RN,16004,TENENTE LAURENTINO CRUZ,0021,16,5580,4374,1260,2896,37.40283493369913,2026-10-04 17:43:12,2026-10-04 20:18:47,4089,976,2903,47.12643678160919
RN,16225,TIBAU,0049,26,9238,6710,2514,3855,19.985096870342772,2026-10-04 18:28:21,2026-10-04 20:10:30,5142,1475,3427,37.96188253597822
RN,18813,TIBAU DO SUL,0009,42,13651,10564,4010,6133,20.096554335478984,2026-10-04 17:29:30,2026-10-04 22:51:30,9877,3084,6362,33.188215045054164
RN,18830,TIMBAÚBA DOS BATISTAS,0023,9,2748,2277,718,1457,32.45498462889767,2026-10-04 17:39:12,2026-10-04 18:47:43,2073,562,1424,41.582247949831164
RN,18856,TOUROS,0014,92,28142,22304,8127,13200,22.744799139167863,2026-10-04 17:58:51,2026-10-04 22:05:20,20574,6809,12838,29.3039758919024
RN,16128,TRIUNFO POTIGUAR,0031,17,4239,3453,1115,2190,31.132348682305242,2026-10-04 17:30:40,2026-10-04 18:33:54,3231,859,2244,42.865985762921696
RN,18872,UMARIZAL,0039,31,8842,6993,1466,5267,54.354354354354356,2026-10-04 18:59:28,2026-10-04 18:59:28,6743,1143,5270,61.20421177517426
RN,18899,UPANEMA,0049,38,12260,9639,3690,5509,18.871252204585538,2026-10-04 18:31:52,2026-10-04 20:50:59,9428,3273,5631,25.010606703436572
RN,16187,VENHA-VER,0043,12,3918,2873,531,2222,58.858336233901845,2026-10-04 17:49:24,2026-10-04 20:33:37,2744,293,2329,74.19825072886297
RN,18953,VERA CRUZ,0007,33,11417,8820,2811,5595,31.564625850340136,2026-10-04 17:31:42,2026-10-04 20:45:57,7904,2273,5188,36.88006072874494
RN,18996,VILA FLOR,0011,10,3254,2548,704,1758,41.36577708006279,2026-10-04 17:32:11,2026-10-04 18:44:23,2412,536,1783,51.69983416252073
RN,18970,VIÇOSA,0063,6,1958,1488,357,1080,48.58870967741935,2026-10-04 19:06:59,2026-10-04 19:06:59,1438,259,1106,58.90125173852573
RN,18910,VÁRZEA,0013,26,5584,4531,1594,2759,25.711763407636283,2026-10-04 17:32:43,2026-10-04 19:29:35,3912,1202,2540,34.20245398773006
RN,16071,ÁGUA NOVA,0065,11,3009,2401,408,1870,60.89129529362766,2026-10-04 17:24:51,2026-10-04 18:28:21,2250,244,1914,74.22222222222223
RO,00310,ALTA FLORESTA D'OESTE,0017,78,18187,14011,9816,3533,-44.8433373777746,2026-10-04 17:20:29,2026-10-04 18:47:42,13718,9034,3976,-36.87126403265782
RO,00736,ALTO ALEGRE DOS PARECIS,0019,31,8837,6888,4627,1931,-39.14053426248548,2026-10-04 17:43:13,2026-10-04 19:07:06,6288,3961,1957,-31.870229007633586
RO,00639,ALTO PARAÍSO,0025,43,12087,9226,7110,1746,-58.140039020160415,2026-10-04 17:21:11,2026-10-04 18:33:51,8406,6020,2042,-47.323340471092074
RO,00337,ALVORADA DO OESTE,0018,49,11029,8481,5358,2658,-31.8358684117439,2026-10-04 17:58:47,2026-10-04 18:36:10,8095,4766,2819,-24.051883878937616
RO,00078,ARIQUEMES,0007,280,72512,54592,41652,9939,-58.09092907385698,2026-10-04 18:17:30,2026-10-04 19:20:53,50246,36941,10539,-52.545476256816464
RO,00779,BURITIS,0034,80,23318,17478,13793,2889,-62.38700080100698,2026-10-04 18:09:24,2026-10-04 19:17:16,15546,11602,3249,-53.73086324456452
RO,00450,CABIXI,0008,22,4950,3870,2646,1046,-41.343669250645995,2026-10-04 17:33:44,2026-10-04 19:01:35,3515,2206,1136,-30.440967283072546
RO,00620,CACAULÂNDIA,0026,18,3901,3033,2278,599,-55.35773161885921,2026-10-04 17:31:42,2026-10-04 19:13:55,2924,2046,723,-45.24623803009576
RO,00094,CACOAL,0011,256,69974,53814,37751,12099,-47.66789311331624,2026-10-04 18:32:08,2026-10-04 20:38:45,49866,34681,11986,-45.511972085188305
RO,00671,CAMPO NOVO DE RONDÔNIA,0034,29,7516,5825,4218,1270,-50.60944206008584,2026-10-04 19:01:20,2026-10-04 19:15:05,5456,3647,1489,-39.55278592375367
RO,00477,CANDEIAS DO JAMARI,0021,76,20465,15196,9310,4864,-29.25769939457752,2026-10-04 17:30:40,2026-10-04 18:47:42,13379,7449,5124,-17.37798041707153
RO,00531,CASTANHEIRAS,0015,12,3409,2654,1616,879,-27.769404672192916,2026-10-04 18:16:07,2026-10-04 18:24:00,2250,1236,887,-15.511111111111111
RO,00272,CEREJEIRAS,0016,49,13278,10235,7945,1805,-59.990229604298975,2026-10-04 17:39:53,2026-10-04 18:33:14,9799,7323,1953,-54.80151035819981
RO,00809,CHUPINGUAIA,0008,30,7696,5394,3752,1426,-43.121987393400076,2026-10-04 18:33:14,2026-10-04 19:20:53,5030,3137,1683,-28.906560636182903
RO,00230,COLORADO DO OESTE,0008,55,13478,9864,7050,2228,-48.884833738848336,2026-10-04 17:30:40,2026-10-04 18:46:28,9707,6620,2534,-42.093334706912536
RO,00655,CORUMBIARA,0016,24,5751,4495,2944,1317,-36.19577308120134,2026-10-04 17:36:18,2026-10-04 19:00:37,4291,2493,1520,-22.67536704730832
RO,00213,COSTA MARQUES,0005,37,9103,6905,4413,2216,-31.817523533671253,2026-10-04 18:22:09,2026-10-04 18:44:20,6746,3883,2551,-19.74503409427809
RO,00680,CUJUBIM,0026,39,11176,8453,6631,1481,-60.92511534366497,2026-10-04 18:39:48,2026-10-04 20:13:47,7752,5603,1810,-48.92930856553148
RO,00256,ESPIGÃO DO OESTE,0012,90,23348,18023,13446,3530,-55.01858736059479,2026-10-04 17:22:29,2026-10-04 19:22:33,17760,12531,4277,-46.47522522522522
RO,00612,GOVERNADOR JORGE TEIXEIRA,0027,27,7203,5633,3949,1339,-46.33410260962187,2026-10-04 17:21:54,2026-10-04 20:50:36,5290,3415,1543,-35.3875236294896
RO,00019,GUAJARÁ-MIRIM,0001,113,28928,21449,12523,7825,-21.903119026528042,2026-10-04 17:35:02,2026-10-04 19:20:53,20555,12157,7028,-24.952566285575287
RO,00493,ITAPUÃ DO OESTE,0002,25,7204,5336,3460,1485,-37.01274362818591,2026-10-04 17:21:54,2026-10-04 18:09:23,4473,2481,1707,-17.303822937625753
RO,00159,JARU,0010,155,41260,30964,22967,6201,-54.146751065753776,2026-10-04 18:17:30,2026-10-04 19:20:52,29197,20725,6846,-47.53570572319074
RO,00051,JI-PARANÁ,0003,102,29994,22731,16163,5146,-48.466851436364436,2026-10-04 17:58:47,2026-10-04 20:10:46,21053,14494,5222,-44.04122927848763
RO,00051,JI-PARANÁ,0030,232,67945,51365,36669,11556,-48.891268373406014,2026-10-04 17:54:10,2026-10-04 19:29:32,46902,32935,11248,-46.238966355379304
RO,00396,MACHADINHO D'OESTE,0032,97,25008,18214,12914,4362,-46.952893378719665,2026-10-04 17:55:26,2026-10-04 19:26:10,16218,10612,4730,-36.268343815513624
RO,00604,MINISTRO ANDREAZZA,0011,26,6153,4812,3093,1471,-33.70739817123857,2026-10-04 18:41:03,2026-10-04 19:05:08,4518,2737,1536,-26.5825586542718
RO,00574,MIRANTE DA SERRA,0028,35,8333,6495,4003,2125,-28.914549653579677,2026-10-04 18:57:43,2026-10-04 18:57:43,6378,3711,2333,-21.60551897146441
RO,00663,MONTE NEGRO,0025,39,10191,7684,5613,1662,-51.41853201457574,2026-10-04 17:29:29,2026-10-04 18:42:03,7161,4969,1816,-44.0301633850021
RO,00370,NOVA BRASILÂNDIA D'OESTE,0015,51,13407,10820,7601,2620,-46.03512014787431,2026-10-04 17:36:02,2026-10-04 18:22:47,10266,6909,2785,-40.17143970387688
RO,00434,NOVA MAMORÉ,0001,75,19455,14990,11731,2781,-59.70647098065377,2026-10-04 18:15:15,2026-10-04 19:29:32,13149,9627,3037,-50.11787968666819
RO,00744,NOVA UNIÃO,0028,23,5350,4274,2424,1634,-18.483855872718763,2026-10-04 18:14:04,2026-10-04 18:15:15,4057,2129,1749,-9.366526990386985
RO,00515,NOVO HORIZONTE DO OESTE,0015,30,7035,5715,3639,1737,-33.28083989501312,2026-10-04 17:35:17,2026-10-04 18:31:49,5317,3127,1853,-23.96088019559902
RO,00175,OURO PRETO DO OESTE,0013,114,28282,21352,14956,5142,-45.96290745597602,2026-10-04 17:33:44,2026-10-04 18:33:51,20487,13523,5740,-37.989944843071214
RO,00701,PARECIS,0019,16,3875,2902,1765,942,-28.35975189524466,2026-10-04 17:46:28,2026-10-04 18:39:48,2443,1346,957,-15.923045435939418
RO,00116,PIMENTA BUENO,0009,117,27485,20790,15080,4520,-50.79365079365079,2026-10-04 17:22:29,2026-10-04 19:07:06,19734,13773,4887,-45.02888415931894
RO,00787,PIMENTEIRAS DO OESTE,0016,8,2286,1736,1185,485,-40.32258064516129,2026-10-04 18:34:52,2026-10-04 18:34:52,1483,902,502,-26.972353337828725
RO,00035,PORTO VELHO,0002,380,110060,86132,50242,27631,-26.251567361723865,2026-10-04 17:35:01,2026-10-04 18:31:49,82076,46747,26986,-24.076465714703446
RO,00035,PORTO VELHO,0006,327,91230,70421,44582,20527,-34.15884466281365,2026-10-04 17:35:17,2026-10-04 20:12:08,66349,39560,21586,-27.090084251458197
RO,00035,PORTO VELHO,0020,320,88103,69081,41045,21694,-28.01204383260231,2026-10-04 17:33:44,2026-10-04 18:32:08,66044,37127,22795,-21.700684392223366
RO,00035,PORTO VELHO,0021,258,78509,60704,34123,21037,-21.557063784923564,2026-10-04 17:33:44,2026-10-04 19:26:01,54549,29444,20670,-16.08462116629086
RO,00191,PRESIDENTE MÉDICI,0003,75,15677,11823,8293,2807,-46.401082635540895,2026-10-04 18:27:05,2026-10-04 18:49:54,11212,7589,2889,-41.919372101320015
RO,00728,PRIMAVERA DE RONDÔNIA,0009,13,3047,2436,1746,540,-49.50738916256157,2026-10-04 17:58:47,2026-10-04 18:10:49,2194,1486,581,-41.24886052871468
RO,00647,RIO CRESPO,0026,13,3508,2629,1981,539,-54.84975275770255,2026-10-04 17:57:25,2026-10-04 17:57:25,2357,1640,599,-44.16631310988545
RO,00299,ROLIM DE MOURA,0029,147,41088,30524,21501,7001,-47.50360372166164,2026-10-04 17:30:02,2026-10-04 19:22:16,29023,19711,7538,-41.94259725045654
RO,00353,SANTA LUZIA D'OESTE,0019,28,6813,5175,3293,1580,-33.10144927536232,2026-10-04 18:22:09,2026-10-04 18:59:03,4776,2875,1576,-27.198492462311556
RO,00582,SERINGUEIRAS,0035,37,9666,7732,5117,2248,-37.10553543714433,2026-10-04 19:12:39,2026-10-04 19:16:07,7241,4401,2462,-26.77806932744096
RO,00710,SÃO FELIPE D'OESTE,0019,19,4530,3509,2293,1007,-36.64861783984041,2026-10-04 19:04:10,2026-10-04 19:31:49,3340,2061,1017,-31.25748502994012
RO,00795,SÃO FRANCISCO DO GUAPORÉ,0005,47,12702,9937,7180,2210,-50.01509509912449,2026-10-04 17:21:54,2026-10-04 18:38:26,9209,6162,2633,-38.3212075143881
RO,00418,SÃO MIGUEL DO GUAPORÉ,0035,59,17091,13436,8939,3704,-38.962488835963086,2026-10-04 18:14:04,2026-10-04 19:16:07,12610,7845,3986,-30.602696272799367
RO,00752,TEIXEIRÓPOLIS,0013,16,3927,3105,1938,1035,-29.082125603864736,2026-10-04 17:28:50,2026-10-04 17:52:42,2975,1746,1106,-21.51260504201681
RO,00590,THEOBROMA,0027,31,7587,5911,3966,1638,-39.384198951108104,2026-10-04 17:40:32,2026-10-04 19:03:29,5673,3519,1785,-30.56583818085669
RO,00566,URUPÁ,0018,35,9186,7142,4765,2027,-38.336600392047046,2026-10-04 19:00:37,2026-10-04 19:00:37,6624,4102,2159,-29.332729468599034
RO,00698,VALE DO ANARI,0032,24,6627,5085,3524,1270,-44.32645034414946,2026-10-04 18:44:20,2026-10-04 20:10:46,4649,3061,1306,-37.75005377500538
RO,00558,VALE DO PARAÍSO,0028,25,5538,4323,2755,1356,-32.3617857969003,2026-10-04 18:21:00,2026-10-04 18:21:00,4350,2607,1517,-25.057471264367816
RO,00132,VILHENA,0004,261,71595,53255,39614,10327,-54.99389728663975,2026-10-04 17:57:25,2026-10-04 19:20:53,48529,34872,10784,-49.63629994436317
RR,03050,ALTO ALEGRE,0003,50,13408,11106,7951,2657,-47.6679272465334,2026-10-04 18:09:45,2026-10-04 20:54:57,9070,6130,2362,-41.543550165380374
RR,03042,AMAJARI,0007,30,7631,6343,4635,1426,-50.59120290083557,2026-10-04 17:36:23,2026-10-04 18:44:40,5484,4005,1193,-51.2764405543399
RR,03018,BOA VISTA,0001,473,127873,104671,75177,21151,-51.61506052297198,2026-10-04 17:57:24,2026-10-04 19:28:49,106605,76063,20442,-52.17485108578397
RR,03018,BOA VISTA,0005,396,113636,90523,68048,16396,-57.059531831689185,2026-10-04 17:26:36,2026-10-04 20:23:15,81840,60113,15580,-54.41471163245357
RR,03077,BONFIM,0009,49,12329,9892,6564,3037,-35.655074807925594,2026-10-04 17:21:12,2026-10-04 20:04:48,,,,
RR,03069,CANTÁ,0005,72,17613,14361,10037,3667,-44.356242601490145,2026-10-04 17:21:11,2026-10-04 19:14:13,11042,7372,2916,-40.35500815069734
RR,03034,CARACARAÍ,0002,62,15259,12170,8598,2987,-46.10517666392769,2026-10-04 17:35:01,2026-10-04 20:58:55,11435,7545,3213,-37.883690424136425
RR,03000,CAROEBE,0004,30,7649,6473,4989,1201,-58.52000617951491,2026-10-04 17:35:01,2026-10-04 19:15:22,5518,4161,1074,-55.94418267488221
RR,03026,IRACEMA,0006,30,7593,5983,4384,1295,-51.6296172488718,2026-10-04 17:55:25,2026-10-04 18:28:19,4824,3114,1421,-35.09535655058043
RR,03093,MUCAJAÍ,0006,61,14383,11734,9218,2022,-61.32606101926027,2026-10-04 17:35:01,2026-10-04 19:22:42,10182,7441,2232,-51.15890787664506
RR,03115,NORMANDIA,0009,42,9686,8247,4440,3558,-10.694798108403056,2026-10-04 17:23:11,2026-10-04 20:07:43,,,,
RR,03123,PACARAIMA,0007,42,9762,7941,4619,3065,-19.569323762750283,2026-10-04 17:21:55,2026-10-04 20:58:45,6672,4104,2279,-27.353117505995204
RR,03085,RORAINÓPOLIS,0008,96,23761,18594,13503,4189,-50.09142734215338,2026-10-04 17:28:52,2026-10-04 20:10:45,16215,10921,4377,-40.357693493678696
RR,03131,SÃO JOÃO DA BALIZA,0004,23,5728,4729,3319,1154,-45.78134912243603,2026-10-04 17:24:50,2026-10-04 18:48:39,4146,2519,1369,-27.73757838880849
RR,03158,SÃO LUIZ,0004,25,6082,4983,3513,1240,-45.61509131045555,2026-10-04 17:30:40,2026-10-04 18:47:41,4914,3220,1418,-36.67073667073667
RR,03107,UIRAMUTÃ,0007,38,9128,7795,2327,5375,39.10198845413727,2026-10-04 17:33:45,2026-10-04 21:06:14,5404,1709,3600,34.99259807549963
RS,88986,ACEGUÁ,0007,12,3982,2928,1787,929,-29.30327868852459,2026-10-04 18:56:27,2026-10-04 19:21:07,2963,1576,1201,-12.656091798852515
RS,85014,AGUDO,0119,48,12534,10183,6409,2876,-34.69508003535304,2026-10-04 20:32:40,2026-10-04 20:58:54,10628,5322,4418,-8.505833646970267
RS,85030,AJURICABA,0023,21,5799,4825,3312,1178,-44.2279792746114,2026-10-04 19:11:30,2026-10-04 19:15:19,4893,2877,1623,-25.628448804414468
RS,85057,ALECRIM,0102,26,5602,4531,2331,1806,-11.586846170823218,2026-10-04 17:31:43,2026-10-04 18:30:21,4556,2095,2095,0.0
RS,85073,ALEGRETE,0005,194,55756,39265,18692,17259,-3.649560677448109,2026-10-04 17:21:55,2026-10-04 20:02:12,41350,16548,21062,10.916565900846432
RS,85545,ALEGRIA,0089,14,3209,2557,1421,987,-16.97301525224873,2026-10-04 18:54:51,2026-10-04 19:07:22,2669,1216,1277,2.2855001873360807
RS,89001,ALMIRANTE TAMANDARÉ DO SUL,0015,8,1979,1636,1084,409,-41.25916870415648,2026-10-04 18:44:33,2026-10-04 18:44:33,1624,857,619,-14.655172413793103
RS,85090,ALPESTRE,0144,22,6272,4750,2778,1734,-21.978947368421053,2026-10-04 18:09:58,2026-10-04 18:29:17,4845,2069,2465,8.173374613003096
RS,84808,ALTO ALEGRE,0004,6,1850,1503,881,488,-26.147704590818364,2026-10-04 18:30:21,2026-10-04 18:30:21,1471,695,573,-8.293677770224336
RS,86282,ALTO FELIZ,0165,9,2870,2329,1623,428,-51.309574924860456,2026-10-04 19:05:31,2026-10-04 19:05:31,2203,1436,507,-42.169768497503405
RS,85111,ALVORADA,0074,216,71024,51336,23687,22727,-1.8700327255726976,2026-10-04 17:59:19,2026-10-04 18:44:50,54040,22431,26581,7.679496669133975
RS,85111,ALVORADA,0124,210,64973,46552,22447,19778,-5.7333734318611445,2026-10-04 18:46:39,2026-10-04 19:23:46,49929,21679,23700,4.047747801878668
RS,86045,AMARAL FERRADOR,0019,15,4601,3439,1945,1283,-19.249781913346904,2026-10-04 18:13:16,2026-10-04 19:25:53,3581,1474,1757,7.902820441217537
RS,86304,AMETISTA DO SUL,0064,19,6067,5049,3234,1628,-31.808278867102395,2026-10-04 19:21:07,2026-10-04 19:21:07,4855,2454,2173,-5.787847579814624
RS,86100,ANDRÉ DA ROCHA,0075,4,1399,1107,804,225,-52.303523035230356,2026-10-04 18:28:28,2026-10-04 18:28:28,1072,658,327,-30.87686567164179
RS,85138,ANTA GORDA,0145,16,4872,3935,3174,489,-68.23379923761118,2026-10-04 19:09:55,2026-10-04 19:14:10,3907,2989,668,-59.406194010749935
RS,85154,ANTÔNIO PRADO,0006,39,10712,8870,6982,1291,-64.16009019165728,2026-10-04 17:31:43,2026-10-04 18:15:19,8803,6469,1644,-54.810859934113374
RS,86320,ARAMBARÉ,0012,13,3684,2669,1479,983,-18.583739228175347,2026-10-04 18:37:21,2026-10-04 19:07:21,2620,1209,1198,-0.4198473282442748
RS,88862,ARARICÁ,0131,18,6414,5121,3382,1410,-38.50810388595978,2026-10-04 17:33:47,2026-10-04 18:57:45,4587,2732,1615,-24.35142794855025
RS,85170,ARATIBA,0020,20,6202,5033,3024,1626,-27.776673951917346,2026-10-04 17:39:14,2026-10-04 19:04:54,5209,2730,2216,-9.867536955269726
RS,85197,ARROIO DO MEIO,0104,56,17325,14381,9567,3406,-42.84124887003686,2026-10-04 17:32:46,2026-10-04 18:32:19,14080,8498,4298,-29.829545454545453
RS,89028,ARROIO DO PADRE,0034,10,2775,2394,1976,257,-71.80451127819549,2026-10-04 19:21:09,2026-10-04 19:21:09,2322,1785,375,-60.723514211886304
RS,85308,ARROIO DO SAL,0085,29,9495,7047,4199,2161,-28.920107847310913,2026-10-04 17:35:03,2026-10-04 18:27:21,5961,3306,2049,-21.08706592853548
RS,85235,ARROIO DO TIGRE,0154,38,9941,7992,5229,2204,-37.850350350350354,2026-10-04 17:59:21,2026-10-04 19:02:27,8217,4137,3479,-8.007788730680296
RS,85219,ARROIO DOS RATOS,0050,35,10249,7435,3267,3526,3.4835238735709484,2026-10-04 18:44:32,2026-10-04 20:51:30,7788,2980,4151,15.035952747817154
RS,85251,ARROIO GRANDE,0092,52,14461,10769,4552,5343,7.3451573962299195,2026-10-04 17:28:22,2026-10-04 19:22:20,11534,3619,6981,29.14860412692908
RS,85278,ARVOREZINHA,0145,28,8656,6672,4787,1508,-49.14568345323741,2026-10-04 17:37:39,2026-10-04 18:25:04,6868,4195,2307,-27.489807804309844
RS,85294,AUGUSTO PESTANA,0155,27,5869,4838,3501,1061,-50.434063662670525,2026-10-04 17:27:45,2026-10-04 18:26:00,4896,3046,1522,-31.127450980392158
RS,85316,BAGÉ,0007,147,48301,33507,15765,14896,-2.5934879278956635,2026-10-04 17:35:03,2026-10-04 20:51:30,36677,14978,18573,9.801783133844099
RS,85316,BAGÉ,0142,127,39501,27287,12212,12810,2.191519771319676,2026-10-04 17:48:36,2026-10-04 19:16:48,29820,11294,16194,16.431924882629108
RS,88927,BALNEÁRIO PINHAL,0110,30,11040,7314,3723,3021,-9.598031173092698,2026-10-04 17:31:45,2026-10-04 19:26:24,6855,3071,3154,1.2107950401167031
RS,86363,BARRA DO GUARITA,0101,10,2600,1962,978,903,-3.8226299694189603,2026-10-04 19:09:56,2026-10-04 19:09:56,2043,847,1119,13.313754282917278
RS,88625,BARRA DO QUARAÍ,0057,11,3355,2377,1113,1095,-0.7572570466975179,2026-10-04 17:36:55,2026-10-04 17:57:30,2290,871,1299,18.689956331877728
RS,85375,BARRA DO RIBEIRO,0151,33,10239,7351,3934,2761,-15.957012651339953,2026-10-04 17:28:52,2026-10-04 18:31:58,7785,3487,3570,1.0661528580603725
RS,86380,BARRA DO RIO AZUL,0020,6,1751,1509,866,486,-25.182239893969516,2026-10-04 18:15:06,2026-10-04 18:20:15,1437,674,653,-1.4613778705636744
RS,86401,BARRA FUNDA,0083,13,2716,2284,1447,684,-33.40630472854641,2026-10-04 18:34:13,2026-10-04 18:37:23,2250,1122,864,-11.466666666666667
RS,85359,BARRACÃO,0103,16,4352,3195,1804,1223,-18.184663536776213,2026-10-04 19:00:49,2026-10-04 19:16:23,3349,1500,1638,4.120633024783517
RS,85391,BARROS CASSAL,0054,27,8271,6079,3580,2083,-24.625760815923673,2026-10-04 19:17:23,2026-10-04 19:17:23,6515,2538,3454,14.059861857252494
RS,86223,BARÃO,0152,17,5073,4268,3026,839,-51.24179943767572,2026-10-04 19:00:13,2026-10-04 19:00:13,4225,2680,1142,-36.40236686390533
RS,85332,BARÃO DE COTEGIPE,0148,19,5354,4346,2819,1255,-35.987114588127014,2026-10-04 19:13:18,2026-10-04 19:25:53,4431,2437,1695,-16.74565560821485
RS,86347,BARÃO DO TRIUNFO,0050,16,4618,3594,2447,792,-46.048970506399556,2026-10-04 19:24:49,2026-10-04 19:24:49,3629,1893,1354,-14.852576467346376
RS,88420,BENJAMIN CONSTANT DO SUL,0168,9,2125,1612,685,873,11.662531017369727,2026-10-04 17:35:03,2026-10-04 18:38:50,1652,582,1021,26.573849878934624
RS,85413,BENTO GONÇALVES,0008,266,92061,72859,53040,14322,-53.1409983667083,2026-10-04 18:00:44,2026-10-04 20:56:44,72724,50265,17140,-45.548924701611575
RS,86428,BOA VISTA DAS MISSÕES,0032,7,2075,1634,899,671,-13.953488372093023,2026-10-04 18:38:51,2026-10-04 18:38:51,1555,667,789,7.845659163987138
RS,85430,BOA VISTA DO BURICÁ,0089,19,5645,4714,3227,1054,-46.09673313534154,2026-10-04 19:07:51,2026-10-04 19:11:29,4672,2728,1626,-23.58732876712329
RS,89044,BOA VISTA DO CADEADO,0017,10,2067,1610,1179,351,-51.42857142857143,2026-10-04 18:37:22,2026-10-04 18:37:22,1692,1010,554,-26.95035460992908
RS,89060,BOA VISTA DO INCRA,0017,9,2195,1812,1200,506,-38.30022075055188,2026-10-04 19:02:26,2026-10-04 19:21:08,1833,976,756,-12.002182214948173
RS,88161,BOA VISTA DO SUL,0098,10,2527,2059,1549,353,-58.08644973288004,2026-10-04 18:54:50,2026-10-04 18:54:50,2019,1321,499,-40.713224368499255
RS,85456,BOM JESUS,0063,32,8592,6167,3496,2265,-19.96108318469272,2026-10-04 17:41:59,2026-10-04 19:02:26,6298,2740,3086,5.493807557954907
RS,98230,BOM PRINCÍPIO,0011,32,10683,8977,6818,1396,-60.39879692547622,2026-10-04 19:02:26,2026-10-04 19:07:21,8600,6073,1895,-48.58139534883721
RS,86444,BOM PROGRESSO,0086,11,2604,2055,1043,923,-5.839416058394161,2026-10-04 17:43:15,2026-10-04 18:12:46,1854,788,983,10.517799352750808
RS,85472,BOM RETIRO DO SUL,0021,34,9902,7770,4994,2125,-36.92406692406692,2026-10-04 19:21:07,2026-10-04 19:21:07,7942,4563,2831,-21.808108788718208
RS,84921,BOQUEIRÃO DO LEÃO,0093,22,5325,4286,2659,1288,-31.987867475501634,2026-10-04 20:16:50,2026-10-04 20:31:01,4497,2086,2056,-0.66711140760507
RS,85499,BOSSOROCA,0052,23,5117,3626,1705,1735,0.827357970215113,2026-10-04 17:51:34,2026-10-04 19:09:25,3904,1389,2223,21.362704918032787
RS,89087,BOZANO,0023,11,2625,2176,1564,496,-49.080882352941174,2026-10-04 18:50:05,2026-10-04 18:50:05,2002,1189,702,-24.325674325674324
RS,85510,BRAGA,0140,12,2865,2120,965,1053,4.150943396226415,2026-10-04 18:27:21,2026-10-04 18:27:21,2266,787,1354,25.02206531332745
RS,85065,BROCHIER,0031,15,3961,3176,1890,821,-33.658690176322416,2026-10-04 18:59:18,2026-10-04 19:30:29,3228,1629,1182,-13.847583643122677
RS,85537,BUTIÁ,0116,46,14823,10680,4678,5197,4.859550561797753,2026-10-04 17:27:46,2026-10-04 18:33:51,11413,4168,6296,18.645404363445195
RS,85570,CACEQUI,0069,32,8495,6102,3040,2699,-5.588331694526385,2026-10-04 17:31:44,2026-10-04 21:05:17,6530,2573,3569,15.252679938744258
RS,85596,CACHOEIRA DO SUL,0010,218,64488,44363,25574,14722,-24.46182629668868,2026-10-04 17:29:31,2026-10-04 20:50:07,47650,24681,18395,-13.19202518363064
RS,85618,CACHOEIRINHA,0143,277,102594,75416,41314,26214,-20.022276440012728,2026-10-04 17:54:17,2026-10-04 19:21:06,78865,39912,31104,-11.168452418690167
RS,85634,CACIQUE DOBLE,0103,15,3985,3084,1939,985,-30.93385214007782,2026-10-04 19:23:13,2026-10-04 19:23:13,3257,1772,1306,-14.307645072152287
RS,85650,CAIBATÉ,0052,15,4013,3135,1625,1318,-9.792663476874003,2026-10-04 18:13:41,2026-10-04 18:13:41,3274,1353,1715,11.056811240073305
RS,85677,CAIÇARA,0094,14,4303,3462,2260,1019,-35.84633160023108,2026-10-04 19:07:51,2026-10-04 19:12:52,3547,1841,1394,-12.602199041443473
RS,85693,CAMAQUÃ,0012,168,49751,37276,22631,11484,-29.90395965232321,2026-10-04 17:24:22,2026-10-04 20:58:25,38365,19983,15349,-12.078717581128632
RS,85960,CAMARGO,0062,11,2637,2162,1480,567,-42.22941720629047,2026-10-04 19:04:22,2026-10-04 19:04:22,2038,1170,753,-20.461236506378803
RS,85715,CAMBARÁ DO SUL,0048,19,5136,3910,2706,946,-45.012787723785166,2026-10-04 19:21:06,2026-10-04 19:21:06,3896,2318,1343,-25.025667351129364
RS,86460,CAMPESTRE DA SERRA,0058,11,2886,2272,1817,326,-65.625,2026-10-04 18:58:16,2026-10-04 18:58:16,2152,1605,407,-55.66914498141264
RS,85731,CAMPINA DAS MISSÕES,0166,25,4989,4058,2439,1271,-28.78265155248891,2026-10-04 17:40:37,2026-10-04 18:41:16,4256,2109,1828,-6.602443609022556
RS,85758,CAMPINAS DO SUL,0148,18,4618,3882,2990,727,-58.29469345698094,2026-10-04 20:15:40,2026-10-04 21:00:34,3857,2609,1004,-41.61265232045631
RS,85774,CAMPO BOM,0105,164,51980,40761,26666,10699,-39.172247982139794,2026-10-04 17:29:31,2026-10-04 18:46:39,41523,25137,12978,-29.282566288562965
RS,85790,CAMPO NOVO,0140,16,3967,3014,1608,1294,-10.418049104180492,2026-10-04 17:36:54,2026-10-04 18:38:50,3180,1411,1634,7.012578616352202
RS,85200,CAMPOS BORGES,0004,9,3183,2433,1447,803,-26.46937936703658,2026-10-04 18:37:20,2026-10-04 18:41:15,2481,1129,997,-5.32043530834341
RS,85812,CANDELÁRIA,0013,91,22407,16987,10631,4967,-33.34314475775593,2026-10-04 17:25:25,2026-10-04 19:01:47,17853,9158,7320,-10.295188483728225
RS,86487,CANDIOTA,0142,26,8121,5991,2146,3461,21.949591053246536,2026-10-04 19:00:13,2026-10-04 21:01:03,6231,1654,4114,39.48001925854598
RS,85855,CANELA,0065,109,34975,25338,16598,6541,-39.691372641881756,2026-10-04 17:29:31,2026-10-04 18:38:51,25194,14708,8140,-26.069699134714615
RS,85871,CANGUÇU,0014,152,43549,32536,20038,9550,-32.23506269977871,2026-10-04 17:35:03,2026-10-04 20:56:44,33006,16365,13250,-9.437677997939769
RS,85898,CANOAS,0066,360,120495,86515,43375,34297,-10.492978096283881,2026-10-04 17:48:37,2026-10-04 19:04:54,95105,43229,42479,-0.7886020713947742
RS,85898,CANOAS,0134,400,132647,99009,51759,36478,-15.433950448949085,2026-10-04 17:31:44,2026-10-04 18:44:50,103228,49561,42651,-6.693920254194598
RS,89109,CANUDOS DO VALE,0029,10,1944,1625,864,566,-18.338461538461537,2026-10-04 18:59:18,2026-10-04 18:59:18,1573,571,876,19.389701207883025
RS,84891,CAPELA DE SANTANA,0011,26,8031,6268,3410,2302,-17.677089980855136,2026-10-04 19:21:07,2026-10-04 19:21:07,6360,3058,2865,-3.0345911949685536
RS,86509,CAPITÃO,0104,12,2872,2295,1538,545,-43.26797385620915,2026-10-04 18:59:38,2026-10-04 19:02:55,2266,1197,857,-15.00441306266549
RS,88200,CAPIVARI DO SUL,0156,12,3711,2902,1867,835,-35.56168159889731,2026-10-04 18:26:56,2026-10-04 18:47:55,2920,1458,1179,-9.554794520547945
RS,89125,CAPÃO BONITO DO SUL,0028,9,2112,1666,937,633,-18.24729891956783,2026-10-04 17:47:46,2026-10-04 19:08:46,1662,722,802,4.813477737665464
RS,89150,CAPÃO DA CANOA,0150,123,46049,33473,21157,9502,-34.81910793774087,2026-10-04 18:11:26,2026-10-04 20:51:56,31420,18040,10977,-22.479312539783578
RS,89141,CAPÃO DO CIPÓ,0044,13,3105,2253,1107,1005,-4.527296937416778,2026-10-04 20:58:26,2026-10-04 20:58:26,2258,867,1252,17.050487156775908
RS,89737,CAPÃO DO LEÃO,0164,57,18455,13749,5977,6346,2.6838315513855555,2026-10-04 18:34:12,2026-10-04 19:24:49,14078,5041,7687,18.795283420940475
RS,85910,CARAZINHO,0015,150,45685,35111,21875,10704,-31.81623992480989,2026-10-04 17:36:56,2026-10-04 19:07:22,36557,19026,14472,-12.457258527778537
RS,88340,CARAÁ,0046,20,6518,4827,2612,1746,-17.940749948207998,2026-10-04 17:36:55,2026-10-04 18:56:27,4777,2178,2081,-2.0305631149256858
RS,85936,CARLOS BARBOSA,0152,78,23696,19828,13991,3754,-51.62900948154125,2026-10-04 17:36:54,2026-10-04 19:00:14,19281,12563,4679,-40.88999533219231
RS,86525,CARLOS GOMES,0003,5,1396,1141,664,394,-23.663453111305873,2026-10-04 18:51:33,2026-10-04 18:51:33,1150,512,574,5.391304347826087
RS,85952,CASCA,0138,22,7527,6131,4564,1135,-55.928885989235035,2026-10-04 18:13:15,2026-10-04 18:21:59,6134,3961,1696,-36.925334202804045
RS,85880,CASEIROS,0028,10,3182,2411,1587,682,-37.536291995022815,2026-10-04 18:30:23,2026-10-04 18:30:23,2454,1285,983,-12.306438467807661
RS,85979,CATUÍPE,0023,32,7517,6127,3737,1998,-28.38256895707524,2026-10-04 19:01:20,2026-10-04 20:18:17,6233,3155,2544,-9.802663244023744
RS,85995,CAXIAS DO SUL,0016,372,116345,90312,56539,24140,-35.87452387279653,2026-10-04 17:21:12,2026-10-04 19:29:49,91387,53108,28290,-27.157035464562792
RS,85995,CAXIAS DO SUL,0136,380,112310,86463,53330,24286,-33.591247123046855,2026-10-04 17:30:42,2026-10-04 18:37:20,88072,49752,29079,-23.472840403306385
RS,85995,CAXIAS DO SUL,0169,373,114343,89393,57011,23088,-37.94816148915463,2026-10-04 17:30:42,2026-10-04 18:46:38,90133,52270,28327,-26.56407752987252
RS,85553,CAÇAPAVA DO SUL,0009,98,25010,18038,7090,9154,11.442510256125956,2026-10-04 17:30:41,2026-10-04 20:10:40,19258,5810,11378,28.912659673901754
RS,86541,CENTENÁRIO,0003,9,2650,2250,1337,738,-26.622222222222224,2026-10-04 19:25:17,2026-10-04 19:25:17,2262,1123,1018,-4.641909814323608
RS,88641,CERRITO,0123,22,5309,3799,1678,1781,2.7112397999473545,2026-10-04 17:36:04,2026-10-04 18:44:50,4141,1366,2368,24.197053851726636
RS,86088,CERRO BRANCO,0010,19,3490,2709,1712,783,-34.293097083794756,2026-10-04 20:38:59,2026-10-04 20:46:39,2835,1463,1131,-11.710758377425044
RS,85227,CERRO GRANDE,0064,8,2482,1849,844,868,1.2979989183342346,2026-10-04 18:46:38,2026-10-04 18:46:38,2037,682,1196,25.233186057928325
RS,85944,CERRO GRANDE DO SUL,0084,23,7118,5494,3315,1783,-27.884965416818346,2026-10-04 20:11:17,2026-10-04 20:17:47,5553,2481,2638,2.8273005582567983
RS,86010,CERRO LARGO,0096,39,10195,8100,4282,3152,-13.950617283950617,2026-10-04 17:31:44,2026-10-04 18:12:46,8244,3575,4010,5.276564774381368
RS,86037,CHAPADA,0015,29,7697,6271,4041,1682,-37.61760484771169,2026-10-04 18:58:16,2026-10-04 19:12:53,6517,3569,2413,-17.73822310879239
RS,86932,CHARQUEADAS,0050,82,24424,18860,8220,8802,3.0858960763520678,2026-10-04 18:21:57,2026-10-04 20:55:37,19615,7530,10340,14.325771093550854
RS,86568,CHARRUA,0100,11,2510,2005,1099,846,-12.618453865336658,2026-10-04 19:23:46,2026-10-04 19:23:46,1972,921,935,0.7099391480730223
RS,86053,CHIAPETTA,0107,13,3635,2876,1812,932,-30.598052851182196,2026-10-04 17:21:56,2026-10-04 18:26:01,2836,1392,1257,-4.760225669957687
RS,88269,CHUVISCA,0012,14,4354,3587,2562,678,-52.5229997212155,2026-10-04 19:32:24,2026-10-04 20:36:20,3531,2059,1191,-24.582271311243275
RS,88846,CHUÍ,0043,14,4888,3164,1180,1681,15.834386852085967,2026-10-04 18:58:16,2026-10-04 18:58:16,3151,920,1989,33.925737860996506
RS,85804,CIDREIRA,0110,40,12724,8343,3983,3654,-3.9434256262735228,2026-10-04 17:31:45,2026-10-04 18:57:45,7927,3403,3806,5.083890500819982
RS,86070,CIRÍACO,0138,14,3627,2874,1833,888,-32.881002087682674,2026-10-04 17:35:19,2026-10-04 18:34:40,3047,1556,1258,-9.780111585165736
RS,86584,COLINAS,0021,8,2354,1914,1241,437,-42.00626959247649,2026-10-04 19:10:57,2026-10-04 19:10:57,1889,1060,558,-26.574907358390682
RS,86096,COLORADO,0117,11,2995,2374,1774,485,-54.29654591406908,2026-10-04 18:15:07,2026-10-04 18:15:07,2456,1598,703,-36.4413680781759
RS,86118,CONDOR,0115,22,6118,4720,3249,1194,-43.53813559322034,2026-10-04 18:00:40,2026-10-04 18:17:35,4592,2548,1712,-18.205574912891986
RS,86134,CONSTANTINA,0146,27,8077,6333,3876,2065,-28.596241907468816,2026-10-04 17:31:44,2026-10-04 18:59:18,6529,3228,2938,-4.441721550007658
RS,89168,COQUEIRO BAIXO,0104,8,1351,1065,803,165,-59.906103286384976,2026-10-04 18:31:59,2026-10-04 18:40:00,1129,823,215,-53.85296722763508
RS,86606,COQUEIROS DO SUL,0015,10,2451,2012,1328,471,-42.59443339960239,2026-10-04 18:35:14,2026-10-04 18:35:14,1935,1136,640,-25.63307493540052
RS,86622,CORONEL BARROS,0023,10,2668,2236,1519,542,-43.69409660107335,2026-10-04 18:54:50,2026-10-04 18:54:50,2165,1240,720,-24.018475750577366
RS,86150,CORONEL BICACO,0140,24,5810,4326,2266,1871,-9.130836800739713,2026-10-04 17:25:24,2026-10-04 18:21:58,4705,1996,2501,10.73326248671626
RS,89184,CORONEL PILAR,0098,6,1569,1304,993,219,-59.355828220858896,2026-10-04 19:08:46,2026-10-04 19:08:46,1226,858,264,-48.450244698205545
RS,89770,COTIPORÃ,0088,12,3488,2813,2104,444,-59.01173124777817,2026-10-04 18:26:00,2026-10-04 18:44:50,2866,1982,589,-48.604326587578505
RS,86649,COXILHA,0033,10,2867,2310,1481,679,-34.71861471861472,2026-10-04 18:30:24,2026-10-04 18:30:24,2234,1123,1009,-5.102954341987466
RS,86177,CRISSIUMAL,0091,48,10489,8136,5005,2462,-31.25614552605703,2026-10-04 17:28:22,2026-10-04 19:10:58,8382,4116,3694,-5.034597947983775
RS,85464,CRISTAL,0012,19,6418,4826,2643,1811,-17.239950269374223,2026-10-04 18:22:47,2026-10-04 19:16:49,4937,2153,2397,4.942272635203565
RS,88528,CRISTAL DO SUL,0064,11,2662,2140,1104,929,-8.177570093457945,2026-10-04 18:36:17,2026-10-04 18:38:48,2064,795,1126,16.036821705426355
RS,86193,CRUZ ALTA,0017,153,45724,33826,18631,12759,-17.359427659197067,2026-10-04 17:28:52,2026-10-04 19:14:46,35658,16946,16234,-1.9967468730719613
RS,89206,CRUZALTENSE,0148,8,1928,1595,1161,323,-52.539184952978054,2026-10-04 17:46:21,2026-10-04 18:33:49,1672,1025,525,-29.904306220095695
RS,86215,CRUZEIRO DO SUL,0029,38,9328,7334,4725,2014,-36.96482137987456,2026-10-04 19:30:29,2026-10-04 19:30:29,7836,4436,2722,-21.873404798366515
RS,85839,CÂNDIDO GODÓI,0166,23,5545,4750,3416,997,-50.92631578947368,2026-10-04 18:59:18,2026-10-04 18:59:18,4817,3069,1417,-34.29520448411875
RS,86231,DAVID CANABARRO,0138,13,4085,3312,2196,877,-39.82487922705314,2026-10-04 18:46:39,2026-10-04 18:46:39,3266,1773,1258,-15.76852418860992
RS,86665,DERRUBADAS,0101,14,2624,2072,1231,670,-27.075289575289574,2026-10-04 18:45:19,2026-10-04 19:04:22,2203,939,1040,4.584657285519746
RS,85049,DEZESSEIS DE NOVEMBRO,0052,13,2615,1919,905,897,-0.41688379364252215,2026-10-04 18:44:50,2026-10-04 18:44:50,2002,750,1082,16.583416583416582
RS,88188,DILERMANDO DE AGUIAR,0081,14,3281,2423,1352,874,-19.727610400330168,2026-10-04 18:12:30,2026-10-04 20:35:18,2373,1087,1066,-0.8849557522123894
RS,86258,DOIS IRMÃOS,0153,85,24787,20309,13314,5131,-40.29248116598552,2026-10-04 17:30:42,2026-10-04 19:14:10,20088,11837,6534,-26.39884508164078
RS,86681,DOIS IRMÃOS DAS MISSÕES,0132,8,2066,1604,851,684,-10.41147132169576,2026-10-04 17:39:16,2026-10-04 18:18:47,1601,678,840,10.118675827607746
RS,84824,DOIS LAJEADOS,0022,8,3119,2465,1893,372,-61.70385395537525,2026-10-04 19:09:25,2026-10-04 19:09:25,2447,1679,563,-45.60686554965264
RS,86274,DOM FELICIANO,0012,36,10375,7782,4394,2750,-21.125674633770238,2026-10-04 18:13:42,2026-10-04 20:10:40,8115,3205,4379,14.467036352433764
RS,86290,DOM PEDRITO,0018,117,29233,20335,10399,8466,-9.505778214900419,2026-10-04 17:42:16,2026-10-04 19:09:55,21418,8323,11541,15.024745541133626
RS,88463,DOM PEDRO DE ALCÂNTARA,0085,11,2646,2184,1375,610,-35.027472527472526,2026-10-04 18:48:51,2026-10-04 19:14:46,2063,1062,748,-15.220552593310712
RS,86312,DONA FRANCISCA,0119,11,3059,2384,1410,826,-24.496644295302012,2026-10-04 19:11:29,2026-10-04 19:11:29,2440,1166,1066,-4.098360655737705
RS,84883,DOUTOR MAURÍCIO CARDOSO,0120,17,3822,3109,2112,806,-42.007076230299134,2026-10-04 18:57:44,2026-10-04 19:12:52,3283,1937,1166,-23.48461772768809
RS,88307,DOUTOR RICARDO,0067,8,2080,1612,1179,317,-53.473945409429284,2026-10-04 18:41:17,2026-10-04 18:41:17,1645,1026,475,-33.495440729483285
RS,86240,ELDORADO DO SUL,0090,78,26775,19560,9559,8259,-6.6462167689161555,2026-10-04 19:04:22,2026-10-04 19:21:06,20607,8827,9765,4.551851312660746
RS,86339,ENCANTADO,0067,58,16617,13492,9244,3213,-44.70056329676846,2026-10-04 17:36:56,2026-10-04 18:50:08,13662,8475,4057,-32.337871468306254
RS,86355,ENCRUZILHADA DO SUL,0019,72,18702,13402,6113,6245,0.9849276227428742,2026-10-04 17:35:03,2026-10-04 20:51:30,14372,4946,8343,23.636237127748398
RS,86703,ENGENHO VELHO,0146,5,1179,922,467,412,-5.96529284164859,2026-10-04 18:17:36,2026-10-04 18:17:36,935,370,520,16.0427807486631
RS,85928,ENTRE RIOS DO SUL,0168,9,2654,2014,1108,817,-14.448857994041708,2026-10-04 17:28:52,2026-10-04 18:33:48,2034,954,966,0.5899705014749262
RS,85103,ENTRE-IJUÍS,0045,22,7421,5789,3327,2061,-21.869062014164797,2026-10-04 18:12:46,2026-10-04 19:10:33,5803,2760,2577,-3.153541271755988
RS,85081,EREBANGO,0070,8,2616,2015,1224,696,-26.203473945409428,2026-10-04 17:53:55,2026-10-04 18:31:58,2008,1078,834,-12.151394422310757
RS,86371,ERECHIM,0020,113,34987,27946,19221,6451,-45.69526944822157,2026-10-04 17:45:21,2026-10-04 18:57:45,28217,17790,8283,-33.692454903072615
RS,86371,ERECHIM,0148,132,44143,34526,22429,9331,-37.936627469153684,2026-10-04 17:58:54,2026-10-04 19:16:24,35428,20304,12444,-22.185841707124307
RS,85022,ERNESTINA,0128,10,2930,2351,1475,762,-30.32752020416844,2026-10-04 19:10:33,2026-10-04 19:21:06,2355,1149,1030,-5.053078556263269
RS,86410,ERVAL GRANDE,0168,16,4359,3451,1794,1471,-9.35960591133005,2026-10-04 17:40:35,2026-10-04 18:38:48,3420,1388,1819,12.602339181286549
RS,86436,ERVAL SECO,0132,25,5497,4336,2237,1889,-8.025830258302584,2026-10-04 17:58:54,2026-10-04 18:30:48,4515,1784,2379,13.178294573643411
RS,86452,ESMERALDA,0058,11,2884,2126,1218,796,-19.84948259642521,2026-10-04 19:31:19,2026-10-04 20:38:59,2069,996,948,-2.319961333977767
RS,88285,ESPERANÇA DO SUL,0086,14,3315,2634,1309,1174,-5.125284738041002,2026-10-04 17:30:42,2026-10-04 18:19:29,2505,953,1411,18.283433133732537
RS,86479,ESPUMOSO,0004,37,12400,9864,6182,3099,-31.25506893755069,2026-10-04 17:43:16,2026-10-04 19:13:18,10306,5188,4308,-8.538715311469048
RS,85286,ESTAÇÃO,0070,16,4871,3958,2658,966,-42.7488630621526,2026-10-04 18:25:05,2026-10-04 18:27:23,3989,2454,1218,-30.985209325645524
RS,86517,ESTEIO,0097,216,65833,48145,22979,20429,-5.296500155779416,2026-10-04 17:30:42,2026-10-04 19:21:42,51591,22403,24275,3.6285398616037683
RS,86533,ESTRELA,0021,80,24675,19659,13505,4364,-46.49778727300473,2026-10-04 17:44:14,2026-10-04 19:10:57,20421,13301,5474,-38.32819156750404
RS,88404,ESTRELA VELHA,0154,15,2953,2309,1422,683,-32.005197055002164,2026-10-04 17:31:43,2026-10-04 19:02:54,2371,1094,1038,-2.361872627583298
RS,86495,ESTÂNCIA VELHA,0118,108,37229,29144,19720,6862,-44.118858083996706,2026-10-04 17:55:30,2026-10-04 19:21:42,29034,18687,8077,-36.54336295377833
RS,85448,EUGÊNIO DE CASTRO,0045,8,2554,1993,1249,657,-29.703963873557452,2026-10-04 18:09:29,2026-10-04 19:04:22,1939,1039,767,-14.027849406910779
RS,84930,FAGUNDES VARELA,0088,8,2439,1994,1573,282,-64.74423269809428,2026-10-04 18:29:15,2026-10-04 18:32:17,2012,1450,397,-52.335984095427435
RS,86550,FARROUPILHA,0061,182,57062,45359,32140,9327,-50.294318657818735,2026-10-04 17:36:55,2026-10-04 19:24:49,45472,30199,11200,-41.78175580577059
RS,86576,FAXINAL DO SOTURNO,0119,21,5638,4339,2664,1350,-30.283475455174003,2026-10-04 17:44:14,2026-10-04 18:37:20,4609,2384,1779,-13.126491646778042
RS,86029,FAXINALZINHO,0168,8,2419,1849,1167,612,-30.016224986479177,2026-10-04 17:28:52,2026-10-04 18:00:41,1848,1019,747,-14.718614718614718
RS,88366,FAZENDA VILANOVA,0021,13,3798,2971,1731,997,-24.705486368226186,2026-10-04 19:07:52,2026-10-04 19:07:52,2783,1406,1153,-9.090909090909092
RS,86592,FELIZ,0165,37,11110,9010,5953,2117,-42.574916759156494,2026-10-04 17:58:52,2026-10-04 18:40:01,8879,5354,2710,-29.77812816758644
RS,86614,FLORES DA CUNHA,0068,78,25103,20491,16241,2606,-66.54140842321019,2026-10-04 17:32:04,2026-10-04 18:38:52,20171,15104,3378,-58.13296316493977
RS,88242,FLORIANO PEIXOTO,0070,7,1811,1417,861,459,-28.369795342272408,2026-10-04 18:32:19,2026-10-04 19:21:07,1501,724,675,-3.2644903397734844
RS,86630,FONTOURA XAVIER,0054,31,8245,6062,2951,2686,-4.371494556252062,2026-10-04 18:44:52,2026-10-04 19:16:24,6382,2329,3673,21.05922908179254
RS,86657,FORMIGUEIRO,0157,22,5763,4222,2131,1777,-8.3846518237802,2026-10-04 18:11:40,2026-10-04 18:59:38,4375,1720,2173,10.354285714285714
RS,89222,FORQUETINHA,0029,12,2588,2153,1543,484,-49.187180678123546,2026-10-04 19:09:25,2026-10-04 19:09:25,1987,1245,630,-30.951182687468545
RS,98272,FORTALEZA DOS VALOS,0017,12,3686,3074,1943,939,-32.66102797657775,2026-10-04 18:45:20,2026-10-04 18:45:20,3167,1609,1336,-8.620145247868646
RS,86673,FREDERICO WESTPHALEN,0094,80,25048,19421,12652,5474,-36.95999176149529,2026-10-04 17:31:45,2026-10-04 19:21:08,19972,10799,7813,-14.950931303825355
RS,86690,GARIBALDI,0098,80,26403,21902,16066,4072,-54.762122180622775,2026-10-04 17:31:44,2026-10-04 19:09:55,21466,14654,5040,-44.78710518960216
RS,86720,GARRUCHOS,0141,11,2516,1802,698,980,15.64927857935627,2026-10-04 17:48:38,2026-10-04 18:42:13,1981,673,1201,26.653205451792026
RS,86711,GAURAMA,0003,19,5195,4304,3040,995,-47.5139405204461,2026-10-04 17:30:04,2026-10-04 19:12:52,4255,2626,1314,-30.834312573443007
RS,86738,GENERAL CÂMARA,0050,23,6173,4598,2199,1947,-5.48064375815572,2026-10-04 19:01:46,2026-10-04 20:11:17,4904,2049,2484,8.870309951060358
RS,86746,GENTIL,0062,6,1673,1378,994,304,-50.07256894049347,2026-10-04 20:22:48,2026-10-04 20:22:48,1323,881,349,-40.21164021164021
RS,86770,GETÚLIO VARGAS,0070,41,12197,9948,7004,2171,-48.582629674306396,2026-10-04 17:30:42,2026-10-04 19:21:07,10078,6421,2864,-35.29470132962889
RS,86797,GIRUÁ,0127,48,12735,10128,6733,2787,-38.96129541864139,2026-10-04 17:30:42,2026-10-04 18:14:11,10316,6111,3610,-24.243892981775883
RS,85502,GLORINHA,0071,20,6780,5102,3394,1270,-41.63073304586437,2026-10-04 19:21:07,2026-10-04 19:21:07,5005,3027,1594,-28.63136863136863
RS,86819,GRAMADO,0065,111,34790,26265,19052,5170,-52.85360746240244,2026-10-04 17:25:25,2026-10-04 19:01:47,25341,17266,6015,-44.39840574562961
RS,86762,GRAMADO DOS LOUREIROS,0099,8,2631,2043,870,1097,11.11111111111111,2026-10-04 19:14:46,2026-10-04 19:29:49,1798,664,1044,21.134593993325918
RS,86789,GRAMADO XAVIER,0040,15,3049,2377,1358,836,-21.96045435422802,2026-10-04 20:13:40,2026-10-04 20:13:40,2407,968,1261,12.17282924802659
RS,86835,GRAVATAÍ,0071,250,93718,68468,39538,21739,-25.99608576269206,2026-10-04 17:46:22,2026-10-04 19:25:17,68401,36607,25110,-16.808233797751495
RS,86835,GRAVATAÍ,0173,289,98359,72155,39086,25498,-18.831681796133324,2026-10-04 17:58:53,2026-10-04 19:21:42,76632,38397,30353,-10.496920346591502
RS,84867,GUABIJU,0075,4,1395,1118,874,164,-63.506261180679786,2026-10-04 19:04:23,2026-10-04 19:04:23,1127,778,271,-44.98669032830524
RS,86878,GUAPORÉ,0022,55,18948,15400,11578,2640,-58.03896103896104,2026-10-04 17:44:58,2026-10-04 18:46:38,15396,10571,3706,-44.589503767212264
RS,86894,GUARANI DAS MISSÕES,0096,26,5851,4726,2860,1509,-28.58654253068134,2026-10-04 17:58:57,2026-10-04 19:25:18,4926,2354,2224,-2.6390580592773043
RS,86851,GUAÍBA,0090,231,74475,54938,26139,23122,-5.491645127234337,2026-10-04 17:44:14,2026-10-04 19:22:20,57280,24498,27380,5.031424581005586
RS,85189,HARMONIA,0011,12,4102,3473,2389,702,-48.57471926288511,2026-10-04 18:46:39,2026-10-04 18:50:07,3335,2158,931,-36.79160419790105
RS,86398,HERVAL,0092,19,5214,3754,1278,2175,23.89451251997869,2026-10-04 17:29:31,2026-10-04 18:56:27,3854,960,2552,41.30773222625843
RS,88323,HERVEIRAS,0040,10,2629,2015,1088,776,-15.483870967741936,2026-10-04 19:09:56,2026-10-04 19:09:56,2081,674,1303,30.225852955309946
RS,86916,HORIZONTINA,0120,57,14887,11901,8454,2610,-49.105117217040586,2026-10-04 17:28:22,2026-10-04 18:15:21,12131,7489,3813,-30.302530706454537
RS,86800,HULHA NEGRA,0142,17,4884,3651,1504,1920,11.394138592166529,2026-10-04 18:37:22,2026-10-04 19:05:32,3816,1243,2307,27.88259958071279
RS,86959,HUMAITÁ,0091,19,4020,3324,2055,1078,-29.392298435619736,2026-10-04 18:00:41,2026-10-04 18:46:38,3400,1755,1408,-10.205882352941176
RS,84972,IBARAMA,0053,15,3655,2813,1722,792,-33.06078919303235,2026-10-04 17:31:44,2026-10-04 18:13:41,2929,1276,1393,3.99453738477296
RS,86975,IBIAÇÁ,0095,15,3988,3263,2250,747,-46.06190622126877,2026-10-04 19:10:34,2026-10-04 19:14:46,3273,1915,1061,-26.092270088603726
RS,86991,IBIRAIARAS,0028,19,5419,4392,3256,841,-54.986338797814206,2026-10-04 19:10:33,2026-10-04 19:10:33,4446,2848,1219,-36.63967611336032
RS,84964,IBIRAPUITÃ,0054,13,3410,2657,1642,886,-28.45314264207753,2026-10-04 18:30:49,2026-10-04 18:30:49,2848,1388,1309,-2.773876404494382
RS,87017,IBIRUBÁ,0121,55,16439,13472,9582,2919,-49.45813539192399,2026-10-04 17:30:42,2026-10-04 18:30:24,13478,8129,4259,-28.713458970173615
RS,87033,IGREJINHA,0149,83,26693,21857,14678,5531,-41.849293132634855,2026-10-04 17:31:44,2026-10-04 19:00:14,21978,13294,7124,-28.073528073528074
RS,87050,IJUÍ,0023,231,63737,49943,29614,16869,-25.51909176461166,2026-10-04 17:35:04,2026-10-04 19:07:21,51335,26764,21022,-11.185351124963475
RS,87076,ILÓPOLIS,0145,14,3634,2887,2242,474,-61.240041565639075,2026-10-04 18:45:19,2026-10-04 18:45:19,2868,2019,679,-46.72245467224547
RS,85685,IMBÉ,0110,65,24070,17026,9628,5858,-22.14260542699401,2026-10-04 17:30:41,2026-10-04 18:44:50,14819,7485,5944,-10.398812335515217
RS,85782,IMIGRANTE,0125,9,2800,2198,1427,495,-42.40218380345769,2026-10-04 17:43:15,2026-10-04 18:26:28,2084,1128,673,-21.833013435700575
RS,87092,INDEPENDÊNCIA,0089,22,5501,4470,2886,1251,-36.577181208053695,2026-10-04 18:59:18,2026-10-04 19:02:55,4536,2479,1666,-17.923280423280424
RS,86827,INHACORÁ,0107,9,2071,1572,860,621,-15.20356234096692,2026-10-04 17:57:29,2026-10-04 17:57:29,1571,708,789,5.155951623169956
RS,85243,IPIRANGA DO SUL,0070,8,2098,1743,1430,238,-68.38783706253585,2026-10-04 17:57:29,2026-10-04 19:13:18,1636,1195,347,-51.83374083129584
RS,84999,IPÊ,0006,20,5497,4456,3394,757,-59.1786355475763,2026-10-04 19:00:14,2026-10-04 19:04:23,4449,3164,929,-50.236008091706005
RS,87114,IRAÍ,0094,20,5812,4419,2357,1856,-11.337406653088934,2026-10-04 17:46:38,2026-10-04 18:50:05,4643,2066,2359,6.310575059228947
RS,88382,ITAARA,0135,14,4530,3540,1952,1337,-17.372881355932204,2026-10-04 19:15:19,2026-10-04 19:15:19,3464,1704,1484,-6.351039260969977
RS,85901,ITACURUBI,0044,13,2718,2050,1021,913,-5.2682926829268295,2026-10-04 19:21:09,2026-10-04 19:21:09,2083,847,1042,9.361497839654344
RS,86843,ITAPUCA,0145,6,1824,1389,979,337,-46.220302375809936,2026-10-04 18:38:53,2026-10-04 18:44:30,1425,806,558,-17.403508771929825
RS,87130,ITAQUI,0024,80,26152,18057,9938,6910,-16.76912000886083,2026-10-04 17:31:44,2026-10-04 19:14:46,19370,9173,8700,-2.441920495611771
RS,89249,ITATI,0077,11,3450,2771,1676,914,-27.499097798628654,2026-10-04 19:21:07,2026-10-04 19:21:07,2599,1284,1116,-6.464024624855714
RS,87157,ITATIBA DO SUL,0020,13,3342,2626,1129,1381,9.596344249809597,2026-10-04 17:46:39,2026-10-04 18:51:33,2906,1021,1803,26.909841706813488
RS,85626,IVORÁ,0119,8,1809,1356,743,480,-19.3952802359882,2026-10-04 18:54:50,2026-10-04 18:54:50,1458,551,654,7.064471879286694
RS,87173,IVOTI,0118,53,17002,14393,9655,3225,-44.67449454595984,2026-10-04 18:12:29,2026-10-04 18:44:52,14030,8863,3759,-36.3791874554526
RS,84786,JABOTICABA,0064,13,3370,2623,1437,1052,-14.677849790316431,2026-10-04 18:33:22,2026-10-04 18:33:22,2590,1138,1289,5.8301158301158305
RS,89265,JACUIZINHO,0154,10,2056,1663,862,684,-10.703547805171377,2026-10-04 17:51:54,2026-10-04 18:41:17,1653,636,912,16.696914700544465
RS,87190,JACUTINGA,0148,12,2991,2433,1626,612,-41.676942046855736,2026-10-04 17:44:14,2026-10-04 18:28:27,2369,1371,844,-22.24567327986492
RS,87238,JAGUARI,0026,39,8702,6646,3988,2149,-27.67077941619019,2026-10-04 17:57:30,2026-10-04 19:01:20,6900,3300,2887,-5.9855072463768115
RS,87211,JAGUARÃO,0025,65,20370,14179,6248,6546,2.1016996967346073,2026-10-04 17:46:21,2026-10-04 19:16:49,15351,5355,8500,20.487264673311184
RS,84905,JAQUIRANA,0063,15,3757,2660,1602,913,-25.902255639097746,2026-10-04 19:25:54,2026-10-04 20:10:41,2597,1208,1200,-0.3080477474008471
RS,88587,JARI,0087,12,2794,2131,1122,822,-14.077897700610043,2026-10-04 18:37:22,2026-10-04 19:04:56,2233,794,1246,20.241827138378863
RS,98299,JÓIA,0155,28,6196,4923,2410,2313,-1.9703432866138533,2026-10-04 17:47:47,2026-10-04 19:11:57,5155,2027,2857,16.100872938894277
RS,87254,JÚLIO DE CASTILHOS,0027,55,14988,11341,5655,4862,-6.992328718807865,2026-10-04 17:42:01,2026-10-04 18:45:19,11991,4441,6602,18.021849720623802
RS,89281,LAGOA BONITA DO SUL,0053,12,2310,1787,1028,610,-23.391158365976498,2026-10-04 17:55:30,2026-10-04 18:19:07,1862,760,996,12.67454350161117
RS,86886,LAGOA DOS TRÊS CANTOS,0117,5,1717,1456,1084,248,-57.417582417582416,2026-10-04 17:36:54,2026-10-04 17:36:54,1343,900,334,-42.14445271779598
RS,87270,LAGOA VERMELHA,0028,74,19900,15373,9550,4808,-30.84628894815586,2026-10-04 17:28:22,2026-10-04 19:29:50,15991,8337,6514,-11.400162591457695
RS,85260,LAGOÃO,0053,20,4895,3806,1698,1750,1.3662637940094589,2026-10-04 17:30:43,2026-10-04 19:13:38,3652,1029,2392,37.32201533406353
RS,87297,LAJEADO,0029,189,64158,50058,32135,13299,-37.628351112709254,2026-10-04 17:36:54,2026-10-04 19:11:29,50004,29372,16705,-25.33197344212463
RS,86860,LAJEADO DO BUGRE,0032,6,2108,1544,757,737,-1.2953367875647668,2026-10-04 19:08:19,2026-10-04 19:08:19,1566,579,919,21.711366538952745
RS,87319,LAVRAS DO SUL,0009,19,5420,4019,1702,1999,7.389897984573277,2026-10-04 17:26:36,2026-10-04 19:13:38,4306,1376,2618,28.843474222015793
RS,87335,LIBERATO SALZANO,0146,16,4425,3261,1709,1370,-10.395584176632935,2026-10-04 18:26:29,2026-10-04 18:26:29,3413,1268,1960,20.275417521242307
RS,86908,LINDOLFO COLLOR,0118,15,4683,3812,2260,1209,-27.570828961175238,2026-10-04 18:11:40,2026-10-04 18:33:21,3756,1915,1629,-7.614483493077742
RS,86924,LINHA NOVA,0165,4,1511,1215,781,315,-38.35390946502058,2026-10-04 18:37:22,2026-10-04 18:37:22,1161,685,358,-28.165374677002585
RS,87351,MACHADINHO,0103,16,4842,3879,2417,1237,-30.420211394689353,2026-10-04 17:58:53,2026-10-04 18:47:54,3829,2070,1555,-13.449986941760251
RS,88943,MAMPITUBA,0085,12,3155,2575,1406,932,-18.40776699029126,2026-10-04 17:51:53,2026-10-04 18:44:29,2352,922,1244,13.69047619047619
RS,86940,MANOEL VIANA,0079,18,5536,4195,2109,1816,-6.98450536352801,2026-10-04 17:22:30,2026-10-04 18:37:22,4253,1697,2312,14.460380907594638
RS,86967,MAQUINÉ,0077,20,5922,4632,2369,1965,-8.721934369602764,2026-10-04 19:07:21,2026-10-04 19:07:21,4744,1942,2407,9.80185497470489
RS,86983,MARATÁ,0031,10,2435,2037,1431,381,-51.54639175257732,2026-10-04 18:59:38,2026-10-04 18:59:38,1949,1203,527,-34.68445356593125
RS,87378,MARAU,0062,106,31646,25800,18196,5613,-48.77131782945737,2026-10-04 17:30:42,2026-10-04 18:44:32,25600,16024,7679,-32.59765625
RS,87394,MARCELINO RAMOS,0003,18,3896,3137,1885,1050,-26.61778769525024,2026-10-04 19:00:50,2026-10-04 20:10:40,3145,1645,1302,-10.906200317965023
RS,87009,MARIANA PIMENTEL,0151,13,3608,2711,1633,837,-29.36185909258576,2026-10-04 17:35:04,2026-10-04 18:57:41,2803,1473,1076,-14.163396361041741
RS,87416,MARIANO MORO,0020,8,2211,1729,986,610,-21.746674378253324,2026-10-04 17:46:39,2026-10-04 18:21:58,1746,764,847,4.753722794959908
RS,88820,MARQUES DE SOUZA,0029,17,3511,2784,1895,682,-43.570402298850574,2026-10-04 19:01:20,2026-10-04 19:01:20,2805,1660,988,-23.9572192513369
RS,87432,MATA,0069,15,4013,2961,1724,1019,-23.80952380952381,2026-10-04 18:44:33,2026-10-04 18:44:33,3096,1355,1488,4.295865633074936
RS,87025,MATO CASTELHANO,0128,9,3019,2471,1779,544,-49.979765277215705,2026-10-04 19:16:23,2026-10-04 19:21:07,2287,1553,590,-42.10756449497158
RS,87041,MATO LEITÃO,0093,14,4115,3364,2153,835,-39.179548156956,2026-10-04 19:17:23,2026-10-04 19:17:23,3218,1817,1110,-21.97016780609074
RS,89303,MATO QUEIMADO,0052,7,1617,1314,761,446,-23.972602739726028,2026-10-04 18:56:27,2026-10-04 18:56:27,1309,576,609,2.5210084033613445
RS,87459,MAXIMILIANO DE ALMEIDA,0095,16,3954,3020,2090,769,-43.741721854304636,2026-10-04 18:47:54,2026-10-04 18:51:33,3158,1894,1044,-26.915769474350856
RS,88447,MAÇAMBARÁ,0024,14,3970,2795,1479,1079,-14.311270125223613,2026-10-04 19:11:57,2026-10-04 20:20:48,2985,1321,1420,3.3165829145728645
RS,87068,MINAS DO LEÃO,0116,20,6369,4765,2272,2037,-4.931794333683106,2026-10-04 18:44:52,2026-10-04 19:00:14,4924,1950,2573,12.652315190901707
RS,87475,MIRAGUAÍ,0101,17,4473,3525,1642,1647,0.14184397163120568,2026-10-04 19:12:52,2026-10-04 19:16:49,3471,1306,2007,20.195908959953904
RS,85820,MONTAURI,0022,5,1514,1232,935,187,-60.714285714285715,2026-10-04 19:04:54,2026-10-04 19:04:54,1189,849,269,-48.78048780487805
RS,88803,MONTE ALEGRE DOS CAMPOS,0058,12,3352,2483,1639,699,-37.857430527587596,2026-10-04 19:29:49,2026-10-04 19:29:49,2386,1316,896,-17.60268231349539
RS,87084,MONTE BELO DO SUL,0008,11,3034,2498,2061,280,-71.29703763010409,2026-10-04 18:16:16,2026-10-04 19:14:10,2534,1931,414,-59.865824782951854
RS,87491,MONTENEGRO,0031,150,47579,35296,20096,11576,-24.13871260199456,2026-10-04 17:46:40,2026-10-04 19:11:30,36544,18928,14071,-13.290827495621716
RS,87106,MORMAÇO,0054,8,2764,2208,1417,664,-34.10326086956522,2026-10-04 20:05:02,2026-10-04 20:51:56,2189,1129,917,-9.68478757423481
RS,87122,MORRINHOS DO SUL,0085,11,3216,2626,1783,590,-45.43031226199543,2026-10-04 18:00:43,2026-10-04 18:26:00,2570,1474,840,-24.669260700389106
RS,86185,MORRO REDONDO,0164,20,5309,3971,2263,1268,-25.056660790732813,2026-10-04 18:33:50,2026-10-04 19:08:46,4047,1996,1596,-9.883864591055103
RS,87149,MORRO REUTER,0153,19,5415,4560,3383,762,-57.478070175438596,2026-10-04 19:16:23,2026-10-04 19:24:48,4487,3019,1084,-43.12458212614219
RS,87513,MOSTARDAS,0122,31,9243,6559,3945,2159,-27.229760634243025,2026-10-04 18:00:43,2026-10-04 18:55:59,6767,3259,2826,-6.398699571449682
RS,88544,MUITOS CAPÕES,0058,10,2854,2139,1569,468,-51.4726507713885,2026-10-04 19:16:24,2026-10-04 19:25:53,2103,1332,647,-32.57251545411317
RS,87165,MULITERNO,0028,8,2237,1728,941,685,-14.814814814814815,2026-10-04 18:48:49,2026-10-04 18:48:49,1658,723,801,4.704463208685163
RS,87530,MUÇUM,0067,17,3973,3138,2246,631,-51.46590184831103,2026-10-04 19:02:55,2026-10-04 19:07:21,3364,2146,900,-37.03923900118906
RS,87181,NICOLAU VERGUEIRO,0062,8,2406,1846,1275,489,-42.57854821235103,2026-10-04 18:26:25,2026-10-04 18:30:24,1739,1014,613,-23.059229442208167
RS,87572,NONOAI,0099,30,9663,7257,4025,2892,-15.612512057323963,2026-10-04 17:39:38,2026-10-04 19:13:38,7409,3415,3646,3.1178296666216765
RS,86169,NOVA ALVORADA,0062,10,2805,2278,1760,383,-60.44776119402985,2026-10-04 17:44:14,2026-10-04 18:34:11,2293,1553,623,-40.55822067160925
RS,87599,NOVA ARAÇÁ,0138,14,4136,3334,2582,542,-61.1877624475105,2026-10-04 17:35:19,2026-10-04 18:11:26,3200,2318,692,-50.8125
RS,87610,NOVA BASSANO,0075,22,7205,6010,5000,691,-71.69717138103161,2026-10-04 18:44:31,2026-10-04 18:50:06,6008,4722,939,-62.966045272969374
RS,87203,NOVA BOA VISTA,0083,12,2028,1736,1196,341,-49.25115207373272,2026-10-04 18:18:47,2026-10-04 18:18:47,1703,929,521,-23.95772166764533
RS,87637,NOVA BRÉSCIA,0104,11,2805,2299,1740,377,-59.28664636798608,2026-10-04 18:33:21,2026-10-04 18:44:50,2282,1624,483,-50.0
RS,88226,NOVA CANDELÁRIA,0089,11,2588,2233,1595,469,-50.42543663233318,2026-10-04 19:22:46,2026-10-04 20:13:40,2185,1307,712,-27.23112128146453
RS,85120,NOVA ESPERANÇA DO SUL,0026,16,4338,3303,1906,1128,-23.554344535270967,2026-10-04 18:37:21,2026-10-04 18:45:19,3341,1544,1493,-1.5264890751272073
RS,84816,NOVA HARTZ,0131,45,14667,11877,7069,3780,-27.69217815946788,2026-10-04 17:21:56,2026-10-04 18:34:41,11923,6476,4634,-15.449131929883418
RS,87653,NOVA PALMA,0119,19,5060,4049,2440,1258,-29.192393183502098,2026-10-04 19:15:18,2026-10-04 19:21:07,4246,1958,1766,-4.521902967498822
RS,87670,NOVA PETRÓPOLIS,0129,57,18127,14836,10409,2759,-51.56376381774063,2026-10-04 17:46:39,2026-10-04 19:10:34,13944,9419,3091,-45.381526104417674
RS,87696,NOVA PRATA,0075,54,18975,15402,11508,2606,-57.79768861186859,2026-10-04 17:36:03,2026-10-04 18:51:30,15405,10810,3338,-48.50373255436546
RS,87220,NOVA PÁDUA,0068,7,2410,2018,1756,149,-79.63330029732408,2026-10-04 18:11:26,2026-10-04 18:22:46,1991,1672,206,-73.63134103465595
RS,88560,NOVA RAMADA,0023,9,2039,1678,1096,448,-38.61740166865316,2026-10-04 19:16:24,2026-10-04 19:16:24,1685,903,636,-15.845697329376854
RS,84751,NOVA ROMA DO SUL,0006,11,3182,2650,2076,392,-63.54716981132076,2026-10-04 18:54:50,2026-10-04 18:54:50,2564,1814,567,-48.63494539781591
RS,87246,NOVA SANTA RITA,0066,59,20466,15362,8098,5942,-14.034630907433927,2026-10-04 17:59:20,2026-10-04 19:21:09,14739,7164,6538,-4.247235226270439
RS,87262,NOVO BARREIRO,0032,13,3794,3061,1653,1260,-12.838941522378308,2026-10-04 17:51:53,2026-10-04 19:25:53,3042,1333,1591,8.481262327416173
RS,88684,NOVO CABRAIS,0010,15,3764,2967,1828,928,-30.33367037411527,2026-10-04 19:32:24,2026-10-04 20:05:02,2977,1565,1214,-11.790393013100436
RS,87718,NOVO HAMBURGO,0076,277,86122,65843,42058,17613,-37.12619412845709,2026-10-04 17:54:17,2026-10-04 19:21:42,68977,42526,20063,-32.56592777302579
RS,87718,NOVO HAMBURGO,0172,276,88364,66426,42413,18748,-35.626110258031495,2026-10-04 17:37:40,2026-10-04 20:12:15,70464,42450,22738,-27.974568574023614
RS,87289,NOVO MACHADO,0120,13,3081,2478,1730,610,-45.19774011299435,2026-10-04 19:11:57,2026-10-04 19:11:57,2621,1544,941,-23.006486074017552
RS,87300,NOVO TIRADENTES,0064,8,1973,1574,845,605,-15.247776365946633,2026-10-04 18:41:16,2026-10-04 18:44:32,1504,574,799,14.960106382978724
RS,89320,NOVO XINGU,0146,6,1591,1281,684,497,-14.597970335675253,2026-10-04 18:22:46,2026-10-04 18:22:46,1300,558,617,4.538461538461538
RS,87556,NÃO-ME-TOQUE,0117,40,13469,10988,8068,2279,-52.684746996723696,2026-10-04 17:30:43,2026-10-04 18:09:59,10882,6727,3489,-29.755559639772102
RS,87734,OSÓRIO,0077,115,37247,27730,13961,11064,-10.447169130905158,2026-10-04 17:31:45,2026-10-04 19:01:46,28177,12300,13015,2.5375306100720447
RS,87750,PAIM FILHO,0095,16,3753,2929,1656,1145,-17.446227381358824,2026-10-04 18:58:16,2026-10-04 19:02:26,3145,1537,1521,-0.5087440381558028
RS,89672,PALMARES DO SUL,0156,36,10969,7665,4306,2816,-19.43900848010437,2026-10-04 17:26:36,2026-10-04 18:41:16,7910,3658,3445,-2.692793931731985
RS,87777,PALMEIRA DAS MISSÕES,0032,79,24062,18843,10744,7100,-19.338746484105503,2026-10-04 17:31:44,2026-10-04 18:55:27,19324,9062,9066,0.0206996481059822
RS,87793,PALMITINHO,0094,19,5953,4738,2464,1896,-11.988180666948079,2026-10-04 19:31:55,2026-10-04 20:05:02,4956,1883,2701,16.505246166263117
RS,87815,PANAMBI,0115,108,32201,25809,18575,5411,-51.00546321050796,2026-10-04 17:26:36,2026-10-04 18:32:00,25799,16366,7730,-33.47416566533587
RS,84980,PANTANO GRANDE,0038,29,8416,6282,2786,2970,2.9290035020694045,2026-10-04 17:36:55,2026-10-04 18:22:46,6480,2225,3814,24.521604938271604
RS,87831,PARAÍ,0138,19,5977,5040,3875,785,-61.30952380952381,2026-10-04 17:39:15,2026-10-04 18:34:12,4994,3410,1133,-45.59471365638767
RS,85987,PARAÍSO DO SUL,0157,21,5367,4290,2854,1082,-41.3053613053613,2026-10-04 18:15:21,2026-10-04 18:48:49,4433,2371,1696,-15.226708775095872
RS,87327,PARECI NOVO,0031,11,3442,2802,2036,497,-54.92505353319058,2026-10-04 18:51:33,2026-10-04 18:51:33,2775,1886,649,-44.57657657657658
RS,98256,PAROBÉ,0055,122,39009,31076,19437,9300,-32.620028317672805,2026-10-04 17:29:31,2026-10-04 19:21:43,31243,17795,11353,-20.61901866017988
RS,88889,PASSA SETE,0053,18,3747,2921,1882,812,-36.63129065388566,2026-10-04 17:23:42,2026-10-04 18:57:45,3036,1286,1524,7.839262187088274
RS,87343,PASSO DO SOBRADO,0162,19,5251,4339,2689,1361,-30.60613044480295,2026-10-04 19:22:46,2026-10-04 19:22:46,4207,2052,1907,-3.446636558117423
RS,87858,PASSO FUNDO,0033,221,72671,55837,30722,20321,-18.627433422282717,2026-10-04 17:42:18,2026-10-04 19:13:38,57134,27339,25166,-3.803339517625232
RS,87858,PASSO FUNDO,0128,225,77350,59988,34747,19972,-24.62992598519704,2026-10-04 18:15:06,2026-10-04 19:31:55,60606,30760,24660,-10.065010065010066
RS,89346,PAULO BENTO,0148,8,2280,1904,1310,433,-46.0609243697479,2026-10-04 18:33:50,2026-10-04 18:33:50,1775,1050,564,-27.380281690140844
RS,85146,PAVERAMA,0125,22,6036,4848,2929,1536,-28.733498349834985,2026-10-04 17:47:46,2026-10-04 19:25:17,4700,2526,1895,-13.425531914893616
RS,89567,PEDRAS ALTAS,0035,8,1976,1437,567,778,14.683368128044537,2026-10-04 17:21:56,2026-10-04 18:11:41,1535,418,1006,38.306188925081436
RS,87874,PEDRO OSÓRIO,0123,27,6862,4878,1841,2661,16.81016810168102,2026-10-04 17:31:44,2026-10-04 18:17:17,5238,1415,3334,36.636120656739216
RS,87890,PEJUÇARA,0017,13,3096,2467,1627,703,-37.45439805431698,2026-10-04 17:45:00,2026-10-04 18:34:37,2557,1412,1008,-15.799765350019554
RS,87912,PELOTAS,0034,250,80995,61385,23473,31382,12.884255111183514,2026-10-04 17:44:15,2026-10-04 20:05:02,66076,22176,35722,20.500635631696834
RS,87912,PELOTAS,0060,324,106150,79891,36721,34621,-2.628581442215018,2026-10-04 17:31:44,2026-10-04 19:09:55,82505,32458,40492,9.737591661111448
RS,87912,PELOTAS,0164,183,57314,42630,17205,20614,7.996715927750411,2026-10-04 17:43:16,2026-10-04 19:21:09,44971,15811,24092,18.414089079629093
RS,87360,PICADA CAFÉ,0129,15,4533,3744,2608,685,-51.36217948717949,2026-10-04 20:31:39,2026-10-04 20:36:20,3655,2253,985,-34.6922024623803
RS,85340,PINHAL,0064,7,2557,2092,1294,660,-30.305927342256215,2026-10-04 18:59:18,2026-10-04 18:59:18,1944,933,783,-7.716049382716049
RS,89362,PINHAL DA SERRA,0058,13,2584,1925,1132,717,-21.558441558441558,2026-10-04 19:21:07,2026-10-04 20:12:41,1842,901,773,-6.948968512486428
RS,87386,PINHAL GRANDE,0027,14,3602,2717,1453,1043,-15.090172984909827,2026-10-04 18:43:24,2026-10-04 18:59:18,2841,1123,1477,12.460401267159451
RS,87408,PINHEIRINHO DO VALE,0094,14,3806,3050,1685,1152,-17.475409836065573,2026-10-04 17:39:15,2026-10-04 18:37:20,3050,1416,1439,0.7540983606557377
RS,87939,PINHEIRO MACHADO,0035,34,9524,6435,2278,3527,19.40947940947941,2026-10-04 17:36:04,2026-10-04 20:49:42,7254,1897,4610,37.40005514199063
RS,89540,PINTO BANDEIRA,0008,9,2438,2010,1664,212,-72.23880597014926,2026-10-04 18:16:16,2026-10-04 18:26:29,1965,1486,332,-58.72773536895674
RS,84778,PIRAPÓ,0052,11,2336,1618,741,772,1.915945611866502,2026-10-04 18:13:43,2026-10-04 18:33:50,1659,552,950,23.990355635925255
RS,87955,PIRATINI,0078,59,14591,10329,4271,5226,9.245812760189757,2026-10-04 18:00:41,2026-10-04 20:50:35,11355,3443,6911,30.541611624834875
RS,87971,PLANALTO,0144,27,7977,5892,3603,1998,-27.24032586558045,2026-10-04 17:43:16,2026-10-04 18:33:21,6199,3066,2806,-4.194224874979835
RS,87440,PONTE PRETA,0148,8,1828,1568,1140,322,-52.16836734693877,2026-10-04 18:28:27,2026-10-04 18:42:12,1537,891,464,-27.781392322706573
RS,87424,PONTÃO,0033,13,3373,2798,1553,1088,-16.619013581129376,2026-10-04 18:38:35,2026-10-04 18:38:35,2757,1258,1367,3.9535727239753355
RS,88013,PORTO ALEGRE,0001,313,101337,75250,27071,41650,19.37408637873754,2026-10-04 17:31:45,2026-10-04 19:08:47,80156,28730,42147,16.738609711063425
RS,88013,PORTO ALEGRE,0002,362,121856,91517,40240,42426,2.388627249582045,2026-10-04 17:31:44,2026-10-04 20:44:20,96817,40850,43076,2.2991829947220013
RS,88013,PORTO ALEGRE,0111,296,105625,78711,39436,30961,-10.767237107901055,2026-10-04 17:42:16,2026-10-04 19:22:46,83084,39001,33063,-7.146983775456165
RS,88013,PORTO ALEGRE,0112,313,110603,82191,39655,33677,-7.2733024297064155,2026-10-04 17:47:48,2026-10-04 19:16:24,86839,39733,36617,-3.588249519225233
RS,88013,PORTO ALEGRE,0113,313,104106,75802,28862,40007,14.702778290810269,2026-10-04 18:16:15,2026-10-04 19:07:21,82279,29024,44098,18.32059213164963
RS,88013,PORTO ALEGRE,0114,313,97943,69796,27000,36320,13.353200756490343,2026-10-04 17:46:22,2026-10-04 19:02:26,76648,27543,41552,18.27705876213339
RS,88013,PORTO ALEGRE,0158,305,112717,80316,33795,39096,6.6001792917974,2026-10-04 17:53:57,2026-10-04 19:21:09,85895,33103,44848,13.673671342918679
RS,88013,PORTO ALEGRE,0159,308,105434,73620,27367,39803,16.89214887258897,2026-10-04 18:15:20,2026-10-04 19:31:55,79831,26570,46379,24.81366887549949
RS,88013,PORTO ALEGRE,0160,275,99440,73993,31648,34721,4.153095563093806,2026-10-04 17:46:21,2026-10-04 19:11:29,78895,31472,38089,8.387096774193548
RS,88013,PORTO ALEGRE,0161,279,105139,75581,30065,38591,11.280612852436459,2026-10-04 17:35:03,2026-10-04 19:30:29,77549,27831,42684,19.153051618976388
RS,88030,PORTO LUCENA,0102,19,3887,2947,1698,1053,-21.88666440447913,2026-10-04 18:27:22,2026-10-04 18:27:22,3149,1435,1452,0.5398539218799618
RS,87467,PORTO MAUÁ,0042,9,2251,1792,1215,477,-41.183035714285715,2026-10-04 17:43:15,2026-10-04 18:26:29,1828,1086,644,-24.179431072210065
RS,87483,PORTO VERA CRUZ,0102,10,1761,1400,772,534,-17.0,2026-10-04 18:12:48,2026-10-04 18:12:48,1373,661,632,-2.112163146394756
RS,88056,PORTO XAVIER,0096,30,7966,6296,3502,2501,-15.898983481575604,2026-10-04 18:26:56,2026-10-04 19:12:53,6319,2969,3051,1.2976736825447064
RS,87998,PORTÃO,0011,80,25742,19777,11690,6252,-27.496586944430398,2026-10-04 18:09:30,2026-10-04 19:15:19,20003,10859,7662,-15.98260260960856
RS,85421,POUSO NOVO,0104,6,1660,1302,780,434,-26.574500768049155,2026-10-04 18:21:58,2026-10-04 18:21:58,1364,698,593,-7.697947214076247
RS,86126,POÇO DAS ANTAS,0125,7,2014,1653,1124,343,-47.24742891712039,2026-10-04 17:36:56,2026-10-04 18:17:37,1638,989,445,-33.211233211233214
RS,87505,PRESIDENTE LUCENA,0118,9,2670,2265,1681,365,-58.10154525386314,2026-10-04 18:45:19,2026-10-04 19:14:10,2163,1470,482,-45.677300046232084
RS,84760,PROGRESSO,0029,24,4932,4039,2404,1336,-26.442188660559545,2026-10-04 19:07:20,2026-10-04 19:07:20,4205,1943,1966,0.5469678953626635
RS,85405,PROTÁSIO ALVES,0075,6,1939,1570,1289,198,-69.49044585987261,2026-10-04 18:31:57,2026-10-04 18:31:57,1564,1146,280,-55.370843989769824
RS,88072,PUTINGA,0145,15,3807,2828,2240,401,-65.02828854314002,2026-10-04 19:14:46,2026-10-04 19:21:06,2894,2083,613,-50.79474775397374
RS,88099,QUARAÍ,0036,59,17670,12754,6412,5421,-7.7701113376195705,2026-10-04 17:29:30,2026-10-04 19:13:19,13309,5644,6813,8.783529942144414
RS,89389,QUATRO IRMÃOS,0148,7,1733,1376,907,374,-38.73546511627907,2026-10-04 17:44:15,2026-10-04 18:50:07,1367,775,523,-18.434528163862474
RS,87521,QUEVEDOS,0081,11,2385,1686,826,745,-4.804270462633452,2026-10-04 20:16:00,2026-10-04 20:19:16,1832,710,985,15.010917030567686
RS,84875,QUINZE DE NOVEMBRO,0121,12,3825,3183,2340,601,-54.63399308828149,2026-10-04 18:38:35,2026-10-04 18:41:15,3019,1848,890,-31.732361709175223
RS,88110,REDENTORA,0140,24,6768,5095,1976,2952,19.15603532875368,2026-10-04 18:29:17,2026-10-04 20:14:28,5058,1614,3128,29.93277975484381
RS,85766,RELVADO,0067,10,2167,1658,1172,366,-48.61278648974668,2026-10-04 19:21:08,2026-10-04 19:21:08,1590,1017,425,-37.23270440251572
RS,88137,RESTINGA SÊCA,0157,52,12277,9363,5487,3300,-23.357898109580262,2026-10-04 17:28:53,2026-10-04 19:04:24,9937,4770,4200,-5.736137667304015
RS,87548,RIO DOS ÍNDIOS,0099,10,2854,2138,1004,1020,0.7483629560336763,2026-10-04 18:47:54,2026-10-04 18:51:33,2264,855,1292,19.302120141342755
RS,88153,RIO GRANDE,0037,228,68531,46908,16477,25975,20.248145305704785,2026-10-04 17:46:23,2026-10-04 18:38:35,51482,15947,30089,27.469795268249097
RS,88153,RIO GRANDE,0163,232,81671,56376,19275,32039,22.640840073790265,2026-10-04 17:28:53,2026-10-04 19:07:22,61808,17538,38719,34.269026663215115
RS,88170,RIO PARDO,0038,101,28673,20634,8970,10011,5.045071241640011,2026-10-04 17:32:04,2026-10-04 18:47:55,22309,7837,12787,22.18835447577211
RS,85740,RIOZINHO,0055,16,4370,3544,2117,1077,-29.345372460496613,2026-10-04 17:44:59,2026-10-04 18:38:34,3277,1549,1446,-3.143118706133659
RS,88196,ROCA SALES,0067,27,7666,6079,4049,1534,-41.37193617371278,2026-10-04 18:44:33,2026-10-04 19:01:20,6474,3740,2122,-24.992276799505714
RS,88218,RODEIO BONITO,0064,17,5375,4323,2504,1567,-21.674762896136944,2026-10-04 17:26:35,2026-10-04 18:15:19,4258,1958,2053,2.2310944105213717
RS,89400,ROLADOR,0052,10,2396,1867,972,786,-9.962506695232994,2026-10-04 17:51:35,2026-10-04 18:15:08,1890,729,1006,14.656084656084657
RS,88234,ROLANTE,0055,54,16313,13333,8678,3536,-38.56596414910373,2026-10-04 17:35:19,2026-10-04 19:14:46,13421,7558,4721,-21.138514268683405
RS,88250,RONDA ALTA,0146,25,7415,6027,3099,2594,-8.378961340633815,2026-10-04 17:42:18,2026-10-04 19:13:38,6124,2626,3246,10.124101894186806
RS,88277,RONDINHA,0083,20,4481,3681,2236,1254,-26.677533279000272,2026-10-04 18:19:06,2026-10-04 18:30:22,3815,1941,1653,-7.549148099606815
RS,88293,ROQUE GONZALES,0096,25,5416,4295,2355,1677,-15.78579743888242,2026-10-04 17:21:55,2026-10-04 19:29:49,4486,2027,2148,2.6972804279982165
RS,88315,ROSÁRIO DO SUL,0039,104,31276,21835,10531,9877,-2.9951912067781086,2026-10-04 17:57:30,2026-10-04 19:21:08,23004,9398,12063,11.584941749260999
RS,87564,SAGRADA FAMÍLIA,0032,7,2272,1757,884,770,-6.488332384746728,2026-10-04 19:23:46,2026-10-04 19:23:46,1813,706,955,13.734142305570877
RS,85561,SALDANHA MARINHO,0115,10,2529,2104,1475,525,-45.152091254752854,2026-10-04 17:48:39,2026-10-04 18:16:16,2267,1275,825,-19.850022055580062
RS,89753,SALTO DO JACUÍ,0154,27,7867,6064,3107,2544,-9.284300791556728,2026-10-04 17:31:44,2026-10-04 18:48:51,6264,2590,3292,11.206896551724139
RS,87580,SALVADOR DAS MISSÕES,0096,10,2746,2262,1501,597,-39.96463306808134,2026-10-04 17:39:15,2026-10-04 18:41:16,2217,1231,842,-17.546233649075326
RS,88331,SALVADOR DO SUL,0152,19,5640,4607,3247,841,-52.22487518992837,2026-10-04 19:13:38,2026-10-04 19:13:38,4617,2931,1219,-37.08035520901018
RS,88358,SANANDUVA,0095,49,13017,10597,7537,2539,-47.16429178069265,2026-10-04 17:40:35,2026-10-04 18:44:29,10729,6807,3341,-32.304967844160686
RS,88455,SANT'ANA DO LIVRAMENTO,0030,224,72220,48688,20197,23842,7.486444298389747,2026-10-04 17:27:46,2026-10-04 19:25:53,50558,18225,28430,20.18473832034495
RS,88374,SANTA BÁRBARA DO SUL,0115,27,6723,5354,3540,1527,-37.59805752708255,2026-10-04 17:31:44,2026-10-04 18:30:22,5555,3088,2136,-17.137713771377136
RS,89247,SANTA CECÍLIA DO SUL,0100,10,1940,1580,1182,290,-56.45569620253165,2026-10-04 18:26:56,2026-10-04 20:05:02,1516,930,466,-30.606860158311346
RS,87602,SANTA CLARA DO SUL,0029,19,5711,4685,3316,920,-51.14194236926361,2026-10-04 19:22:45,2026-10-04 19:22:45,4398,2708,1265,-32.81036834924966
RS,88390,SANTA CRUZ DO SUL,0040,198,60806,47949,30170,12722,-36.38866295438904,2026-10-04 17:32:44,2026-10-04 19:21:07,48286,27161,16077,-22.9548937580251
RS,88390,SANTA CRUZ DO SUL,0162,129,44499,33509,18192,12191,-17.908621564355844,2026-10-04 17:46:39,2026-10-04 19:15:18,35053,16187,15952,-0.6704133740336062
RS,89443,SANTA MARGARIDA DO SUL,0049,11,2829,2145,1149,824,-15.151515151515152,2026-10-04 18:44:32,2026-10-04 20:07:44,2102,889,1026,6.517602283539486
RS,88412,SANTA MARIA,0041,305,101291,74178,35979,31901,-5.497586885599504,2026-10-04 18:44:52,2026-10-04 20:31:39,77764,33993,36621,3.3794557893112493
RS,88412,SANTA MARIA,0135,331,105824,77825,39230,31717,-9.653710247349823,2026-10-04 18:00:43,2026-10-04 20:12:42,82481,38222,36200,-2.4514736727246276
RS,86207,SANTA MARIA DO HERVAL,0153,19,5271,4490,2912,994,-42.71714922048998,2026-10-04 19:00:14,2026-10-04 20:08:08,4434,2502,1490,-22.82363554352729
RS,88471,SANTA ROSA,0042,185,57973,46180,30928,11635,-41.777825898657426,2026-10-04 17:46:23,2026-10-04 19:21:10,46330,28139,15136,-28.06604791711634
RS,87629,SANTA TEREZA,0008,5,1750,1408,1010,287,-51.34943181818182,2026-10-04 17:38:24,2026-10-04 17:49:28,1446,963,390,-39.62655601659751
RS,88498,SANTA VITÓRIA DO PALMAR,0043,77,23324,15616,6326,7875,9.919313524590164,2026-10-04 18:00:43,2026-10-04 19:26:23,17175,5034,10313,30.736535662299854
RS,88439,SANTANA DA BOA VISTA,0009,26,6598,4553,2251,1937,-6.896551724137931,2026-10-04 18:32:18,2026-10-04 19:22:45,4771,1867,2428,11.758541186334101
RS,88510,SANTIAGO,0044,137,39884,27832,16327,9291,-25.280252946248922,2026-10-04 17:49:51,2026-10-04 20:50:35,29958,14566,13177,-4.636491087522532
RS,88552,SANTO ANTÔNIO DA PATRULHA,0046,108,33692,25036,14504,8329,-24.664483144272246,2026-10-04 17:30:42,2026-10-04 18:37:20,25584,12494,10837,-6.4767041901188245
RS,88579,SANTO ANTÔNIO DAS MISSÕES,0141,37,8347,6124,2674,3074,6.531678641410843,2026-10-04 17:32:44,2026-10-04 19:10:58,6628,2198,3906,25.769462884731443
RS,87645,SANTO ANTÔNIO DO PALMA,0138,7,2077,1690,1040,488,-32.662721893491124,2026-10-04 17:57:29,2026-10-04 18:15:06,1607,746,740,-0.37336652146857496
RS,87661,SANTO ANTÔNIO DO PLANALTO,0015,9,2163,1859,1398,341,-56.85852608929532,2026-10-04 18:13:41,2026-10-04 18:13:41,1748,1098,486,-35.01144164759725
RS,88595,SANTO AUGUSTO,0107,43,11312,8888,4965,3371,-17.934293429342933,2026-10-04 17:29:30,2026-10-04 18:47:54,8925,4160,4228,0.7619047619047619
RS,88617,SANTO CRISTO,0102,53,12562,10571,6238,3424,-26.619998108031407,2026-10-04 17:39:38,2026-10-04 18:34:12,10759,5430,4465,-8.969235059020354
RS,87688,SANTO EXPEDITO DO SUL,0103,9,2242,1762,1148,511,-36.15209988649262,2026-10-04 18:25:05,2026-10-04 18:44:51,1818,1012,702,-17.051705170517053
RS,88536,SANTO ÂNGELO,0045,193,58898,43375,24005,16042,-18.35850144092219,2026-10-04 17:32:44,2026-10-04 18:59:18,45804,21770,20466,-2.8469129333682646
RS,88994,SAPIRANGA,0131,175,61250,48600,30509,14701,-32.52674897119341,2026-10-04 17:30:41,2026-10-04 19:22:20,49435,28177,18216,-20.14969151410944
RS,89010,SAPUCAIA DO SUL,0108,310,102445,73308,34384,31819,-3.49893599607137,2026-10-04 17:27:46,2026-10-04 19:21:07,78979,32944,39368,8.13380772103977
RS,89036,SARANDI,0083,63,17132,14061,9283,3943,-37.97738425432046,2026-10-04 17:57:29,2026-10-04 20:53:02,13897,7964,4934,-21.803266892134992
RS,89052,SEBERI,0132,34,9356,7530,4597,2481,-28.100929614873838,2026-10-04 17:32:46,2026-10-04 18:41:16,7473,3747,3248,-6.677371872072795
RS,85707,SEDE NOVA,0091,11,2508,2038,1128,756,-18.253189401373895,2026-10-04 17:48:38,2026-10-04 19:21:08,2046,929,968,1.906158357771261
RS,85529,SEGREDO,0053,28,5695,4462,2685,1428,-28.171223666517257,2026-10-04 17:30:42,2026-10-04 18:19:28,4436,1992,2111,2.6825969341749323
RS,89079,SELBACH,0004,13,4334,3566,2616,732,-52.83230510375771,2026-10-04 18:43:22,2026-10-04 18:48:52,3625,2242,1046,-32.99310344827586
RS,88765,SENADOR SALGADO FILHO,0127,9,2669,2257,1630,525,-48.9587948604342,2026-10-04 17:21:56,2026-10-04 18:15:08,2239,1478,584,-39.92853952657436
RS,87882,SENTINELA DO SUL,0084,14,4237,3169,1701,1155,-17.22940990848848,2026-10-04 19:29:50,2026-10-04 19:29:50,3242,1362,1607,7.55706354102406
RS,89095,SERAFINA CORRÊA,0022,40,12678,10359,7636,2022,-54.19442031084081,2026-10-04 18:09:58,2026-10-04 18:56:27,10178,6902,2619,-42.08095893102771
RS,89117,SERTÃO,0070,20,5015,4154,2791,1105,-40.58738565238325,2026-10-04 18:15:07,2026-10-04 18:17:17,4107,2442,1428,-24.68955441928415
RS,87920,SERTÃO SANTANA,0151,18,5324,4167,2838,936,-45.64434845212383,2026-10-04 17:28:53,2026-10-04 18:16:16,4210,2458,1407,-24.96437054631829
RS,88706,SETE DE SETEMBRO,0096,7,1804,1427,813,497,-22.14435879467414,2026-10-04 17:57:30,2026-10-04 18:38:52,1487,636,741,7.061197041022193
RS,89133,SEVERIANO DE ALMEIDA,0020,11,3414,2791,1775,769,-36.04442852024364,2026-10-04 18:00:44,2026-10-04 18:51:33,2782,1445,1070,-13.479511143062545
RS,84956,SILVEIRA MARTINS,0041,9,2147,1665,1012,534,-28.70870870870871,2026-10-04 18:36:17,2026-10-04 19:16:23,1771,912,715,-11.123658949745906
RS,87947,SINIMBU,0040,32,6825,5519,3212,1685,-27.668055807211452,2026-10-04 19:29:50,2026-10-04 19:29:50,5824,2579,2761,3.125
RS,89176,SOBRADINHO,0053,44,10579,8229,5113,2391,-33.078138291408436,2026-10-04 17:36:04,2026-10-04 18:29:17,8709,4269,3718,-6.32678837983695
RS,89192,SOLEDADE,0054,71,21730,16931,9715,6171,-20.932018191483078,2026-10-04 17:30:52,2026-10-04 19:24:49,17466,7667,8637,5.553647085766633
RS,88633,SÃO BORJA,0047,148,46604,33363,15939,15418,-1.5616101669514133,2026-10-04 17:52:48,2026-10-04 19:22:46,35333,13618,19385,16.321852092944273
RS,84832,SÃO DOMINGOS DO SUL,0138,10,2596,2057,1398,512,-43.07243558580457,2026-10-04 17:59:19,2026-10-04 18:19:28,2121,1190,741,-21.16925978312117
RS,88650,SÃO FRANCISCO DE ASSIS,0079,60,14252,10403,5392,4351,-10.006728828222627,2026-10-04 17:32:46,2026-10-04 18:51:33,11259,4278,6144,16.573407940314414
RS,88676,SÃO FRANCISCO DE PAULA,0048,62,16421,12062,6635,4562,-17.186204609517493,2026-10-04 17:30:04,2026-10-04 19:09:55,12143,5292,5851,4.603475253232315
RS,88692,SÃO GABRIEL,0049,162,43890,30760,15396,13067,-7.571521456436931,2026-10-04 17:40:36,2026-10-04 20:10:40,33020,13846,16637,8.45245305875227
RS,88714,SÃO JERÔNIMO,0050,54,15910,11748,5447,5154,-2.494041538985359,2026-10-04 17:59:20,2026-10-04 20:21:10,12171,4723,6287,12.850217730671268
RS,84794,SÃO JORGE,0075,7,2437,2085,1667,253,-67.81774580335731,2026-10-04 18:44:51,2026-10-04 18:44:51,2087,1507,443,-50.98227120268328
RS,87769,SÃO JOSÉ DAS MISSÕES,0032,8,2443,1869,922,876,-2.4612092027822365,2026-10-04 18:54:50,2026-10-04 18:54:50,1796,621,1072,25.111358574610247
RS,85588,SÃO JOSÉ DO HERVAL,0054,7,2231,1558,799,657,-9.114249037227214,2026-10-04 18:32:00,2026-10-04 18:32:00,1539,637,803,10.78622482131254
RS,85324,SÃO JOSÉ DO HORTÊNCIO,0011,11,3728,3166,2400,527,-59.15982312065698,2026-10-04 18:44:31,2026-10-04 18:44:31,3052,2207,617,-52.09698558322412
RS,87742,SÃO JOSÉ DO INHACORÁ,0089,9,2244,1880,1264,421,-44.840425531914896,2026-10-04 18:34:40,2026-10-04 18:34:40,1889,1001,659,-18.10481736368449
RS,88730,SÃO JOSÉ DO NORTE,0130,79,20679,15110,7011,6408,-3.990734612839179,2026-10-04 17:24:22,2026-10-04 19:24:48,15833,5466,8331,18.095117791953516
RS,88757,SÃO JOSÉ DO OURO,0103,20,5762,4666,3317,1066,-48.2426060865838,2026-10-04 17:32:45,2026-10-04 18:12:28,4740,2931,1470,-30.82278481012658
RS,89460,SÃO JOSÉ DO SUL,0031,9,2065,1711,1148,305,-49.26943308007014,2026-10-04 18:57:45,2026-10-04 19:11:57,1645,1043,408,-38.60182370820669
RS,87726,SÃO JOSÉ DOS AUSENTES,0063,11,3387,2513,1726,676,-41.78272980501393,2026-10-04 18:28:29,2026-10-04 20:25:59,2356,1345,878,-19.821731748726656
RS,84859,SÃO JOÃO DA URTIGA,0095,14,4198,3339,2334,810,-45.64240790655885,2026-10-04 19:05:31,2026-10-04 19:09:56,3383,1915,1243,-19.864026012415017
RS,87700,SÃO JOÃO DO POLÊSINE,0119,10,2578,2012,1283,583,-34.791252485089466,2026-10-04 18:42:13,2026-10-04 18:48:52,2040,1164,698,-22.84313725490196
RS,88773,SÃO LEOPOLDO,0051,243,80617,58315,31169,22319,-15.1761982337306,2026-10-04 17:32:44,2026-10-04 18:37:21,63010,30908,27512,-5.389620695127758
RS,88773,SÃO LEOPOLDO,0073,237,82149,61208,31986,23443,-13.957325839759509,2026-10-04 17:46:21,2026-10-04 18:44:29,64330,31057,27456,-5.597699362661277
RS,88790,SÃO LOURENÇO DO SUL,0080,114,35085,26394,15492,8855,-25.145866484807154,2026-10-04 17:23:42,2026-10-04 19:05:32,27270,12720,11979,-2.7172717271727174
RS,88811,SÃO LUIZ GONZAGA,0052,95,26267,19071,10241,7578,-13.963609669131142,2026-10-04 17:32:46,2026-10-04 19:07:52,19614,8397,9815,7.229529927602733
RS,88838,SÃO MARCOS,0137,54,16687,13501,10092,2265,-57.97348344567069,2026-10-04 17:21:12,2026-10-04 18:11:26,13364,9083,2996,-45.54774019754564
RS,88854,SÃO MARTINHO,0107,22,4808,3946,2702,988,-43.4363912823112,2026-10-04 18:13:16,2026-10-04 18:13:16,4059,2401,1407,-24.48879034244888
RS,87785,SÃO MARTINHO DA SERRA,0041,13,3157,2342,1460,699,-32.493595217762596,2026-10-04 18:47:54,2026-10-04 19:16:24,2369,1275,927,-14.689742507387082
RS,85480,SÃO MIGUEL DAS MISSÕES,0045,19,5911,4504,2354,1961,-8.72557726465364,2026-10-04 18:00:41,2026-10-04 18:47:54,4712,1986,2488,10.65365025466893
RS,88870,SÃO NICOLAU,0052,20,4337,3203,1347,1705,11.17702154230409,2026-10-04 18:13:43,2026-10-04 20:48:30,3215,1112,1884,24.01244167962675
RS,88897,SÃO PAULO DAS MISSÕES,0166,20,5214,4186,2432,1446,-23.554706163401814,2026-10-04 18:38:48,2026-10-04 19:29:49,4295,2061,1880,-4.214202561117578
RS,87807,SÃO PEDRO DA SERRA,0152,11,3188,2693,1958,486,-54.660230226513185,2026-10-04 19:09:25,2026-10-04 19:09:25,2638,1702,655,-39.68915845337377
RS,89486,SÃO PEDRO DAS MISSÕES,0032,5,1650,1252,622,579,-3.4345047923322682,2026-10-04 19:21:07,2026-10-04 19:21:07,1276,566,667,7.915360501567398
RS,87823,SÃO PEDRO DO BUTIÁ,0096,9,2665,2132,1356,604,-35.27204502814259,2026-10-04 17:46:22,2026-10-04 18:28:28,2156,1202,816,-17.90352504638219
RS,88919,SÃO PEDRO DO SUL,0081,53,12686,9413,5223,3355,-19.84489535748433,2026-10-04 17:39:16,2026-10-04 19:26:23,10006,4671,4363,-3.078153108135119
RS,88935,SÃO SEBASTIÃO DO CAÍ,0011,57,17536,13623,8474,3933,-33.333333333333336,2026-10-04 17:32:45,2026-10-04 18:35:14,13939,7800,5029,-19.879474854724155
RS,88951,SÃO SEPÉ,0082,64,17079,12651,5883,5763,-0.9485416172634574,2026-10-04 17:32:04,2026-10-04 19:21:08,13495,4851,7563,20.096331974805484
RS,88978,SÃO VALENTIM,0168,10,3073,2459,1668,676,-40.341602277348514,2026-10-04 17:29:31,2026-10-04 18:15:07,2524,1405,987,-16.561014263074483
RS,87840,SÃO VALENTIM DO SUL,0022,8,2224,1761,1310,318,-56.33162975582056,2026-10-04 18:47:54,2026-10-04 18:47:54,1771,1261,385,-49.463579898362504
RS,87866,SÃO VALÉRIO DO SUL,0107,10,2348,1874,829,1007,9.498399146211312,2026-10-04 19:07:52,2026-10-04 21:01:03,1741,613,1068,26.134405514072373
RS,85383,SÃO VENDELINO,0165,8,2409,2008,1361,448,-45.46812749003984,2026-10-04 18:44:29,2026-10-04 18:44:29,1928,1175,532,-33.350622406639005
RS,86754,SÃO VICENTE DO SUL,0069,21,6760,5000,2504,2089,-8.3,2026-10-04 17:24:22,2026-10-04 18:30:23,5310,2197,2669,8.88888888888889
RS,87904,SÉRIO,0029,12,2072,1632,974,471,-30.82107843137255,2026-10-04 19:04:55,2026-10-04 19:04:55,1651,726,736,0.6056935190793459
RS,88722,TABAÍ,0056,14,4093,3194,1720,1283,-13.681903569192235,2026-10-04 19:05:32,2026-10-04 19:09:56,3158,1582,1424,-5.00316656111463
RS,89214,TAPEJARA,0100,62,17490,14363,10789,2582,-57.13987328552531,2026-10-04 17:46:22,2026-10-04 19:21:08,14042,9687,3259,-45.776954849736505
RS,89230,TAPERA,0004,27,7887,6362,3995,1984,-31.60955674316253,2026-10-04 17:42:17,2026-10-04 19:12:52,6576,3382,2783,-9.108880778588809
RS,89257,TAPES,0084,41,11792,8672,4484,3630,-9.847785977859779,2026-10-04 17:40:35,2026-10-04 19:03:22,8821,3851,4279,4.852057589842421
RS,89273,TAQUARA,0055,137,41562,31468,20632,8613,-38.19435617134867,2026-10-04 17:31:45,2026-10-04 18:48:52,32244,19323,10573,-27.13683165860315
RS,89290,TAQUARI,0056,68,19310,14938,8542,5281,-21.830231624046057,2026-10-04 17:32:45,2026-10-04 19:08:46,15659,7731,6903,-5.28769397790408
RS,85669,TAQUARUÇU DO SUL,0094,8,2822,2328,1314,902,-17.697594501718214,2026-10-04 18:55:59,2026-10-04 18:55:59,2281,1067,1074,0.30688294607628236
RS,89710,TAVARES,0122,16,4533,3297,1768,1295,-14.346375492872308,2026-10-04 19:04:23,2026-10-04 19:07:52,3464,1391,1596,5.918013856812933
RS,89311,TENENTE PORTELA,0101,40,10706,8401,4251,3571,-8.094274491132008,2026-10-04 17:31:45,2026-10-04 18:32:18,8379,3373,4483,13.247404224847834
RS,85162,TERRA DE AREIA,0077,25,7779,5912,3645,1813,-30.987821380243574,2026-10-04 18:14:10,2026-10-04 18:56:26,5959,3070,2291,-13.072663198523243
RS,98213,TEUTÔNIA,0125,78,25631,20455,12830,5397,-36.338303593253485,2026-10-04 17:30:04,2026-10-04 19:21:08,20450,11289,7230,-19.848410757946212
RS,89508,TIO HUGO,0117,8,2707,2219,1381,679,-31.63587201442091,2026-10-04 17:44:15,2026-10-04 18:46:39,2129,1099,860,-11.22592766557069
RS,87963,TIRADENTES DO SUL,0086,17,4724,3537,1849,1501,-9.838846480067854,2026-10-04 17:30:41,2026-10-04 18:15:19,3571,1446,1941,13.861663399607952
RS,88900,TOROPI,0081,15,2745,2130,1347,623,-33.990610328638496,2026-10-04 19:21:06,2026-10-04 19:21:06,2175,1137,862,-12.64367816091954
RS,89338,TORRES,0085,95,33260,24446,14294,7838,-26.409228503640676,2026-10-04 17:31:45,2026-10-04 18:41:16,23165,12306,8732,-15.428448089790633
RS,89354,TRAMANDAÍ,0110,112,39076,26991,14578,9978,-17.042717943018044,2026-10-04 17:32:45,2026-10-04 19:25:18,26333,12879,11047,-6.957050089241636
RS,87980,TRAVESSEIRO,0104,9,1983,1676,964,529,-25.954653937947494,2026-10-04 19:04:55,2026-10-04 19:04:55,1668,836,706,-7.793764988009593
RS,85006,TRINDADE DO SUL,0099,19,5879,4522,2426,1844,-12.870411322423706,2026-10-04 18:32:01,2026-10-04 19:00:50,4176,1736,2226,11.733716475095786
RS,89435,TRIUNFO,0133,71,21936,16294,9513,5411,-25.1749110101878,2026-10-04 17:32:45,2026-10-04 19:21:08,16886,8768,6514,-13.348335899561768
RS,84743,TRÊS ARROIOS,0020,8,2549,2054,1447,455,-48.296007789678676,2026-10-04 17:59:20,2026-10-04 18:15:05,2009,1185,644,-26.92882030861125
RS,85367,TRÊS CACHOEIRAS,0085,27,8189,6780,4933,1415,-51.88790560471976,2026-10-04 17:28:22,2026-10-04 18:36:19,6656,4357,1796,-38.4765625
RS,89370,TRÊS COROAS,0149,59,17414,14053,9276,3575,-40.567850281078776,2026-10-04 17:53:55,2026-10-04 18:55:27,14336,8743,4509,-29.534040178571427
RS,89397,TRÊS DE MAIO,0089,67,18415,15148,10293,3746,-43.220227092685505,2026-10-04 17:28:22,2026-10-04 18:50:07,14971,8922,4997,-26.217353550197046
RS,88005,TRÊS FORQUILHAS,0085,10,3297,2562,1512,881,-24.62919594067135,2026-10-04 18:42:13,2026-10-04 19:04:55,2302,1046,1073,1.1728931364031276
RS,86142,TRÊS PALMEIRAS,0099,13,4078,3176,1571,1455,-3.652392947103275,2026-10-04 17:41:59,2026-10-04 19:21:07,3184,1228,1792,17.71356783919598
RS,89419,TRÊS PASSOS,0086,65,18437,14624,8260,5231,-20.71252735229759,2026-10-04 17:31:45,2026-10-04 18:56:27,15145,7254,6939,-2.079894354572466
RS,89451,TUCUNDUVA,0120,22,4755,3926,2754,942,-46.15384615384615,2026-10-04 19:21:43,2026-10-04 19:21:43,3945,2469,1242,-31.102661596958175
RS,84840,TUNAS,0154,14,3346,2635,1260,1245,-0.5692599620493358,2026-10-04 17:31:44,2026-10-04 19:07:20,2699,864,1703,31.08558725453872
RS,88021,TUPANCI DO SUL,0103,5,1474,1097,749,281,-42.661804922515955,2026-10-04 17:53:56,2026-10-04 18:15:20,1148,649,430,-19.076655052264808
RS,89478,TUPANCIRETÃ,0087,51,15943,11865,6549,4616,-16.291613990729036,2026-10-04 17:57:30,2026-10-04 19:21:43,12581,5620,6218,4.753199268738574
RS,85723,TUPANDI,0011,14,4296,3640,2814,501,-63.543956043956044,2026-10-04 17:39:14,2026-10-04 18:34:39,3609,2560,801,-48.739262953726794
RS,89494,TUPARENDI,0042,26,7111,5811,4244,1140,-53.41593529512993,2026-10-04 18:56:27,2026-10-04 18:56:27,5802,3864,1567,-39.58979662185453
RS,88501,TURUÇU,0060,11,3449,2706,1865,669,-44.198078344419805,2026-10-04 17:58:56,2026-10-04 18:43:24,2673,1494,869,-23.38196782641227
RS,88609,UBIRETAMA,0096,8,1894,1594,1095,369,-45.54579673776662,2026-10-04 17:51:53,2026-10-04 18:12:48,1615,1001,453,-33.93188854489164
RS,88480,UNISTALDA,0044,10,2687,1981,1134,750,-19.38414941948511,2026-10-04 18:25:05,2026-10-04 18:25:05,2061,956,972,0.7763221737020863
RS,88048,UNIÃO DA SERRA,0022,6,1523,1241,915,228,-55.35858178887994,2026-10-04 18:44:30,2026-10-04 18:44:30,1247,880,256,-50.04009623095429
RS,89516,URUGUAIANA,0057,263,84488,58711,35208,18875,-27.819318356015057,2026-10-04 17:21:56,2026-10-04 20:13:12,61497,34682,21638,-21.210790770281477
RS,89532,VACARIA,0058,151,47383,35399,24190,8729,-43.676375038842906,2026-10-04 17:55:31,2026-10-04 20:54:03,35358,21489,11185,-29.14191979184343
RS,88064,VALE DO SOL,0162,29,8086,6280,3830,1847,-31.576433121019107,2026-10-04 17:41:15,2026-10-04 18:59:39,6769,3047,3186,2.0534790958782687
RS,88080,VALE REAL,0165,16,4872,4006,2574,1005,-39.166250624063906,2026-10-04 18:47:55,2026-10-04 18:57:45,3942,2303,1342,-24.378488077118213
RS,88668,VALE VERDE,0162,11,3292,2415,1408,805,-24.96894409937888,2026-10-04 19:13:19,2026-10-04 19:13:19,2429,1063,1157,3.869905310827501
RS,84913,VANINI,0138,6,2018,1608,1142,361,-48.569651741293534,2026-10-04 17:32:44,2026-10-04 18:00:41,1645,972,545,-25.95744680851064
RS,89559,VENÂNCIO AIRES,0093,170,53327,41071,26076,11182,-36.26403058118867,2026-10-04 18:00:44,2026-10-04 20:19:16,42783,23960,15558,-19.638641516490196
RS,89575,VERA CRUZ,0162,67,19445,16015,9537,5035,-28.111145800811737,2026-10-04 19:32:24,2026-10-04 20:07:44,16006,7830,6996,-5.210546045233038
RS,89591,VERANÓPOLIS,0088,61,18621,15045,11559,2264,-61.78132269857095,2026-10-04 17:31:45,2026-10-04 18:59:39,15073,10783,3002,-51.6221057520069
RS,88781,VESPASIANO CORRÊA,0067,10,2485,2003,1659,203,-72.690963554668,2026-10-04 19:13:38,2026-10-04 19:13:38,1822,1403,297,-60.70252469813392
RS,89613,VIADUTOS,0003,15,4028,3285,2347,748,-48.67579908675799,2026-10-04 18:36:19,2026-10-04 18:47:55,3457,2117,1096,-29.534278275961817
RS,89630,VIAMÃO,0059,249,84973,61107,28045,27033,-1.6561114111312942,2026-10-04 17:47:46,2026-10-04 19:07:21,64662,26499,32205,8.824348148835483
RS,89630,VIAMÃO,0072,234,76689,55192,23035,26830,6.875996521234962,2026-10-04 17:24:52,2026-10-04 19:23:14,59653,22523,32020,15.920406350057835
RS,89656,VICENTE DUTRA,0094,14,3837,2923,1831,971,-29.421826890181322,2026-10-04 19:00:50,2026-10-04 19:04:23,3037,1559,1323,-7.770826473493579
RS,89699,VICTOR GRAEFF,0117,8,2531,2075,1490,443,-50.45783132530121,2026-10-04 17:42:17,2026-10-04 18:22:45,2069,1226,696,-25.616239729337845
RS,86061,VILA FLORES,0088,12,3442,2888,2205,456,-60.56094182825485,2026-10-04 18:34:40,2026-10-04 18:34:40,2812,2023,572,-51.600284495021334
RS,88749,VILA LÂNGARO,0100,10,2175,1802,1354,347,-55.88235294117647,2026-10-04 20:13:12,2026-10-04 20:13:12,1809,1177,503,-37.258153676064126
RS,85642,VILA MARIA,0062,12,3675,3020,2187,690,-49.56953642384106,2026-10-04 18:59:38,2026-10-04 18:59:38,2965,1848,945,-30.45531197301855
RS,88102,VILA NOVA DO SUL,0082,15,3746,2744,1246,1314,2.478134110787172,2026-10-04 18:13:17,2026-10-04 19:02:55,2829,990,1593,21.31495227995758
RS,85600,VISTA ALEGRE,0094,7,2612,2093,1175,797,-18.06020066889632,2026-10-04 20:16:00,2026-10-04 20:19:16,2122,831,1174,16.163996229971726
RS,85863,VISTA ALEGRE DO PRATA,0075,5,1657,1338,978,191,-58.81913303437967,2026-10-04 18:51:34,2026-10-04 18:51:34,1320,880,279,-45.53030303030303
RS,85847,VISTA GAÚCHA,0101,12,2652,2094,1215,726,-23.35243553008596,2026-10-04 18:30:24,2026-10-04 18:30:24,2109,927,983,2.6552868658131814
RS,88129,VITÓRIA DAS MISSÕES,0045,12,3443,2658,1406,1121,-10.72234762979684,2026-10-04 18:00:40,2026-10-04 18:28:27,2701,1123,1394,10.033320992225102
RS,89524,WESTFALIA,0125,9,2689,2270,1594,402,-52.51101321585903,2026-10-04 18:34:12,2026-10-04 18:34:12,2205,1319,639,-30.839002267573697
RS,88145,XANGRI-LÁ,0150,42,14765,11454,7703,2886,-42.055177230661776,2026-10-04 18:11:26,2026-10-04 19:16:49,9639,5788,3131,-27.565100114119723
RS,84948,ÁGUA SANTA,0100,14,3300,2719,1912,680,-45.31077602059581,2026-10-04 20:10:40,2026-10-04 20:10:40,2652,1601,859,-27.978883861236802
RS,84735,ÁUREA,0003,11,3213,2692,1851,650,-44.61367013372957,2026-10-04 19:15:19,2026-10-04 19:21:10,2682,1485,1014,-17.56152125279642
SC,80225,ABDON BATISTA,0052,9,2681,2192,1421,650,-35.17335766423358,2026-10-04 18:42:07,2026-10-04 20:13:52,2074,1127,725,-19.382835101253615
SC,80012,ABELARDO LUZ,0071,45,12625,9346,5619,3207,-25.80783222769099,2026-10-04 17:57:27,2026-10-04 19:04:14,9444,5143,3942,-12.71706903854299
SC,80039,AGROLÂNDIA,0057,26,8211,6777,5357,1091,-62.94820717131474,2026-10-04 18:42:08,2026-10-04 19:01:41,6571,4969,1318,-55.56231928169228
SC,80055,AGRONÔMICA,0102,16,4554,3925,3193,522,-68.05095541401273,2026-10-04 17:41:57,2026-10-04 19:02:51,3623,2809,632,-60.08832459287883
SC,80136,ALFREDO WAGNER,0004,28,8139,6835,5242,1202,-59.10753474762253,2026-10-04 18:31:52,2026-10-04 18:48:44,6494,4236,1737,-38.481675392670155
SC,81302,ALTO BELA VISTA,0009,7,1764,1443,897,372,-36.38253638253638,2026-10-04 17:44:12,2026-10-04 18:28:22,1471,847,474,-25.356900067980966
SC,80152,ANCHIETA,0082,17,4991,4041,2330,1403,-22.93986636971047,2026-10-04 18:42:09,2026-10-04 19:09:29,4062,2053,1815,-5.85918266863614
SC,80179,ANGELINA,0067,18,5017,4227,2605,1227,-32.59995268511947,2026-10-04 17:53:52,2026-10-04 18:57:36,4235,2167,1694,-11.168831168831169
SC,80195,ANITA GARIBALDI,0052,27,6943,5356,2878,2098,-14.563106796116505,2026-10-04 17:41:57,2026-10-04 19:09:28,5535,2536,2648,2.0234869015356822
SC,80217,ANITÁPOLIS,0067,13,3343,2739,1806,715,-39.8320554947061,2026-10-04 17:49:25,2026-10-04 18:57:37,2609,1495,870,-23.95553852050594
SC,80233,ANTÔNIO CARLOS,0002,28,9356,7907,6045,1194,-61.35070190970026,2026-10-04 17:59:26,2026-10-04 20:07:50,7073,5394,1170,-59.72006220839813
SC,80063,APIÚNA,0015,34,8375,6763,4944,1329,-53.45260978855538,2026-10-04 19:02:29,2026-10-04 19:23:56,6431,4401,1705,-41.921940600217695
SC,80489,ARABUTÃ,0090,13,3907,3284,2228,798,-43.54445797807552,2026-10-04 18:12:04,2026-10-04 19:09:28,3110,1851,985,-27.84565916398714
SC,80250,ARAQUARI,0027,78,28342,21581,14615,5469,-42.379871182985035,2026-10-04 19:01:13,2026-10-04 20:49:00,17986,11632,5308,-35.16068052930057
SC,80276,ARARANGUÁ,0001,159,55064,42701,28755,10473,-42.813985620945644,2026-10-04 18:48:44,2026-10-04 20:45:50,40536,25630,11852,-33.98954016183146
SC,80292,ARMAZÉM,0099,23,7195,5999,4379,1236,-52.39206534422404,2026-10-04 17:32:11,2026-10-04 19:00:15,5472,3787,1408,-43.47587719298246
SC,80314,ARROIO TRINTA,0036,11,3124,2559,1903,432,-57.48339194998046,2026-10-04 17:32:43,2026-10-04 18:12:20,2592,1755,626,-43.5570987654321
SC,80802,ARVOREDO,0061,9,2620,2203,1271,699,-25.9645937358148,2026-10-04 18:00:38,2026-10-04 18:13:31,2079,1069,836,-11.207311207311207
SC,80330,ASCURRA,0015,23,6551,5218,4130,740,-64.96742046761211,2026-10-04 18:41:10,2026-10-04 19:07:25,4934,3843,869,-60.275638427239564
SC,80357,ATALANTA,0057,13,2919,2498,2014,340,-67.01361088871097,2026-10-04 18:59:08,2026-10-04 18:59:08,2442,1776,479,-53.11220311220311
SC,80373,AURORA,0102,21,5541,4792,3878,619,-68.00918196994992,2026-10-04 17:53:53,2026-10-04 20:10:31,4314,3184,841,-54.3115438108484
SC,81728,BALNEÁRIO ARROIO DO SILVA,0001,37,13141,9859,6027,3146,-29.22203063190993,2026-10-04 19:23:56,2026-10-04 19:23:56,8397,4756,3115,-19.54269381922115
SC,80683,BALNEÁRIO BARRA DO SUL,0027,32,11418,8571,5884,2151,-43.55384435888461,2026-10-04 17:51:50,2026-10-04 19:29:39,7913,5285,2164,-39.44142550233793
SC,80390,BALNEÁRIO CAMBORIÚ,0056,246,86929,65746,47078,13432,-51.175736926961335,2026-10-04 18:15:03,2026-10-04 19:21:01,65064,44841,15004,-45.857924505102666
SC,80390,BALNEÁRIO CAMBORIÚ,0103,72,24209,18243,12523,4262,-45.28312229348243,2026-10-04 18:48:44,2026-10-04 20:25:41,15736,10394,4266,-38.9425521098119
SC,81744,BALNEÁRIO GAIVOTA,0054,37,12988,9630,6116,2788,-34.558670820353065,2026-10-04 19:14:09,2026-10-04 19:29:38,7758,4509,2710,-23.188966228409384
SC,82511,BALNEÁRIO PIÇARRAS,0068,69,23277,17208,12090,3927,-47.43723849372385,2026-10-04 18:21:11,2026-10-04 19:21:01,14018,9472,3642,-41.58938507633043
SC,83909,BALNEÁRIO RINCÃO,0079,39,13698,10215,6580,3019,-34.860499265785606,2026-10-04 20:07:50,2026-10-04 20:23:49,9300,5521,3221,-24.731182795698924
SC,81582,BANDEIRANTE,0045,10,2976,2396,1325,866,-19.156928213689483,2026-10-04 17:34:11,2026-10-04 18:14:07,2312,1031,1120,3.8494809688581313
SC,81760,BARRA BONITA,0082,7,1855,1520,844,520,-21.31578947368421,2026-10-04 18:12:40,2026-10-04 18:27:07,1428,679,636,-3.011204481792717
SC,80411,BARRA VELHA,0068,88,29651,22295,16003,4892,-49.836286162816776,2026-10-04 19:02:51,2026-10-04 20:56:18,19110,13397,4704,-45.489272632129776
SC,81221,BELA VISTA DO TOLDO,0008,19,5321,4241,2949,1012,-45.67319028531007,2026-10-04 17:33:45,2026-10-04 19:23:06,4078,2301,1347,-23.39382050024522
SC,80748,BELMONTE,0045,8,2400,1978,1285,568,-36.24873609706775,2026-10-04 17:33:45,2026-10-04 17:51:33,1927,1010,752,-13.388687078360146
SC,80438,BENEDITO NOVO,0032,27,8293,6763,5394,886,-66.65680910838385,2026-10-04 18:42:06,2026-10-04 19:20:59,6541,5129,1009,-62.98731080874484
SC,80454,BIGUAÇU,0002,166,57679,44237,27718,12501,-34.398806429007394,2026-10-04 18:16:10,2026-10-04 19:04:33,41109,23929,13322,-25.80213578535114
SC,80470,BLUMENAU,0003,441,152996,119856,81237,25838,-46.22129889200374,2026-10-04 18:14:07,2026-10-04 19:07:01,118557,78063,27376,-42.75327479608964
SC,80470,BLUMENAU,0088,313,116374,90937,63843,18122,-50.27766475691963,2026-10-04 18:27:09,2026-10-04 19:13:50,90039,61151,20106,-45.58580170814869
SC,81280,BOCAINA DO SUL,0021,10,3180,2628,1706,778,-35.31202435312024,2026-10-04 20:14:15,2026-10-04 21:01:03,2576,1381,996,-14.945652173913043
SC,83895,BOM JARDIM DA SERRA,0028,14,3852,2957,1820,977,-28.508623605005074,2026-10-04 18:55:38,2026-10-04 19:29:38,2805,1396,1206,-6.7736185383244205
SC,81388,BOM JESUS,0043,8,2593,2131,1171,838,-15.626466447677148,2026-10-04 19:11:00,2026-10-04 19:14:56,2033,1000,958,-2.0659124446630597
SC,81469,BOM JESUS DO OESTE,0083,9,1876,1593,1070,416,-41.05461393596987,2026-10-04 18:47:47,2026-10-04 18:54:42,1588,937,508,-27.015113350125944
SC,80497,BOM RETIRO,0004,25,6588,5172,3493,1324,-41.93735498839907,2026-10-04 17:30:40,2026-10-04 19:08:13,5162,2921,1872,-20.321580782642386
SC,80985,BOMBINHAS,0031,54,19110,14532,9935,3478,-44.432975502339666,2026-10-04 17:55:44,2026-10-04 20:56:36,12916,8467,3469,-38.69619077113658
SC,80519,BOTUVERÁ,0005,18,4908,4046,3117,691,-59.96045477014335,2026-10-04 19:21:01,2026-10-04 19:21:01,3648,2659,772,-51.72697368421053
SC,80535,BRAÇO DO NORTE,0044,76,25562,20835,15991,3229,-61.25269978401728,2026-10-04 17:52:43,2026-10-04 19:13:50,19878,14691,3908,-54.24589998993863
SC,80420,BRAÇO DO TROMBUDO,0057,11,3307,2787,2206,415,-64.26264800861141,2026-10-04 18:56:21,2026-10-04 18:56:21,2664,1980,509,-55.21771771771772
SC,81787,BRUNÓPOLIS,0007,12,2907,2328,1469,774,-29.853951890034363,2026-10-04 17:35:02,2026-10-04 19:21:01,2250,1092,1010,-3.6444444444444444
SC,80551,BRUSQUE,0005,89,32697,26560,19850,4747,-56.86370481927711,2026-10-04 18:25:55,2026-10-04 19:07:49,24699,17973,5028,-52.41102878659055
SC,80551,BRUSQUE,0086,194,68866,55638,41378,10234,-55.97613142097128,2026-10-04 17:59:26,2026-10-04 19:30:22,52141,37767,10933,-51.464298728447865
SC,80594,CAIBI,0041,19,5294,4304,3145,940,-51.23141263940521,2026-10-04 18:29:09,2026-10-04 19:29:38,4012,2647,1138,-37.612163509471586
SC,80667,CALMON,0006,12,3186,2355,906,1318,17.494692144373673,2026-10-04 19:12:45,2026-10-04 19:25:45,2356,681,1567,37.60611205432937
SC,80616,CAMBORIÚ,0103,167,62278,46696,32572,10583,-47.08968648278225,2026-10-04 18:57:36,2026-10-04 20:53:26,43146,28923,11497,-40.388448523617484
SC,80632,CAMPO ALEGRE,0030,29,10133,8075,6398,1180,-64.61919504643963,2026-10-04 17:47:44,2026-10-04 20:10:31,7690,5646,1549,-53.276983094928475
SC,80659,CAMPO BELO DO SUL,0052,23,5981,4606,2657,1722,-20.299609205384282,2026-10-04 18:34:07,2026-10-04 20:44:52,4701,2201,2177,-0.5105296745373324
SC,80675,CAMPO ERÊ,0069,26,7540,5818,2932,2575,-6.136129254039188,2026-10-04 18:09:47,2026-10-04 18:44:26,5635,2321,3088,13.611357586512867
SC,80691,CAMPOS NOVOS,0007,90,26900,20264,13738,5321,-41.53671535728385,2026-10-04 17:35:02,2026-10-04 20:17:01,20204,11886,6824,-25.054444664422885
SC,80713,CANELINHA,0031,30,10123,7965,5930,1597,-54.40050219711237,2026-10-04 17:47:43,2026-10-04 19:13:48,7241,5076,1795,-45.311421074437234
SC,80730,CANOINHAS,0008,132,42693,32552,22012,7871,-43.44126320963382,2026-10-04 17:44:56,2026-10-04 20:13:05,32493,19840,9278,-32.50546271504632
SC,80756,CAPINZAL,0037,57,17174,13517,8630,3900,-34.99297181327218,2026-10-04 18:17:30,2026-10-04 18:45:12,13591,7720,4821,-21.33029210506953
SC,81027,CAPIVARI DE BAIXO,0099,59,18207,14455,9234,4091,-35.57938429609132,2026-10-04 17:31:43,2026-10-04 18:59:30,13910,8246,4618,-26.081955427749822
SC,81248,CAPÃO ALTO,0104,11,3120,2501,1598,673,-36.985205917632946,2026-10-04 18:31:52,2026-10-04 20:56:54,2298,1206,775,-18.75543951261967
SC,80772,CATANDUVAS,0018,25,8118,6726,4408,1862,-37.85310734463277,2026-10-04 18:09:26,2026-10-04 19:21:00,6695,3770,2528,-18.551157580283792
SC,80799,CAXAMBU DO SUL,0070,17,4374,3619,1931,1501,-11.881735285990604,2026-10-04 17:30:41,2026-10-04 18:42:08,3624,1572,1842,7.450331125827814
SC,80578,CAÇADOR,0006,175,53297,39395,23758,12361,-28.930067267419723,2026-10-04 17:59:26,2026-10-04 20:07:50,40033,20720,16019,-11.74281217995154
SC,80268,CELSO RAMOS,0052,9,2766,2208,1274,760,-23.278985507246375,2026-10-04 19:07:02,2026-10-04 19:07:02,2106,1071,879,-9.116809116809117
SC,80381,CERRO NEGRO,0052,13,3206,2582,1211,1240,1.1231603408210689,2026-10-04 18:58:09,2026-10-04 20:49:24,2525,911,1489,22.89108910891089
SC,81701,CHAPADÃO DO LAGEADO,0039,9,2708,2333,1666,466,-51.43591941705958,2026-10-04 18:44:25,2026-10-04 18:44:25,2209,1382,701,-30.828429153463105
SC,80810,CHAPECÓ,0035,233,83642,66866,43230,18142,-37.5198157509048,2026-10-04 18:18:59,2026-10-04 19:12:59,64269,38620,21196,-27.111048872706903
SC,80810,CHAPECÓ,0094,225,80685,63830,37553,21062,-25.8358138806204,2026-10-04 18:18:42,2026-10-04 19:24:15,63790,33962,25796,-12.801379526571562
SC,80306,COCAL DO SUL,0034,47,14810,11372,8114,2205,-51.96095673584242,2026-10-04 18:13:49,2026-10-04 19:20:59,10976,7392,2597,-43.68622448979592
SC,80837,CONCÓRDIA,0009,126,39257,30718,21215,7002,-46.269288365127935,2026-10-04 17:41:57,2026-10-04 20:57:51,30488,19676,8635,-36.214248228811336
SC,80837,CONCÓRDIA,0090,67,21134,16802,11358,4045,-43.52458040709439,2026-10-04 17:57:27,2026-10-04 18:50:16,16590,10265,5125,-30.982519590114528
SC,81043,CORDILHEIRA ALTA,0035,12,4131,3499,2330,950,-39.43983995427265,2026-10-04 19:20:58,2026-10-04 19:20:58,3348,1972,1185,-23.506571087216248
SC,80853,CORONEL FREITAS,0094,26,8081,6576,4177,2070,-32.040754257907544,2026-10-04 18:47:47,2026-10-04 19:21:01,6693,3773,2554,-18.213058419243985
SC,81108,CORONEL MARTINS,0049,7,2010,1631,940,576,-22.317596566523605,2026-10-04 17:40:34,2026-10-04 17:40:34,1668,793,774,-1.1390887290167866
SC,83950,CORREIA PINTO,0093,44,12108,9662,5636,3446,-22.66611467605051,2026-10-04 17:36:20,2026-10-04 21:27:32,9584,4807,4044,-7.96118530884808
SC,80870,CORUPÁ,0087,39,11990,10010,7582,1709,-58.67132867132867,2026-10-04 18:17:31,2026-10-04 20:11:13,9592,6924,2010,-51.2301918265221
SC,80896,CRICIÚMA,0010,196,69000,53339,36569,11735,-46.558803127167735,2026-10-04 18:44:47,2026-10-04 20:35:22,51952,34641,12693,-42.24668925161688
SC,80896,CRICIÚMA,0092,137,47767,36973,24509,8968,-42.03337570659671,2026-10-04 18:47:46,2026-10-04 19:20:59,37222,23414,10411,-34.933641394874
SC,80896,CRICIÚMA,0098,113,37668,28269,18667,7026,-41.17938377728254,2026-10-04 18:33:18,2026-10-04 20:13:52,28257,17688,8358,-33.01836713026861
SC,80918,CUNHA PORÃ,0083,27,8864,7445,6072,945,-68.86501007387508,2026-10-04 17:47:44,2026-10-04 19:29:37,7313,5617,1212,-60.23519759332695
SC,81620,CUNHATAÍ,0070,5,1868,1611,1140,339,-49.720670391061454,2026-10-04 18:44:47,2026-10-04 18:44:47,1510,877,452,-28.14569536423841
SC,80934,CURITIBANOS,0011,104,31343,22867,14572,6653,-34.63069051471553,2026-10-04 17:55:44,2026-10-04 19:21:00,22986,12482,8864,-15.740015661707126
SC,80950,DESCANSO,0045,23,7241,5972,3808,1625,-36.55391828533155,2026-10-04 17:38:21,2026-10-04 18:58:09,5755,3225,2058,-20.278019113814075
SC,80977,DIONÍSIO CERQUEIRA,0050,42,12090,8829,5130,3222,-21.61060142711519,2026-10-04 17:43:12,2026-10-04 18:30:17,8502,4309,3802,-5.963302752293578
SC,80993,DONA EMMA,0014,11,3429,2763,1949,526,-51.50199058993847,2026-10-04 19:23:56,2026-10-04 19:23:56,2599,1672,708,-37.09118891881493
SC,80080,DOUTOR PEDRINHO,0032,10,3081,2483,1905,366,-61.98147402335884,2026-10-04 19:02:50,2026-10-04 19:02:50,2435,1806,459,-55.318275154004105
SC,81426,ENTRE RIOS,0048,9,3097,2520,1040,1393,14.007936507936508,2026-10-04 17:51:32,2026-10-04 19:20:59,2374,651,1594,39.72198820556024
SC,81167,ERMO,0042,8,2711,2322,1748,433,-56.6322136089578,2026-10-04 18:55:38,2026-10-04 18:58:10,1911,1317,486,-43.4850863422292
SC,81019,ERVAL VELHO,0085,13,3844,3118,2223,705,-48.68505452212957,2026-10-04 18:38:45,2026-10-04 18:56:21,3205,2075,874,-37.47269890795632
SC,81035,FAXINAL DOS GUEDES,0043,27,8705,7058,3690,2898,-11.221309152734486,2026-10-04 18:59:08,2026-10-04 19:12:58,7221,3306,3609,4.196094723722476
SC,81604,FLOR DO SERTÃO,0058,6,1772,1439,815,474,-23.697011813759556,2026-10-04 18:13:31,2026-10-04 18:13:31,1395,608,673,4.659498207885305
SC,81051,FLORIANÓPOLIS,0012,410,135136,105898,54208,40485,-12.958696103797994,2026-10-04 17:34:12,2026-10-04 18:38:46,105895,51966,40587,-10.745549837102791
SC,81051,FLORIANÓPOLIS,0013,400,144513,111967,48038,52228,3.7421740334205613,2026-10-04 17:32:43,2026-10-04 18:32:14,109452,43782,53116,8.527939187954537
SC,81051,FLORIANÓPOLIS,0100,397,144320,108967,56708,40730,-14.663154900107372,2026-10-04 17:32:43,2026-10-04 19:08:13,105120,50610,42278,-7.9261796042617965
SC,80888,FORMOSA DO SUL,0078,8,2622,2080,1147,795,-16.923076923076923,2026-10-04 18:30:17,2026-10-04 18:30:17,1956,841,988,7.515337423312883
SC,81060,FORQUILHINHA,0098,67,22444,18132,12705,4187,-46.97771894992279,2026-10-04 19:10:40,2026-10-04 20:11:37,16917,11327,4499,-40.361766270615355
SC,81078,FRAIBURGO,0077,93,26265,20255,13478,5350,-40.12836336706986,2026-10-04 17:59:26,2026-10-04 19:28:57,20615,11876,7322,-22.090710647586707
SC,81329,FREI ROGÉRIO,0011,10,2251,1860,1282,456,-44.40860215053763,2026-10-04 17:32:43,2026-10-04 19:07:25,1773,928,683,-13.818386914833615
SC,81094,GALVÃO,0049,12,2750,2232,1408,718,-30.913978494623656,2026-10-04 17:26:36,2026-10-04 18:09:25,2252,1192,920,-12.078152753108348
SC,81132,GAROPABA,0073,72,24086,18645,11018,6126,-26.237597211048538,2026-10-04 17:34:11,2026-10-04 20:25:03,16786,9098,6265,-16.877159537709996
SC,81159,GARUVA,0105,38,12187,9616,6926,2085,-50.34317803660566,2026-10-04 17:46:35,2026-10-04 18:43:17,9381,6420,2383,-43.03379170664108
SC,81175,GASPAR,0064,148,51557,40509,28827,8375,-50.487545977437115,2026-10-04 18:32:14,2026-10-04 19:23:56,38531,26248,9515,-43.42737016947393
SC,81116,GOVERNADOR CELSO RAMOS,0002,50,16835,13566,10068,2564,-55.31475748194014,2026-10-04 17:30:41,2026-10-04 20:42:23,11847,8349,2559,-48.87313243859205
SC,81213,GRAVATAL,0099,31,9437,7846,5778,1483,-54.74126943665562,2026-10-04 17:32:11,2026-10-04 19:07:26,7318,5152,1692,-47.28067778081443
SC,81191,GRÃO-PARÁ,0044,22,5610,4771,3689,747,-61.66422133724586,2026-10-04 18:33:43,2026-10-04 19:22:12,4636,3267,1045,-47.92924935289042
SC,81230,GUABIRUBA,0005,48,17162,14374,10921,2416,-59.169333518853485,2026-10-04 19:21:00,2026-10-04 20:54:13,13526,9857,2653,-53.260387402040514
SC,81256,GUARACIABA,0082,31,8880,7509,4697,2180,-33.51977626847783,2026-10-04 18:24:59,2026-10-04 19:02:29,7392,3870,2885,-13.32521645021645
SC,81272,GUARAMIRIM,0060,98,33628,26572,19367,5229,-53.206382658437455,2026-10-04 18:15:16,2026-10-04 18:44:25,25259,17467,6147,-44.81570925214775
SC,81299,GUARUJÁ DO SUL,0050,14,3992,3127,1938,937,-32.01151263191557,2026-10-04 18:37:33,2026-10-04 18:37:33,3152,1774,1183,-18.75
SC,80527,GUATAMBÚ,0035,21,6236,5133,2561,2228,-6.487434248977206,2026-10-04 18:54:42,2026-10-04 18:54:42,4837,1969,2623,13.52077734132727
SC,81310,HERVAL D'OESTE,0085,56,16804,13098,8620,3533,-38.837990532905785,2026-10-04 18:00:38,2026-10-04 19:29:37,13221,7838,4286,-26.866348990242795
SC,81400,IBIAM,0047,6,1985,1627,1098,423,-41.48740012292563,2026-10-04 17:21:12,2026-10-04 17:21:12,1524,901,540,-23.68766404199475
SC,81337,IBICARÉ,0047,14,3018,2460,1831,492,-54.43089430894309,2026-10-04 17:59:26,2026-10-04 18:17:14,2409,1637,650,-40.971357409713576
SC,81353,IBIRAMA,0014,45,15466,11715,8560,2108,-55.07469056764831,2026-10-04 17:55:44,2026-10-04 20:50:03,11427,7888,2543,-46.775181587468275
SC,81396,ILHOTA,0064,38,12431,9698,7287,1773,-56.85708393483193,2026-10-04 17:59:26,2026-10-04 19:07:25,8814,6333,1933,-49.92058089403222
SC,81418,IMARUÍ,0062,33,10187,7689,4200,2996,-15.65873325529978,2026-10-04 18:15:16,2026-10-04 19:22:12,7354,3577,3274,-4.120206690236606
SC,81434,IMBITUBA,0073,120,42184,30883,17603,10648,-22.520480523265228,2026-10-04 18:12:04,2026-10-04 19:28:57,29013,14914,11545,-11.6120359838693
SC,81450,IMBUIA,0039,20,5201,4408,3419,707,-61.524500907441016,2026-10-04 19:07:02,2026-10-04 19:07:02,4178,2832,1044,-42.79559597893729
SC,81477,INDAIAL,0015,154,50898,39596,29041,7033,-55.58137185574301,2026-10-04 18:33:18,2026-10-04 19:24:15,36848,26471,7505,-51.47090751194094
SC,81361,IOMERÊ,0036,9,2888,2433,1795,442,-55.61035758323058,2026-10-04 19:10:59,2026-10-04 19:23:56,2293,1553,534,-44.43959877889228
SC,81493,IPIRA,0037,13,3857,3234,2011,987,-31.66357452071738,2026-10-04 17:55:27,2026-10-04 19:08:40,3082,1632,1211,-13.659961064243998
SC,80020,IPORÃ DO OESTE,0065,29,7715,6326,4358,1331,-47.85014226999684,2026-10-04 18:57:36,2026-10-04 19:31:56,5959,3487,1784,-28.5786205739218
SC,80829,IPUAÇU,0071,20,5697,4416,1777,2442,15.058876811594203,2026-10-04 17:31:43,2026-10-04 19:21:00,4469,1363,2884,34.034459610651155
SC,81515,IPUMIRIM,0090,18,6026,4624,2603,1598,-21.734429065743946,2026-10-04 17:43:12,2026-10-04 18:28:23,4925,2440,2195,-4.974619289340102
SC,80187,IRACEMINHA,0058,14,3717,3160,2230,706,-48.22784810126582,2026-10-04 17:35:17,2026-10-04 18:48:44,3035,1960,859,-36.27677100494234
SC,81531,IRANI,0090,25,7724,6211,3882,1806,-33.424569312510066,2026-10-04 17:44:12,2026-10-04 19:00:42,6083,3415,2233,-19.43120170968272
SC,80861,IRATI,0078,7,2036,1627,910,635,-16.902274124154886,2026-10-04 18:32:15,2026-10-04 18:32:15,1686,757,815,3.4400948991696323
SC,81558,IRINEÓPOLIS,0025,29,8228,6618,4607,1540,-46.34330613478392,2026-10-04 18:38:30,2026-10-04 20:56:18,6386,3679,2252,-22.345756341998122
SC,81590,ITAIÓPOLIS,0038,54,16680,13178,10200,2249,-60.33540749734406,2026-10-04 17:47:44,2026-10-04 19:12:59,12867,8838,3178,-43.98849770731328
SC,81612,ITAJAÍ,0016,215,73375,58546,39593,13649,-44.31387285211628,2026-10-04 17:45:12,2026-10-04 19:29:39,54521,36095,13415,-41.59865006144421
SC,81612,ITAJAÍ,0097,310,110482,85236,58990,19555,-46.26566239617063,2026-10-04 18:16:11,2026-10-04 20:39:21,77778,51787,20502,-40.22345650440999
SC,81639,ITAPEMA,0091,168,60041,45792,34048,8758,-55.227987421383645,2026-10-04 19:02:51,2026-10-04 20:27:00,38327,27073,8987,-47.188665953505364
SC,81655,ITAPIRANGA,0065,42,12187,9706,6821,1941,-50.27817844632186,2026-10-04 17:58:48,2026-10-04 19:20:59,9891,6245,2762,-35.21383075523203
SC,81663,ITAPOÁ,0105,59,21623,15764,10514,4072,-40.86526262369957,2026-10-04 17:47:44,2026-10-04 19:21:00,13188,8471,3848,-35.05459508644222
SC,81671,ITUPORANGA,0039,67,19872,16368,12866,2473,-63.49584555229716,2026-10-04 18:29:10,2026-10-04 18:46:33,15506,11328,3179,-52.55385012253321
SC,81574,ITÁ,0061,21,5888,4798,2666,1588,-22.467694872863692,2026-10-04 18:00:38,2026-10-04 19:20:59,4798,2247,2094,-3.18882867861609
SC,81370,IÇARA,0079,135,43842,34389,24515,7254,-50.193375788769664,2026-10-04 18:17:31,2026-10-04 19:29:39,32782,22188,8385,-42.10542370813251
SC,81698,JABORÁ,0018,13,3843,3268,2325,703,-49.6328029375765,2026-10-04 17:55:44,2026-10-04 18:44:26,3201,2052,844,-37.73820681037176
SC,81710,JACINTO MACHADO,0042,29,9165,7421,5619,1304,-58.145802452499666,2026-10-04 17:51:50,2026-10-04 19:23:05,7212,4940,1733,-44.4675540765391
SC,81736,JAGUARUNA,0033,52,16425,12997,9193,2949,-48.041855812879895,2026-10-04 17:46:36,2026-10-04 19:14:09,11865,7955,3157,-40.43826380109566
SC,81752,JARAGUÁ DO SUL,0017,182,62637,52288,38740,9252,-56.395348837209305,2026-10-04 18:19:23,2026-10-04 19:07:26,49359,35274,10056,-51.090986446240805
SC,81752,JARAGUÁ DO SUL,0087,202,68817,56340,40198,11276,-51.334753283635074,2026-10-04 18:32:14,2026-10-04 19:12:44,53204,36536,12333,-45.49094053078716
SC,81140,JARDINÓPOLIS,0078,6,1699,1450,882,443,-30.275862068965516,2026-10-04 18:33:43,2026-10-04 18:33:43,1411,778,511,-18.922749822820695
SC,81779,JOAÇABA,0018,79,22370,17548,12319,3863,-48.18782767266925,2026-10-04 17:46:19,2026-10-04 18:50:16,17838,11593,4691,-38.692678551407106
SC,81795,JOINVILLE,0019,261,96813,78105,54014,15620,-49.15690416746687,2026-10-04 18:11:00,2026-10-04 19:29:38,75209,51488,14769,-48.82261431477616
SC,81795,JOINVILLE,0076,292,103236,80917,56442,17330,-48.335949182495646,2026-10-04 18:32:15,2026-10-04 20:17:21,80373,55409,18032,-46.504423127169574
SC,81795,JOINVILLE,0095,251,88460,70266,48835,15190,-47.882332849457775,2026-10-04 18:32:15,2026-10-04 19:13:49,60207,41185,13609,-45.80198315810454
SC,81795,JOINVILLE,0096,236,86305,69312,49159,13277,-51.7688134810711,2026-10-04 18:33:43,2026-10-04 19:14:56,68391,48146,13423,-50.77130031729321
SC,81795,JOINVILLE,0105,194,68411,54269,37859,11502,-48.56732204389246,2026-10-04 18:34:06,2026-10-04 19:32:17,62452,42877,14449,-45.51975917504644
SC,80101,JOSÉ BOITEUX,0014,17,4540,3623,2222,1183,-28.677891250345017,2026-10-04 18:42:07,2026-10-04 20:13:05,3403,1949,1273,-19.86482515427564
SC,81540,JUPIÁ,0049,8,2255,1862,1105,629,-25.56390977443609,2026-10-04 18:09:26,2026-10-04 18:12:41,1843,919,791,-6.945198046663049
SC,81817,LACERDÓPOLIS,0085,8,1979,1690,1280,312,-57.27810650887574,2026-10-04 18:18:42,2026-10-04 18:56:21,1674,1098,413,-40.91995221027479
SC,81833,LAGES,0021,161,47730,37145,25734,8413,-46.63077130165567,2026-10-04 18:13:50,2026-10-04 18:50:16,37398,24214,9697,-38.8175838280122
SC,81833,LAGES,0093,97,30441,23153,14975,6488,-36.656156869520146,2026-10-04 18:28:22,2026-10-04 20:22:20,23419,13677,7690,-25.56471241299799
SC,81833,LAGES,0104,135,47051,35124,21630,10908,-30.526135975401434,2026-10-04 17:58:49,2026-10-04 20:56:17,35555,19037,13555,-15.418365911967374
SC,81850,LAGUNA,0020,118,36422,27698,15914,9505,-23.138854790959638,2026-10-04 18:33:18,2026-10-04 19:28:57,27318,14785,10201,-16.78014495936745
SC,80586,LAJEADO GRANDE,0048,6,1593,1338,893,362,-39.68609865470852,2026-10-04 17:21:55,2026-10-04 17:21:55,1282,743,469,-21.37285491419657
SC,81876,LAURENTINO,0102,19,6020,5163,3919,896,-58.55122990509394,2026-10-04 17:37:37,2026-10-04 18:27:08,4941,3542,1091,-49.605343047966
SC,81892,LAURO MÜLLER,0023,44,12330,9642,6226,2607,-37.533706699854804,2026-10-04 17:57:27,2026-10-04 19:10:39,9727,5509,3304,-22.668859874575922
SC,81914,LEBON RÉGIS,0077,30,8737,6600,3245,2899,-5.242424242424242,2026-10-04 18:15:03,2026-10-04 20:13:53,6524,2543,3671,17.290006131207846
SC,81930,LEOBERTO LEAL,0039,12,3293,2726,1968,542,-52.31107850330154,2026-10-04 18:55:50,2026-10-04 19:25:22,2627,1567,765,-30.52912066996574
SC,80047,LINDÓIA DO SUL,0090,13,3810,2979,1949,773,-39.47633434038268,2026-10-04 17:44:12,2026-10-04 19:29:38,2885,1695,970,-25.12998266897747
SC,81957,LONTRAS,0102,31,9347,7470,5686,1307,-58.62115127175368,2026-10-04 17:37:37,2026-10-04 19:29:38,7097,4999,1630,-47.47076229392701
SC,81973,LUIZ ALVES,0106,33,10211,8731,6909,1270,-64.58595808040316,2026-10-04 19:08:40,2026-10-04 20:10:31,8250,6201,1541,-56.484848484848484
SC,81809,LUZERNA,0018,19,4829,4172,3164,675,-59.65963566634708,2026-10-04 18:31:53,2026-10-04 18:44:47,4214,3025,850,-51.61366872330328
SC,80900,MACIEIRA,0006,7,2360,1869,1107,646,-24.665596575708935,2026-10-04 20:13:52,2026-10-04 20:13:52,1441,667,694,1.8736988202637057
SC,81990,MAFRA,0022,136,42431,33223,24036,6418,-53.02952773680884,2026-10-04 17:29:29,2026-10-04 19:20:59,33231,22472,7915,-43.80548283229515
SC,82015,MAJOR GERCINO,0053,12,3305,2516,1770,566,-47.85373608903021,2026-10-04 18:36:13,2026-10-04 19:28:57,2412,1573,675,-37.230514096185736
SC,82031,MAJOR VIEIRA,0008,21,6050,4748,3173,1185,-41.87026116259478,2026-10-04 17:31:43,2026-10-04 19:02:29,4698,2325,1852,-10.068114091102597
SC,83917,MARACAJÁ,0001,20,6447,5333,3585,1296,-42.92143258953685,2026-10-04 19:20:59,2026-10-04 20:46:01,5095,3031,1695,-26.221786064769383
SC,82058,MARAVILHA,0058,60,20395,16709,11639,3684,-47.60907295469507,2026-10-04 18:00:38,2026-10-04 18:44:25,16072,10254,4689,-34.62543554006969
SC,82066,MAREMA,0048,9,2215,1827,1225,494,-40.010946907498635,2026-10-04 18:09:26,2026-10-04 18:19:23,1756,1034,600,-24.715261958997722
SC,82074,MASSARANDUBA,0060,43,13335,10965,8736,1434,-66.59370725034199,2026-10-04 18:34:07,2026-10-04 19:08:13,10705,8078,1883,-57.87015413358244
SC,82090,MATOS COSTA,0025,10,2463,1823,911,785,-6.911684037301152,2026-10-04 18:48:45,2026-10-04 18:55:38,1825,756,982,12.383561643835616
SC,82112,MELEIRO,0042,18,5868,5026,3938,792,-62.59450855551134,2026-10-04 18:54:41,2026-10-04 18:58:09,4988,3754,956,-56.094627105052126
SC,80365,MIRIM DOCE,0046,9,2265,1903,1407,405,-52.65370467682607,2026-10-04 17:41:58,2026-10-04 19:24:41,1901,1233,567,-35.03419253024724
SC,82139,MODELO,0083,12,3479,2964,1865,788,-36.336032388663966,2026-10-04 18:00:38,2026-10-04 18:11:01,2845,1549,1034,-18.101933216168717
SC,82155,MONDAÍ,0041,28,7441,6233,3721,1910,-29.05502968073159,2026-10-04 18:13:32,2026-10-04 20:35:22,6122,3188,2436,-12.28356746161385
SC,80004,MONTE CARLO,0077,24,6989,5233,2860,2053,-15.421364418115804,2026-10-04 18:15:02,2026-10-04 19:25:45,5392,2297,2754,8.475519287833828
SC,82171,MONTE CASTELO,0081,25,6982,5537,3503,1677,-32.978147011016794,2026-10-04 18:42:07,2026-10-04 20:55:04,5349,2834,2191,-12.020938493176295
SC,82198,MORRO DA FUMAÇA,0034,41,14207,11390,8875,1799,-62.12467076382792,2026-10-04 18:12:04,2026-10-04 19:21:00,10766,7959,2139,-54.05907486531674
SC,81086,MORRO GRANDE,0042,8,2721,2308,1774,388,-60.051993067590985,2026-10-04 18:50:01,2026-10-04 18:50:01,2212,1591,469,-50.723327305605785
SC,82210,NAVEGANTES,0106,208,66392,49822,32775,12780,-40.132873027979606,2026-10-04 18:47:46,2026-10-04 20:07:50,44176,28116,12865,-34.52327055414705
SC,82236,NOVA ERECHIM,0066,13,4037,3321,2054,1006,-31.556760012044563,2026-10-04 17:44:56,2026-10-04 18:20:09,3241,1744,1269,-14.655970379512496
SC,80322,NOVA ITABERABA,0066,13,3921,3351,1831,1286,-16.26380185019397,2026-10-04 18:25:55,2026-10-04 19:04:48,3363,1559,1598,1.159678858162355
SC,82252,NOVA TRENTO,0053,34,11343,9204,6982,1588,-58.60495436766623,2026-10-04 18:24:59,2026-10-04 19:25:45,8634,6268,1823,-51.48251100301135
SC,82279,NOVA VENEZA,0098,38,12429,10238,7814,1807,-58.67356905645634,2026-10-04 19:31:56,2026-10-04 20:05:06,9967,7087,2238,-48.6505468044547
SC,80764,NOVO HORIZONTE,0049,11,2570,2116,1334,663,-31.71077504725898,2026-10-04 17:53:52,2026-10-04 18:28:21,2099,1088,910,-8.480228680323965
SC,82295,ORLEANS,0023,61,19333,15323,12012,2357,-63.0098544671409,2026-10-04 18:13:31,2026-10-04 19:10:39,15074,10975,3035,-52.673477510946
SC,83976,OTACÍLIO COSTA,0093,47,12683,10362,6918,2729,-40.42655857942482,2026-10-04 17:33:44,2026-10-04 18:58:09,10630,6195,3565,-24.741298212605834
SC,82317,OURO,0037,22,5678,4595,3286,981,-50.16322089227421,2026-10-04 18:30:17,2026-10-04 18:46:33,4712,3057,1308,-37.11799660441426
SC,80845,OURO VERDE,0071,6,2040,1668,1124,461,-39.74820143884892,2026-10-04 17:31:43,2026-10-04 19:14:56,1612,933,604,-20.409429280397024
SC,81442,PAIAL,0094,7,1999,1631,829,679,-9.196811771919068,2026-10-04 17:21:55,2026-10-04 17:21:55,1552,641,795,9.922680412371134
SC,81264,PAINEL,0021,8,2599,2072,1231,678,-26.68918918918919,2026-10-04 19:16:39,2026-10-04 20:50:25,1957,937,827,-5.620848237097598
SC,82333,PALHOÇA,0024,209,78045,60433,37477,16752,-34.294177022487716,2026-10-04 18:43:17,2026-10-04 19:16:39,109685,63393,35455,-25.47112184893103
SC,82333,PALHOÇA,0107,206,76588,59196,37110,16437,-34.92296776809244,2026-10-04 17:44:56,2026-10-04 20:58:12,,,,
SC,82350,PALMA SOLA,0069,18,5410,4354,2327,1704,-14.308681672025724,2026-10-04 18:13:50,2026-10-04 18:39:55,4400,1833,2278,10.113636363636363
SC,81566,PALMEIRA,0093,10,3317,2631,1731,718,-38.50247054351957,2026-10-04 19:04:14,2026-10-04 19:30:02,2281,1275,807,-20.517316966242877
SC,82376,PALMITOS,0041,43,12297,9850,7084,2100,-50.598984771573605,2026-10-04 18:32:15,2026-10-04 18:57:36,9758,6185,2841,-34.269317483090795
SC,82392,PAPANDUVA,0081,54,14658,11560,7387,3459,-33.97923875432526,2026-10-04 17:53:52,2026-10-04 19:09:48,11689,6023,4966,-9.042689708272736
SC,80705,PARAÍSO,0082,14,3609,2853,1570,1057,-17.981072555205046,2026-10-04 18:31:53,2026-10-04 19:11:49,2872,1255,1402,5.118384401114207
SC,80403,PASSO DE TORRES,0054,26,9128,7010,4487,1980,-35.763195435092726,2026-10-04 19:32:17,2026-10-04 20:36:11,5592,3180,2003,-21.047925608011443
SC,80624,PASSOS MAIA,0063,12,3505,2681,1376,1159,-8.093994778067884,2026-10-04 18:34:07,2026-10-04 19:12:45,2660,1067,1415,13.082706766917294
SC,82414,PAULO LOPES,0107,24,7411,6030,4047,1618,-40.281923714759536,2026-10-04 19:16:13,2026-10-04 19:30:21,,,,
SC,82430,PEDRAS GRANDES,0033,17,4152,3320,2483,596,-56.83734939759036,2026-10-04 17:42:15,2026-10-04 19:24:14,3242,2254,731,-46.977174583590376
SC,82457,PENHA,0068,76,26267,19878,13945,4288,-48.581346211892544,2026-10-04 18:55:38,2026-10-04 20:10:31,17121,11921,3969,-46.44588517025875
SC,82473,PERITIBA,0009,10,2879,2485,1837,465,-55.2112676056338,2026-10-04 17:44:12,2026-10-04 18:45:12,2293,1510,587,-40.25294374182294
SC,83925,PESCARIA BRAVA,0020,27,8428,7136,4361,2189,-30.437219730941703,2026-10-04 18:38:30,2026-10-04 19:21:01,6566,3438,2583,-13.02162656107219
SC,82490,PETROLÂNDIA,0039,20,5523,4747,3708,786,-61.554666104908364,2026-10-04 18:39:55,2026-10-04 18:43:18,4532,3289,962,-51.345984112974406
SC,82538,PINHALZINHO,0066,42,15631,12740,7827,3748,-32.017268445839875,2026-10-04 17:39:54,2026-10-04 18:30:18,12541,6943,4756,-17.438800733593812
SC,82554,PINHEIRO PRETO,0047,8,3010,2370,1567,619,-40.0,2026-10-04 17:21:55,2026-10-04 18:57:36,2302,1289,828,-20.02606429192007
SC,82570,PIRATUBA,0037,18,5246,4304,2914,1048,-43.3550185873606,2026-10-04 18:54:42,2026-10-04 18:54:42,4203,2510,1390,-26.647632643349986
SC,80543,PLANALTO ALEGRE,0070,11,2907,2392,1208,1017,-7.98494983277592,2026-10-04 17:24:51,2026-10-04 18:17:31,2300,950,1175,9.782608695652174
SC,82597,POMERODE,0055,79,27227,21207,15879,3408,-58.80605460461169,2026-10-04 18:33:43,2026-10-04 19:07:01,20395,14923,3798,-54.54768325569993
SC,82619,PONTE ALTA,0011,18,4025,3188,1945,1109,-26.223337515683813,2026-10-04 17:32:11,2026-10-04 18:42:08,3157,1685,1275,-12.987012987012987
SC,80926,PONTE ALTA DO NORTE,0011,8,2635,1916,1144,682,-24.112734864300627,2026-10-04 17:28:51,2026-10-04 17:28:51,1930,969,857,-5.803108808290156
SC,82635,PONTE SERRADA,0063,30,8142,6184,3481,2392,-17.609961190168175,2026-10-04 18:32:15,2026-10-04 18:45:12,6334,2870,3114,3.852226081465109
SC,82651,PORTO BELO,0031,55,20041,15029,10933,3028,-52.59830993412736,2026-10-04 17:47:44,2026-10-04 19:08:40,12450,8493,3050,-43.71887550200803
SC,82678,PORTO UNIÃO,0025,82,25684,19051,12554,4850,-40.43882210907564,2026-10-04 18:09:25,2026-10-04 19:10:39,19162,11432,5983,-28.43648888425008
SC,82694,POUSO REDONDO,0057,37,12260,9791,7576,1671,-60.31048922479828,2026-10-04 18:29:09,2026-10-04 19:20:59,9468,6900,2155,-50.116180819602874
SC,82716,PRAIA GRANDE,0054,21,6688,5377,3388,1530,-34.554584340710434,2026-10-04 19:22:13,2026-10-04 19:22:13,5117,2654,2052,-11.764705882352942
SC,82732,PRESIDENTE CASTELLO BRANCO,0009,6,1670,1448,1116,244,-60.22099447513812,2026-10-04 17:43:12,2026-10-04 18:46:33,1373,1012,286,-52.87691187181355
SC,82759,PRESIDENTE GETÚLIO,0014,42,14268,11464,8864,1866,-61.04326587578507,2026-10-04 18:45:12,2026-10-04 20:13:05,10834,7882,2293,-51.58759460956249
SC,82775,PRESIDENTE NEREU,0102,10,2237,1804,1329,368,-53.270509977827054,2026-10-04 17:49:48,2026-10-04 18:30:38,1719,1100,487,-35.660267597440374
SC,81647,PRINCESA,0050,9,2564,2146,1430,524,-42.218080149114634,2026-10-04 18:32:14,2026-10-04 19:11:49,2074,1140,780,-17.357762777242044
SC,82791,QUILOMBO,0078,24,8066,6488,3764,2340,-21.948212083847103,2026-10-04 18:11:01,2026-10-04 18:42:07,6804,3336,3031,-4.4826572604350385
SC,82813,RANCHO QUEIMADO,0067,12,3744,3078,2237,601,-53.151397011046136,2026-10-04 18:29:10,2026-10-04 19:21:00,2611,1673,696,-37.41861355802374
SC,82830,RIO DAS ANTAS,0006,20,5383,4384,3066,1059,-45.78010948905109,2026-10-04 17:51:33,2026-10-04 18:24:58,4105,2633,1228,-34.22655298416565
SC,82856,RIO DO CAMPO,0046,17,5436,4578,3461,805,-58.01660113586719,2026-10-04 18:11:01,2026-10-04 19:22:12,4399,3119,1059,-46.82882473289384
SC,82872,RIO DO OESTE,0102,25,6043,5019,3613,951,-53.03845387527396,2026-10-04 18:31:53,2026-10-04 19:28:57,4887,3264,1350,-39.16513198281154
SC,82910,RIO DO SUL,0026,151,51075,40307,29363,7559,-54.094822239313274,2026-10-04 17:58:49,2026-10-04 19:11:00,39702,27746,8987,-47.24950884086444
SC,82899,RIO DOS CEDROS,0055,30,8999,7458,5703,1225,-60.04290694556181,2026-10-04 18:11:01,2026-10-04 19:22:36,6988,5083,1353,-53.37721808815112
SC,82937,RIO FORTUNA,0044,16,4372,3889,3141,436,-69.5551555669838,2026-10-04 18:30:18,2026-10-04 19:22:13,3788,2939,536,-63.43717001055966
SC,82953,RIO NEGRINHO,0074,100,31740,24131,17568,4753,-53.1059632837429,2026-10-04 17:44:12,2026-10-04 20:52:24,24054,16324,5752,-43.95111000249439
SC,80608,RIO RUFINO,0004,10,2423,1998,1262,586,-33.833833833833836,2026-10-04 18:30:17,2026-10-04 19:23:05,1857,1015,698,-17.070543887991384
SC,80560,RIQUEZA,0041,16,3992,3306,2000,1075,-27.9794313369631,2026-10-04 18:59:09,2026-10-04 19:24:15,3267,1693,1312,-11.662075298438936
SC,82970,RODEIO,0015,35,9464,7845,5909,1299,-58.76354365838113,2026-10-04 18:44:26,2026-10-04 19:13:50,7641,5674,1501,-54.61327051433059
SC,82996,ROMELÂNDIA,0082,16,4125,3309,1958,1106,-25.7479601087942,2026-10-04 17:46:19,2026-10-04 20:14:31,3269,1603,1374,-7.005200367084735
SC,83011,SALETE,0046,21,6344,5184,3849,944,-56.03780864197531,2026-10-04 17:33:44,2026-10-04 18:37:33,4915,3378,1236,-43.58087487283825
SC,81523,SALTINHO,0069,11,3274,2577,1188,1195,0.2716336825766395,2026-10-04 18:44:46,2026-10-04 18:48:43,2582,871,1581,27.498063516653758
SC,83038,SALTO VELOSO,0036,11,3446,2770,1905,665,-44.765342960288805,2026-10-04 18:26:21,2026-10-04 18:44:45,2796,1762,874,-31.759656652360515
SC,81000,SANGÃO,0033,26,8877,7197,5629,1237,-61.0254272613589,2026-10-04 19:00:15,2026-10-04 19:13:49,6770,5036,1418,-53.44165435745938
SC,83054,SANTA CECÍLIA,0051,38,12255,8821,5603,2779,-32.01451082643691,2026-10-04 18:28:21,2026-10-04 20:44:51,9089,4707,3929,-8.559797557487073
SC,80721,SANTA HELENA,0045,7,2208,1847,1129,559,-30.860855441256092,2026-10-04 17:34:12,2026-10-04 17:58:49,1904,917,797,-6.302521008403361
SC,83070,SANTA ROSA DE LIMA,0044,8,2019,1712,1150,378,-45.09345794392523,2026-10-04 19:00:42,2026-10-04 19:12:45,1632,971,508,-28.370098039215687
SC,80241,SANTA ROSA DO SUL,0054,24,7760,6160,4328,1404,-47.467532467532465,2026-10-04 20:10:31,2026-10-04 20:10:31,5953,3847,1687,-36.28422644045019
SC,80349,SANTA TEREZINHA,0038,24,6527,5270,3923,1037,-54.76280834914611,2026-10-04 17:32:43,2026-10-04 19:30:42,5296,3442,1587,-35.02643504531722
SC,81507,SANTA TEREZINHA DO PROGRESSO,0058,10,2456,1920,918,855,-3.28125,2026-10-04 18:12:40,2026-10-04 19:07:01,1855,685,1016,17.84366576819407
SC,81205,SANTIAGO DO SUL,0078,5,1538,1229,659,482,-14.401952807160294,2026-10-04 18:44:45,2026-10-04 18:44:45,1212,570,560,-0.8250825082508251
SC,83097,SANTO AMARO DA IMPERATRIZ,0067,69,20294,16733,11127,4073,-42.15621825135959,2026-10-04 17:21:12,2026-10-04 18:28:22,15589,9457,4482,-31.913528770286742
SC,83410,SAUDADES,0066,25,7589,6507,4119,1751,-36.391578300292,2026-10-04 18:25:55,2026-10-04 18:38:30,6464,3720,2265,-22.509282178217823
SC,83437,SCHROEDER,0017,39,14004,11792,8713,2212,-55.13059701492537,2026-10-04 17:59:26,2026-10-04 18:44:25,11197,7873,2606,-47.03938554970081
SC,83453,SEARA,0061,45,13942,11080,6368,3680,-24.259927797833935,2026-10-04 17:54:10,2026-10-04 20:53:27,11404,5640,4783,-7.51490705015784
SC,80284,SERRA ALTA,0083,10,2818,2411,1628,631,-41.35213604313563,2026-10-04 18:57:36,2026-10-04 18:57:36,2371,1415,810,-25.516659637283848
SC,83470,SIDERÓPOLIS,0092,34,11784,8960,5856,2275,-39.966517857142854,2026-10-04 17:47:43,2026-10-04 19:22:12,8420,4954,2704,-26.72209026128266
SC,83496,SOMBRIO,0054,70,22226,17938,12474,4082,-46.783364923625825,2026-10-04 19:10:40,2026-10-04 19:28:57,17455,11072,5095,-34.24233743912919
SC,80446,SUL BRASIL,0083,11,2414,2071,1137,786,-16.948334138097536,2026-10-04 18:59:30,2026-10-04 18:59:30,2066,964,924,-1.936108422071636
SC,83119,SÃO BENTO DO SUL,0030,185,63838,49816,36609,8730,-55.96394732616027,2026-10-04 18:18:59,2026-10-04 20:27:00,49139,34075,10517,-47.94155355216834
SC,81485,SÃO BERNARDINO,0069,9,2576,2079,1091,843,-11.928811928811928,2026-10-04 19:01:13,2026-10-04 19:01:13,2049,862,1059,9.614446071254271
SC,83135,SÃO BONIFÁCIO,0067,11,2932,2389,1859,354,-62.99706990372541,2026-10-04 17:32:43,2026-10-04 18:57:37,2275,1654,412,-54.59340659340659
SC,83151,SÃO CARLOS,0070,29,8222,6767,4295,1933,-34.904684498300576,2026-10-04 17:36:03,2026-10-04 18:44:26,6819,3787,2502,-18.844405338026103
SC,80942,SÃO CRISTÓVÃO DO SUL,0011,12,3557,2633,1609,870,-28.066843904291684,2026-10-04 17:21:55,2026-10-04 17:21:55,2631,1360,1139,-8.399847966552642
SC,83178,SÃO DOMINGOS,0049,26,7343,5879,3697,1906,-30.464364687872088,2026-10-04 19:09:28,2026-10-04 19:09:28,6022,3179,2552,-10.41182331451345
SC,83194,SÃO FRANCISCO DO SUL,0027,124,42667,31081,20476,8196,-39.509668286091184,2026-10-04 19:01:41,2026-10-04 20:31:52,29017,18475,8388,-34.762380673398354
SC,83259,SÃO JOAQUIM,0028,67,19522,14286,9202,3849,-37.4702505949881,2026-10-04 18:11:01,2026-10-04 20:21:29,14545,7599,5564,-13.991062220694397
SC,83275,SÃO JOSÉ,0029,275,101453,79255,47085,24141,-28.94959308560974,2026-10-04 17:31:43,2026-10-04 19:12:59,75788,42197,25527,-21.995566580461286
SC,83275,SÃO JOSÉ,0084,275,94121,72777,42420,22810,-26.945326133256387,2026-10-04 17:47:44,2026-10-04 19:21:01,71787,39314,24906,-20.070486299747866
SC,83291,SÃO JOSÉ DO CEDRO,0050,36,10947,9010,6472,1908,-50.65482796892342,2026-10-04 17:36:52,2026-10-04 19:31:56,8953,5784,2672,-34.75929855914219
SC,83313,SÃO JOSÉ DO CERRITO,0104,33,7722,6370,3318,2665,-10.251177394034537,2026-10-04 17:55:27,2026-10-04 21:53:42,6060,2461,3186,11.963696369636963
SC,83216,SÃO JOÃO BATISTA,0053,65,23144,18214,13834,3167,-58.564840232787965,2026-10-04 18:31:52,2026-10-04 20:26:40,17442,12723,3695,-51.76011925237931
SC,81124,SÃO JOÃO DO ITAPERIÚ,0068,15,4277,3525,2792,574,-62.92198581560284,2026-10-04 17:43:12,2026-10-04 19:01:41,3004,2328,545,-59.354194407456724
SC,80640,SÃO JOÃO DO OESTE,0065,19,5102,4379,3192,713,-56.611098424297786,2026-10-04 18:24:59,2026-10-04 19:01:40,4249,2909,941,-46.3167804189221
SC,83232,SÃO JOÃO DO SUL,0054,24,7398,6064,4379,1195,-52.5065963060686,2026-10-04 20:33:34,2026-10-04 20:55:28,5475,3425,1512,-34.94063926940639
SC,83330,SÃO LOURENÇO DO OESTE,0049,61,19026,14874,9554,4243,-35.70660212451257,2026-10-04 18:18:42,2026-10-04 19:01:41,14820,8434,5332,-20.931174089068826
SC,83356,SÃO LUDGERO,0044,31,9949,8336,6355,1368,-59.82485604606526,2026-10-04 18:28:23,2026-10-04 19:08:39,7630,5507,1518,-52.28047182175622
SC,83372,SÃO MARTINHO,0099,11,3230,2808,2185,406,-63.35470085470085,2026-10-04 17:31:43,2026-10-04 18:37:14,2752,2071,475,-57.99418604651163
SC,80780,SÃO MIGUEL DA BOA VISTA,0058,5,1757,1416,729,525,-14.40677966101695,2026-10-04 18:44:26,2026-10-04 18:44:26,1384,575,687,8.092485549132949
SC,83399,SÃO MIGUEL DO OESTE,0045,101,32021,24896,16088,6383,-38.98216580976864,2026-10-04 17:46:35,2026-10-04 18:59:09,24568,14264,8221,-24.597036795831976
SC,81183,SÃO PEDRO DE ALCÂNTARA,0029,14,4795,4012,2785,903,-46.90927218344965,2026-10-04 17:31:43,2026-10-04 19:10:39,3466,2257,899,-39.180611656087706
SC,83518,TAIÓ,0046,47,14737,11552,9300,1589,-66.75034626038781,2026-10-04 17:47:44,2026-10-04 19:02:51,11593,8681,2321,-54.860691796773914
SC,83534,TANGARÁ,0047,26,6620,5275,3817,1099,-51.5260663507109,2026-10-04 18:17:32,2026-10-04 18:37:16,5338,3473,1483,-37.27988010490821
SC,81680,TIGRINHOS,0058,6,2043,1660,960,578,-23.012048192771083,2026-10-04 18:28:23,2026-10-04 18:28:23,1623,768,742,-1.6019716574245224
SC,83550,TIJUCAS,0031,102,36911,27890,19722,6064,-48.970957332377196,2026-10-04 18:21:10,2026-10-04 19:29:39,23962,15575,6693,-37.067022786077956
SC,83933,TIMBÉ DO SUL,0042,15,4542,3796,2716,844,-49.31506849315068,2026-10-04 18:44:26,2026-10-04 20:43:30,3610,2385,990,-38.64265927977839
SC,83577,TIMBÓ,0032,101,35846,28673,21690,4416,-60.24482963066299,2026-10-04 18:19:00,2026-10-04 19:14:56,27003,20348,4453,-58.86382994482094
SC,80209,TIMBÓ GRANDE,0051,19,5898,4279,2395,1621,-18.088338396821687,2026-10-04 21:10:31,2026-10-04 21:10:31,4246,1863,1981,2.779086198775318
SC,81345,TREVISO,0092,13,3946,3170,2015,824,-37.570977917981075,2026-10-04 17:36:52,2026-10-04 19:23:55,3105,1666,1079,-18.904991948470208
SC,83615,TREZE DE MAIO,0033,20,6518,5523,4455,747,-67.13742531233025,2026-10-04 18:26:21,2026-10-04 18:50:00,5391,4135,929,-59.46948618067149
SC,83631,TREZE TÍLIAS,0047,20,6439,5331,4067,877,-59.83867942224723,2026-10-04 17:30:40,2026-10-04 18:36:13,5047,3667,1104,-50.78264315434912
SC,83658,TROMBUDO CENTRAL,0057,18,5524,4515,3467,790,-59.29125138427464,2026-10-04 18:23:54,2026-10-04 18:25:55,4271,3180,870,-54.08569421681105
SC,83593,TRÊS BARRAS,0008,46,15074,11154,6899,3332,-31.979558902635826,2026-10-04 18:32:15,2026-10-04 19:07:02,11203,6185,4053,-19.030616799071677
SC,83674,TUBARÃO,0033,154,52847,41205,28523,9154,-47.00643125834243,2026-10-04 18:11:01,2026-10-04 19:24:15,39869,26459,9854,-41.64890014798465
SC,83674,TUBARÃO,0099,94,29363,23089,16909,4405,-54.155658538698084,2026-10-04 18:16:10,2026-10-04 19:16:39,22557,15679,5060,-47.076295606685285
SC,83682,TUNÁPOLIS,0065,15,4043,3494,2528,607,-54.97996565540927,2026-10-04 18:31:53,2026-10-04 19:08:40,3298,2242,736,-45.66403881140085
SC,83690,TURVO,0042,33,10409,8752,6974,1284,-65.01371115173674,2026-10-04 18:59:30,2026-10-04 20:43:30,8391,6437,1454,-59.385055416517694
SC,80144,UNIÃO DO OESTE,0078,8,2463,2026,1276,621,-32.32971372161895,2026-10-04 17:51:32,2026-10-04 17:57:27,2071,1165,734,-20.81120231772091
SC,83712,URUBICI,0004,30,8139,6615,4822,1327,-52.83446712018141,2026-10-04 17:33:44,2026-10-04 18:37:15,6263,4141,1733,-38.44802810154878
SC,80160,URUPEMA,0028,8,2525,1971,1241,554,-34.855403348554034,2026-10-04 19:16:13,2026-10-04 20:32:12,1911,967,753,-11.19832548403977
SC,83739,URUSSANGA,0034,53,17330,12597,9183,2321,-54.473287290624754,2026-10-04 18:28:23,2026-10-04 19:16:13,12754,8803,2755,-47.42041712403952
SC,80462,VARGEM,0007,11,2628,2087,1194,777,-19.980833732630572,2026-10-04 17:40:33,2026-10-04 20:19:41,1995,847,975,6.416040100250626
SC,80969,VARGEM BONITA,0063,13,3962,3211,1944,1049,-27.87293677981937,2026-10-04 18:31:52,2026-10-04 19:14:55,3244,1716,1312,-12.453760789149198
SC,83755,VARGEÃO,0063,10,2999,2358,1349,818,-22.519083969465647,2026-10-04 18:21:53,2026-10-04 18:57:36,2458,1203,1110,-3.7835638730675347
SC,83771,VIDAL RAMOS,0039,20,5308,4444,3358,827,-56.95319531953195,2026-10-04 18:33:43,2026-10-04 18:57:37,4435,2947,1151,-40.496054114994365
SC,83798,VIDEIRA,0036,117,39175,29988,21226,6682,-48.49939975990396,2026-10-04 17:59:26,2026-10-04 19:28:57,29513,19310,8191,-37.67492291532545
SC,80128,VITOR MEIRELES,0014,16,4377,3589,2504,819,-46.94901086653664,2026-10-04 18:33:43,2026-10-04 20:35:22,3534,2246,1108,-32.2014714204867
SC,83810,WITMARSUM,0014,11,3494,2883,2103,540,-54.21436004162331,2026-10-04 18:12:04,2026-10-04 18:12:04,2779,1806,774,-37.13566030946384
SC,83836,XANXERÊ,0043,113,34911,28261,17483,8667,-31.194932946463325,2026-10-04 17:57:27,2026-10-04 19:22:37,28336,15701,10919,-16.87605872388481
SC,83852,XAVANTINA,0061,14,3388,2826,1711,930,-27.636234961075726,2026-10-04 18:28:23,2026-10-04 19:04:33,2998,1554,1288,-8.872581721147432
SC,83879,XAXIM,0048,70,22987,18465,12369,4937,-40.24911995667479,2026-10-04 17:41:57,2026-10-04 18:33:18,18297,11124,6121,-27.343280319178007
SC,81825,ZORTÉA,0037,10,3214,2647,1631,871,-28.71174914998111,2026-10-04 19:04:47,2026-10-04 19:04:47,2416,1255,968,-11.879139072847682
SC,80071,ÁGUA DOCE,0085,19,5464,4308,3112,940,-50.41782729805014,2026-10-04 18:26:21,2026-10-04 18:48:44,4327,2887,1249,-37.855327016408594
SC,80098,ÁGUAS DE CHAPECÓ,0070,13,4732,3750,1986,1542,-11.84,2026-10-04 18:28:23,2026-10-04 19:14:56,3769,1575,2019,11.780313080392677
SC,80500,ÁGUAS FRIAS,0066,9,2566,2205,1302,699,-27.346938775510203,2026-10-04 18:42:08,2026-10-04 18:42:08,2125,1047,873,-8.188235294117646
SC,80110,ÁGUAS MORNAS,0067,23,6493,5399,3818,1108,-50.19448045934433,2026-10-04 18:26:20,2026-10-04 20:56:36,5039,3162,1298,-36.99146656082556
SE,31011,AMPARO DE SÃO FRANCISCO,0019,10,3095,2463,719,1618,36.5002030044661,2026-10-04 18:13:00,2026-10-04 19:17:09,2153,547,1472,42.963307013469574
SE,31038,AQUIDABÃ,0003,68,17283,13669,3403,9505,44.64115882654181,2026-10-04 17:41:56,2026-10-04 20:32:25,12835,2671,9492,53.14374756525127
SE,31054,ARACAJU,0001,418,140403,110061,39775,60855,19.153015146146227,2026-10-04 17:40:31,2026-10-04 20:51:31,112353,40721,60733,17.81171842318407
SE,31054,ARACAJU,0002,508,141060,114071,44992,59205,12.459783818849663,2026-10-04 17:57:22,2026-10-04 19:16:54,116542,45300,58094,10.978016509069692
SE,31054,ARACAJU,0027,428,140716,111539,40485,61421,18.770116282197257,2026-10-04 17:44:10,2026-10-04 19:28:51,107807,38825,58154,17.929262478317735
SE,31070,ARAUÁ,0004,35,9692,7555,1602,5591,52.7994705493051,2026-10-04 18:31:49,2026-10-04 20:54:58,7169,1397,5429,56.24215371739434
SE,31097,AREIA BRANCA,0013,53,15286,12151,3289,8136,39.88972101061641,2026-10-04 18:28:20,2026-10-04 19:29:33,11188,2825,7757,44.08294601358598
SE,31119,BARRA DOS COQUEIROS,0002,112,31707,24997,8676,14554,23.514821778613435,2026-10-04 17:57:23,2026-10-04 19:20:53,19057,6448,11104,24.43196725612636
SE,31151,BOQUIM,0004,81,22028,16903,4736,11208,38.28906111341182,2026-10-04 18:31:50,2026-10-04 20:54:58,16006,4082,11117,43.952267899537674
SE,31135,BREJO GRANDE,0015,24,8118,6017,1324,4448,51.91956124314442,2026-10-04 18:44:40,2026-10-04 21:00:18,5436,1061,4197,57.689477557027224
SE,31194,CAMPO DO BRITO,0024,46,15710,12119,3073,8354,43.5762026569849,2026-10-04 18:27:04,2026-10-04 20:10:27,11193,2605,8036,48.52139730188511
SE,31216,CANHOBA,0008,17,4709,3821,735,2880,56.13713687516357,2026-10-04 18:31:49,2026-10-04 20:11:32,3387,612,2632,59.63979923235902
SE,31232,CANINDÉ DE SÃO FRANCISCO,0028,77,24727,18018,4343,12724,46.51459651459651,2026-10-04 18:17:10,2026-10-04 20:55:20,16866,3337,12856,56.438989683386694
SE,31259,CAPELA,0005,86,27103,19745,5595,12998,37.49303621169916,2026-10-04 18:09:23,2026-10-04 20:48:56,19069,5036,12858,41.0194556610205
SE,31275,CARIRA,0029,59,17134,13160,3576,8800,39.69604863221885,2026-10-04 18:10:50,2026-10-04 20:24:58,12878,3124,9020,45.78350675570741
SE,31291,CARMÓPOLIS,0014,42,12534,9036,2721,5835,34.462151394422314,2026-10-04 18:50:07,2026-10-04 20:32:25,9338,2767,6101,35.70357678303705
SE,31313,CEDRO DE SÃO JOÃO,0003,17,5345,4376,1353,2813,33.36380255941499,2026-10-04 18:19:40,2026-10-04 20:10:27,4289,1197,2910,39.93937980881324
SE,31330,CRISTINÁPOLIS,0030,52,14633,10849,2390,7942,51.175223522905334,2026-10-04 18:09:45,2026-10-04 19:14:51,10271,1780,8111,61.63956771492552
SE,31372,CUMBE,0016,17,4501,3618,1268,2100,22.996130458817024,2026-10-04 18:30:13,2026-10-04 21:00:39,3450,1127,2098,28.144927536231883
SE,31399,DIVINA PASTORA,0014,14,4411,3453,718,2569,53.60556038227628,2026-10-04 19:20:53,2026-10-04 20:33:55,3106,600,2372,57.05086928525434
SE,31410,ESTÂNCIA,0006,178,50966,38852,9428,26942,45.07876042417379,2026-10-04 17:55:25,2026-10-04 20:56:09,36836,8695,25843,46.55228580736236
SE,31437,FEIRA NOVA,0016,25,6299,5233,1250,3759,47.94572902732658,2026-10-04 18:34:12,2026-10-04 19:10:03,4657,977,3479,53.725574404122824
SE,31453,FREI PAULO,0024,39,13549,10571,4012,5974,18.560211900482454,2026-10-04 19:10:21,2026-10-04 20:56:09,10254,3601,6222,25.560756777842794
SE,31496,GARARU,0008,28,9619,7520,1310,5934,61.48936170212766,2026-10-04 18:30:13,2026-10-04 21:05:05,7172,996,5852,67.70775237032906
SE,31470,GENERAL MAYNARD,0014,12,3345,2663,610,1874,47.46526473901615,2026-10-04 18:50:07,2026-10-04 19:29:33,2243,496,1611,49.71020954079358
SE,31518,GRACCHO CARDOSO,0003,27,6449,5284,1107,3961,54.012112036336106,2026-10-04 18:14:59,2026-10-04 19:22:08,4913,808,3879,62.50763281090983
SE,31534,ILHA DAS FLORES,0015,28,7753,5839,1316,4309,51.258777187874635,2026-10-04 18:30:14,2026-10-04 19:11:43,5428,1060,4168,57.25865880619013
SE,31550,INDIAROBA,0035,51,13697,10235,1833,7874,59.02296042989741,2026-10-04 18:26:00,2026-10-04 20:34:06,9553,1631,7479,61.21637182037056
SE,31577,ITABAIANA,0009,274,76645,61342,22644,34172,18.792996641778878,2026-10-04 17:35:30,2026-10-04 19:20:53,57988,19995,33995,24.142926122646063
SE,31593,ITABAIANINHA,0030,105,32189,25727,9418,15014,21.751467330042367,2026-10-04 18:17:28,2026-10-04 21:55:16,24241,8088,14973,28.402293634751043
SE,31615,ITABI,0008,16,4734,3712,1056,2448,37.5,2026-10-04 18:56:32,2026-10-04 19:24:34,3544,843,2491,46.50112866817156
SE,31631,ITAPORANGA D'AJUDA,0031,109,29786,22545,5962,15076,40.42581503659348,2026-10-04 17:58:48,2026-10-04 20:56:24,21255,5636,14184,40.21641966596095
SE,31658,JAPARATUBA,0011,51,14930,11198,2598,7993,48.178246115377746,2026-10-04 18:35:49,2026-10-04 21:17:16,10610,2194,7622,51.15928369462771
SE,31674,JAPOATÃ,0019,46,11510,8902,2074,6453,49.191192990339246,2026-10-04 18:32:09,2026-10-04 19:29:34,8551,1840,6362,52.88270377733598
SE,31690,LAGARTO,0012,308,82331,65914,18660,43033,36.976969991200654,2026-10-04 18:28:20,2026-10-04 19:29:33,60749,15951,41333,41.78175772440699
SE,31712,LARANJEIRAS,0013,80,22132,17156,4917,11262,36.98414548845885,2026-10-04 17:42:07,2026-10-04 18:47:41,16756,4850,10771,35.336595846264025
SE,31739,MACAMBIRA,0024,20,6860,5403,1486,3653,40.107347769757546,2026-10-04 18:28:20,2026-10-04 19:10:20,5062,1295,3477,43.10549190043461
SE,31755,MALHADA DOS BOIS,0005,16,4297,3298,761,2390,49.39357186173439,2026-10-04 18:30:33,2026-10-04 18:59:25,3001,580,2300,57.314228590469845
SE,31771,MALHADOR,0026,44,10440,8214,2103,5681,43.55977599220842,2026-10-04 18:56:32,2026-10-04 19:22:08,7910,1867,5660,47.9519595448799
SE,31798,MARUIM,0014,50,13208,9980,2003,7489,54.96993987975952,2026-10-04 18:14:05,2026-10-04 19:11:43,9771,1943,7303,54.85620714358817
SE,31810,MOITA BONITA,0026,38,9837,7526,2536,4488,25.936752591017804,2026-10-04 18:34:11,2026-10-04 19:10:45,7131,2176,4493,32.491936614780535
SE,31836,MONTE ALEGRE DE SERGIPE,0018,38,12763,9914,2894,6602,37.40165422634658,2026-10-04 19:20:52,2026-10-04 20:59:38,9175,2211,6595,47.782016348773844
SE,31852,MURIBECA,0005,27,7511,5971,1610,4045,40.78043878747278,2026-10-04 18:33:14,2026-10-04 20:25:58,5608,1371,3936,45.738231098430816
SE,31879,NEÓPOLIS,0015,56,14406,11035,2621,7966,48.43679202537381,2026-10-04 17:57:23,2026-10-04 20:59:38,10335,2381,7538,49.898403483309146
SE,31356,NOSSA SENHORA APARECIDA,0026,33,7652,5968,2047,3666,27.128016085790886,2026-10-04 18:28:20,2026-10-04 18:55:46,5786,1878,3625,30.193570687867265
SE,31895,NOSSA SENHORA DA GLÓRIA,0017,108,30467,24863,5935,17417,46.18107227607288,2026-10-04 17:57:23,2026-10-04 20:53:19,22676,4524,17024,55.12436055741753
SE,31917,NOSSA SENHORA DAS DORES,0016,80,21460,16907,5511,10407,28.958419589519135,2026-10-04 17:57:23,2026-10-04 20:19:06,16195,5199,9935,29.243593701759803
SE,31933,NOSSA SENHORA DE LOURDES,0008,17,6277,5123,1043,3869,55.162990435291825,2026-10-04 20:15:56,2026-10-04 20:57:06,4544,831,3556,59.96919014084507
SE,31950,NOSSA SENHORA DO SOCORRO,0034,375,123924,99120,36266,54778,18.67635189669088,2026-10-04 18:09:45,2026-10-04 20:59:19,91063,33447,49785,17.941425167191944
SE,31976,PACATUBA,0015,39,11850,8900,1457,6976,62.01123595505618,2026-10-04 18:30:33,2026-10-04 20:59:19,8313,1320,6565,63.093949236136176
SE,31992,PEDRA MOLE,0029,12,3372,2667,748,1780,38.69516310461192,2026-10-04 19:02:27,2026-10-04 19:02:27,2551,658,1769,43.5515484123873
SE,32018,PEDRINHAS,0004,28,7917,6092,1611,4206,42.596848325673015,2026-10-04 18:38:26,2026-10-04 20:33:55,5468,1319,3933,47.805413313825895
SE,32034,PINHÃO,0029,19,5635,4405,994,3166,49.307604994324635,2026-10-04 19:12:55,2026-10-04 20:14:26,4291,902,3187,53.25099044511769
SE,32050,PIRAMBU,0011,30,8575,6323,1513,4396,45.59544520006326,2026-10-04 18:37:11,2026-10-04 19:03:46,6068,1462,4218,45.41858932102834
SE,32115,PORTO DA FOLHA,0018,86,25098,20038,4396,14534,50.59387164387663,2026-10-04 18:33:14,2026-10-04 21:56:46,17975,3387,13725,57.51321279554937
SE,32077,POÇO REDONDO,0028,71,22765,17287,4466,12006,43.61659050153295,2026-10-04 18:34:29,2026-10-04 21:02:06,15837,3182,11939,55.294563364273536
SE,32093,POÇO VERDE,0022,73,19505,15081,3389,10749,48.80312976593064,2026-10-04 18:47:41,2026-10-04 20:36:07,14548,2704,10838,55.91146549353863
SE,32131,PROPRIÁ,0019,74,20113,15889,5700,9437,23.519415948140225,2026-10-04 17:36:22,2026-10-04 20:10:27,15366,5041,9607,29.714955095665754
SE,32174,RIACHUELO,0013,29,8232,6219,1487,4442,47.51567776169802,2026-10-04 18:18:39,2026-10-04 18:48:39,6188,1396,4501,50.177763413057534
SE,32158,RIACHÃO DO DANTAS,0004,69,17768,14177,2500,10985,59.85046201594131,2026-10-04 17:41:11,2026-10-04 19:29:33,13407,2288,10527,61.45297232788842
SE,32190,RIBEIRÓPOLIS,0026,57,14762,11316,3653,7041,29.93990809473312,2026-10-04 18:09:45,2026-10-04 18:32:09,11235,3165,7426,37.926123720516244
SE,32212,ROSÁRIO DO CATETE,0014,31,8984,6777,1501,4950,50.892725394717424,2026-10-04 18:38:41,2026-10-04 19:29:33,6421,1399,4579,49.524996106525464
SE,32239,SALGADO,0031,61,17916,14262,3174,10275,49.7896508203618,2026-10-04 18:21:50,2026-10-04 21:07:17,13219,2613,9918,55.261366215296164
SE,32255,SANTA LUZIA DO ITANHY,0035,45,12169,8920,1745,6727,55.85201793721973,2026-10-04 18:37:11,2026-10-04 20:11:09,8037,1415,6239,60.02239641657335
SE,32298,SANTA ROSA DE LIMA,0026,19,4659,3678,988,2488,40.783034257748774,2026-10-04 18:32:09,2026-10-04 19:10:03,3261,765,2320,47.684759276295615
SE,31003,SANTANA DO SÃO FRANCISCO,0015,21,6340,4824,1329,3316,41.18988391376451,2026-10-04 18:30:13,2026-10-04 19:20:52,4387,1054,3143,47.61796216093002
SE,32310,SANTO AMARO DAS BROTAS,0011,35,10453,7471,1186,5958,63.87364475973765,2026-10-04 18:37:11,2026-10-04 19:03:46,6967,1056,5644,65.85330845414094
SE,32417,SIMÃO DIAS,0022,141,37093,28739,7480,19464,41.69943282647274,2026-10-04 18:18:57,2026-10-04 19:24:34,27492,5798,20147,52.19336534264513
SE,32433,SIRIRI,0005,26,6787,5368,1202,3887,50.018628912071534,2026-10-04 18:17:46,2026-10-04 20:56:25,5196,1157,3764,50.173210161662816
SE,32336,SÃO CRISTÓVÃO,0021,203,61859,49236,15555,30166,29.67544073442197,2026-10-04 18:45:08,2026-10-04 20:03:58,46991,14631,28618,29.76527420144283
SE,32352,SÃO DOMINGOS,0024,25,8598,6259,2066,3925,29.701230228471,2026-10-04 18:42:03,2026-10-04 19:30:21,5848,1770,3893,36.30300957592339
SE,32379,SÃO FRANCISCO,0019,13,3798,3078,814,2123,42.52761533463288,2026-10-04 18:00:35,2026-10-04 19:31:50,2793,612,2035,50.948800572860726
SE,32395,SÃO MIGUEL DO ALEIXO,0017,16,3982,3153,774,2203,45.321915635902315,2026-10-04 18:30:33,2026-10-04 20:52:18,3034,680,2207,50.3295978905735
SE,32450,TELHA,0019,14,3641,2973,924,1935,34.006054490413725,2026-10-04 18:29:07,2026-10-04 19:02:44,2878,869,1912,36.240444753300906
SE,32476,TOBIAS BARRETO,0023,142,42750,34197,10541,21687,32.59350235400766,2026-10-04 17:59:25,2026-10-04 20:59:38,32162,8951,21584,39.27927367701014
SE,32492,TOMAR DO GERU,0030,35,10522,7907,2210,5316,39.28164917162008,2026-10-04 18:20:52,2026-10-04 21:01:57,7076,1882,4871,42.241379310344826
SE,32514,UMBAÚBA,0035,66,19761,15324,4652,9796,33.56825894022448,2026-10-04 18:17:28,2026-10-04 20:07:44,14023,3708,9573,41.82414604578193
SP,61018,ADAMANTINA,0157,83,25494,18871,13609,3957,-51.14726299613163,2026-10-04 17:57:26,2026-10-04 18:29:14,19663,13529,4697,-44.91684890403295
SP,61034,ADOLFO,0064,14,3977,2972,1974,865,-37.31493943472409,2026-10-04 18:34:38,2026-10-04 18:39:50,3084,1822,1101,-23.378728923476004
SP,61050,AGUAÍ,0122,70,24235,16794,9806,5594,-25.080385852090032,2026-10-04 19:29:43,2026-10-04 19:29:43,17036,9134,6397,-16.065977929091336
SP,61131,AGUDOS,0007,96,28853,20997,13759,5754,-38.124493975329806,2026-10-04 17:40:33,2026-10-04 19:13:54,21901,13235,6905,-28.902789826948542
SP,61581,ALAMBARI,0052,21,5139,3872,2568,1075,-38.55888429752066,2026-10-04 18:33:52,2026-10-04 20:44:51,3771,2282,1225,-28.029700344736145
SP,61158,ALFREDO MARCONDES,0182,11,3964,3021,1905,984,-30.486593843098312,2026-10-04 18:46:40,2026-10-04 18:46:40,3055,1752,1159,-19.410801963993453
SP,61174,ALTAIR,0080,11,2954,2282,1377,818,-24.496056091148116,2026-10-04 18:48:57,2026-10-04 18:55:29,2315,1172,1008,-7.084233261339093
SP,61190,ALTINÓPOLIS,0202,49,12706,9239,4946,3465,-16.029873362918064,2026-10-04 17:52:45,2026-10-04 18:09:56,9301,4277,4138,-1.4944629609719384
SP,61212,ALTO ALEGRE,0289,16,3662,2776,1927,728,-43.19164265129683,2026-10-04 18:37:53,2026-10-04 18:41:18,2689,1719,800,-34.17627370769803
SP,61220,ALUMÍNIO,0131,44,14040,10610,5333,4061,-11.988689915174364,2026-10-04 20:14:35,2026-10-04 20:57:31,10881,4882,4738,-1.3234077750206783
SP,61298,ALVINLÂNDIA,0047,10,2634,1998,1075,841,-11.711711711711711,2026-10-04 19:14:53,2026-10-04 19:14:53,1977,972,903,-3.490136570561457
SP,61310,AMERICANA,0158,232,78108,58869,37731,15923,-37.04496424264044,2026-10-04 18:09:27,2026-10-04 19:23:28,60273,36612,17083,-32.40090919648931
SP,61310,AMERICANA,0384,285,103108,77720,49123,21845,-35.097786927431805,2026-10-04 18:09:26,2026-10-04 19:29:45,76945,45905,23531,-29.077912794853468
SP,61379,AMPARO,0008,167,53743,39395,25719,10258,-39.24609722045945,2026-10-04 17:43:13,2026-10-04 21:19:49,40992,24948,11910,-31.806206088992973
SP,61336,AMÉRICO BRASILIENSE,0239,103,27310,20313,9080,9640,2.7568552158716093,2026-10-04 18:13:33,2026-10-04 19:11:48,21151,8295,11126,13.384709942792304
SP,61352,AMÉRICO DE CAMPOS,0138,15,4769,3759,2437,1093,-35.754189944134076,2026-10-04 17:30:04,2026-10-04 17:49:26,3856,2266,1365,-23.366182572614107
SP,61395,ANALÂNDIA,0245,16,4681,3135,2077,838,-39.52153110047847,2026-10-04 18:33:24,2026-10-04 18:33:24,3076,1859,944,-29.746423927178153
SP,61417,ANDRADINA,0009,142,42476,31162,19337,9695,-30.94153135228804,2026-10-04 17:57:27,2026-10-04 20:12:59,32910,18800,11518,-22.127013065937405
SP,61433,ANGATUBA,0215,57,17865,12599,6951,4612,-18.564965473450275,2026-10-04 18:45:11,2026-10-04 21:08:58,12874,6401,5399,-7.78312878670188
SP,61450,ANHEMBI,0041,19,5471,3624,2283,1153,-31.18101545253863,2026-10-04 17:41:58,2026-10-04 18:38:14,3839,2131,1482,-16.9054441260745
SP,61476,ANHUMAS,0182,10,3315,2539,1563,842,-28.39700669554943,2026-10-04 20:14:05,2026-10-04 20:14:05,2563,1400,1019,-14.865392118611002
SP,61492,APARECIDA,0190,86,26836,21218,12371,6815,-26.185314355735695,2026-10-04 17:44:13,2026-10-04 19:20:46,21930,12173,7346,-22.0109439124487
SP,61514,APARECIDA D'OESTE,0232,12,3777,2862,1563,1156,-14.22082459818309,2026-10-04 18:09:26,2026-10-04 18:09:26,2908,1425,1345,-2.751031636863824
SP,61530,APIAÍ,0010,71,18737,13196,7059,5202,-14.072446195816914,2026-10-04 18:18:43,2026-10-04 19:17:17,13773,6466,6151,-2.287083424090612
SP,61590,ARAMINA,0050,15,4523,3388,1798,1376,-12.455726092089728,2026-10-04 18:09:26,2026-10-04 18:11:14,3373,1457,1698,7.144974799881411
SP,61611,ARANDU,0301,16,5528,4125,2669,1229,-34.90909090909091,2026-10-04 19:20:45,2026-10-04 19:20:45,4216,2291,1689,-14.278937381404175
SP,61646,ARAPEÍ,0018,8,2505,1871,928,843,-4.543025120256547,2026-10-04 19:17:17,2026-10-04 19:17:17,1779,791,864,4.1034288926363125
SP,61638,ARARAQUARA,0013,265,68824,52035,25035,21783,-6.249639665609686,2026-10-04 18:14:19,2026-10-04 19:22:55,53002,24266,22222,-3.856458246858609
SP,61638,ARARAQUARA,0385,337,101486,73287,32397,34398,2.730361455646977,2026-10-04 17:57:26,2026-10-04 19:08:28,76939,31506,37772,8.144114168367148
SP,61654,ARARAS,0014,285,96612,72880,47054,19003,-38.48929747530187,2026-10-04 17:59:27,2026-10-04 20:04:44,75218,45688,21530,-32.11731234544923
SP,61263,ARAÇARIGUAMA,0131,50,17829,12584,7114,4437,-21.2730451366815,2026-10-04 20:32:27,2026-10-04 20:53:48,12524,6324,5145,-9.413925263494091
SP,61557,ARAÇATUBA,0011,230,71541,53732,35677,13619,-41.051887143601576,2026-10-04 18:25:59,2026-10-04 19:23:59,56653,36267,15235,-37.124247612659524
SP,61557,ARAÇATUBA,0299,263,73587,54256,34864,15067,-36.48813034503097,2026-10-04 18:42:17,2026-10-04 19:25:08,57370,35473,17135,-31.964441345651036
SP,61573,ARAÇOIABA DA SERRA,0294,76,26408,19328,12431,5366,-36.55318708609271,2026-10-04 20:46:29,2026-10-04 20:49:42,18818,11224,5804,-28.802210649378257
SP,62065,ARCO-ÍRIS,0143,6,2331,1661,1144,440,-42.384105960264904,2026-10-04 19:01:25,2026-10-04 19:01:25,1675,977,561,-24.83582089552239
SP,61670,AREALVA,0300,21,6343,4514,3026,1225,-39.8980948161276,2026-10-04 18:45:11,2026-10-04 18:45:11,4692,2839,1554,-27.387041773231033
SP,61697,AREIAS,0042,12,3463,2640,1036,1401,13.825757575757576,2026-10-04 19:03:33,2026-10-04 19:03:33,2567,856,1545,26.840670042851578
SP,61719,AREIÓPOLIS,0129,32,8193,6205,3337,2439,-14.472199838839645,2026-10-04 18:09:26,2026-10-04 18:41:18,6328,3174,2747,-6.747787610619469
SP,61735,ARIRANHA,0111,23,6455,4809,3085,1453,-33.93636930754835,2026-10-04 19:00:27,2026-10-04 19:07:50,5134,3017,1800,-23.70471367354889
SP,61751,ARTUR NOGUEIRA,0360,113,38528,29746,18749,8832,-33.33893632757346,2026-10-04 19:29:44,2026-10-04 20:10:47,,,,
SP,61778,ARUJÁ,0335,220,71347,53816,28627,19322,-17.290396907982757,2026-10-04 18:11:15,2026-10-04 19:14:55,53620,26313,21271,-9.403207758299143
SP,61522,ASPÁSIA,0427,7,1875,1456,820,555,-18.20054945054945,2026-10-04 18:21:57,2026-10-04 18:21:57,1451,787,577,-14.472777394900069
SP,61794,ASSIS,0015,219,69743,51191,31310,15889,-30.124435936004375,2026-10-04 18:39:51,2026-10-04 20:52:06,53393,30077,18650,-21.401681868409717
SP,61816,ATIBAIA,0016,360,119210,89028,53602,25773,-31.258705126477064,2026-10-04 18:13:33,2026-10-04 20:45:58,87718,48671,28168,-23.37376593173579
SP,61832,AURIFLAMA,0225,33,11053,8290,5621,2289,-40.193003618817855,2026-10-04 17:54:32,2026-10-04 18:30:50,8492,5320,2711,-30.7230334432407
SP,61875,AVANHANDAVA,0289,28,7452,5476,2956,2166,-14.426588750913075,2026-10-04 18:22:16,2026-10-04 19:10:01,5737,2649,2760,1.934809133693568
SP,61891,AVARÉ,0017,218,64380,46242,28677,13487,-32.848925219497424,2026-10-04 17:54:31,2026-10-04 19:07:53,47760,27165,16186,-22.98785594639866
SP,61859,AVAÍ,0300,17,4189,2977,1521,1296,-7.557944239166947,2026-10-04 18:48:54,2026-10-04 19:20:46,3033,1354,1485,4.319155951203429
SP,61913,BADY BASSITT,0126,49,16956,12575,8284,3272,-39.85685884691849,2026-10-04 18:33:23,2026-10-04 19:02:29,10868,6926,3155,-34.6981965403018
SP,61930,BALBINOS,0095,6,1423,998,578,356,-22.24448897795591,2026-10-04 18:56:32,2026-10-04 19:13:20,1086,584,452,-12.154696132596685
SP,61972,BANANAL,0018,27,8233,6192,2827,2941,1.8410852713178294,2026-10-04 18:12:04,2026-10-04 18:47:55,6345,2515,3396,13.8849487785658
SP,61999,BARBOSA,0289,22,4970,3614,2130,1315,-22.55118981737687,2026-10-04 19:04:03,2026-10-04 19:04:03,3843,1980,1619,-9.393702836325787
SP,62030,BARIRI,0019,68,23149,16662,11292,4064,-43.38014644100348,2026-10-04 18:16:02,2026-10-04 18:16:02,17640,11512,4613,-39.10997732426304
SP,62057,BARRA BONITA,0200,97,28333,21335,13626,5911,-36.16123740332787,2026-10-04 18:09:25,2026-10-04 19:05:24,22127,12960,7054,-26.691372531296604
SP,61360,BARRA DO CHAPÉU,0010,16,4672,3331,1919,1210,-21.28489942960072,2026-10-04 18:28:27,2026-10-04 18:48:56,3412,1430,1590,4.6893317702227435
SP,62073,BARRA DO TURVO,0228,24,6314,4133,2075,1858,-5.2504234212436485,2026-10-04 18:12:22,2026-10-04 18:28:26,4390,1963,2216,5.763097949886105
SP,62090,BARRETOS,0021,257,85200,62118,37186,19752,-28.065939019285874,2026-10-04 17:48:35,2026-10-04 19:07:49,62920,35299,22049,-21.058486967577878
SP,62111,BARRINHA,0135,85,23638,18191,8897,7932,-5.304821065361992,2026-10-04 21:08:21,2026-10-04 21:25:58,18437,7922,9252,7.21375494928676
SP,62138,BARUERI,0199,427,160995,117829,55934,49708,-5.283928404722097,2026-10-04 18:34:38,2026-10-04 21:01:13,114365,48731,52164,3.001792506448651
SP,62138,BARUERI,0386,387,137029,101265,50685,39758,-10.790500172813903,2026-10-04 18:22:44,2026-10-04 21:27:50,99833,44481,42470,-2.014363987859726
SP,62014,BARÃO DE ANTONINA,0056,10,2926,2038,1109,804,-14.965652600588813,2026-10-04 18:32:01,2026-10-04 18:32:01,1977,902,928,1.3151239251390996
SP,62154,BASTOS,0184,49,16975,12158,8701,2712,-49.25974666886001,2026-10-04 19:12:20,2026-10-04 19:12:20,13027,8614,3440,-39.717509787364705
SP,62170,BATATAIS,0022,146,42270,31876,17582,11161,-20.14368176684653,2026-10-04 18:00:40,2026-10-04 19:13:55,32376,15844,13185,-8.212873733629849
SP,62197,BAURU,0023,358,110045,78890,45841,25280,-26.062872353910507,2026-10-04 17:58:52,2026-10-04 19:12:53,81313,44730,27137,-21.636146741603433
SP,62197,BAURU,0300,252,75391,51594,29386,17148,-23.719812381284644,2026-10-04 18:12:42,2026-10-04 19:20:43,55542,29826,20207,-17.31842569586979
SP,62197,BAURU,0387,267,92900,66008,37009,22539,-21.921585262392437,2026-10-04 17:46:19,2026-10-04 18:44:33,67752,35595,25357,-15.110993033415987
SP,62219,BEBEDOURO,0024,181,56372,41502,27408,10720,-40.210110356127416,2026-10-04 18:32:17,2026-10-04 20:04:44,42580,26879,12224,-34.417566932832315
SP,62235,BENTO DE ABREU,0146,7,2146,1554,925,580,-22.2007722007722,2026-10-04 18:39:17,2026-10-04 18:39:17,1632,898,641,-15.747549019607844
SP,62251,BERNARDINO DE CAMPOS,0114,23,7724,5689,3537,1750,-31.411495869221305,2026-10-04 18:21:06,2026-10-04 18:21:06,6067,3447,2173,-20.99884621724081
SP,61280,BERTIOGA,0272,161,52928,37201,20207,13965,-16.779118840891375,2026-10-04 18:29:14,2026-10-04 21:18:37,34721,17678,14137,-10.198438985052274
SP,62278,BILAC,0210,21,6346,4738,3224,1277,-41.09328830730266,2026-10-04 18:10:54,2026-10-04 18:10:54,4768,3123,1388,-36.388422818791945
SP,62294,BIRIGUI,0025,263,84471,62175,43666,14393,-47.08162444712505,2026-10-04 18:33:23,2026-10-04 19:24:27,65194,44050,16638,-42.04681412399914
SP,62316,BIRITIBA MIRIM,0319,72,24212,17111,9816,5695,-24.083922622874173,2026-10-04 20:59:24,2026-10-04 20:59:24,17539,9057,6496,-14.601744683277268
SP,62332,BOA ESPERANÇA DO SUL,0107,32,9706,6971,3383,3125,-3.701047195524315,2026-10-04 19:12:23,2026-10-04 19:12:23,7690,2905,4312,18.296488946684004
SP,62359,BOCAINA,0241,31,8535,6320,4264,1583,-42.42088607594937,2026-10-04 17:45:12,2026-10-04 18:13:33,6679,4139,2022,-31.696361730798024
SP,62375,BOFETE,0041,26,8935,6111,3653,2069,-25.920471281296024,2026-10-04 17:55:28,2026-10-04 18:16:01,5745,3192,2125,-18.57267188859878
SP,62391,BOITUVA,0369,129,47624,34693,21770,10083,-33.68691090421699,2026-10-04 18:31:59,2026-10-04 21:07:03,33381,20006,10448,-28.633054731733623
SP,62413,BOM JESUS DOS PERDÕES,0016,57,18368,13751,8278,4112,-30.295978474292777,2026-10-04 20:11:24,2026-10-04 20:45:26,13611,7529,4843,-19.73403864521343
SP,61786,BOM SUCESSO DE ITARARÉ,0057,11,3289,2451,1249,1057,-7.833537331701346,2026-10-04 18:26:00,2026-10-04 18:38:14,2518,1007,1357,13.899920571882447
SP,62456,BORACÉIA,0086,12,3884,2919,1797,934,-29.564919492977047,2026-10-04 18:50:11,2026-10-04 19:04:48,2935,1555,1184,-12.640545144804088
SP,62472,BORBOREMA,0055,32,10738,8015,5454,2040,-42.595134123518406,2026-10-04 20:10:45,2026-10-04 20:10:45,8279,5260,2421,-34.29158110882957
SP,61026,BOREBI,0161,8,2400,1796,1096,593,-28.006681514476615,2026-10-04 18:43:21,2026-10-04 18:43:21,1676,889,674,-12.828162291169452
SP,62430,BORÁ,0012,4,1094,822,537,247,-35.27980535279806,2026-10-04 17:54:31,2026-10-04 17:54:31,809,444,319,-15.451174289245984
SP,62499,BOTUCATU,0026,327,111048,80153,43436,27979,-19.284368644966502,2026-10-04 17:46:19,2026-10-04 19:15:28,81574,41008,30302,-13.12427979503273
SP,62510,BRAGANÇA PAULISTA,0027,304,106998,80794,50515,22009,-35.28232294477313,2026-10-04 18:16:28,2026-10-04 19:07:53,81784,48141,24025,-29.487430304215984
SP,62510,BRAGANÇA PAULISTA,0298,67,24310,18025,11211,4985,-34.54091539528433,2026-10-04 18:36:21,2026-10-04 19:01:53,17649,10389,5394,-28.30188679245283
SP,62553,BRAÚNA,0289,15,4231,3275,2250,903,-41.12977099236641,2026-10-04 18:57:46,2026-10-04 18:57:46,3311,2165,1006,-35.004530353367564
SP,62081,BREJO ALEGRE,0025,9,2875,2026,1027,898,-6.367226061204343,2026-10-04 18:33:50,2026-10-04 19:24:27,1923,817,1034,11.284451378055122
SP,62570,BRODOWSKI,0204,52,17196,13499,9098,3343,-42.63278761389733,2026-10-04 18:38:13,2026-10-04 19:17:16,13341,8229,4090,-31.024660820028483
SP,62596,BROTAS,0028,57,17821,12644,8559,3126,-42.968997152799744,2026-10-04 18:34:14,2026-10-04 18:34:14,13050,8257,3616,-35.5632183908046
SP,62618,BURI,0215,48,14878,10897,7013,3376,-33.37615857575479,2026-10-04 19:20:07,2026-10-04 21:08:57,,,,
SP,62634,BURITAMA,0214,38,13143,9544,6141,2889,-34.07376362112322,2026-10-04 18:34:10,2026-10-04 18:47:55,9587,5741,3355,-24.887868989256283
SP,62650,BURITIZAL,0050,13,4125,3152,2163,827,-42.38578680203046,2026-10-04 18:12:43,2026-10-04 18:12:43,2885,1895,844,-36.429809358752166
SP,61956,BÁLSAMO,0072,20,7397,5581,3816,1357,-44.06020426446873,2026-10-04 19:02:31,2026-10-04 19:12:23,5694,3353,1761,-27.95925535651563
SP,62693,CABREÚVA,0059,105,36426,26696,16272,8047,-30.809859154929576,2026-10-04 20:33:25,2026-10-04 21:02:49,26374,14732,9527,-19.735345415939943
SP,62677,CABRÁLIA PAULISTA,0159,11,3698,2681,1489,991,-18.5751585229392,2026-10-04 18:09:27,2026-10-04 18:09:27,2540,1212,1153,-2.322834645669291
SP,62731,CACHOEIRA PAULISTA,0145,79,23891,17892,10113,6209,-21.819807735300692,2026-10-04 18:18:44,2026-10-04 18:46:41,18526,9612,7107,-13.521537298931232
SP,62758,CACONDE,0030,41,13333,9591,5378,3481,-19.77895944114274,2026-10-04 18:42:20,2026-10-04 18:47:57,10059,5108,4260,-8.430261457401333
SP,62774,CAFELÂNDIA,0031,41,12245,8821,5398,2791,-29.55447228205419,2026-10-04 17:54:12,2026-10-04 19:12:22,9343,5206,3310,-20.293267687038423
SP,62790,CAIABU,0071,13,3330,2538,1377,1019,-14.105594956658786,2026-10-04 18:47:56,2026-10-04 18:47:56,,,,
SP,62812,CAIEIRAS,0192,195,72229,52291,25538,21382,-7.947830410586908,2026-10-04 18:34:12,2026-10-04 19:22:55,53696,23497,24029,0.9907628128724673
SP,62839,CAIUÁ,0102,15,3755,2630,1239,1257,0.6844106463878327,2026-10-04 18:45:43,2026-10-04 19:29:43,2848,1101,1583,16.924157303370787
SP,62855,CAJAMAR,0354,213,70021,52216,26010,20433,-10.68063428834074,2026-10-04 19:07:50,2026-10-04 21:00:34,51260,21861,23376,2.9555208739758094
SP,61484,CAJATI,0228,79,22016,16085,10715,4395,-39.291265153870064,2026-10-04 18:39:51,2026-10-04 19:15:29,16462,10277,5170,-31.022961973028792
SP,62871,CAJOBI,0171,24,7437,5994,3766,1876,-31.53153153153153,2026-10-04 19:03:06,2026-10-04 19:03:06,5759,3280,2193,-18.87480465358569
SP,62898,CAJURU,0032,60,18240,13430,7179,5265,-14.251675353685778,2026-10-04 17:42:15,2026-10-04 18:17:52,13622,6379,6237,-1.042431361033622
SP,61506,CAMPINA DO MONTE ALEGRE,0215,16,4857,3648,2213,1201,-27.74122807017544,2026-10-04 18:42:15,2026-10-04 18:45:08,3663,1991,1386,-16.516516516516518
SP,62910,CAMPINAS,0033,361,109831,79524,41750,29888,-14.916251697600725,2026-10-04 18:45:09,2026-10-04 20:56:58,45059,22498,16485,-13.344725803945938
SP,62910,CAMPINAS,0274,352,127108,93609,51278,32846,-19.690414383232383,2026-10-04 19:22:03,2026-10-04 21:02:49,71628,38651,24142,-20.256045122019323
SP,62910,CAMPINAS,0275,310,113559,84662,40738,35235,-6.499964564976023,2026-10-04 19:03:04,2026-10-04 20:30:06,113798,53598,45644,-6.989578024218352
SP,62910,CAMPINAS,0378,424,148756,105006,53172,42482,-10.180370645486924,2026-10-04 19:25:36,2026-10-04 20:58:03,148715,68694,66623,-1.3925965773459301
SP,62910,CAMPINAS,0379,415,147496,104710,52479,42621,-9.414573584184891,2026-10-04 19:14:55,2026-10-04 20:51:31,118002,56353,50411,-5.035507872747919
SP,62910,CAMPINAS,0380,342,111524,81272,44372,28944,-18.983167634609707,2026-10-04 18:39:18,2026-10-04 20:52:42,87416,45636,31698,-15.9444495286904
SP,62910,CAMPINAS,0423,327,115339,84437,45944,29956,-18.934827149235524,2026-10-04 19:11:12,2026-10-04 21:02:49,68921,35254,24970,-14.921431784216711
SP,62936,CAMPO LIMPO PAULISTA,0344,213,59440,43755,23507,15625,-18.01394126385556,2026-10-04 18:34:12,2026-10-04 19:29:45,45342,22936,17546,-11.887433284813197
SP,62952,CAMPOS DO JORDÃO,0035,131,38107,27390,16257,8117,-29.718875502008032,2026-10-04 19:15:27,2026-10-04 19:15:27,27579,14814,9402,-19.623626672468184
SP,62979,CAMPOS NOVOS PAULISTA,0083,11,3805,2843,1828,896,-32.78227224762575,2026-10-04 19:20:44,2026-10-04 19:20:44,2802,1676,1012,-23.69735902926481
SP,62995,CANANÉIA,0036,38,10410,7333,3998,2848,-15.682531024137461,2026-10-04 18:16:52,2026-10-04 20:40:26,7360,3818,2888,-12.63586956521739
SP,62103,CANAS,0068,12,3959,3063,1754,1071,-22.298400261181847,2026-10-04 18:51:31,2026-10-04 19:20:08,2954,1556,1135,-14.251861882193635
SP,61344,CANITAR,0313,13,4337,3128,1703,1210,-15.76086956521739,2026-10-04 17:23:41,2026-10-04 17:41:12,3008,1408,1448,1.3297872340425532
SP,63070,CAPELA DO ALTO,0140,39,14543,10901,7373,2836,-41.62003485918723,2026-10-04 20:53:48,2026-10-04 20:53:48,10895,6695,3303,-31.133547498852685
SP,63096,CAPIVARI,0038,123,37609,28584,18583,7639,-38.287153652392945,2026-10-04 18:09:27,2026-10-04 20:10:46,29042,17898,8548,-32.194752427518765
SP,63053,CAPÃO BONITO,0037,122,34293,25486,15272,8190,-27.787805069449895,2026-10-04 17:44:13,2026-10-04 19:24:27,25905,13973,9426,-17.552596023933603
SP,63118,CARAGUATATUBA,0206,383,106446,77696,43425,27242,-20.828614085667216,2026-10-04 18:09:26,2026-10-04 19:09:05,76580,40760,28924,-15.455732567249935
SP,63134,CARAPICUÍBA,0303,414,131967,91354,39292,42665,3.692230225277492,2026-10-04 19:00:27,2026-10-04 20:56:25,101395,39065,50060,10.843729966960895
SP,63134,CARAPICUÍBA,0388,426,158528,112170,48886,51566,2.3892306320763126,2026-10-04 20:47:30,2026-10-04 21:15:25,120027,46038,60714,12.227248869004473
SP,63150,CARDOSO,0224,35,9593,6526,3590,2603,-15.124118908979467,2026-10-04 17:45:12,2026-10-04 18:18:46,6789,3344,3070,-4.035940491972308
SP,63177,CASA BRANCA,0039,66,19558,13693,8681,3836,-35.38304243043891,2026-10-04 18:00:39,2026-10-04 18:35:13,14410,8738,4479,-29.5558639833449
SP,63215,CASTILHO,0009,48,15377,11224,5179,5417,2.120456165359943,2026-10-04 19:02:29,2026-10-04 19:20:44,11506,4554,6147,13.844950460629237
SP,63231,CATANDUVA,0040,268,86119,62839,42040,16022,-41.404223491780584,2026-10-04 17:44:56,2026-10-04 18:41:17,65531,41207,18919,-34.01138392516519
SP,63258,CATIGUÁ,0179,18,5688,4320,2825,1282,-35.717592592592595,2026-10-04 18:45:42,2026-10-04 18:45:42,4380,2726,1425,-29.703196347031962
SP,62715,CAÇAPAVA,0029,243,72595,54696,33129,16135,-31.069913704841305,2026-10-04 18:29:14,2026-10-04 19:31:41,55481,32466,16688,-28.43856455363097
SP,63274,CEDRAL,0312,25,8582,6497,4391,1580,-43.26612282591965,2026-10-04 18:42:16,2026-10-04 18:45:09,5834,3826,1559,-38.85841618100788
SP,63290,CERQUEIRA CÉSAR,0205,44,14958,10281,6301,3052,-31.60198424277794,2026-10-04 18:28:27,2026-10-04 18:28:27,10880,5782,4068,-15.753676470588236
SP,63312,CERQUILHO,0355,123,36003,26625,18458,5950,-46.97840375586854,2026-10-04 18:14:39,2026-10-04 19:12:53,26711,17471,6860,-39.72520684362248
SP,63339,CESÁRIO LANGE,0355,49,13804,9767,6790,2390,-45.04965700829323,2026-10-04 19:22:54,2026-10-04 19:22:54,9555,6121,2715,-35.64625850340136
SP,63355,CHARQUEADA,0244,46,13212,9855,6708,2525,-42.44545915778792,2026-10-04 17:31:44,2026-10-04 19:03:33,9899,6336,2893,-34.78129103949894
SP,63371,CHAVANTES,0313,31,8675,6518,3907,2135,-27.186253451979134,2026-10-04 17:43:13,2026-10-04 18:10:53,6941,3798,2625,-16.899582192767614
SP,63398,CLEMENTINA,0025,17,5273,4098,2675,1217,-35.5783308931186,2026-10-04 17:46:20,2026-10-04 18:13:34,4166,2481,1473,-24.195871339414307
SP,63410,COLINA,0178,39,14048,10306,5023,3238,-17.320007762468464,2026-10-04 17:41:58,2026-10-04 18:45:10,10624,4967,4739,-2.1460843373493974
SP,63436,COLÔMBIA,0021,17,5800,4143,2161,1753,-9.847936278059377,2026-10-04 19:21:28,2026-10-04 19:21:28,4121,1955,1918,-0.8978403300169862
SP,63452,CONCHAL,0075,72,20926,16458,11709,3897,-47.46627779803135,2026-10-04 20:49:08,2026-10-04 20:49:08,16749,11423,4435,-41.72189384440862
SP,63479,CONCHAS,0041,38,12626,8667,5863,2184,-42.44836737048575,2026-10-04 18:56:31,2026-10-04 19:08:27,9307,5867,2598,-35.12410013967981
SP,63495,CORDEIRÓPOLIS,0243,69,19567,15031,9796,4002,-38.54700286075444,2026-10-04 18:09:26,2026-10-04 19:09:05,14965,8858,4790,-27.183427998663547
SP,63517,COROADOS,0025,13,4020,3102,2118,840,-41.19922630560929,2026-10-04 19:01:25,2026-10-04 19:26:09,3216,2073,985,-33.830845771144276
SP,63533,CORONEL MACEDO,0236,14,3793,2905,1242,1534,10.051635111876076,2026-10-04 19:13:22,2026-10-04 19:22:56,2997,1032,1793,25.392058725392058
SP,63550,CORUMBATAÍ,0245,15,3523,2525,1735,587,-45.46534653465346,2026-10-04 18:38:13,2026-10-04 18:42:17,2587,1647,710,-36.21955933513723
SP,63592,COSMORAMA,0138,20,7030,5352,3341,1770,-29.353512705530644,2026-10-04 18:15:42,2026-10-04 18:59:23,5404,3077,2066,-18.708364174685418
SP,63576,COSMÓPOLIS,0360,137,44573,32819,18023,12237,-17.63003138425912,2026-10-04 19:00:23,2026-10-04 19:00:23,33672,17726,13507,-12.529698265621288
SP,63614,COTIA,0227,371,126394,92658,42397,39009,-3.6564570787195927,2026-10-04 18:59:56,2026-10-04 20:23:04,92774,37663,42227,4.91948175135275
SP,63614,COTIA,0286,187,67765,48718,22934,20075,-5.868467506876309,2026-10-04 18:12:07,2026-10-04 20:10:48,49007,19917,23056,6.405207419348256
SP,63630,CRAVINHOS,0293,84,27124,19091,12009,5301,-35.13697553821172,2026-10-04 19:24:28,2026-10-04 20:52:42,19325,11579,5988,-28.931435963777492
SP,63657,CRISTAIS PAULISTA,0240,22,7311,5362,3118,1798,-24.61767997016039,2026-10-04 17:57:26,2026-10-04 18:13:33,5495,2863,2193,-12.192902638762511
SP,63690,CRUZEIRO,0042,174,56188,41807,23478,13867,-22.988973138469635,2026-10-04 18:14:40,2026-10-04 20:20:34,43671,22497,16148,-14.538251929197866
SP,63673,CRUZÁLIA,0290,8,1966,1572,1051,446,-38.48600508905852,2026-10-04 18:46:40,2026-10-04 18:46:40,1597,917,560,-22.35441452723857
SP,63711,CUBATÃO,0119,303,90311,68407,30373,31652,1.8696916982180187,2026-10-04 18:19:04,2026-10-04 20:28:02,71072,29477,34848,7.557125168842863
SP,63738,CUNHA,0043,57,18135,13318,7621,4850,-20.806427391500225,2026-10-04 17:21:12,2026-10-04 19:12:22,13271,6496,5642,-6.4350840177831365
SP,63193,CÁSSIA DOS COQUEIROS,0032,10,2667,1946,1045,765,-14.388489208633093,2026-10-04 17:52:44,2026-10-04 17:52:44,1910,909,855,-2.8272251308900525
SP,63010,CÂNDIDO MOTA,0226,76,22894,17085,11608,4340,-42.54023997658765,2026-10-04 17:59:27,2026-10-04 18:56:03,17659,11256,5224,-34.15821960473413
SP,63037,CÂNDIDO RODRIGUES,0139,8,2853,2063,1435,526,-44.06204556471158,2026-10-04 17:51:50,2026-10-04 17:51:50,1898,1162,608,-29.188619599578505
SP,63754,DESCALVADO,0044,73,24907,17124,11312,4177,-41.666666666666664,2026-10-04 18:37:23,2026-10-04 19:02:30,17905,10961,5151,-32.44903658196035
SP,63770,DIADEMA,0222,253,87535,63445,25851,30493,7.316573410040192,2026-10-04 17:46:19,2026-10-04 19:00:27,67218,24630,33787,13.622839120473683
SP,63770,DIADEMA,0329,456,159315,115966,42211,62467,17.467188658744803,2026-10-04 18:12:23,2026-10-04 20:10:47,124645,39687,72378,26.227285490793854
SP,63770,DIADEMA,0426,228,84166,60154,21770,32634,18.06031186621006,2026-10-04 17:46:19,2026-10-04 19:04:05,64673,20202,38360,28.076631670094166
SP,61123,DIRCE REIS,0152,6,1702,1301,694,522,-13.220599538816295,2026-10-04 18:32:19,2026-10-04 18:32:19,1249,564,583,1.521216973578863
SP,63797,DIVINOLÂNDIA,0229,35,9543,7042,4814,1763,-43.32575972735018,2026-10-04 18:51:31,2026-10-04 18:51:31,7162,4445,2168,-31.792795308573023
SP,63819,DOBRADA,0170,20,6727,4936,2329,2273,-1.1345218800648298,2026-10-04 18:47:56,2026-10-04 19:05:25,4881,1919,2634,14.648637574267568
SP,63835,DOIS CÓRREGOS,0241,71,18565,13198,8674,3689,-37.77087437490529,2026-10-04 17:58:53,2026-10-04 18:41:18,13646,8201,4417,-27.72973765205921
SP,63851,DOLCINÓPOLIS,0233,8,2355,1806,736,972,13.067552602436324,2026-10-04 18:30:20,2026-10-04 18:45:10,1668,586,994,24.46043165467626
SP,63878,DOURADO,0107,22,6798,4939,2967,1578,-28.123101842478235,2026-10-04 18:41:18,2026-10-04 18:41:18,5110,2598,2074,-10.25440313111546
SP,63894,DRACENA,0149,98,33614,24428,17378,5457,-48.80055673816931,2026-10-04 17:54:32,2026-10-04 18:57:46,25574,16753,6933,-38.398373347931496
SP,63916,DUARTINA,0159,28,9858,7118,4219,2362,-26.08878898567013,2026-10-04 18:09:55,2026-10-04 18:09:55,7489,4023,2915,-14.795032714648151
SP,63932,DUMONT,0293,24,7337,5601,3615,1523,-37.35047312979825,2026-10-04 19:21:28,2026-10-04 20:14:35,5441,3232,1888,-24.701341665135086
SP,63959,ECHAPORÃ,0015,17,5070,3700,2418,1108,-35.4054054054054,2026-10-04 19:29:47,2026-10-04 19:29:47,3860,2248,1377,-22.564766839378237
SP,63975,ELDORADO,0148,50,10787,7375,3950,3061,-12.054237288135592,2026-10-04 17:31:44,2026-10-04 19:13:21,7901,3975,3509,-5.897987596506772
SP,63991,ELIAS FAUSTO,0358,43,13526,10259,6844,2714,-40.257335022906716,2026-10-04 19:24:28,2026-10-04 20:10:46,10356,6503,3224,-31.662804171494784
SP,61760,ELISIÁRIO,0040,9,2737,2085,1414,548,-41.534772182254194,2026-10-04 18:09:27,2026-10-04 18:09:27,2116,1321,657,-31.379962192816635
SP,61182,EMBAÚBA,0171,8,2448,1910,1170,655,-26.963350785340314,2026-10-04 19:00:57,2026-10-04 19:00:57,1806,965,748,-12.015503875968992
SP,64017,EMBU DAS ARTES,0341,327,101594,74283,31934,34639,3.6414792078941347,2026-10-04 18:13:51,2026-10-04 20:49:07,76021,28520,38653,13.329211665197775
SP,64017,EMBU DAS ARTES,0391,307,104795,76055,29260,39135,12.984024718953389,2026-10-04 18:20:14,2026-10-04 19:29:47,78476,25413,44624,24.480095825475306
SP,64033,EMBU-GUAÇU,0370,150,53717,37288,17338,15697,-4.4008796395623255,2026-10-04 17:57:25,2026-10-04 18:57:45,39301,15845,18458,6.648685784076741
SP,61387,EMILIANÓPOLIS,0165,8,2716,1969,1108,790,-16.150330116810565,2026-10-04 19:21:27,2026-10-04 19:21:27,2089,1022,990,-1.5318334131163236
SP,61689,ENGENHEIRO COELHO,0075,50,14967,11233,7129,3287,-34.20279533517315,2026-10-04 20:11:24,2026-10-04 20:11:24,11042,6495,3846,-23.990219163195075
SP,68659,ESPÍRITO SANTO DO PINHAL,0091,111,30946,22143,13097,6613,-29.28239172650499,2026-10-04 18:37:53,2026-10-04 19:29:10,23451,13157,7944,-22.22932923969127
SP,61140,ESPÍRITO SANTO DO TURVO,0114,10,3546,2509,1408,953,-18.134715025906736,2026-10-04 18:30:23,2026-10-04 18:30:23,2529,1189,1190,0.039541320680110716
SP,61662,ESTIVA GERBI,0216,27,9490,7206,4753,1990,-38.343047460449625,2026-10-04 19:25:38,2026-10-04 20:50:18,7222,4278,2378,-26.308501800055385
SP,64050,ESTRELA D'OESTE,0233,23,7128,5284,3592,1352,-42.39212717638153,2026-10-04 17:54:12,2026-10-04 18:23:58,5231,3180,1649,-29.267826419422672
SP,64076,ESTRELA DO NORTE,0261,8,2464,1851,881,869,-0.6482982171799028,2026-10-04 19:14:54,2026-10-04 19:14:54,1946,774,1031,13.206577595066804
SP,61000,EUCLIDES DA CUNHA PAULISTA,0330,21,6336,4368,1614,2581,22.138278388278387,2026-10-04 18:51:34,2026-10-04 18:51:34,4625,1468,2905,31.07027027027027
SP,64092,FARTURA,0234,39,12518,9119,5029,3335,-18.576598311218337,2026-10-04 18:32:17,2026-10-04 18:44:31,9507,4514,4143,-3.9023877143157675
SP,64130,FERNANDO PRESTES,0139,17,5086,3712,2465,995,-39.60129310344828,2026-10-04 18:11:13,2026-10-04 18:20:34,3753,2277,1229,-27.924327204902745
SP,64114,FERNANDÓPOLIS,0150,154,50193,36645,22834,11144,-31.900668576886343,2026-10-04 17:59:27,2026-10-04 18:31:58,38118,21512,13603,-20.748727635237945
SP,62286,FERNÃO,0047,6,1689,1257,854,335,-41.288782816229116,2026-10-04 19:07:51,2026-10-04 19:07:51,1138,680,388,-25.659050966608085
SP,64157,FERRAZ DE VASCONCELOS,0401,445,128931,96271,39648,46739,7.365665672944085,2026-10-04 17:59:27,2026-10-04 19:13:21,100058,37178,52030,14.843390833316676
SP,64173,FLORA RICA,0196,6,1428,1014,543,431,-11.045364891518737,2026-10-04 18:25:05,2026-10-04 18:25:05,1115,509,563,4.84304932735426
SP,64190,FLOREAL,0162,8,2670,1941,1105,707,-20.50489438433797,2026-10-04 18:26:00,2026-10-04 18:26:00,2037,1045,862,-8.98379970544919
SP,64238,FLORÍNEA,0290,8,2673,2006,1017,843,-8.673978065802592,2026-10-04 18:59:56,2026-10-04 18:59:56,2051,905,1021,5.655777669429547
SP,64211,FLÓRIDA PAULISTA,0157,24,7407,5449,3552,1651,-34.88713525417508,2026-10-04 20:53:21,2026-10-04 20:53:21,5886,3421,2161,-21.406727828746178
SP,64254,FRANCA,0046,351,119379,89787,55334,25771,-32.92570193903349,2026-10-04 17:46:19,2026-10-04 19:31:41,91822,53333,29271,-26.205048898956676
SP,64254,FRANCA,0291,381,122523,90660,53128,28428,-27.244650341936907,2026-10-04 18:32:19,2026-10-04 19:24:00,93037,51292,32855,-19.81684706084676
SP,64270,FRANCISCO MORATO,0367,353,126796,88167,33873,46068,13.831705740242947,2026-10-04 17:45:12,2026-10-04 19:25:38,95394,31939,55240,24.426064532360527
SP,64297,FRANCO DA ROCHA,0192,292,107865,73611,31599,34732,4.256157367784706,2026-10-04 18:30:50,2026-10-04 19:24:00,77011,29718,40231,13.65129656802275
SP,64319,GABRIEL MONTEIRO,0210,8,2682,2082,1497,483,-48.70317002881844,2026-10-04 18:37:23,2026-10-04 18:37:23,1987,1308,546,-38.34927025666835
SP,64351,GARÇA,0047,121,32368,23153,14942,6384,-36.9628125944802,2026-10-04 18:32:17,2026-10-04 20:07:48,24758,15286,7518,-31.375716939978997
SP,64378,GASTÃO VIDIGAL,0162,10,2869,2202,987,1077,4.087193460490464,2026-10-04 18:45:08,2026-10-04 18:45:08,2246,879,1229,15.583259127337488
SP,62308,GAVIÃO PEIXOTO,0013,14,4165,3064,1395,1455,1.95822454308094,2026-10-04 19:11:14,2026-10-04 19:11:14,3079,1142,1700,18.122767132185775
SP,64394,GENERAL SALGADO,0225,26,7966,5760,3732,1723,-34.87847222222222,2026-10-04 19:03:34,2026-10-04 19:03:34,6183,3632,2130,-24.292414685427786
SP,64416,GETULINA,0297,25,7043,4697,2684,1708,-20.77922077922078,2026-10-04 18:58:16,2026-10-04 19:11:47,5274,2713,2230,-9.158134243458475
SP,64432,GLICÉRIO,0289,16,3987,2942,1818,969,-28.85791978246091,2026-10-04 19:12:22,2026-10-04 19:12:22,2873,1556,1178,-13.156978767838496
SP,64475,GUAIMBÊ,0297,15,4479,3178,1750,1247,-15.827564505978604,2026-10-04 19:00:26,2026-10-04 19:00:26,3365,1549,1560,0.32689450222882616
SP,64459,GUAIÇARA,0297,29,8162,5722,3502,1835,-29.133170220202725,2026-10-04 18:59:23,2026-10-04 18:59:23,6056,3298,2384,-15.092470277410833
SP,64530,GUAPIARA,0037,52,13629,9789,4437,4821,3.9227704566349986,2026-10-04 17:59:27,2026-10-04 20:29:35,10353,4034,5763,16.70047329276538
SP,64513,GUAPIAÇU,0312,48,15943,11648,7292,3511,-32.46050824175824,2026-10-04 18:34:39,2026-10-04 18:43:22,11487,6667,3979,-23.40036563071298
SP,64599,GUARACI,0080,27,8095,6050,3064,2620,-7.338842975206612,2026-10-04 19:12:22,2026-10-04 19:12:22,6163,2682,3091,6.636378387149116
SP,64610,GUARANI D'OESTE,0302,5,1783,1308,625,605,-1.529051987767584,2026-10-04 19:29:09,2026-10-04 19:29:09,1297,541,661,9.252120277563609
SP,64637,GUARANTÃ,0031,17,4765,3438,2126,1095,-29.988365328679464,2026-10-04 18:36:22,2026-10-04 19:24:28,3702,2102,1409,-18.719611021069692
SP,64653,GUARARAPES,0151,78,23595,16901,11131,4633,-38.447429146204364,2026-10-04 17:41:13,2026-10-04 18:21:07,17893,11024,5512,-30.805342871514
SP,64670,GUARAREMA,0319,79,26373,19490,12347,5752,-33.83786557208825,2026-10-04 21:01:43,2026-10-04 21:08:21,19134,10917,6456,-23.314518657886484
SP,64696,GUARATINGUETÁ,0048,324,90805,69219,41429,20859,-29.717274158829223,2026-10-04 18:12:44,2026-10-04 19:13:22,72076,41721,22274,-26.981242022309782
SP,64572,GUARAÇAÍ,0153,21,6153,4437,2866,1314,-34.978589136804146,2026-10-04 18:59:56,2026-10-04 18:59:56,4823,2877,1666,-25.108853410740203
SP,64718,GUAREÍ,0140,28,8903,6523,4369,1731,-40.44151464050284,2026-10-04 20:12:59,2026-10-04 20:12:59,6870,4028,2328,-24.745269286754002
SP,64734,GUARIBA,0197,101,28368,21364,11439,8112,-15.572926418273731,2026-10-04 17:57:25,2026-10-04 21:10:28,21791,10551,9540,-4.639530081226194
SP,64750,GUARUJÁ,0212,368,130977,94631,49667,35988,-14.455093996681848,2026-10-04 18:33:51,2026-10-04 19:21:28,96878,48227,39247,-9.269390367266046
SP,64750,GUARUJÁ,0310,328,107936,77811,39865,30035,-12.63317525799694,2026-10-04 18:22:45,2026-10-04 20:16:32,81527,39684,33326,-7.79864339421296
SP,64777,GUARULHOS,0176,437,137298,105086,56330,36290,-19.07009496983423,2026-10-04 18:34:39,2026-10-04 19:29:45,108150,54995,37751,-15.944521497919556
SP,64777,GUARULHOS,0185,434,155300,114619,47572,55992,7.346077002940175,2026-10-04 18:13:33,2026-10-04 20:52:06,117353,43018,63172,17.17382597803209
SP,64777,GUARULHOS,0278,326,102735,79702,42877,27332,-19.503902035080674,2026-10-04 18:33:24,2026-10-04 20:55:04,80707,40668,27800,-15.944094068668145
SP,64777,GUARULHOS,0279,392,124490,93877,46680,37556,-9.719100525155257,2026-10-04 18:34:38,2026-10-04 19:20:45,96321,44862,40677,-4.344846918117544
SP,64777,GUARULHOS,0393,418,129906,98251,53601,33678,-20.277656207061504,2026-10-04 18:34:13,2026-10-04 20:11:24,99736,50660,35963,-14.735902783348038
SP,64777,GUARULHOS,0394,452,167885,123037,57179,53689,-2.8365451043182133,2026-10-04 18:33:24,2026-10-04 21:02:18,124782,53092,59307,4.980686316936738
SP,64777,GUARULHOS,0395,392,131294,98897,46939,42361,-4.62905851542514,2026-10-04 18:13:34,2026-10-04 20:58:03,101501,43883,47086,3.155633934641038
SP,64556,GUARÁ,0060,48,14159,10724,5566,4428,-10.61171204774338,2026-10-04 18:25:59,2026-10-04 18:42:19,10958,4806,5445,5.831356086877167
SP,61107,GUATAPARÁ,0293,20,5765,4008,2020,1705,-7.859281437125748,2026-10-04 19:22:51,2026-10-04 19:22:51,4283,1748,2245,11.604015876721924
SP,64491,GUAÍRA,0169,84,28555,19924,12619,5830,-34.07448303553503,2026-10-04 18:20:13,2026-10-04 19:20:43,20054,11247,7224,-20.06083574349257
SP,64793,GUZOLÂNDIA,0225,12,3558,2532,1286,1121,-6.516587677725118,2026-10-04 18:25:05,2026-10-04 18:25:05,2640,1157,1295,5.2272727272727275
SP,64335,GÁLIA,0047,19,4626,3355,1702,1424,-8.286140089418778,2026-10-04 18:46:39,2026-10-04 18:50:09,3698,1609,1838,6.192536506219578
SP,64815,HERCULÂNDIA,0184,20,6937,4947,3281,1452,-36.97190216292702,2026-10-04 19:03:33,2026-10-04 19:03:33,5239,2945,2020,-17.656041229242224
SP,61743,HOLAMBRA,0360,35,12570,9703,6538,2335,-43.316500051530454,2026-10-04 19:09:29,2026-10-04 20:15:36,,,,
SP,61727,HORTOLÂNDIA,0361,489,164481,125800,66202,47873,-14.569952305246423,2026-10-04 18:15:43,2026-10-04 19:24:01,126204,60988,54556,-5.096510411714367
SP,64831,IACANGA,0049,31,8269,6235,4188,1660,-40.54530874097835,2026-10-04 18:32:00,2026-10-04 18:50:09,6441,3943,2098,-28.64462040055892
SP,64858,IACRI,0184,16,4766,3389,2338,892,-42.667453526113896,2026-10-04 19:07:54,2026-10-04 19:07:54,3757,2335,1214,-29.837636412030875
SP,61085,IARAS,0205,18,4414,2929,1407,1335,-2.458176852167975,2026-10-04 18:39:18,2026-10-04 18:39:18,3008,1252,1589,11.20345744680851
SP,64874,IBATÉ,0410,103,26265,18686,10283,6914,-18.02954083270898,2026-10-04 19:22:55,2026-10-04 19:22:55,18838,8646,8432,-1.1360016986941288
SP,64912,IBIRAREMA,0083,14,5070,3783,2605,981,-42.92889241342849,2026-10-04 19:20:46,2026-10-04 19:20:46,3883,2505,1142,-35.101725469997426
SP,64890,IBIRÁ,0179,31,9094,7081,4868,1828,-42.93178929529727,2026-10-04 18:57:46,2026-10-04 18:57:46,6868,4369,2100,-33.03727431566686
SP,64939,IBITINGA,0049,144,41272,30660,19795,8698,-36.193737769080236,2026-10-04 17:57:25,2026-10-04 18:33:51,31875,19051,10565,-26.622745098039214
SP,64955,IBIÚNA,0191,192,61951,44498,28049,12381,-35.21057126162974,2026-10-04 17:36:53,2026-10-04 20:19:03,44586,25646,13710,-26.77073520836137
SP,64971,ICÉM,0078,22,6049,4556,2435,1843,-12.993854258121159,2026-10-04 18:47:57,2026-10-04 18:59:56,4691,2220,2146,-1.5774888083564271
SP,64998,IEPÊ,0106,19,5971,4576,2823,1494,-29.042832167832167,2026-10-04 17:55:29,2026-10-04 18:12:07,4810,2670,1842,-17.214137214137214
SP,65030,IGARAPAVA,0050,62,19718,14138,7253,5687,-11.076531333993493,2026-10-04 17:30:41,2026-10-04 18:10:55,14666,6432,6997,3.8524478385381156
SP,65056,IGARATÁ,0115,28,9443,6945,4241,2078,-31.144708423326133,2026-10-04 19:11:13,2026-10-04 19:11:13,6693,3659,2318,-20.035858359480052
SP,65013,IGARAÇU DO TIETÊ,0200,59,17539,12897,7652,4316,-25.866480576878345,2026-10-04 18:09:27,2026-10-04 18:34:39,13468,7078,5316,-13.082863082863083
SP,65072,IGUAPE,0051,72,22106,15736,8806,6014,-17.742755465175392,2026-10-04 17:27:44,2026-10-04 19:11:47,15909,8490,6182,-14.507511471494123
SP,62006,ILHA COMPRIDA,0051,37,13297,8448,4498,3332,-13.802083333333334,2026-10-04 19:11:14,2026-10-04 19:11:14,8289,4224,3360,-10.423452768729641
SP,61204,ILHA SOLTEIRA,0368,63,20245,13435,7282,5065,-16.50167473018236,2026-10-04 18:14:20,2026-10-04 18:26:00,14429,7173,5735,-9.96604061265507
SP,65099,ILHABELA,0132,103,31086,22426,12001,8385,-16.12414162133238,2026-10-04 17:21:55,2026-10-04 20:58:51,21565,10850,8576,-10.544864363552051
SP,65110,INDAIATUBA,0211,571,192534,148473,89515,43398,-31.060866285452573,2026-10-04 18:32:19,2026-10-04 19:24:28,142608,80147,45933,-23.991641422641084
SP,65137,INDIANA,0071,14,4063,3142,2042,939,-35.10502864417568,2026-10-04 18:26:25,2026-10-04 18:26:25,3177,1870,1105,-24.07932011331445
SP,65153,INDIAPORÃ,0302,10,3164,2360,1219,997,-9.40677966101695,2026-10-04 18:56:33,2026-10-04 18:56:33,2394,1099,1141,1.7543859649122806
SP,65170,INÚBIA PAULISTA,0069,10,3159,2412,1750,551,-49.70978441127695,2026-10-04 18:12:43,2026-10-04 18:12:43,2386,1656,603,-44.13243922883487
SP,65196,IPAUSSU,0114,28,9987,7555,4762,2163,-34.40105890138981,2026-10-04 18:28:27,2026-10-04 18:28:27,7851,4415,2786,-20.748949178448605
SP,65218,IPERÓ,0369,59,21605,15206,7950,5940,-13.21846639484414,2026-10-04 19:00:55,2026-10-04 20:59:24,15435,7110,6964,-0.9459021703919663
SP,65234,IPEÚNA,0245,21,5852,4268,2967,1047,-44.98594189315839,2026-10-04 19:00:54,2026-10-04 19:04:47,4195,2716,1202,-36.090584028605484
SP,62243,IPIGUÁ,0312,15,4916,3549,2432,915,-42.74443505212736,2026-10-04 18:57:46,2026-10-04 19:13:22,3295,2125,962,-35.295902883156295
SP,65250,IPORANGA,0148,13,3303,2386,957,1298,14.291701592623637,2026-10-04 18:19:04,2026-10-04 19:20:45,2314,853,1279,18.409680207433016
SP,65277,IPUÃ,0123,32,11207,8366,4115,3636,-5.72555582118097,2026-10-04 19:31:41,2026-10-04 20:07:49,8730,3640,4636,11.40893470790378
SP,65293,IRACEMÁPOLIS,0243,60,17617,14007,9319,3687,-40.20846719497394,2026-10-04 19:20:44,2026-10-04 19:20:44,14230,9083,4206,-34.272663387210116
SP,65331,IRAPURU,0196,17,4556,3253,1984,1088,-27.543805717798953,2026-10-04 18:28:28,2026-10-04 18:28:28,3541,1966,1341,-17.65038124823496
SP,65315,IRAPUÃ,0207,20,5489,4008,2885,990,-47.28043912175649,2026-10-04 18:59:23,2026-10-04 21:02:49,3979,2706,1146,-39.20583061070621
SP,65358,ITABERÁ,0236,47,13507,10242,5931,3744,-21.353251318101933,2026-10-04 17:51:33,2026-10-04 20:57:30,,,,
SP,65390,ITAJOBI,0079,39,12328,9467,6929,2044,-51.60029576423366,2026-10-04 18:47:56,2026-10-04 18:56:31,9411,6566,2313,-45.191796833492724
SP,65412,ITAJU,0019,9,3176,2329,1406,774,-27.136109918419923,2026-10-04 18:16:54,2026-10-04 18:16:54,2258,1319,799,-23.029229406554474
SP,65439,ITANHAÉM,0189,248,85052,57629,29274,23188,-10.560655225667633,2026-10-04 18:46:41,2026-10-04 20:02:18,57652,27950,24162,-6.5704572261153125
SP,61603,ITAOCA,0010,12,3039,2197,964,1144,8.192990441511151,2026-10-04 19:23:28,2026-10-04 19:23:28,2118,859,1149,13.692162417374883
SP,65455,ITAPECERICA DA SERRA,0201,361,124081,90833,37068,44540,8.226085233340307,2026-10-04 18:33:51,2026-10-04 20:53:20,92314,32388,49701,18.754468444656283
SP,65471,ITAPETININGA,0052,386,114451,84328,55271,22147,-39.27995446352338,2026-10-04 17:25:24,2026-10-04 21:29:24,85772,51589,25764,-30.1088933451476
SP,65498,ITAPEVA,0053,226,68478,49293,30581,15240,-31.122066013429897,2026-10-04 18:33:50,2026-10-04 20:22:33,51549,29115,18108,-21.352499563522088
SP,65510,ITAPEVI,0359,487,168609,118929,49798,56175,5.362022719437648,2026-10-04 17:55:45,2026-10-04 20:10:47,122712,44409,65327,17.046417628267815
SP,65536,ITAPIRA,0054,161,53362,39488,25885,10212,-39.69053889789303,2026-10-04 17:32:43,2026-10-04 18:41:17,40783,24638,12168,-30.576465684231174
SP,61948,ITAPIRAPUÃ PAULISTA,0010,10,3305,2404,1315,990,-13.519134775374376,2026-10-04 20:47:30,2026-10-04 20:50:52,2443,913,1402,20.016373311502253
SP,65579,ITAPORANGA,0056,36,11006,7948,4862,2636,-28.007045797684953,2026-10-04 18:12:44,2026-10-04 18:16:29,8125,4301,3237,-13.095384615384615
SP,65617,ITAPURA,0368,12,3647,2530,793,1583,31.225296442687746,2026-10-04 18:44:33,2026-10-04 18:47:58,2507,589,1721,45.15357000398883
SP,65595,ITAPUÍ,0241,34,9473,7125,4349,2256,-29.37543859649123,2026-10-04 17:44:13,2026-10-04 18:21:59,7469,3953,2932,-13.669835319319855
SP,65633,ITAQUAQUECETUBA,0377,319,105873,74014,32907,33528,0.839030453697949,2026-10-04 18:14:40,2026-10-04 19:24:28,78417,31381,38509,9.089865717892804
SP,65633,ITAQUAQUECETUBA,0419,428,152146,107363,47003,49988,2.7802874360813314,2026-10-04 18:33:24,2026-10-04 20:57:31,107188,41487,55266,12.854983766839572
SP,65650,ITARARÉ,0057,113,33780,24027,15088,7095,-33.26674158238648,2026-10-04 18:14:41,2026-10-04 20:31:17,25013,13921,8638,-21.121017071123017
SP,65676,ITARIRI,0295,29,9789,6831,4051,2381,-24.44737227345923,2026-10-04 20:10:45,2026-10-04 20:10:45,6666,3761,2426,-20.027002700270028
SP,65692,ITATIBA,0058,243,85162,65048,40307,18113,-34.119419505595864,2026-10-04 17:53:54,2026-10-04 19:12:23,64389,37409,19338,-28.065352777648357
SP,65714,ITATINGA,0026,45,14071,9981,5954,3203,-27.562368500150285,2026-10-04 19:12:22,2026-10-04 20:46:28,10194,5388,3987,-13.743378457916421
SP,65374,ITAÍ,0301,46,16732,12244,6532,4939,-13.010454099967331,2026-10-04 19:23:28,2026-10-04 20:58:51,12611,5450,6206,5.994766473713425
SP,65730,ITIRAPINA,0245,35,10400,7342,4246,2573,-22.786706619449742,2026-10-04 18:57:46,2026-10-04 18:57:46,7476,3995,2961,-13.830925628678438
SP,65757,ITIRAPUÃ,0046,16,5150,3639,1709,1685,-0.6595218466611706,2026-10-04 18:51:31,2026-10-04 18:51:31,3659,1536,1906,10.112052473353375
SP,65773,ITOBI,0039,18,6007,4447,2606,1516,-24.510906228918373,2026-10-04 18:42:20,2026-10-04 18:42:20,4648,2302,2022,-6.024096385542169
SP,65790,ITU,0059,373,128825,91935,55736,26916,-31.348235166149998,2026-10-04 18:12:22,2026-10-04 21:43:26,93650,53081,30597,-24.00854244527496
SP,65811,ITUPEVA,0065,146,48390,35534,21462,10639,-30.458152755107783,2026-10-04 18:37:54,2026-10-04 19:13:55,33875,19034,11532,-22.146125461254613
SP,65838,ITUVERAVA,0060,99,27366,19855,11847,6613,-26.36111810627046,2026-10-04 17:46:19,2026-10-04 19:11:14,20791,11363,7924,-16.5408109278053
SP,65552,ITÁPOLIS,0055,88,28904,21513,14916,5184,-45.23776321294101,2026-10-04 18:34:39,2026-10-04 19:29:09,21907,14089,6331,-35.41333820240106
SP,65854,JABORANDI,0178,14,5006,3789,2035,1469,-14.937978358405912,2026-10-04 18:57:47,2026-10-04 18:57:47,3977,1920,1876,-1.1063615790797083
SP,65870,JABOTICABAL,0061,161,50931,37446,22901,11143,-31.399882497463015,2026-10-04 18:32:20,2026-10-04 19:14:22,38852,22218,12713,-24.464635025223927
SP,65897,JACAREÍ,0062,283,80628,61347,35695,19824,-25.87086573100559,2026-10-04 18:30:50,2026-10-04 20:11:58,63035,33955,21427,-19.87467280082494
SP,65897,JACAREÍ,0396,270,90766,68692,40072,22077,-26.19664589763,2026-10-04 18:14:19,2026-10-04 19:29:45,69011,37656,22975,-21.273420179391692
SP,65919,JACI,0072,15,5828,4294,2553,1439,-25.943176525384256,2026-10-04 20:13:31,2026-10-04 20:13:31,4300,2315,1643,-15.627906976744185
SP,65935,JACUPIRANGA,0228,46,12334,8924,5889,2404,-39.05199462124608,2026-10-04 17:54:13,2026-10-04 18:28:28,9218,5772,2799,-32.25211542633977
SP,65951,JAGUARIÚNA,0333,144,45186,33993,21186,9461,-34.492395493189775,2026-10-04 18:51:33,2026-10-04 19:14:54,33446,18943,10736,-24.538061352628116
SP,65978,JALES,0152,125,36025,26958,18113,7063,-40.98968766228949,2026-10-04 18:00:40,2026-10-04 18:42:20,27742,17315,8221,-32.78062144041525
SP,65994,JAMBEIRO,0029,16,4996,3766,2255,1191,-28.25278810408922,2026-10-04 19:29:45,2026-10-04 19:29:45,3784,2075,1341,-19.397463002114165
SP,66010,JANDIRA,0304,232,76022,56217,25516,24546,-1.7254567123823754,2026-10-04 18:48:53,2026-10-04 19:31:06,60791,25078,28770,6.0732674244542775
SP,66036,JARDINÓPOLIS,0204,81,29784,21180,13263,6140,-33.63078375826251,2026-10-04 17:45:12,2026-10-04 18:30:21,21099,12716,6812,-27.982368832646095
SP,66052,JARINU,0344,77,26768,19000,11454,5802,-29.74736842105263,2026-10-04 18:45:11,2026-10-04 19:29:45,,,,
SP,66079,JAÚ,0063,330,98725,75344,51878,17705,-45.35596729666596,2026-10-04 17:59:27,2026-10-04 19:03:33,77762,51027,19992,-39.910238934183795
SP,66095,JERIQUARA,0155,10,3344,2549,1270,1060,-8.23852491173009,2026-10-04 18:59:22,2026-10-04 18:59:22,2404,1047,1221,7.237936772046589
SP,66117,JOANÓPOLIS,0092,31,9451,7188,4751,1865,-40.15025041736227,2026-10-04 19:00:56,2026-10-04 19:11:13,7282,4425,2232,-30.1153529250206
SP,66150,JOSÉ BONIFÁCIO,0064,83,27281,20273,13238,5461,-38.36136733586544,2026-10-04 18:11:15,2026-10-04 18:39:51,20663,12381,6792,-27.04834728742196
SP,66133,JOÃO RAMALHO,0106,13,3518,2438,1369,949,-17.227235438884332,2026-10-04 18:12:04,2026-10-04 18:12:04,2579,1288,1151,-5.312136487010469
SP,62324,JUMIRIM,0142,7,2457,1841,1218,491,-39.48940793047257,2026-10-04 18:26:58,2026-10-04 18:26:58,1790,1059,598,-25.75418994413408
SP,66192,JUNDIAÍ,0065,276,94871,71072,39849,22567,-24.316186402521385,2026-10-04 18:26:58,2026-10-04 21:45:38,69149,36867,23511,-19.314812940172672
SP,66192,JUNDIAÍ,0281,428,159671,118930,70088,35124,-29.398806020348104,2026-10-04 18:30:50,2026-10-04 19:20:43,120808,67366,37392,-24.81127077676975
SP,66192,JUNDIAÍ,0424,270,83309,61830,35943,18873,-27.607957302280447,2026-10-04 17:51:33,2026-10-04 19:20:43,62468,34361,19498,-23.792982006787476
SP,66214,JUNQUEIRÓPOLIS,0196,50,14112,10173,6784,2679,-40.35191192371965,2026-10-04 18:21:56,2026-10-04 18:21:56,10232,6269,3257,-29.437060203283817
SP,66257,JUQUITIBA,0201,76,22815,16845,8344,6972,-8.144850103888395,2026-10-04 18:32:18,2026-10-04 20:39:29,17213,7395,8038,3.735548713181897
SP,66230,JUQUIÁ,0223,65,15229,10433,6200,3585,-25.064698552669416,2026-10-04 18:32:19,2026-10-04 20:07:49,10872,6149,3943,-20.2906548933039
SP,66176,JÚLIO MESQUITA,0031,12,3690,2611,1281,1188,-3.561853695901953,2026-10-04 18:48:53,2026-10-04 19:31:06,2876,1188,1541,12.273991655076495
SP,66273,LAGOINHA,0128,16,5475,4054,2298,1392,-22.348297977306363,2026-10-04 18:30:21,2026-10-04 19:12:20,3989,1875,1532,-8.598646277262471
SP,66290,LARANJAL PAULISTA,0142,69,20780,15167,10912,3192,-50.89998022021494,2026-10-04 17:58:53,2026-10-04 18:48:56,15784,10438,4206,-39.48302078053725
SP,66338,LAVRINHAS,0042,22,6102,4703,2430,1822,-12.927918349989369,2026-10-04 18:22:18,2026-10-04 20:22:05,4799,2097,2241,3.000625130235466
SP,66311,LAVÍNIA,0146,15,3884,2839,1604,1062,-19.091229306093695,2026-10-04 19:20:43,2026-10-04 19:20:43,2892,1421,1293,-4.426002766251729
SP,66354,LEME,0188,209,72901,53762,34155,15762,-34.211896878836356,2026-10-04 17:58:52,2026-10-04 19:07:12,54930,32298,17762,-26.46277079919898
SP,66370,LENÇÓIS PAULISTA,0161,194,50784,37997,26942,8014,-49.814459036239704,2026-10-04 17:30:40,2026-10-04 19:16:40,38525,26103,9201,-43.872809863724854
SP,66397,LIMEIRA,0066,367,109309,85887,59625,19427,-46.80335790049716,2026-10-04 18:13:33,2026-10-04 19:07:56,87709,59191,21031,-43.50750778141354
SP,66397,LIMEIRA,0399,367,110174,85563,59158,19673,-46.14728328833725,2026-10-04 17:58:53,2026-10-04 18:57:46,85992,57677,21776,-41.749232486742955
SP,66419,LINDÓIA,0134,22,5869,4486,3103,1095,-44.76148016049933,2026-10-04 19:07:52,2026-10-04 19:07:52,4458,2877,1264,-36.182144459398835
SP,66435,LINS,0067,186,53771,38363,26053,9307,-43.65143497640956,2026-10-04 18:27:22,2026-10-04 19:22:50,40783,26867,10737,-39.55079322266631
SP,66451,LORENA,0068,194,61172,46998,28205,14475,-29.2140091067705,2026-10-04 18:13:51,2026-10-04 19:31:05,48045,27742,15040,-26.437714642522636
SP,62022,LOURDES,0214,7,1877,1430,850,438,-28.81118881118881,2026-10-04 18:34:12,2026-10-04 18:34:12,1420,803,529,-19.295774647887324
SP,66478,LOUVEIRA,0345,104,39253,29690,18102,8855,-31.14516672280229,2026-10-04 18:56:05,2026-10-04 20:53:21,29260,16703,9798,-23.59876965140123
SP,66516,LUCIANÓPOLIS,0159,7,2146,1580,843,657,-11.772151898734178,2026-10-04 18:10:55,2026-10-04 18:10:55,1623,767,780,0.8009858287122612
SP,66494,LUCÉLIA,0069,50,13549,9502,6101,2762,-35.13997053251947,2026-10-04 17:36:03,2026-10-04 17:58:53,9931,5736,3389,-23.63306817037559
SP,66559,LUIZIÂNIA,0289,15,3792,2897,1719,1050,-23.09285467725233,2026-10-04 19:07:55,2026-10-04 19:07:55,2907,1502,1240,-9.012727898176815
SP,66575,LUPÉRCIO,0180,15,3317,2398,1280,993,-11.968306922435362,2026-10-04 18:45:43,2026-10-04 18:45:43,2570,1229,1193,-1.4007782101167314
SP,66591,LUTÉCIA,0012,8,2380,1804,968,747,-12.250554323725055,2026-10-04 18:16:26,2026-10-04 18:46:40,1859,919,865,-2.9047875201721354
SP,66532,LUÍS ANTÔNIO,0133,27,10065,7170,3859,2706,-16.08089260808926,2026-10-04 18:26:55,2026-10-04 18:26:55,7263,3384,3302,-1.1290100509431364
SP,66613,MACATUBA,0086,44,12402,9492,6232,2586,-38.41129372102824,2026-10-04 19:04:49,2026-10-04 19:20:45,9991,6231,3000,-32.339105194675206
SP,66630,MACAUBAL,0077,18,5924,4614,3176,1161,-43.67143476376246,2026-10-04 19:32:07,2026-10-04 20:07:50,4627,2972,1277,-36.63280743462287
SP,66656,MACEDÔNIA,0302,11,4105,2923,1827,898,-31.782415326719125,2026-10-04 18:48:54,2026-10-04 18:48:54,2695,1486,1051,-16.14100185528757
SP,66672,MAGDA,0162,9,2793,2117,1225,789,-20.59518186112423,2026-10-04 18:45:44,2026-10-04 18:45:44,2111,1097,877,-10.421601136901943
SP,66699,MAIRINQUE,0131,119,38466,28137,14763,10289,-15.900771226498916,2026-10-04 18:22:47,2026-10-04 20:55:04,29179,13674,12044,-5.586209260084307
SP,66710,MAIRIPORÃ,0237,209,65733,48131,27633,16105,-23.9512995782344,2026-10-04 18:12:05,2026-10-04 19:13:53,48645,25893,17784,-16.669750231267344
SP,66737,MANDURI,0094,22,7096,5234,3140,1603,-29.365685899885364,2026-10-04 19:00:23,2026-10-04 19:00:23,5421,2853,2007,-15.605976757055894
SP,66753,MARABÁ PAULISTA,0102,10,3188,2168,998,1071,3.367158671586716,2026-10-04 20:18:06,2026-10-04 20:22:04,2232,800,1305,22.625448028673834
SP,66770,MARACAÍ,0290,41,10406,8027,5095,2450,-32.9512893982808,2026-10-04 18:14:40,2026-10-04 19:13:22,8289,4833,2943,-22.80130293159609
SP,61867,MARAPOAMA,0079,9,2797,2202,1646,440,-54.76839237057221,2026-10-04 18:44:33,2026-10-04 18:44:33,2085,1472,491,-47.05035971223022
SP,66834,MARINÓPOLIS,0232,7,1754,1377,749,562,-13.580246913580247,2026-10-04 17:21:55,2026-10-04 17:21:55,1366,668,608,-4.392386530014641
SP,66796,MARIÁPOLIS,0157,10,2872,2208,1273,784,-22.14673913043478,2026-10-04 18:47:56,2026-10-04 18:47:56,2286,1195,930,-11.592300962379703
SP,66850,MARTINÓPOLIS,0071,61,18046,13175,8092,4223,-29.366223908918407,2026-10-04 18:18:47,2026-10-04 18:45:11,13847,7885,4944,-21.23925760092439
SP,66818,MARÍLIA,0070,282,84424,60577,39852,16035,-39.31690245472704,2026-10-04 18:12:22,2026-10-04 20:36:55,63989,39766,18621,-33.04474206504243
SP,66818,MARÍLIA,0400,297,88512,64775,43326,16406,-41.55924353531455,2026-10-04 18:12:07,2026-10-04 19:14:53,68370,43446,19103,-35.60479742577154
SP,66877,MATÃO,0170,218,63725,47318,28421,15256,-27.822393169618326,2026-10-04 18:14:39,2026-10-04 19:12:22,48983,26555,18195,-17.067145744441948
SP,66893,MAUÁ,0217,273,89060,65471,30283,27338,-4.498174764399505,2026-10-04 18:20:35,2026-10-04 19:14:54,68813,29070,30580,2.194352811242062
SP,66893,MAUÁ,0339,303,98876,70015,29741,32579,4.053417124901807,2026-10-04 18:42:19,2026-10-04 21:08:21,74694,28566,37369,11.785417838112833
SP,66893,MAUÁ,0365,351,122471,87201,35876,42169,7.216660359399548,2026-10-04 18:30:20,2026-10-04 19:24:00,93467,34560,48806,15.241743075096023
SP,66915,MENDONÇA,0064,15,5260,3891,2407,1301,-28.424569519403754,2026-10-04 19:22:03,2026-10-04 19:22:03,3744,2068,1475,-15.838675213675213
SP,66931,MERIDIANO,0302,12,3765,2839,1683,958,-25.5371609721733,2026-10-04 18:39:18,2026-10-04 18:50:12,2820,1448,1136,-11.063829787234043
SP,61964,MESÓPOLIS,0427,7,1887,1391,818,513,-21.92667145938174,2026-10-04 18:43:23,2026-10-04 18:43:23,1347,691,578,-8.389012620638455
SP,66958,MIGUELÓPOLIS,0208,52,15123,11147,6124,4441,-15.098232708352024,2026-10-04 18:00:39,2026-10-04 18:33:24,11251,5281,5443,1.4398720113767665
SP,66974,MINEIROS DO TIETÊ,0241,33,8683,6313,4286,1592,-42.673847616030415,2026-10-04 17:44:13,2026-10-04 18:25:59,6709,4214,1937,-33.93948427485467
SP,67016,MIRA ESTRELA,0224,8,2892,2125,1237,785,-21.270588235294117,2026-10-04 19:14:22,2026-10-04 19:14:22,1986,1021,843,-8.962739174219537
SP,66990,MIRACATU,0218,58,15311,10630,6295,3758,-23.866415804327374,2026-10-04 18:00:40,2026-10-04 18:55:29,10985,6345,3876,-22.476103777878926
SP,67032,MIRANDÓPOLIS,0153,62,17999,12534,8475,3216,-41.9578745811393,2026-10-04 18:34:13,2026-10-04 18:46:41,13580,8615,4021,-33.82916053019146
SP,67059,MIRANTE DO PARANAPANEMA,0165,43,12713,8848,3937,4500,6.363019891500904,2026-10-04 18:21:08,2026-10-04 19:10:40,9612,3529,5551,21.036204744069913
SP,67075,MIRASSOL,0072,132,43661,32754,21179,8899,-37.49160407889113,2026-10-04 17:53:54,2026-10-04 18:57:47,33326,20478,9989,-31.473924263337935
SP,67091,MIRASSOLÂNDIA,0072,11,4130,3061,1892,986,-29.598170532505716,2026-10-04 19:22:55,2026-10-04 19:22:55,3096,1790,1083,-22.835917312661497
SP,67113,MOCOCA,0073,156,49126,34715,21848,9944,-34.290652455710784,2026-10-04 17:44:13,2026-10-04 21:13:03,36018,20952,11594,-25.98145371758565
SP,67130,MOGI DAS CRUZES,0074,307,95849,70307,36912,24829,-17.186055442559063,2026-10-04 18:59:56,2026-10-04 20:51:31,73462,35643,26307,-12.708611254798399
SP,67130,MOGI DAS CRUZES,0319,216,76409,54909,29426,19327,-18.392248993789725,2026-10-04 18:38:14,2026-10-04 21:45:38,55623,27471,20782,-12.025600920482534
SP,67156,MOGI GUAÇU,0216,348,114358,86540,57443,21740,-41.256066558816734,2026-10-04 18:42:18,2026-10-04 20:32:59,88471,56927,23998,-37.22010602344271
SP,67172,MOGI MIRIM,0075,215,67646,50976,33902,12646,-41.69805398618958,2026-10-04 18:36:21,2026-10-04 19:10:40,51826,32982,13896,-36.82707521321345
SP,67199,MOMBUCA,0038,11,3151,2344,1613,577,-44.19795221843003,2026-10-04 19:11:48,2026-10-04 19:11:48,2433,1511,750,-31.278257295519936
SP,67237,MONGAGUÁ,0189,148,50491,32905,15684,14198,-4.516030998328522,2026-10-04 18:37:23,2026-10-04 19:30:36,33522,15084,15100,0.04772984905435237
SP,67253,MONTE ALEGRE DO SUL,0008,22,6336,4764,3096,1270,-38.329135180520574,2026-10-04 18:48:56,2026-10-04 21:20:27,4824,2915,1410,-31.198175787728026
SP,67270,MONTE ALTO,0076,116,36025,26336,17490,6401,-42.10586269744836,2026-10-04 17:57:26,2026-10-04 18:39:17,27002,16803,7611,-34.04192282053181
SP,67296,MONTE APRAZÍVEL,0077,51,16980,12474,7723,3829,-31.21693121693122,2026-10-04 17:58:53,2026-10-04 18:39:52,12853,7499,4388,-24.204465883451334
SP,67318,MONTE AZUL PAULISTA,0171,45,14242,10609,7069,2763,-40.588179847299465,2026-10-04 18:09:25,2026-10-04 18:26:55,10815,6442,3512,-27.092001849283402
SP,67334,MONTE CASTELO,0175,11,3327,2521,1442,973,-18.603728679095596,2026-10-04 18:26:55,2026-10-04 18:26:55,2721,1306,1288,-0.6615214994487321
SP,67377,MONTE MOR,0358,161,47316,34526,18255,13140,-14.814922087702021,2026-10-04 18:30:19,2026-10-04 19:20:43,34171,16563,14720,-5.393462292587282
SP,67350,MONTEIRO LOBATO,0282,13,3833,2930,1561,1179,-13.03754266211604,2026-10-04 19:22:56,2026-10-04 19:22:56,2943,1386,1286,-3.397893306150187
SP,67210,MONÇÕES,0162,7,2121,1649,985,550,-26.379624014554274,2026-10-04 18:46:40,2026-10-04 18:46:40,1521,806,576,-15.121630506245891
SP,67393,MORRO AGUDO,0336,61,20181,14917,8632,5236,-22.76597171012938,2026-10-04 18:41:16,2026-10-04 19:04:03,15293,7846,6393,-9.501078924998366
SP,67415,MORUNGABA,0058,31,10613,8141,5462,2073,-41.62879253163002,2026-10-04 19:11:12,2026-10-04 19:11:12,8115,4891,2516,-29.266789895255698
SP,61069,MOTUCA,0239,11,3384,2499,1244,1098,-5.842336934773909,2026-10-04 18:38:14,2026-10-04 18:43:23,2659,1157,1319,6.092515983452426
SP,67431,MURUTINGA DO SUL,0009,13,3341,2452,1590,755,-34.05383360522023,2026-10-04 18:36:20,2026-10-04 18:36:20,2591,1503,964,-20.802778849864918
SP,62340,NANTES,0167,7,2206,1629,881,672,-12.829957028852057,2026-10-04 17:35:18,2026-10-04 17:35:18,,,,
SP,67458,NARANDIBA,0261,13,4458,3437,1749,1459,-8.437590922315973,2026-10-04 19:30:37,2026-10-04 20:59:25,3443,1430,1786,10.33981992448446
SP,67474,NATIVIDADE DA SERRA,0084,22,5669,4176,2508,1341,-27.945402298850574,2026-10-04 17:44:13,2026-10-04 18:37:22,4101,2206,1535,-16.361862960253596
SP,67490,NAZARÉ PAULISTA,0016,47,14473,10656,6534,3115,-32.085210210210214,2026-10-04 20:47:30,2026-10-04 20:50:17,10663,5805,3793,-18.868986214011066
SP,67512,NEVES PAULISTA,0072,22,7059,5275,3180,1709,-27.886255924170616,2026-10-04 18:45:11,2026-10-04 18:48:57,5593,3076,2105,-17.360986947970677
SP,67539,NHANDEARA,0162,25,7745,5666,3928,1384,-44.89939992940346,2026-10-04 18:14:19,2026-10-04 18:25:59,5916,3756,1736,-34.1446923597025
SP,67555,NIPOÃ,0077,12,3881,2882,1703,994,-24.60097154753643,2026-10-04 18:51:32,2026-10-04 18:51:32,2855,1523,1175,-12.189141856392295
SP,67571,NOVA ALIANÇA,0126,18,5431,3978,2578,1156,-35.74660633484163,2026-10-04 18:42:17,2026-10-04 18:42:17,3972,2379,1311,-26.88821752265861
SP,61980,NOVA CAMPINA,0053,23,6959,5225,3031,1915,-21.358851674641148,2026-10-04 17:55:28,2026-10-04 20:10:45,5352,2575,2470,-1.9618834080717489
SP,61425,NOVA CANAÃ PAULISTA,0187,7,2275,1579,816,645,-10.829639012032933,2026-10-04 18:47:57,2026-10-04 18:47:57,1412,642,651,0.6373937677053825
SP,62367,NOVA CASTILHO,0225,4,1375,1046,659,324,-32.02676864244742,2026-10-04 19:00:27,2026-10-04 19:00:27,986,571,355,-21.906693711967545
SP,67598,NOVA EUROPA,0013,26,7172,5293,2485,2382,-1.9459663706782544,2026-10-04 19:20:44,2026-10-04 19:20:44,5716,2260,3035,13.558432470258923
SP,67610,NOVA GRANADA,0078,51,14794,10658,5963,4018,-18.249202477012574,2026-10-04 18:34:13,2026-10-04 19:00:57,11362,5574,5130,-3.9077627178313676
SP,67636,NOVA GUATAPORANGA,0175,10,2019,1451,792,605,-12.887663680220538,2026-10-04 18:16:54,2026-10-04 18:16:54,1431,654,713,4.122990915443745
SP,67652,NOVA INDEPENDÊNCIA,0009,14,3505,2509,1451,945,-20.16739736946991,2026-10-04 18:36:21,2026-10-04 18:59:56,2508,1238,1145,-3.708133971291866
SP,67679,NOVA LUZITÂNIA,0162,8,2635,2001,967,882,-4.2478760619690155,2026-10-04 18:46:40,2026-10-04 18:46:40,2095,872,1092,10.501193317422434
SP,67695,NOVA ODESSA,0292,143,47408,37161,22205,11562,-28.640241112994808,2026-10-04 18:32:01,2026-10-04 18:47:57,36357,20467,12583,-21.684957504744617
SP,61409,NOVAIS,0179,14,3922,2917,1781,996,-26.911210147411726,2026-10-04 18:30:49,2026-10-04 18:30:49,2757,1563,1064,-18.099383387740296
SP,67717,NOVO HORIZONTE,0079,90,28606,20772,14302,5217,-43.736761024456,2026-10-04 17:46:19,2026-10-04 18:45:10,21690,13948,6391,-34.840940525587826
SP,67733,NUPORANGA,0081,23,6023,4437,2813,1305,-33.98692810457516,2026-10-04 18:26:56,2026-10-04 18:26:56,4431,2530,1574,-21.57526517716091
SP,67750,OCAUÇU,0180,13,3441,2516,1480,894,-23.29093799682035,2026-10-04 18:42:18,2026-10-04 18:42:18,2546,1268,1125,-5.616653574234093
SP,67792,OLÍMPIA,0080,141,41874,30932,19840,8606,-36.31837579206,2026-10-04 18:12:24,2026-10-04 19:03:06,31268,18600,10360,-26.352820775233464
SP,67814,ONDA VERDE,0078,14,4387,3222,1826,1167,-20.453134698944755,2026-10-04 18:45:44,2026-10-04 18:45:44,3133,1618,1270,-11.107564634535589
SP,67830,ORIENTE,0180,16,5159,3766,2438,1135,-34.599044078597984,2026-10-04 20:13:00,2026-10-04 20:13:00,3928,2201,1466,-18.71181262729124
SP,67857,ORINDIÚVA,0164,17,5003,3709,1996,1445,-14.855756268535993,2026-10-04 18:33:52,2026-10-04 18:33:52,3762,1735,1762,0.7177033492822966
SP,67873,ORLÂNDIA,0081,103,29493,21895,13024,6990,-27.55880337976707,2026-10-04 17:37:38,2026-10-04 20:51:31,22525,12417,8019,-19.524972253052166
SP,67890,OSASCO,0213,215,76725,56696,27809,21586,-10.976082968816142,2026-10-04 17:57:27,2026-10-04 20:14:35,57539,26462,21559,-8.521176940857506
SP,67890,OSASCO,0276,276,94001,68071,30364,30725,0.5303286274625024,2026-10-04 18:31:59,2026-10-04 20:10:45,71848,28653,34979,8.804698808595925
SP,67890,OSASCO,0277,231,79465,58211,28184,23122,-8.695950937108107,2026-10-04 18:32:20,2026-10-04 19:20:46,61328,27547,24794,-4.48897730237412
SP,67890,OSASCO,0315,378,134715,95139,43323,41581,-1.8310051608698852,2026-10-04 18:37:54,2026-10-04 21:02:18,98689,40301,46676,6.459686489882357
SP,67890,OSASCO,0331,341,123409,88544,35118,44696,10.817220816769064,2026-10-04 18:25:03,2026-10-04 20:38:24,94178,33066,51204,19.25927498991272
SP,67890,OSASCO,0332,200,75676,55096,26928,21068,-10.635980833454335,2026-10-04 18:12:07,2026-10-04 20:07:48,57353,25844,22471,-5.881122173208028
SP,67911,OSCAR BRESSANE,0012,8,2450,1815,1295,432,-47.548209366391184,2026-10-04 18:58:17,2026-10-04 18:58:17,1875,1182,551,-33.653333333333336
SP,67938,OSVALDO CRUZ,0163,80,22809,16475,11605,3830,-47.192716236722305,2026-10-04 18:34:12,2026-10-04 19:10:02,17253,11123,4820,-36.532776908363765
SP,67954,OURINHOS,0082,248,76480,55607,33838,17114,-30.07535022569101,2026-10-04 17:42:15,2026-10-04 20:35:24,58318,32696,20772,-20.446517370280187
SP,67970,OURO VERDE,0149,16,6097,4355,2364,1796,-13.04247990815155,2026-10-04 19:20:46,2026-10-04 19:20:46,4527,2077,2223,3.2250938811574996
SP,62383,OUROESTE,0302,22,7997,5848,3551,1964,-27.1374829001368,2026-10-04 19:23:27,2026-10-04 19:23:27,5670,3044,2297,-13.174603174603174
SP,67997,PACAEMBU,0196,26,7523,5490,3593,1597,-36.357012750455375,2026-10-04 18:31:58,2026-10-04 18:31:58,5931,3522,1935,-26.757713707637834
SP,68012,PALESTINA,0224,30,8996,6520,3916,2217,-26.058282208588956,2026-10-04 17:31:45,2026-10-04 18:25:05,6638,3653,2508,-17.249171437179875
SP,68039,PALMARES PAULISTA,0111,24,7352,5711,3152,2187,-16.897215899142008,2026-10-04 19:23:27,2026-10-04 19:23:27,5979,2838,2745,-1.555444054189664
SP,68055,PALMEIRA D'OESTE,0232,22,7437,5386,3295,1754,-28.611214259190493,2026-10-04 17:41:58,2026-10-04 18:26:56,5524,3038,2097,-17.034757422157856
SP,68071,PALMITAL,0083,48,16108,11950,7880,3290,-38.41004184100419,2026-10-04 18:31:59,2026-10-04 19:01:26,12459,7310,4272,-24.383979452604542
SP,68098,PANORAMA,0175,39,9923,7429,4551,2531,-27.190738995827164,2026-10-04 18:44:33,2026-10-04 19:04:48,7912,4436,3050,-17.517694641051566
SP,68110,PARAGUAÇU PAULISTA,0012,96,29958,21446,12647,7446,-24.2516086915975,2026-10-04 17:57:26,2026-10-04 18:37:54,22904,12297,9062,-14.124170450576319
SP,68136,PARAIBUNA,0084,47,13836,10542,5564,4210,-12.843862644659458,2026-10-04 17:59:27,2026-10-04 18:14:41,10435,4818,4692,-1.2074748442740777
SP,68179,PARANAPANEMA,0301,41,13591,10399,6313,3529,-26.7718049812482,2026-10-04 19:24:28,2026-10-04 19:24:28,10402,5383,4485,-8.632955200922899
SP,68195,PARANAPUÃ,0427,13,3392,2656,1610,943,-25.112951807228917,2026-10-04 19:00:57,2026-10-04 19:00:57,2721,1421,1133,-10.584343991179713
SP,68217,PARAPUÃ,0163,28,7605,5574,3650,1602,-36.74201650520273,2026-10-04 19:14:53,2026-10-04 19:14:53,5867,3480,2050,-24.373615135503666
SP,68152,PARAÍSO,0171,15,4547,3494,2314,940,-39.32455638236978,2026-10-04 18:20:35,2026-10-04 18:20:35,3527,2075,1199,-24.836971930819395
SP,68233,PARDINHO,0026,18,6139,4297,2714,1254,-33.977193390737725,2026-10-04 19:14:55,2026-10-04 19:14:55,4171,2281,1562,-17.238072404699114
SP,68250,PARIQUERA-AÇU,0228,48,14302,10588,7032,2894,-39.081979599546656,2026-10-04 18:39:52,2026-10-04 19:05:26,10917,6852,3274,-32.77457176880095
SP,61824,PARISI,0147,9,3085,2211,1425,676,-33.87607417458164,2026-10-04 19:17:17,2026-10-04 19:17:17,2065,1191,754,-21.16222760290557
SP,68276,PATROCÍNIO PAULISTA,0046,32,10549,7814,4628,2474,-27.565907345789608,2026-10-04 19:04:04,2026-10-04 19:08:27,7864,4215,2911,-16.581892166836216
SP,68292,PAULICÉIA,0175,18,5955,4308,2771,1341,-33.19405756731662,2026-10-04 20:13:31,2026-10-04 20:13:31,4342,2502,1646,-19.714417319207737
SP,62405,PAULISTÂNIA,0007,6,1993,1436,896,457,-30.571030640668525,2026-10-04 19:13:53,2026-10-04 19:13:53,1409,800,512,-20.44002838892832
SP,68330,PAULO DE FARIA,0164,21,6111,4229,2130,1832,-7.046583116576023,2026-10-04 18:30:50,2026-10-04 18:30:50,4528,2018,2252,5.167844522968198
SP,68314,PAULÍNIA,0323,247,89901,69768,39264,23575,-22.487386767572527,2026-10-04 19:13:53,2026-10-04 20:43:07,64428,33587,23899,-15.036940460669275
SP,68357,PEDERNEIRAS,0086,103,32588,24780,16572,6409,-41.01291364003228,2026-10-04 18:14:20,2026-10-04 19:22:56,25484,16131,7579,-33.558311097159
SP,68373,PEDRA BELA,0298,14,4810,3598,2189,1125,-29.571984435797667,2026-10-04 19:20:46,2026-10-04 19:20:46,3748,1900,1497,-10.752401280683031
SP,68390,PEDRANÓPOLIS,0302,8,2682,1980,1158,704,-22.92929292929293,2026-10-04 18:39:18,2026-10-04 18:39:18,1825,938,778,-8.767123287671232
SP,68411,PEDREGULHO,0155,42,12296,9003,4448,4022,-4.731756081306231,2026-10-04 18:33:50,2026-10-04 19:05:25,9137,3790,4899,12.13746306227427
SP,68438,PEDREIRA,0333,108,33383,25126,17474,5780,-46.541431186818436,2026-10-04 18:54:53,2026-10-04 19:26:09,25469,16529,6751,-38.39177038752994
SP,61247,PEDRINHAS PAULISTA,0290,9,2726,2106,1451,518,-44.3019943019943,2026-10-04 17:57:25,2026-10-04 17:57:25,2137,1276,694,-27.234440804866637
SP,68454,PEDRO DE TOLEDO,0295,27,7891,5285,2824,2065,-14.36140018921476,2026-10-04 20:11:58,2026-10-04 20:11:58,5439,2660,2310,-6.435006435006435
SP,68470,PENÁPOLIS,0087,160,43746,32736,21170,9312,-36.223118279569896,2026-10-04 18:48:55,2026-10-04 19:22:03,33552,20175,10996,-27.35753457319981
SP,68497,PEREIRA BARRETO,0088,75,19125,13200,7498,4868,-19.924242424242426,2026-10-04 18:09:27,2026-10-04 19:13:55,13926,7230,5533,-12.18583943702427
SP,68519,PEREIRAS,0041,19,6469,4704,2918,1463,-30.931122448979593,2026-10-04 18:56:31,2026-10-04 18:56:31,4788,2526,1849,-14.13951545530493
SP,68535,PERUÍBE,0295,176,59840,40994,21904,15550,-15.499829243303898,2026-10-04 18:42:17,2026-10-04 19:25:07,41310,21196,15997,-12.585330428467683
SP,68551,PIACATU,0210,15,4487,3376,2151,1084,-31.605450236966824,2026-10-04 18:50:09,2026-10-04 18:50:09,3519,2020,1300,-20.460358056265985
SP,68578,PIEDADE,0089,118,42011,29541,17910,9014,-30.114078738025118,2026-10-04 18:09:27,2026-10-04 19:20:46,30274,16967,10123,-22.606857369359847
SP,68594,PILAR DO SUL,0318,63,22434,16075,10501,4458,-37.59253499222395,2026-10-04 19:24:27,2026-10-04 19:24:27,,,,
SP,68616,PINDAMONHANGABA,0090,396,119275,88927,52407,27531,-27.973506359148516,2026-10-04 17:41:12,2026-10-04 19:25:37,90212,50638,29521,-23.408194031836118
SP,68632,PINDORAMA,0111,38,10497,8034,5292,2204,-38.43664426188698,2026-10-04 18:23:59,2026-10-04 19:29:47,8211,4971,2652,-28.24260138838144
SP,68675,PINHALZINHO,0136,35,11384,8301,5431,2277,-37.99542223828455,2026-10-04 19:12:23,2026-10-04 19:26:10,8161,4891,2535,-28.86901115059429
SP,68691,PIQUEROBI,0117,9,3115,2217,1196,941,-11.502029769959405,2026-10-04 18:30:23,2026-10-04 20:10:46,2288,1060,1102,1.8356643356643356
SP,68713,PIQUETE,0068,31,10045,7158,4334,2188,-29.980441464096117,2026-10-04 19:07:12,2026-10-04 19:30:35,7588,4329,2362,-25.922509225092252
SP,68730,PIRACAIA,0092,62,21552,16222,10426,4282,-37.87449143138947,2026-10-04 18:09:27,2026-10-04 18:50:12,16462,9784,4800,-30.275786660187098
SP,68756,PIRACICABA,0093,323,105709,77208,50293,20068,-39.147497668635374,2026-10-04 18:00:40,2026-10-04 19:03:06,78871,50011,21185,-36.548287710311776
SP,68756,PIRACICABA,0244,142,46815,34453,21425,9703,-34.02316198879633,2026-10-04 17:31:44,2026-10-04 18:37:23,33998,20185,10682,-27.95164421436555
SP,68756,PIRACICABA,0270,442,158688,115294,72057,32847,-34.008708172151195,2026-10-04 17:25:24,2026-10-04 19:00:23,114515,68763,35017,-29.46862856394359
SP,68772,PIRAJU,0094,68,21986,15474,8961,5085,-25.04846839860411,2026-10-04 17:31:44,2026-10-04 18:25:05,16635,8705,6338,-14.229035166816953
SP,68799,PIRAJUÍ,0095,58,14814,10702,6696,3215,-32.52663053634834,2026-10-04 17:51:34,2026-10-04 19:25:07,11361,6833,3739,-27.233518176216883
SP,68810,PIRANGI,0076,29,7897,5924,4168,1354,-47.5016880486158,2026-10-04 19:07:12,2026-10-04 19:10:02,6173,3868,1904,-31.815972784707597
SP,68837,PIRAPORA DO BOM JESUS,0428,43,14158,10142,4634,4626,-0.07887990534411359,2026-10-04 19:02:30,2026-10-04 20:13:31,,,,
SP,68853,PIRAPOZINHO,0261,66,19385,14536,8574,4853,-25.59851403412218,2026-10-04 19:14:52,2026-10-04 19:14:52,15229,8208,5716,-16.36351697419397
SP,68870,PIRASSUNUNGA,0096,187,55163,40523,26402,10388,-39.51829825037633,2026-10-04 17:46:19,2026-10-04 19:07:52,42446,26513,11455,-35.47566319558969
SP,68896,PIRATININGA,0023,34,10141,7613,5067,1933,-41.16642585051885,2026-10-04 18:42:17,2026-10-04 18:47:54,7398,4566,2110,-33.19816166531495
SP,68918,PITANGUEIRAS,0098,84,24981,18574,10212,7041,-17.07225153440293,2026-10-04 17:33:46,2026-10-04 18:55:28,19117,9407,8469,-4.906627608934456
SP,68934,PLANALTO,0214,12,3962,2904,1600,1182,-14.393939393939394,2026-10-04 19:24:00,2026-10-04 19:24:00,3018,1463,1432,-1.027170311464546
SP,68950,PLATINA,0083,8,2775,2032,1365,563,-39.468503937007874,2026-10-04 18:45:43,2026-10-04 18:45:43,2019,1215,696,-25.705794947994058
SP,68993,POLONI,0077,15,4510,3423,2137,1114,-29.886064855390007,2026-10-04 18:32:17,2026-10-04 18:36:20,3311,1905,1183,-21.806100875868317
SP,69019,POMPÉIA,0099,49,16138,12240,8930,2549,-52.13235294117647,2026-10-04 18:12:43,2026-10-04 19:01:54,12579,8274,3474,-38.158836155497255
SP,69035,PONGAÍ,0095,11,2952,2211,1499,586,-41.29353233830846,2026-10-04 18:56:33,2026-10-04 18:56:33,2317,1527,688,-36.21061717738455
SP,69051,PONTAL,0135,102,28287,21284,11460,8148,-15.5609847772975,2026-10-04 18:45:12,2026-10-04 20:12:25,21952,10275,10101,-0.7926384839650146
SP,61808,PONTALINDA,0152,12,3157,2368,1222,1029,-8.150337837837839,2026-10-04 18:30:50,2026-10-04 18:39:17,2372,1062,1192,5.480607082630692
SP,69078,PONTES GESTAL,0224,8,2368,1742,1049,609,-25.258323765786454,2026-10-04 18:26:57,2026-10-04 18:26:57,1710,914,698,-12.631578947368421
SP,69094,POPULINA,0233,12,3679,2726,1280,1317,1.3573000733675715,2026-10-04 19:01:53,2026-10-04 19:01:53,2799,1094,1529,15.541264737406216
SP,69116,PORANGABA,0140,20,7483,5333,3165,1844,-24.770298143633976,2026-10-04 20:19:04,2026-10-04 20:30:06,5223,2756,1999,-14.493586061650392
SP,69132,PORTO FELIZ,0100,117,41162,30934,20277,8121,-39.29656688433439,2026-10-04 17:57:25,2026-10-04 18:43:22,30931,19160,9112,-32.48520901361094
SP,69159,PORTO FERREIRA,0194,124,39960,28861,18883,7306,-40.11295519905755,2026-10-04 18:26:56,2026-10-04 18:26:56,30177,18330,8680,-31.97799648739106
SP,61565,POTIM,0190,43,12546,9854,5554,3416,-21.696772884107975,2026-10-04 18:19:25,2026-10-04 18:32:18,9923,5292,3787,-15.16678423863751
SP,69175,POTIRENDABA,0126,41,13860,10363,6684,3030,-35.260059828235065,2026-10-04 19:07:13,2026-10-04 19:07:13,10347,6262,3450,-27.17695950517058
SP,68977,POÁ,0219,273,89811,68475,31643,29359,-3.335523913837167,2026-10-04 17:57:27,2026-10-04 19:25:37,71190,30920,31644,1.0169967692091586
SP,62120,PRACINHA,0069,5,1476,1091,629,409,-20.164986251145738,2026-10-04 18:30:22,2026-10-04 18:30:22,1051,536,471,-6.1845861084681255
SP,69191,PRADÓPOLIS,0197,42,13603,10594,6051,3605,-23.0885406834057,2026-10-04 19:04:48,2026-10-04 22:23:59,10372,5383,4119,-12.186656382568454
SP,69213,PRAIA GRANDE,0317,340,125754,87985,49827,29569,-23.024379155537876,2026-10-04 17:51:51,2026-10-04 20:47:30,86723,47122,30301,-19.396238598756963
SP,69213,PRAIA GRANDE,0406,424,139557,94735,49117,36875,-12.922362379268487,2026-10-04 18:00:40,2026-10-04 19:13:22,94256,46066,38995,-7.501909692751655
SP,62146,PRATÂNIA,0129,16,4725,3386,2010,1166,-24.92616656822209,2026-10-04 18:45:10,2026-10-04 18:45:10,3450,1794,1469,-9.420289855072463
SP,69230,PRESIDENTE ALVES,0095,11,3391,2463,1399,906,-20.01624035728786,2026-10-04 18:26:00,2026-10-04 18:43:23,2571,1375,978,-15.44146246596655
SP,69256,PRESIDENTE BERNARDES,0165,34,10209,7293,4540,2362,-29.86425339366516,2026-10-04 18:45:11,2026-10-04 19:21:28,7869,4399,2988,-17.931122124793493
SP,69272,PRESIDENTE EPITÁCIO,0195,92,29804,20956,11934,7733,-20.046764649742318,2026-10-04 17:44:13,2026-10-04 19:00:27,21656,11570,8499,-14.180827484299963
SP,69299,PRESIDENTE PRUDENTE,0101,289,76998,56947,36312,16429,-34.914920891355116,2026-10-04 17:39:13,2026-10-04 19:29:45,60348,36746,18575,-30.110359912507455
SP,69299,PRESIDENTE PRUDENTE,0402,291,88530,66628,44089,17500,-39.906645854595666,2026-10-04 17:46:36,2026-10-04 18:45:10,69366,43869,19652,-34.91191650087939
SP,69310,PRESIDENTE VENCESLAU,0102,90,26379,19137,12868,5014,-41.04091550399749,2026-10-04 18:10:54,2026-10-04 18:43:22,20397,12542,6300,-30.602539589155267
SP,69337,PROMISSÃO,0103,85,26512,18221,10868,6110,-26.112727073157345,2026-10-04 17:49:25,2026-10-04 18:59:55,19546,10620,7709,-14.8930727514581
SP,62162,QUADRA,0355,11,4032,2802,1730,888,-30.04996431120628,2026-10-04 19:11:12,2026-10-04 19:11:12,2698,1374,1054,-11.860637509266123
SP,69353,QUATÁ,0106,33,10121,7450,4814,2182,-35.328859060402685,2026-10-04 17:21:55,2026-10-04 18:19:04,7630,4427,2696,-22.686762778505898
SP,69370,QUEIROZ,0099,11,3299,2352,1410,869,-23.00170068027211,2026-10-04 19:04:04,2026-10-04 19:04:04,2315,1185,1042,-6.177105831533478
SP,69396,QUELUZ,0042,25,7112,5250,2446,2385,-1.161904761904762,2026-10-04 19:04:04,2026-10-04 19:04:04,5472,2207,2830,11.385233918128655
SP,69418,QUINTANA,0099,16,5214,3862,2568,1101,-37.9854997410668,2026-10-04 19:02:30,2026-10-04 19:02:30,4075,2273,1596,-16.613496932515336
SP,69434,RAFARD,0038,24,7253,5760,3890,1446,-42.43055555555556,2026-10-04 18:54:52,2026-10-04 19:20:44,5701,3656,1598,-36.09893001227855
SP,69450,RANCHARIA,0106,80,22888,16648,9527,5825,-22.23690533397405,2026-10-04 17:25:24,2026-10-04 18:28:27,17307,8855,6949,-11.012884959842838
SP,69477,REDENÇÃO DA SERRA,0128,13,4304,3110,1689,1155,-17.170418006430868,2026-10-04 19:31:06,2026-10-04 20:02:18,3007,1427,1279,-4.92184901895577
SP,69493,REGENTE FEIJÓ,0167,67,15711,11831,7406,3669,-31.586510016059506,2026-10-04 17:54:32,2026-10-04 18:29:14,11906,6866,4179,-22.568452880900388
SP,69515,REGINÓPOLIS,0095,14,4734,3504,2430,833,-45.57648401826484,2026-10-04 19:03:33,2026-10-04 19:13:21,3652,2345,1075,-34.775465498357065
SP,69531,REGISTRO,0172,155,45214,32700,19326,10853,-25.91131498470948,2026-10-04 18:32:19,2026-10-04 19:07:56,33796,19226,11683,-22.319209373890402
SP,69558,RESTINGA,0240,20,6817,4942,2653,1931,-14.609469850263052,2026-10-04 18:19:25,2026-10-04 18:19:25,4981,2294,2439,2.911062035735796
SP,69574,RIBEIRA,0010,12,2889,2127,955,1084,6.064880112834979,2026-10-04 19:23:28,2026-10-04 19:23:28,2254,817,1307,21.73913043478261
SP,69590,RIBEIRÃO BONITO,0107,26,8616,5900,3168,2306,-14.610169491525424,2026-10-04 18:32:18,2026-10-04 18:32:18,6264,3066,2671,-6.305874840357599
SP,69612,RIBEIRÃO BRANCO,0053,50,14335,10489,5703,4340,-12.994565735532463,2026-10-04 18:00:39,2026-10-04 20:57:31,10794,4680,5475,7.365202890494719
SP,69639,RIBEIRÃO CORRENTE,0240,12,4387,3141,1686,1279,-12.957656797198345,2026-10-04 17:30:04,2026-10-04 18:14:41,3137,1586,1396,-6.056742110296462
SP,69655,RIBEIRÃO DO SUL,0313,11,3926,3057,1684,1206,-15.636244684331043,2026-10-04 18:12:06,2026-10-04 18:51:31,3046,1452,1452,0.0
SP,62421,RIBEIRÃO DOS ÍNDIOS,0117,7,1918,1397,721,620,-7.229778095919828,2026-10-04 19:03:33,2026-10-04 19:03:33,1441,620,733,7.8417765440666205
SP,61700,RIBEIRÃO GRANDE,0037,24,6413,4832,2232,2203,-0.6001655629139073,2026-10-04 17:21:55,2026-10-04 18:38:14,4910,1838,2558,14.663951120162933
SP,69671,RIBEIRÃO PIRES,0183,201,66577,50024,23977,20336,-7.278506316967856,2026-10-04 18:31:59,2026-10-04 19:10:39,52101,22808,22423,-0.7389493483810291
SP,69671,RIBEIRÃO PIRES,0382,61,19188,14373,6422,6214,-1.4471578654421484,2026-10-04 18:28:28,2026-10-04 20:16:08,15297,6151,6951,5.229783617702817
SP,69698,RIBEIRÃO PRETO,0108,358,108817,77497,41015,28669,-15.930939262164987,2026-10-04 18:33:51,2026-10-04 19:12:54,80138,40456,31322,-11.397838728193866
SP,69698,RIBEIRÃO PRETO,0265,369,123681,87504,47644,30184,-19.953373560065824,2026-10-04 18:34:13,2026-10-04 18:58:17,88341,45590,33464,-13.726355825720786
SP,69698,RIBEIRÃO PRETO,0266,341,110460,76850,42053,27165,-19.37280416395576,2026-10-04 18:32:19,2026-10-04 19:12:23,79693,41554,30620,-13.720151079768613
SP,69698,RIBEIRÃO PRETO,0305,381,130176,99792,58049,30098,-28.00925925925926,2026-10-04 18:34:10,2026-10-04 20:35:24,94723,52626,30149,-23.7291893204396
SP,69736,RIFAINA,0155,16,5127,3675,2204,1254,-25.85034013605442,2026-10-04 19:07:14,2026-10-04 19:07:14,3308,1626,1533,-2.81136638452237
SP,69752,RINCÃO,0239,27,7171,5088,2459,2319,-2.751572327044025,2026-10-04 19:01:53,2026-10-04 19:07:13,5463,2249,2895,11.825004576240161
SP,69779,RINÓPOLIS,0210,24,7452,5190,3648,1275,-45.72254335260116,2026-10-04 18:51:30,2026-10-04 18:51:30,5569,3477,1712,-31.693302208655055
SP,69795,RIO CLARO,0110,236,84471,62106,39477,17091,-36.04482658680321,2026-10-04 18:37:53,2026-10-04 19:22:55,63692,38637,18536,-31.559693525089493
SP,69795,RIO CLARO,0288,211,66827,49982,31559,14216,-34.69849145692449,2026-10-04 17:58:53,2026-10-04 19:10:39,51255,30959,15384,-30.387279289825383
SP,69817,RIO DAS PEDRAS,0244,80,25297,18955,12313,5198,-37.53627011342654,2026-10-04 17:42:15,2026-10-04 19:14:21,19222,11631,6137,-28.581833315992093
SP,69833,RIO GRANDE DA SERRA,0382,115,33722,24797,10158,12124,7.928378432874944,2026-10-04 18:26:55,2026-10-04 20:17:35,26266,9689,13757,15.487702733571918
SP,69850,RIOLÂNDIA,0164,22,7103,5267,2721,2345,-7.13878868426049,2026-10-04 19:00:28,2026-10-04 19:00:28,5386,2449,2751,5.607129595246937
SP,69710,RIVERSUL,0056,16,4559,3410,1875,1335,-15.835777126099707,2026-10-04 18:51:33,2026-10-04 18:51:33,3368,1542,1567,0.7422802850356295
SP,61166,ROSANA,0330,52,14263,9387,4241,4683,4.708639607968467,2026-10-04 20:10:47,2026-10-04 20:10:47,9940,3990,5302,13.199195171026156
SP,69876,ROSEIRA,0190,30,8328,6530,3895,2052,-28.223583460949463,2026-10-04 18:09:56,2026-10-04 18:33:24,6633,3675,2338,-20.156791798582844
SP,69914,RUBINÉIA,0187,12,3917,2844,1778,894,-31.08298171589311,2026-10-04 18:10:55,2026-10-04 19:00:57,2318,1322,852,-20.27610008628128
SP,69892,RUBIÁCEA,0151,9,2390,1737,1115,543,-32.93033966609096,2026-10-04 18:32:19,2026-10-04 18:32:19,1780,993,658,-18.820224719101123
SP,69930,SABINO,0297,14,4352,2980,1798,1027,-25.87248322147651,2026-10-04 19:00:24,2026-10-04 19:00:24,3121,1656,1313,-10.99006728612624
SP,69957,SAGRES,0163,7,2091,1476,792,601,-12.940379403794038,2026-10-04 18:13:52,2026-10-04 18:13:52,1544,673,734,3.9507772020725387
SP,69973,SALES,0207,15,5354,3991,2839,963,-47.00576296667502,2026-10-04 19:00:57,2026-10-04 20:46:29,3763,2557,1004,-41.27026308796173
SP,69990,SALES OLIVEIRA,0081,30,8527,6435,4088,1764,-36.11499611499612,2026-10-04 18:30:20,2026-10-04 18:30:20,6435,3730,2192,-23.9005439005439
SP,70017,SALESÓPOLIS,0112,51,14725,11217,6471,3595,-25.639654096460728,2026-10-04 20:17:07,2026-10-04 20:23:37,11348,5804,4018,-15.738456115615087
SP,70033,SALMOURÃO,0069,12,3874,2766,1750,919,-30.04338394793926,2026-10-04 19:10:03,2026-10-04 19:10:03,2989,1602,1234,-12.311809969889595
SP,61441,SALTINHO,0270,19,7141,5673,4465,865,-63.45848757271285,2026-10-04 19:12:23,2026-10-04 19:12:23,5468,4143,909,-59.1441111923921
SP,70050,SALTO,0221,273,95308,71819,41488,22773,-26.058563889778473,2026-10-04 17:59:27,2026-10-04 21:01:13,72459,39008,25788,-18.244800507873418
SP,70076,SALTO DE PIRAPORA,0294,87,31402,22026,12779,7346,-24.66630345954781,2026-10-04 20:58:03,2026-10-04 20:58:03,22572,11726,8862,-12.688286372496899
SP,70092,SALTO GRANDE,0313,19,6580,4825,2928,1538,-28.808290155440414,2026-10-04 17:37:38,2026-10-04 18:14:40,4868,2592,1940,-13.393590797041906
SP,70114,SANDOVALINA,0261,14,4876,3312,1199,1966,23.158212560386474,2026-10-04 19:20:46,2026-10-04 20:47:30,2556,863,1562,27.347417840375588
SP,70130,SANTA ADÉLIA,0111,39,10828,7849,4822,2395,-30.921136450503248,2026-10-04 18:56:32,2026-10-04 18:56:32,8276,4617,3028,-19.200096665055582
SP,70157,SANTA ALBERTINA,0427,17,5093,3922,2527,1224,-33.222845486996434,2026-10-04 19:04:48,2026-10-04 19:04:48,3879,2194,1442,-19.386439804073216
SP,70211,SANTA BRANCA,0112,43,11889,8715,5210,2769,-28.009179575444637,2026-10-04 17:34:10,2026-10-04 18:31:58,8858,4765,3116,-18.615940392865205
SP,70173,SANTA BÁRBARA D'OESTE,0186,395,138487,107173,67949,29759,-35.63397497504035,2026-10-04 18:13:33,2026-10-04 19:29:45,109905,64676,34471,-27.48282607706656
SP,70238,SANTA CLARA D'OESTE,0187,7,2441,1787,1075,623,-25.293788472299944,2026-10-04 18:34:39,2026-10-04 18:34:39,1734,926,735,-11.014994232987313
SP,70254,SANTA CRUZ DA CONCEIÇÃO,0188,11,4140,3078,2156,717,-46.7511371020143,2026-10-04 18:58:16,2026-10-04 18:58:16,3093,1982,855,-36.43711606854187
SP,62189,SANTA CRUZ DA ESPERANÇA,0032,7,2342,1681,981,590,-23.259964306960143,2026-10-04 17:51:34,2026-10-04 17:51:34,1564,804,650,-9.846547314578006
SP,70270,SANTA CRUZ DAS PALMEIRAS,0039,65,21443,15255,9169,4756,-28.928220255653883,2026-10-04 19:07:13,2026-10-04 19:13:54,15883,8866,5725,-19.775860983441415
SP,70297,SANTA CRUZ DO RIO PARDO,0114,100,34041,24781,17550,5535,-48.48472620152536,2026-10-04 17:55:28,2026-10-04 19:07:50,25482,16884,6545,-40.57373832509222
SP,70319,SANTA ERNESTINA,0139,15,5040,3856,2176,1408,-19.91701244813278,2026-10-04 18:57:46,2026-10-04 18:57:46,3914,1905,1794,-2.8359734287174247
SP,70335,SANTA FÉ DO SUL,0187,80,25810,18547,12581,4718,-42.39499649539009,2026-10-04 17:43:13,2026-10-04 18:42:17,19051,11880,5692,-32.481234580861894
SP,70351,SANTA GERTRUDES,0243,60,19153,14640,9526,4029,-37.547814207650276,2026-10-04 18:48:55,2026-10-04 18:48:55,14474,8755,4664,-28.26447422965317
SP,70378,SANTA ISABEL,0115,129,41696,31266,18316,10116,-26.22657199513849,2026-10-04 18:21:59,2026-10-04 18:54:53,31767,17120,11398,-18.012402807945353
SP,70394,SANTA LÚCIA,0239,29,6326,4557,1969,2202,5.1130129471143295,2026-10-04 18:32:02,2026-10-04 18:32:02,4954,1808,2798,19.983851433185304
SP,70416,SANTA MARIA DA SERRA,0130,13,4225,3022,2008,874,-37.524818001323624,2026-10-04 19:20:46,2026-10-04 19:20:46,3124,1828,1110,-22.98335467349552
SP,70432,SANTA MERCEDES,0175,11,2679,1939,1104,754,-18.050541516245488,2026-10-04 18:32:01,2026-10-04 18:32:01,1900,905,884,-1.105263157894737
SP,70491,SANTA RITA D'OESTE,0187,7,2471,1884,1075,689,-20.48832271762208,2026-10-04 18:50:10,2026-10-04 18:50:10,1828,929,746,-10.0109409190372
SP,70513,SANTA RITA DO PASSA QUATRO,0116,60,19993,14362,9696,3445,-43.52457874947779,2026-10-04 17:31:44,2026-10-04 18:24:01,14678,9223,4016,-35.47486033519553
SP,70530,SANTA ROSA DE VITERBO,0133,58,18030,12941,7067,4638,-18.769801406382815,2026-10-04 18:43:22,2026-10-04 18:45:44,13504,6677,5505,-8.678909952606634
SP,62200,SANTA SALETE,0427,6,1836,1488,1045,368,-45.49731182795699,2026-10-04 19:20:45,2026-10-04 19:20:45,1359,852,425,-31.420161883738043
SP,70459,SANTANA DA PONTE PENSA,0187,6,1925,1371,828,450,-27.571115973741794,2026-10-04 18:34:38,2026-10-04 18:34:38,1162,628,449,-15.40447504302926
SP,70475,SANTANA DE PARNAÍBA,0428,305,111635,82187,43095,29460,-16.590214997505687,2026-10-04 18:13:33,2026-10-04 20:50:51,,,,
SP,70556,SANTO ANASTÁCIO,0117,47,15054,10669,6430,3568,-26.82538194769894,2026-10-04 18:32:18,2026-10-04 18:45:10,11357,6251,4412,-16.19265651140266
SP,70572,SANTO ANDRÉ,0156,322,103333,74965,37115,28449,-11.560061361968918,2026-10-04 18:45:09,2026-10-04 20:14:35,77937,35938,29603,-8.128360085710254
SP,70572,SANTO ANDRÉ,0263,307,102528,74422,34427,31638,-3.747547768133079,2026-10-04 18:45:42,2026-10-04 20:41:29,78419,33195,34476,1.633532689781813
SP,70572,SANTO ANDRÉ,0264,240,78066,55804,27934,21422,-11.66941437889757,2026-10-04 18:32:18,2026-10-04 19:24:00,58956,27380,23067,-7.315625212022526
SP,70572,SANTO ANDRÉ,0306,289,90145,65825,32912,24741,-12.413216862894037,2026-10-04 18:34:13,2026-10-04 19:10:03,68450,31936,25825,-8.927684441197954
SP,70572,SANTO ANDRÉ,0307,280,96503,67954,30256,30145,-0.1633457927421491,2026-10-04 18:43:21,2026-10-04 19:17:16,65514,26885,30496,5.511799004792869
SP,70572,SANTO ANDRÉ,0383,304,102928,74173,32401,33830,1.9265770563412563,2026-10-04 18:17:54,2026-10-04 19:30:37,85537,33471,42034,10.0108724879292
SP,70599,SANTO ANTÔNIO DA ALEGRIA,0202,20,5700,4255,2377,1604,-18.166862514688603,2026-10-04 18:37:23,2026-10-04 18:37:23,4163,2025,1759,-6.389622868123949
SP,70610,SANTO ANTÔNIO DE POSSE,0333,54,16288,12465,8227,3394,-38.772563176895304,2026-10-04 19:20:45,2026-10-04 20:04:44,12698,7677,4089,-28.256418333595843
SP,61328,SANTO ANTÔNIO DO ARACANGUÁ,0299,27,7290,5585,3256,1999,-22.506714413607877,2026-10-04 19:20:46,2026-10-04 19:20:46,5513,3026,2206,-14.873934337021586
SP,70637,SANTO ANTÔNIO DO JARDIM,0091,18,5173,3779,2396,1079,-34.850489547499336,2026-10-04 18:32:01,2026-10-04 18:32:01,3891,2190,1320,-22.35929067077872
SP,70653,SANTO ANTÔNIO DO PINHAL,0314,20,6113,4678,2723,1527,-25.56648140230868,2026-10-04 19:10:40,2026-10-04 19:10:40,4646,2369,1718,-14.012053379250968
SP,70670,SANTO EXPEDITO,0182,9,2682,1948,1069,785,-14.57905544147844,2026-10-04 22:48:09,2026-10-04 22:48:09,2062,1006,954,-2.521823472356935
SP,70718,SANTOS,0118,393,115232,81196,35875,36584,0.8731957239272871,2026-10-04 18:34:39,2026-10-04 21:01:13,85821,36221,39525,3.849873574066953
SP,70718,SANTOS,0272,343,110234,80693,42166,29398,-15.822933835648692,2026-10-04 18:28:26,2026-10-04 20:58:50,83725,42587,28731,-16.549417736637803
SP,70718,SANTOS,0273,340,123366,90401,47520,32556,-16.55291423767436,2026-10-04 18:44:32,2026-10-04 19:20:46,92428,47348,30942,-17.7500324576968
SP,70696,SANTÓPOLIS DO AGUAPEÍ,0025,11,3231,2570,1616,841,-30.155642023346303,2026-10-04 18:35:15,2026-10-04 18:35:15,2408,1315,959,-14.784053156146179
SP,71234,SARAPUÍ,0052,25,7398,5602,3184,2083,-19.653695108889682,2026-10-04 17:59:27,2026-10-04 20:14:05,5603,2796,2365,-7.6923076923076925
SP,71250,SARUTAIÁ,0234,11,3202,2261,1080,1062,-0.796107916850951,2026-10-04 19:14:21,2026-10-04 19:14:21,2352,923,1307,16.3265306122449
SP,71277,SEBASTIANÓPOLIS DO SUL,0077,9,3007,2307,1499,637,-37.36454269614217,2026-10-04 18:42:18,2026-10-04 18:45:09,2245,1324,745,-25.79064587973274
SP,71293,SERRA AZUL,0109,24,7366,5429,2695,2349,-6.37318106465279,2026-10-04 19:14:53,2026-10-04 19:14:53,5713,2417,2964,9.574654297216874
SP,71331,SERRA NEGRA,0134,81,22277,16406,10696,4418,-38.26648787029136,2026-10-04 18:25:59,2026-10-04 19:02:29,16682,10141,4911,-31.35115693561923
SP,71315,SERRANA,0109,101,33570,24988,13353,9465,-15.559468544901552,2026-10-04 19:07:15,2026-10-04 19:07:15,25481,12388,11182,-4.732938267728896
SP,71358,SERTÃOZINHO,0135,308,93301,70053,38741,24907,-19.74790515752359,2026-10-04 18:13:51,2026-10-04 19:20:44,70833,35479,29007,-9.136984174043173
SP,71374,SETE BARRAS,0172,37,10260,7228,4398,2455,-26.881571665744328,2026-10-04 19:20:43,2026-10-04 19:20:43,7442,4138,2858,-17.19967750604676
SP,71390,SEVERÍNIA,0080,39,11642,9179,5495,3164,-25.39492319424774,2026-10-04 19:20:44,2026-10-04 19:20:44,9114,4875,3630,-13.660302830809743
SP,71412,SILVEIRAS,0145,17,5404,4091,2205,1510,-16.98851136641408,2026-10-04 17:22:30,2026-10-04 18:39:17,3989,1798,1748,-1.2534469791927803
SP,71439,SOCORRO,0136,94,30482,23447,16614,4835,-50.23670405595598,2026-10-04 19:04:48,2026-10-04 19:04:48,22696,15442,5230,-44.9947127247092
SP,71455,SOROCABA,0137,276,79024,59698,34960,18196,-28.081342758551376,2026-10-04 17:21:55,2026-10-04 18:51:31,59923,34081,18490,-26.01839026750997
SP,71455,SOROCABA,0271,272,98514,73194,43085,22412,-28.244118370358226,2026-10-04 18:00:39,2026-10-04 19:29:44,73434,41723,24145,-23.937140833946128
SP,71455,SOROCABA,0342,324,116546,86312,48777,28080,-23.97928445639077,2026-10-04 18:14:19,2026-10-04 19:10:02,85832,46305,30209,-18.75291266660453
SP,71455,SOROCABA,0343,315,93113,70646,39404,23610,-22.356538232879426,2026-10-04 17:46:36,2026-10-04 18:28:28,71174,37847,25239,-17.714333885969594
SP,71455,SOROCABA,0356,477,144145,104521,56713,37278,-18.594349460873893,2026-10-04 17:46:19,2026-10-04 18:50:11,105447,53227,43023,-9.676899295380618
SP,71471,SUD MENNUCCI,0088,22,6041,4389,2367,1857,-11.619958988380041,2026-10-04 18:51:33,2026-10-04 18:51:33,4603,2160,2206,0.9993482511405605
SP,71498,SUMARÉ,0230,209,76077,56120,33687,17766,-28.369565217391305,2026-10-04 18:33:50,2026-10-04 20:14:05,56488,31912,19643,-21.719657272341028
SP,71498,SUMARÉ,0362,370,123898,90548,47707,35252,-13.755135397800062,2026-10-04 18:34:38,2026-10-04 19:25:08,91821,43754,40810,-3.206238224371331
SP,71510,SUZANO,0181,403,128153,91848,45261,37091,-8.895131086142323,2026-10-04 18:12:43,2026-10-04 20:34:24,92709,41779,40058,-1.8563462015554046
SP,71510,SUZANO,0415,315,107435,77417,37996,31121,-8.880478447886123,2026-10-04 18:12:43,2026-10-04 19:20:45,78633,35618,33806,-2.3043760253328753
SP,61301,SUZANÁPOLIS,0088,9,2988,2195,1124,969,-7.061503416856492,2026-10-04 18:59:23,2026-10-04 18:59:23,2194,908,1145,10.80218778486782
SP,70734,SÃO BENTO DO SAPUCAÍ,0314,32,9073,6820,4061,2098,-28.78299120234604,2026-10-04 17:44:12,2026-10-04 18:22:16,6855,3768,2269,-21.867250182348652
SP,70750,SÃO BERNARDO DO CAMPO,0174,404,108717,80773,31714,40615,11.019771458284328,2026-10-04 18:34:13,2026-10-04 20:53:48,115920,40556,62278,18.738785369220153
SP,70750,SÃO BERNARDO DO CAMPO,0283,320,105246,76995,32308,35645,4.33404766543282,2026-10-04 18:44:33,2026-10-04 21:23:09,58741,25578,23684,-3.2243237261878415
SP,70750,SÃO BERNARDO DO CAMPO,0284,316,103468,75884,37705,28603,-11.994623372515946,2026-10-04 18:51:30,2026-10-04 19:30:35,60378,28130,22623,-9.120871840736692
SP,70750,SÃO BERNARDO DO CAMPO,0296,301,100645,74738,30302,35731,7.264042388075677,2026-10-04 18:11:14,2026-10-04 19:29:09,82687,29039,43072,16.97122885096811
SP,70750,SÃO BERNARDO DO CAMPO,0409,322,103663,74666,27854,39145,15.12201001794659,2026-10-04 18:32:20,2026-10-04 20:36:26,107256,37049,58791,20.271127023196836
SP,70750,SÃO BERNARDO DO CAMPO,0414,348,104908,77095,32595,35493,3.758998638043972,2026-10-04 18:12:07,2026-10-04 19:30:34,63813,25482,29900,6.923354175481485
SP,70777,SÃO CAETANO DO SUL,0166,188,69182,54728,29183,18822,-18.93180821517322,2026-10-04 18:34:10,2026-10-04 19:09:30,52882,26259,18247,-15.150712907983813
SP,70777,SÃO CAETANO DO SUL,0269,203,78562,62787,34227,20633,-21.650978705783043,2026-10-04 18:38:13,2026-10-04 20:10:47,61601,31358,19925,-18.559763640200647
SP,70793,SÃO CARLOS,0121,326,110185,79748,38943,32939,-7.528715453679089,2026-10-04 18:09:27,2026-10-04 19:07:56,79347,35587,33639,-2.455039257942959
SP,70793,SÃO CARLOS,0410,252,86779,60694,30529,24792,-9.452334662404851,2026-10-04 18:09:27,2026-10-04 19:07:52,61996,27994,27255,-1.1920123878959934
SP,70815,SÃO FRANCISCO,0232,9,2505,1894,1081,711,-19.535374868004222,2026-10-04 17:39:54,2026-10-04 17:39:54,1816,900,781,-6.552863436123348
SP,70890,SÃO JOAQUIM DA BARRA,0123,104,35828,26089,14014,9890,-15.807428418107248,2026-10-04 17:48:35,2026-10-04 18:29:14,27359,13007,11969,-3.7939983186519974
SP,70912,SÃO JOSÉ DA BELA VISTA,0240,22,6916,4643,2327,2052,-5.9228946801636875,2026-10-04 18:09:55,2026-10-04 18:09:55,4775,2054,2476,8.837696335078535
SP,70939,SÃO JOSÉ DO BARREIRO,0018,12,3579,2683,1225,1280,2.049944092433843,2026-10-04 17:46:19,2026-10-04 19:20:08,2842,1056,1572,18.156228008444756
SP,70955,SÃO JOSÉ DO RIO PARDO,0124,120,39191,28069,17402,8042,-33.34639638034843,2026-10-04 18:30:20,2026-10-04 18:43:22,29584,16813,9972,-23.12398593834505
SP,70971,SÃO JOSÉ DO RIO PRETO,0125,273,90586,67031,43034,17887,-37.515477913204336,2026-10-04 17:58:53,2026-10-04 19:03:06,68873,43113,18377,-35.91538048291783
SP,70971,SÃO JOSÉ DO RIO PRETO,0267,443,145166,103959,63572,31105,-31.23058128685347,2026-10-04 18:32:02,2026-10-04 21:35:01,106899,63917,33275,-28.66444026604552
SP,70971,SÃO JOSÉ DO RIO PRETO,0268,325,109008,80060,50201,22283,-34.8713464901324,2026-10-04 17:58:53,2026-10-04 19:22:51,80965,49359,23668,-31.730994874328413
SP,70998,SÃO JOSÉ DOS CAMPOS,0127,406,140290,109711,62801,34969,-25.368468066100938,2026-10-04 18:32:01,2026-10-04 19:25:37,110642,61095,34788,-23.77668516476564
SP,70998,SÃO JOSÉ DOS CAMPOS,0282,247,78038,60427,34236,20473,-22.776242408195014,2026-10-04 18:31:58,2026-10-04 19:23:27,62779,32741,22993,-15.527485305595821
SP,70998,SÃO JOSÉ DOS CAMPOS,0411,403,140446,107855,59307,38093,-19.669000046358537,2026-10-04 18:33:24,2026-10-04 19:29:45,110794,57634,41260,-14.77877863422207
SP,70998,SÃO JOSÉ DOS CAMPOS,0412,505,181443,141724,84377,42916,-29.25474866642206,2026-10-04 18:33:52,2026-10-04 20:16:33,143803,82213,44691,-26.09264062641252
SP,70831,SÃO JOÃO DA BOA VISTA,0122,202,67128,49875,30945,14238,-33.49774436090225,2026-10-04 18:12:42,2026-10-04 19:29:44,51637,30283,16315,-27.050370858105623
SP,70858,SÃO JOÃO DAS DUAS PONTES,0233,8,2242,1739,850,809,-2.3576768257619323,2026-10-04 18:18:46,2026-10-04 18:18:46,1704,645,945,17.6056338028169
SP,61883,SÃO JOÃO DE IRACEMA,0225,5,1809,1321,600,637,2.800908402725208,2026-10-04 19:00:23,2026-10-04 19:00:23,1300,508,709,15.461538461538462
SP,70874,SÃO JOÃO DO PAU D'ALHO,0175,8,1906,1470,735,640,-6.462585034013605,2026-10-04 18:13:52,2026-10-04 18:13:52,1568,633,828,12.436224489795919
SP,61905,SÃO LOURENÇO DA SERRA,0201,40,11946,8739,4372,3548,-9.428996452683373,2026-10-04 20:33:25,2026-10-04 20:43:07,8807,3823,3969,1.6577722266379016
SP,71013,SÃO LUÍS DO PARAITINGA,0128,30,10204,7622,3899,3105,-10.41721332983469,2026-10-04 18:32:20,2026-10-04 18:42:17,7558,3354,3406,0.6880127017729558
SP,71030,SÃO MANUEL,0129,107,29305,21394,13164,6565,-30.845096756099842,2026-10-04 18:09:27,2026-10-04 18:41:17,22361,12415,7903,-20.17798846205447
SP,71056,SÃO MIGUEL ARCANJO,0318,80,24440,17738,10990,5493,-30.989965046792197,2026-10-04 18:13:33,2026-10-04 20:38:57,18376,9754,6723,-16.494340444057467
SP,71072,SÃO PAULO,0001,449,147692,102271,31345,61959,29.934194444172835,2026-10-04 18:28:27,2026-10-04 19:22:55,107488,31814,60683,26.85788181006252
SP,71072,SÃO PAULO,0002,439,156213,114063,43876,57126,11.616387435013984,2026-10-04 18:30:24,2026-10-04 21:04:38,145638,51459,67566,11.05961356239443
SP,71072,SÃO PAULO,0003,434,143909,98785,40419,48662,8.344384268866731,2026-10-04 18:12:43,2026-10-04 20:56:58,54570,21556,26535,9.124060839288987
SP,71072,SÃO PAULO,0004,386,136450,99392,52277,34928,-17.455127173213135,2026-10-04 18:26:28,2026-10-04 19:20:08,120158,58681,41687,-14.143044990762164
SP,71072,SÃO PAULO,0005,341,121716,85269,41140,32402,-10.247569456660685,2026-10-04 18:13:52,2026-10-04 19:21:28,92342,38733,33049,-6.155378917502328
SP,71072,SÃO PAULO,0006,444,165700,120751,50459,54528,3.3697443499432715,2026-10-04 18:26:56,2026-10-04 20:13:31,124492,48314,51419,2.494136169392411
SP,71072,SÃO PAULO,0020,454,165348,115927,38285,65828,23.758917249648487,2026-10-04 17:55:28,2026-10-04 19:31:05,123010,34351,74925,32.98431021868141
SP,71072,SÃO PAULO,0246,458,159212,116436,56260,43129,-11.27743996702051,2026-10-04 18:13:51,2026-10-04 19:22:04,89576,40172,30101,-11.242966866124855
SP,71072,SÃO PAULO,0247,512,157877,113514,48976,52929,3.4823898373768873,2026-10-04 18:14:39,2026-10-04 20:22:05,80777,31562,39085,9.313294625945504
SP,71072,SÃO PAULO,0248,424,156222,111873,46945,52786,5.221098924673513,2026-10-04 18:29:16,2026-10-04 19:22:05,117054,44510,57472,11.073521622499017
SP,71072,SÃO PAULO,0249,341,108261,78279,40368,28378,-15.31700711557378,2026-10-04 18:14:41,2026-10-04 19:12:54,82763,40331,27701,-15.260442468252721
SP,71072,SÃO PAULO,0250,380,132182,97685,44910,40150,-4.872805446076675,2026-10-04 18:14:41,2026-10-04 19:11:15,127656,55071,48650,-5.029924171210127
SP,71072,SÃO PAULO,0251,327,113422,83367,30654,41889,13.476555471589478,2026-10-04 18:56:33,2026-10-04 20:16:08,87916,28763,41103,14.036125392420038
SP,71072,SÃO PAULO,0252,339,110445,79527,38173,31977,-7.791064669860551,2026-10-04 17:58:53,2026-10-04 18:51:34,82709,37223,32319,-5.92922172919513
SP,71072,SÃO PAULO,0253,496,158669,117512,62876,39434,-19.948600993941046,2026-10-04 18:32:18,2026-10-04 20:43:39,167387,81986,57144,-14.841056951854087
SP,71072,SÃO PAULO,0254,470,148591,107733,55081,40939,-13.126897051042857,2026-10-04 17:46:20,2026-10-04 19:20:46,113144,53637,44036,-8.485646609630205
SP,71072,SÃO PAULO,0255,535,182354,130679,60252,55563,-3.588181727745085,2026-10-04 18:13:52,2026-10-04 20:50:18,138832,58951,58300,-0.46891206638239025
SP,71072,SÃO PAULO,0256,486,176099,123503,59646,50014,-7.799000833987838,2026-10-04 17:44:13,2026-10-04 21:51:59,129551,57564,53329,-3.268982871610408
SP,71072,SÃO PAULO,0257,507,174227,126554,62574,48363,-11.229198602967903,2026-10-04 18:45:44,2026-10-04 20:07:49,131655,61361,49343,-9.128403782613649
SP,71072,SÃO PAULO,0258,550,188156,137182,70056,46592,-17.104284818707995,2026-10-04 19:31:05,2026-10-04 20:43:07,142066,65737,44626,-14.85999465037377
SP,71072,SÃO PAULO,0259,451,154793,114188,48823,48163,-0.5779941850281991,2026-10-04 18:32:19,2026-10-04 19:26:10,117843,47078,43882,-2.7120830257206623
SP,71072,SÃO PAULO,0260,511,180213,129842,56238,58927,2.0709785739591196,2026-10-04 18:30:21,2026-10-04 19:14:52,134326,53333,60824,5.5767312359483645
SP,71072,SÃO PAULO,0280,491,165567,119844,47154,59191,10.043890390841428,2026-10-04 18:32:01,2026-10-04 20:47:01,129429,48095,62264,10.947314743990914
SP,71072,SÃO PAULO,0320,511,182122,129222,51462,62032,8.1797217192119,2026-10-04 18:11:14,2026-10-04 20:55:04,137155,49307,65675,11.933943348765995
SP,71072,SÃO PAULO,0325,440,149556,108400,50365,44838,-5.0987084870848705,2026-10-04 18:30:21,2026-10-04 20:52:42,74849,32262,30381,-2.51305962671512
SP,71072,SÃO PAULO,0326,476,152388,109432,47177,51008,3.500804152350318,2026-10-04 18:13:52,2026-10-04 19:29:45,81375,32183,39638,9.161290322580646
SP,71072,SÃO PAULO,0327,533,171760,123746,54717,55295,0.4670858047936903,2026-10-04 17:58:52,2026-10-04 20:59:24,87572,36616,37555,1.0722605398985978
SP,71072,SÃO PAULO,0328,505,179410,127559,48110,65356,13.52001818766218,2026-10-04 18:13:52,2026-10-04 19:24:01,134589,44340,72614,21.007660358573137
SP,71072,SÃO PAULO,0346,511,187342,137827,59005,61139,1.5483178187147657,2026-10-04 18:31:59,2026-10-04 20:10:47,108973,44114,44473,0.3294394024207831
SP,71072,SÃO PAULO,0347,481,172409,124551,59415,50770,-6.940931827123026,2026-10-04 18:09:26,2026-10-04 20:02:17,130259,57138,53565,-2.742996645145441
SP,71072,SÃO PAULO,0348,486,163219,118404,61564,42724,-15.911624607276782,2026-10-04 17:53:54,2026-10-04 19:16:12,76308,37638,26682,-14.357603396760497
SP,71072,SÃO PAULO,0349,392,129998,91645,42630,38934,-4.032953243493917,2026-10-04 17:44:13,2026-10-04 20:15:05,95743,40854,41176,0.3363170153431582
SP,71072,SÃO PAULO,0350,516,180600,128734,58243,56432,-1.4067767644911213,2026-10-04 18:14:19,2026-10-04 20:54:28,100792,43274,44006,0.7262481149297564
SP,71072,SÃO PAULO,0351,373,131004,91853,36682,44843,8.884848616811645,2026-10-04 18:32:18,2026-10-04 19:29:45,98329,34454,49835,15.642384240661453
SP,71072,SÃO PAULO,0352,525,174517,123650,50112,61252,9.009300444803882,2026-10-04 18:13:52,2026-10-04 20:10:47,155130,56459,81511,16.149036292142075
SP,71072,SÃO PAULO,0353,557,181371,127368,48643,66349,13.901450913887318,2026-10-04 18:27:24,2026-10-04 21:02:18,136163,45653,76019,22.30121251735053
SP,71072,SÃO PAULO,0371,551,196550,140443,45484,81057,25.3291370876441,2026-10-04 17:43:13,2026-10-04 20:10:46,151495,41468,93576,34.395854648668276
SP,71072,SÃO PAULO,0372,659,238533,167646,54672,96521,24.962719062787063,2026-10-04 18:12:07,2026-10-04 20:37:57,210811,56792,131030,35.21542993487057
SP,71072,SÃO PAULO,0373,499,163463,115878,41010,62584,18.617856711368855,2026-10-04 18:12:43,2026-10-04 20:07:48,98924,30144,56650,26.794306740528082
SP,71072,SÃO PAULO,0374,616,210587,153112,59516,75944,10.729400700141074,2026-10-04 18:31:58,2026-10-04 19:22:54,192027,66564,96284,15.476990214917693
SP,71072,SÃO PAULO,0375,546,173887,124385,46632,65229,14.951159705752302,2026-10-04 18:44:33,2026-10-04 19:32:06,190081,66037,103125,19.511681861943067
SP,71072,SÃO PAULO,0376,526,181769,127287,49458,65606,12.686291608726735,2026-10-04 18:14:20,2026-10-04 20:59:25,181908,63641,96397,18.00690458913297
SP,71072,SÃO PAULO,0381,667,209673,147843,49703,82902,22.455577876531184,2026-10-04 18:32:18,2026-10-04 21:01:42,180554,51485,109057,31.88630548201646
SP,71072,SÃO PAULO,0389,422,151757,109125,42068,55880,12.657044673539518,2026-10-04 18:13:52,2026-10-04 20:07:49,150461,50796,82812,21.27860375778441
SP,71072,SÃO PAULO,0390,362,119874,86317,39621,37122,-2.8951423242235017,2026-10-04 18:34:39,2026-10-04 19:10:03,89980,37812,39736,2.1382529450989107
SP,71072,SÃO PAULO,0392,405,124420,89604,40011,39643,-0.4106959510736128,2026-10-04 17:46:36,2026-10-04 20:34:58,95164,38825,42934,4.317809255600857
SP,71072,SÃO PAULO,0397,518,182388,131177,53490,65157,8.894089665108975,2026-10-04 17:58:53,2026-10-04 18:59:56,118575,43329,62615,16.26481130086443
SP,71072,SÃO PAULO,0403,425,149603,107558,42398,53575,10.391602670187249,2026-10-04 18:23:34,2026-10-04 19:20:44,84261,30831,42308,13.620773548854155
SP,71072,SÃO PAULO,0404,568,193359,135900,45237,78045,24.141280353200884,2026-10-04 17:41:12,2026-10-04 19:22:55,145598,42085,88478,31.86376186486078
SP,71072,SÃO PAULO,0405,306,107709,76277,28826,38967,13.294964406046384,2026-10-04 18:32:20,2026-10-04 19:12:23,80683,27404,42375,18.55533383736351
SP,71072,SÃO PAULO,0408,474,171821,123885,46216,63882,14.259999192799773,2026-10-04 18:22:15,2026-10-04 20:50:51,127486,40477,69486,22.754655413143404
SP,71072,SÃO PAULO,0413,416,152445,110794,47803,49588,1.611098073902919,2026-10-04 18:32:19,2026-10-04 19:29:46,114500,44665,51499,5.968558951965066
SP,71072,SÃO PAULO,0417,343,125767,89892,38679,40957,2.5341520936234594,2026-10-04 17:54:31,2026-10-04 19:16:11,93827,36431,44586,8.691528024982148
SP,71072,SÃO PAULO,0418,522,195871,137095,52936,68709,11.50516065502024,2026-10-04 18:30:50,2026-10-04 20:36:25,145136,48437,77028,19.69945430492779
SP,71072,SÃO PAULO,0420,366,116825,83092,41458,32418,-10.87950705242382,2026-10-04 19:07:16,2026-10-04 19:07:16,88157,40873,35002,-6.659709382125072
SP,71072,SÃO PAULO,0421,545,173927,123596,51881,59063,5.810867665620247,2026-10-04 18:28:26,2026-10-04 21:09:59,109237,39623,57642,16.49532667502769
SP,71072,SÃO PAULO,0422,416,145882,105347,48736,44671,-3.858676564116681,2026-10-04 17:54:32,2026-10-04 21:25:30,110675,46939,47502,0.5086966342895867
SP,71099,SÃO PEDRO,0130,91,28554,20341,13897,5034,-43.572095767169756,2026-10-04 19:20:09,2026-10-04 19:20:09,19688,12973,5160,-39.68407151564405
SP,71110,SÃO PEDRO DO TURVO,0114,15,5673,4282,2612,1478,-26.48295189163942,2026-10-04 19:20:43,2026-10-04 19:20:43,4268,2292,1766,-12.32427366447985
SP,71137,SÃO ROQUE,0131,182,60260,43704,23452,15462,-18.282079443529195,2026-10-04 18:32:20,2026-10-04 21:09:28,45136,21617,17626,-8.84216589861751
SP,71153,SÃO SEBASTIÃO,0132,213,68037,50193,25027,21005,-8.01306955153109,2026-10-04 17:37:37,2026-10-04 21:27:50,49085,21950,22764,1.6583477640827136
SP,71170,SÃO SEBASTIÃO DA GRAMA,0229,31,8398,5996,3612,1864,-29.15276851234156,2026-10-04 18:26:56,2026-10-04 18:32:18,6295,3407,2326,-17.17235901509134
SP,71196,SÃO SIMÃO,0133,34,11158,8099,4559,2718,-22.731201382886777,2026-10-04 17:48:35,2026-10-04 18:51:33,8627,4522,3207,-15.2428422394807
SP,71218,SÃO VICENTE,0177,334,107440,74647,37879,29301,-11.491419614987876,2026-10-04 18:29:15,2026-10-04 20:54:28,80893,39721,32112,-9.406252704189486
SP,71218,SÃO VICENTE,0340,432,148585,103345,49335,44248,-4.9223474768977695,2026-10-04 18:33:50,2026-10-04 20:50:52,110424,50351,49668,-0.6185249583423893
SP,71536,TABAPUÃ,0179,27,8762,6668,4570,1748,-42.32153569286143,2026-10-04 19:16:10,2026-10-04 19:16:10,6831,4323,2096,-32.60137607963695
SP,71552,TABATINGA,0049,42,10716,7948,4883,2624,-28.42224458983392,2026-10-04 18:59:55,2026-10-04 18:59:55,8283,4325,3430,-10.805263793311601
SP,71579,TABOÃO DA SERRA,0324,267,93720,71902,31345,31749,0.5618758866234597,2026-10-04 17:31:44,2026-10-04 19:22:51,74782,29165,34539,7.186221283196491
SP,71579,TABOÃO DA SERRA,0416,332,118294,88149,31308,47686,18.57990447991469,2026-10-04 18:14:40,2026-10-04 20:54:28,93863,28449,55461,28.77811278139416
SP,71595,TACIBA,0167,20,5069,3973,2098,1659,-11.049584696702743,2026-10-04 18:57:45,2026-10-04 19:01:52,4043,1806,1995,4.674746475389562
SP,71617,TAGUAÍ,0234,30,9253,7117,4395,2279,-29.731628495152453,2026-10-04 19:22:04,2026-10-04 19:22:04,6981,3739,2828,-13.049706345795732
SP,71633,TAIAÇU,0061,15,4509,3386,1901,1319,-17.188422917897224,2026-10-04 19:00:23,2026-10-04 19:07:12,3482,1644,1609,-1.0051694428489375
SP,71650,TAIÚVA,0061,15,4396,3352,2234,893,-40.00596658711217,2026-10-04 19:03:34,2026-10-04 19:07:52,3440,2101,1068,-30.02906976744186
SP,71676,TAMBAÚ,0116,51,15898,11648,6296,4187,-18.10611263736264,2026-10-04 18:29:14,2026-10-04 19:14:53,11964,5960,4793,-9.754262788365095
SP,71692,TANABI,0138,63,19937,14984,9496,4376,-34.16978109983983,2026-10-04 17:46:36,2026-10-04 18:51:34,15345,9304,4984,-28.1524926686217
SP,71730,TAPIRATIBA,0030,29,9228,6914,3626,2707,-13.2918715649407,2026-10-04 18:47:57,2026-10-04 18:47:57,7486,3362,3502,1.8701576275714666
SP,71714,TAPIRAÍ,0089,20,6269,4396,2520,1573,-21.54231119199272,2026-10-04 18:56:00,2026-10-04 18:56:00,4361,2361,1582,-17.862875487273563
SP,62260,TAQUARAL,0098,7,2275,1775,1078,617,-25.971830985915492,2026-10-04 19:03:33,2026-10-04 19:03:33,1719,919,698,-12.856311809191391
SP,71757,TAQUARITINGA,0139,125,38620,27535,16556,8644,-28.734338115126203,2026-10-04 17:41:58,2026-10-04 18:42:19,28447,15526,10672,-17.063310718177664
SP,71773,TAQUARITUBA,0236,64,18080,13443,7881,4667,-23.90835379007662,2026-10-04 18:45:42,2026-10-04 20:58:03,13222,6397,5853,-4.114354863106943
SP,61840,TAQUARIVAÍ,0053,16,5121,3779,2142,1407,-19.449589838581634,2026-10-04 20:33:26,2026-10-04 20:33:26,3691,1778,1621,-4.253589813058792
SP,71790,TARABAI,0261,17,5176,3936,1937,1742,-4.954268292682927,2026-10-04 19:15:29,2026-10-04 19:15:29,4052,1679,2154,11.722606120434353
SP,61042,TARUMÃ,0290,35,11526,8775,5406,2828,-29.37891737891738,2026-10-04 19:10:39,2026-10-04 19:10:39,8966,5074,3360,-19.116662948918137
SP,71811,TATUÍ,0140,245,88765,62289,40608,16465,-38.75965258713416,2026-10-04 19:09:06,2026-10-04 20:55:43,63830,38110,19602,-28.995770014099953
SP,71838,TAUBATÉ,0141,281,88230,63437,38539,17814,-32.67020823809449,2026-10-04 17:52:44,2026-10-04 19:07:49,64984,38411,19312,-29.390311461282778
SP,71838,TAUBATÉ,0407,448,151726,110917,66281,32293,-30.642732854296455,2026-10-04 18:14:40,2026-10-04 19:26:10,111283,64582,34121,-27.37255465794416
SP,71854,TEJUPÁ,0094,14,3456,2586,1336,1133,-7.849961330239752,2026-10-04 18:37:54,2026-10-04 18:37:54,2704,1147,1408,9.652366863905325
SP,71870,TEODORO SAMPAIO,0330,55,17020,11979,5660,5812,1.2688872193004423,2026-10-04 19:22:56,2026-10-04 19:22:56,12788,5329,6673,10.509852987175478
SP,71897,TERRA ROXA,0178,22,6363,4794,2805,1640,-24.301209845640383,2026-10-04 18:41:16,2026-10-04 19:05:24,4780,2508,1960,-11.464435146443515
SP,71919,TIETÊ,0142,98,29070,22002,14607,5460,-41.573493318789204,2026-10-04 17:59:27,2026-10-04 18:33:24,22408,14031,6093,-35.42484826847554
SP,71935,TIMBURI,0094,8,2427,1788,1018,648,-20.69351230425056,2026-10-04 18:51:33,2026-10-04 19:04:48,1741,815,766,-2.8144744399770247
SP,62049,TORRE DE PEDRA,0140,9,2545,1883,1242,532,-37.705788635156665,2026-10-04 17:52:44,2026-10-04 17:52:44,1834,1137,546,-32.22464558342421
SP,71951,TORRINHA,0028,21,6691,5020,3581,1150,-48.42629482071713,2026-10-04 18:36:20,2026-10-04 18:36:20,5390,3520,1465,-38.12615955473098
SP,62448,TRABIJU,0107,5,1649,1243,574,574,0.0,2026-10-04 19:00:27,2026-10-04 19:00:27,1207,468,639,14.167357083678542
SP,71978,TREMEMBÉ,0314,102,29627,22451,13500,6688,-30.34163288940359,2026-10-04 17:59:27,2026-10-04 18:37:23,22534,12947,7149,-25.73000798792935
SP,71994,TRÊS FRONTEIRAS,0187,17,5256,3797,2292,1274,-26.810639978930734,2026-10-04 18:37:23,2026-10-04 18:44:33,3621,2000,1393,-16.76332504832919
SP,61620,TUIUTI,0298,16,5542,4114,2803,1041,-42.82936315021877,2026-10-04 18:47:56,2026-10-04 18:47:56,3946,2412,1223,-30.131779016725798
SP,72036,TUPI PAULISTA,0175,41,10833,8046,5227,2263,-36.83818046234153,2026-10-04 17:41:58,2026-10-04 18:32:19,8368,4972,2755,-26.49378585086042
SP,72010,TUPÃ,0143,162,47261,34365,23559,8245,-44.562781900189144,2026-10-04 18:30:20,2026-10-04 19:07:13,35759,23255,9722,-37.845018037417155
SP,72052,TURIÚBA,0214,6,1661,1244,821,349,-37.942122186495176,2026-10-04 18:34:39,2026-10-04 18:34:39,1242,747,426,-25.845410628019323
SP,72079,TURMALINA,0233,7,1955,1419,668,627,-2.8893587033121917,2026-10-04 18:54:52,2026-10-04 18:54:52,1361,562,697,9.919177075679647
SP,61468,UBARANA,0064,14,4496,3279,1824,1268,-16.956389143031412,2026-10-04 18:44:34,2026-10-04 18:44:34,3338,1619,1541,-2.3367285799880166
SP,72095,UBATUBA,0144,238,77900,56014,33252,18571,-26.209519048809227,2026-10-04 17:58:52,2026-10-04 19:32:06,53447,30761,18491,-22.957322207046232
SP,72117,UBIRAJARA,0159,12,3995,2883,1720,1022,-24.210891432535554,2026-10-04 18:37:23,2026-10-04 18:37:23,3046,1617,1303,-10.3086014445174
SP,72133,UCHOA,0312,29,8307,6041,3605,1932,-27.69409038238702,2026-10-04 18:46:41,2026-10-04 18:46:41,6018,3316,2268,-17.414423396477236
SP,72150,UNIÃO PAULISTA,0077,6,1703,1293,735,509,-17.478731631863884,2026-10-04 18:30:22,2026-10-04 18:30:22,1192,623,512,-9.312080536912752
SP,72192,URU,0095,5,1622,1176,785,320,-39.54081632653061,2026-10-04 19:07:55,2026-10-04 19:07:55,1143,700,364,-29.396325459317584
SP,72214,URUPÊS,0207,33,10624,7958,5613,1932,-46.25534053782357,2026-10-04 18:09:27,2026-10-04 18:20:14,7939,5192,2309,-36.314397279254315
SP,72176,URÂNIA,0427,27,6898,5286,3425,1590,-34.71433976541809,2026-10-04 17:59:27,2026-10-04 18:12:23,5153,3002,1845,-22.452940034931107
SP,72230,VALENTIM GENTIL,0147,31,10146,7811,4987,2349,-33.77288439380361,2026-10-04 17:57:27,2026-10-04 18:33:23,7585,4349,2754,-21.02834541858932
SP,72257,VALINHOS,0034,276,94676,73158,44022,21448,-30.8565023647448,2026-10-04 18:37:23,2026-10-04 20:07:48,71516,40503,22190,-25.6068572067789
SP,72273,VALPARAÍSO,0146,44,15952,10783,6772,3446,-30.844848372438097,2026-10-04 18:43:23,2026-10-04 19:12:23,11914,6770,4517,-18.910525432264564
SP,61549,VARGEM,0298,20,6582,4794,3066,1294,-36.96287025448477,2026-10-04 19:01:52,2026-10-04 19:01:52,4605,2736,1539,-25.993485342019543
SP,72311,VARGEM GRANDE DO SUL,0229,93,30430,21897,13918,6003,-36.1465040873179,2026-10-04 18:00:40,2026-10-04 18:32:19,22772,13351,7324,-26.466713507816618
SP,72737,VARGEM GRANDE PAULISTA,0286,128,42997,31472,16390,11594,-15.238942552109812,2026-10-04 18:45:11,2026-10-04 19:08:28,30984,14077,13049,-3.3178414665633875
SP,72354,VERA CRUZ,0180,25,7886,5826,3683,1792,-32.45794713353931,2026-10-04 19:29:45,2026-10-04 20:02:18,6009,3422,2141,-21.318022965551673
SP,72370,VINHEDO,0345,172,65669,49306,30691,13483,-34.90041779905083,2026-10-04 19:00:57,2026-10-04 20:53:20,48266,28569,13899,-30.394066216384203
SP,72397,VIRADOURO,0098,47,13103,10191,6811,2700,-40.33951525856148,2026-10-04 18:32:20,2026-10-04 18:32:20,10188,6252,3366,-28.327444051825676
SP,72419,VISTA ALEGRE DO ALTO,0076,20,5990,4417,2747,1404,-30.405252433778582,2026-10-04 18:57:46,2026-10-04 19:01:54,4541,2491,1777,-15.723408940761948
SP,62227,VITÓRIA BRASIL,0233,7,1673,1357,813,493,-23.581429624170966,2026-10-04 18:45:10,2026-10-04 18:45:10,1273,662,547,-9.03377847604085
SP,72435,VOTORANTIM,0220,282,92608,67184,38477,22000,-24.525184567754227,2026-10-04 18:34:12,2026-10-04 19:31:05,68763,37026,25473,-16.80118668469962
SP,72451,VOTUPORANGA,0147,243,68927,51814,34199,13875,-39.22491990581696,2026-10-04 18:30:50,2026-10-04 20:10:46,52435,32545,15581,-32.35243634976638
SP,72338,VÁRZEA PAULISTA,0242,255,84729,62454,35108,21261,-22.17151823742274,2026-10-04 18:00:39,2026-10-04 19:04:04,63654,32646,25023,-11.975681025544349
SP,61921,ZACARIAS,0214,8,2570,1860,1157,621,-28.817204301075268,2026-10-04 18:33:49,2026-10-04 18:33:49,1814,1034,687,-19.1289966923925
SP,61077,ÁGUAS DA PRATA,0122,19,5911,4499,2743,1387,-30.14003111802623,2026-10-04 18:48:53,2026-10-04 19:10:39,4623,2601,1556,-22.604369457062514
SP,61093,ÁGUAS DE LINDÓIA,0134,48,14061,10884,7494,2614,-44.83645718485851,2026-10-04 20:18:36,2026-10-04 20:26:03,10915,7077,2929,-38.00274851122309
SP,70190,ÁGUAS DE SANTA BÁRBARA,0205,15,5392,3807,2545,1024,-39.952718676122934,2026-10-04 18:48:55,2026-10-04 18:48:55,3695,2190,1210,-26.52232746955345
SP,61115,ÁGUAS DE SÃO PEDRO,0130,13,4335,3215,2037,904,-35.241057542768274,2026-10-04 19:20:08,2026-10-04 19:20:08,3042,1846,898,-31.16370808678501
SP,61239,ÁLVARES FLORENCE,0147,13,3612,2739,1819,800,-37.203358890105875,2026-10-04 19:23:59,2026-10-04 19:23:59,2737,1666,904,-27.8407014979905
SP,61255,ÁLVARES MACHADO,0182,58,17955,13595,8267,4420,-28.297168076498714,2026-10-04 18:30:22,2026-10-04 19:13:22,14069,7725,5300,-17.236477361575094
SP,61271,ÁLVARO DE CARVALHO,0047,10,2756,1891,1024,762,-13.855103120042306,2026-10-04 18:43:22,2026-10-04 18:43:22,2091,968,1002,1.6260162601626016
SP,67776,ÓLEO,0094,10,2420,1839,1129,566,-30.61446438281675,2026-10-04 19:02:29,2026-10-04 19:02:29,1822,1038,622,-22.83205268935236
TO,73008,ABREULÂNDIA,0007,10,2525,1972,1013,884,-6.54158215010142,2026-10-04 17:49:24,2026-10-04 18:16:10,1851,736,1052,17.071853052404105
TO,73512,AGUIARNÓPOLIS,0009,15,3952,3048,1221,1660,14.402887139107612,2026-10-04 18:23:53,2026-10-04 18:23:53,2965,966,1862,30.219224283305227
TO,96954,ALIANÇA DO TOCANTINS,0002,18,4304,3292,1738,1361,-11.452004860267314,2026-10-04 17:55:44,2026-10-04 19:02:47,3218,1322,1735,12.834058421379739
TO,92070,ALMAS,0019,23,5592,4300,1590,2446,19.906976744186046,2026-10-04 17:39:54,2026-10-04 18:24:57,3862,1108,2546,37.23459347488348
TO,92134,ALVORADA,0014,31,8052,5975,3557,2101,-24.368200836820083,2026-10-04 17:54:12,2026-10-04 18:22:48,5529,2772,2491,-5.082293362271659
TO,92193,ANANÁS,0012,32,7593,6118,2493,3337,13.795357960117686,2026-10-04 17:35:02,2026-10-04 18:44:23,5561,1977,3332,24.3661212012228
TO,73075,ANGICO,0009,11,2806,2212,985,1101,5.244122965641953,2026-10-04 18:11:00,2026-10-04 18:54:39,2046,753,1158,19.794721407624632
TO,96970,APARECIDA DO RIO NEGRO,0035,18,4670,3870,1997,1683,-8.113695090439277,2026-10-04 17:38:22,2026-10-04 18:13:32,3217,1293,1780,15.138327634442026
TO,73334,ARAGOMINAS,0034,20,4450,3519,1484,1882,11.310031258880363,2026-10-04 17:25:25,2026-10-04 19:12:41,3536,1190,2201,28.59162895927602
TO,92371,ARAGUACEMA,0028,20,5135,3909,1647,2084,11.179329751854695,2026-10-04 17:33:46,2026-10-04 18:57:35,3570,1149,2250,30.840336134453782
TO,73318,ARAGUANÃ,0012,16,3552,2837,1397,1321,-2.678886147338738,2026-10-04 17:32:44,2026-10-04 18:43:13,2815,1328,1396,2.4156305506216698
TO,92436,ARAGUATINS,0010,84,22359,16965,7176,8731,9.165929855585029,2026-10-04 18:00:37,2026-10-04 19:22:33,16203,6028,9258,19.93458001604641
TO,92398,ARAGUAÇU,0014,25,6645,5052,3585,1177,-47.66429136975455,2026-10-04 18:12:19,2026-10-04 19:11:44,4859,3183,1450,-35.665774850792346
TO,92410,ARAGUAÍNA,0001,375,113031,90676,52661,31502,-23.334730248356788,2026-10-04 17:35:02,2026-10-04 20:55:40,82901,44480,32659,-14.259176608243568
TO,92410,ARAGUAÍNA,0034,41,11139,8842,4609,3708,-10.19000226193169,2026-10-04 17:35:02,2026-10-04 19:07:09,7328,3323,3602,3.807314410480349
TO,92452,ARAPOEMA,0031,21,4628,3461,1658,1638,-0.5778676683039584,2026-10-04 17:46:19,2026-10-04 19:11:18,3547,1407,1980,16.154496757823512
TO,92479,ARRAIAS,0022,34,8201,5905,1650,3928,38.577476714648604,2026-10-04 17:28:54,2026-10-04 19:03:09,5664,1361,4051,47.49293785310734
TO,96857,AUGUSTINÓPOLIS,0021,47,13639,10464,4391,5553,11.10474006116208,2026-10-04 17:32:44,2026-10-04 19:14:52,9662,3544,5683,22.138273649347962
TO,92533,AURORA DO TOCANTINS,0017,13,3314,2435,990,1288,12.238193018480493,2026-10-04 17:29:32,2026-10-04 17:29:32,2339,729,1482,32.19324497648568
TO,92576,AXIXÁ DO TOCANTINS,0011,39,9184,7187,2982,3979,13.872269375260888,2026-10-04 17:21:12,2026-10-04 18:56:33,6865,2546,4084,22.403495994173344
TO,92592,BABAÇULÂNDIA,0008,31,6651,5394,1916,3268,25.064886911383017,2026-10-04 17:30:04,2026-10-04 19:16:10,5130,1461,3419,38.16764132553606
TO,73580,BANDEIRANTES DO TOCANTINS,0031,13,2799,2329,1308,906,-17.260626878488623,2026-10-04 17:34:11,2026-10-04 18:27:07,2175,1055,1044,-0.5057471264367817
TO,73610,BARRA DO OURO,0032,14,4021,3116,1263,1758,15.885750962772786,2026-10-04 17:28:54,2026-10-04 19:25:18,2803,864,1812,33.82090617195862
TO,96997,BARROLÂNDIA,0028,18,4903,3930,2004,1710,-7.480916030534351,2026-10-04 17:34:11,2026-10-04 18:30:15,3538,1537,1844,8.677218767665348
TO,92002,BERNARDO SAYÃO,0004,17,3604,2892,1602,1155,-15.45643153526971,2026-10-04 17:31:45,2026-10-04 17:52:43,2713,1295,1278,-0.6266126059712496
TO,73121,BOM JESUS DO TOCANTINS,0023,15,3672,2997,1483,1390,-3.103103103103103,2026-10-04 17:29:31,2026-10-04 18:10:51,2569,1059,1409,13.623978201634877
TO,73245,BRASILÂNDIA DO TOCANTINS,0004,10,1994,1597,762,752,-0.6261740763932373,2026-10-04 17:58:50,2026-10-04 18:41:08,1471,558,851,19.91842284160435
TO,92738,BREJINHO DE NAZARÉ,0003,16,4228,3358,1562,1612,1.4889815366289458,2026-10-04 17:44:56,2026-10-04 20:15:27,3100,1248,1679,13.903225806451612
TO,92045,BURITI DO TOCANTINS,0010,24,6689,5314,2296,2793,9.35265336846067,2026-10-04 17:55:44,2026-10-04 19:08:19,5022,1810,2985,23.39705296694544
TO,73067,CACHOEIRINHA,0010,8,2029,1618,553,968,25.648949320148333,2026-10-04 17:31:46,2026-10-04 17:31:46,1410,453,877,30.070921985815602
TO,73091,CAMPOS LINDOS,0032,25,6887,5494,2434,2712,5.060065526028395,2026-10-04 17:26:36,2026-10-04 19:08:19,4927,1489,3210,34.929977674041
TO,73300,CARIRI DO TOCANTINS,0002,12,3798,2950,1621,1184,-14.813559322033898,2026-10-04 18:46:30,2026-10-04 18:46:30,2776,1219,1413,6.988472622478386
TO,73326,CARMOLÂNDIA,0034,8,2413,1899,809,998,9.95260663507109,2026-10-04 18:33:53,2026-10-04 18:38:42,1859,639,1098,24.69069392146315
TO,73423,CARRASCO BONITO,0021,14,3567,2676,1031,1575,20.328849028400597,2026-10-04 17:25:24,2026-10-04 19:07:09,2344,720,1553,35.53754266211604
TO,92088,CASEARA,0028,13,3951,3136,1518,1470,-1.530612244897959,2026-10-04 17:34:11,2026-10-04 18:50:13,2973,1054,1815,25.597040026908846
TO,73210,CENTENÁRIO,0033,8,1930,1528,599,858,16.95026178010471,2026-10-04 17:24:23,2026-10-04 18:12:20,1509,452,974,34.59244532803181
TO,73482,CHAPADA DA NATIVIDADE,0019,12,3103,2356,688,1550,36.5874363327674,2026-10-04 17:31:45,2026-10-04 18:38:42,2114,448,1581,53.59508041627247
TO,73474,CHAPADA DE AREIA,0013,9,2545,1963,1063,767,-15.078960774325013,2026-10-04 18:12:03,2026-10-04 18:31:50,1767,817,881,3.6219581211092247
TO,93114,COLINAS DO TOCANTINS,0004,91,25353,19520,11628,6858,-24.436475409836067,2026-10-04 17:36:03,2026-10-04 19:20:54,17830,9553,7456,-11.761076836791924
TO,95290,COLMÉIA,0016,29,6526,5197,3168,1803,-26.265152972868965,2026-10-04 17:35:02,2026-10-04 20:33:56,5006,2823,1937,-17.69876148621654
TO,92142,COMBINADO,0022,14,3892,3125,1548,1339,-6.688,2026-10-04 17:28:21,2026-10-04 18:39:52,2874,1285,1465,6.263048016701461
TO,93130,CONCEIÇÃO DO TOCANTINS,0022,16,3643,2568,781,1636,33.294392523364486,2026-10-04 17:27:44,2026-10-04 17:35:02,2364,524,1718,50.50761421319797
TO,93211,COUTO MAGALHÃES,0016,18,4816,3728,1624,1989,9.790772532188841,2026-10-04 17:41:57,2026-10-04 18:18:42,3340,1140,2092,28.50299401197605
TO,93238,CRISTALÂNDIA,0013,23,5530,4398,2327,1834,-11.209640745793543,2026-10-04 17:53:53,2026-10-04 18:10:51,4228,1724,2295,13.505203405865657
TO,73555,CRIXÁS DO TOCANTINS,0002,7,1827,1422,679,679,0.0,2026-10-04 18:15:16,2026-10-04 18:15:16,1307,533,709,13.465952563121652
TO,73032,DARCINÓPOLIS,0027,17,4743,3703,1600,1929,8.88468809073724,2026-10-04 17:31:45,2026-10-04 19:02:27,3206,1068,1988,28.696194635059264
TO,93416,DIANÓPOLIS,0025,51,13191,10009,3935,5368,14.317114596862824,2026-10-04 17:33:45,2026-10-04 18:21:52,9685,3044,6126,31.822405782137327
TO,92185,DIVINÓPOLIS DO TOCANTINS,0007,22,5779,4465,2153,2086,-1.5005599104143337,2026-10-04 18:25:54,2026-10-04 18:25:54,4173,1513,2507,23.819793913251857
TO,93459,DOIS IRMÃOS DO TOCANTINS,0028,18,5082,3933,1712,1986,6.9666920925502165,2026-10-04 17:21:55,2026-10-04 18:38:42,3740,1149,2404,33.55614973262032
TO,93475,DUERÉ,0015,17,3669,2865,1307,1352,1.5706806282722514,2026-10-04 17:28:54,2026-10-04 17:55:44,2615,902,1558,25.08604206500956
TO,73296,ESPERANTINA,0010,24,6625,5025,1521,3289,35.18407960199005,2026-10-04 17:37:38,2026-10-04 20:23:17,4594,1192,3242,44.62342185459295
TO,96679,FIGUEIRÓPOLIS,0014,18,4679,3610,2037,1365,-18.614958448753463,2026-10-04 18:13:48,2026-10-04 18:59:45,3530,1649,1678,0.8215297450424929
TO,93556,FILADÉLFIA,0008,29,6244,4833,1965,2649,14.15270018621974,2026-10-04 17:30:51,2026-10-04 18:44:22,4826,1621,2958,27.704102776626605
TO,93653,FORMOSO DO ARAGUAIA,0015,59,14141,10805,6319,4014,-21.332716335030078,2026-10-04 17:29:32,2026-10-04 18:38:42,10594,5361,4787,-5.418161223333962
TO,96830,FÁTIMA,0013,12,3389,2619,1482,1010,-18.022145857197405,2026-10-04 17:53:53,2026-10-04 17:53:53,2571,1246,1228,-0.7001166861143524
TO,92240,GOIANORTE,0016,18,4496,3640,1893,1516,-10.357142857142858,2026-10-04 17:31:45,2026-10-04 18:49:57,3570,1486,1903,11.680672268907562
TO,95338,GOIATINS,0032,34,8809,6988,2163,4537,33.972524327418434,2026-10-04 17:26:36,2026-10-04 19:20:54,6280,1540,4447,46.289808917197455
TO,96270,GUARAÍ,0006,64,17602,14075,7851,5367,-17.648312611012432,2026-10-04 17:33:46,2026-10-04 18:17:48,13229,6517,5991,-3.9761130848892585
TO,93858,GURUPI,0002,218,61239,47419,28803,15383,-28.300892047491512,2026-10-04 17:32:45,2026-10-04 18:36:12,45011,24008,17963,-13.430050432116595
TO,73598,IPUEIRAS,0003,8,1997,1557,527,965,28.131021194605008,2026-10-04 17:38:22,2026-10-04 18:12:02,1420,344,1023,47.816901408450704
TO,94056,ITACAJÁ,0033,22,5446,4451,1737,2542,18.08582341046956,2026-10-04 17:31:45,2026-10-04 18:31:50,4236,1367,2666,30.665722379603398
TO,94099,ITAGUATINS,0011,25,4717,3743,1330,2252,24.632647608869892,2026-10-04 17:21:56,2026-10-04 18:25:54,3423,1046,2231,34.618755477651185
TO,73202,ITAPIRATINS,0033,12,3403,2749,1106,1439,12.113495816660604,2026-10-04 18:27:07,2026-10-04 18:37:13,2591,840,1608,29.641065225781553
TO,94170,ITAPORÃ DO TOCANTINS,0016,10,2703,2174,1055,1022,-1.5179392824287028,2026-10-04 18:10:51,2026-10-04 18:15:02,1943,786,1076,14.925373134328359
TO,73369,JAÚ DO TOCANTINS,0020,14,3092,2343,1165,1083,-3.4997865983781478,2026-10-04 17:31:44,2026-10-04 18:18:42,2179,881,1211,15.144561725562184
TO,73253,JUARINA,0004,10,2277,1808,812,901,4.922566371681416,2026-10-04 17:35:17,2026-10-04 18:10:51,1670,663,936,16.347305389221557
TO,73385,LAGOA DA CONFUSÃO,0013,37,10221,8077,4535,3194,-16.602699021914077,2026-10-04 17:21:12,2026-10-04 19:20:54,6671,3071,3345,4.107330235347025
TO,73113,LAGOA DO TOCANTINS,0035,15,3307,2651,1060,1443,14.447378347793286,2026-10-04 17:34:11,2026-10-04 18:57:34,2376,707,1567,36.195286195286194
TO,73407,LAJEADO,0005,18,3504,2773,1432,1187,-8.835196538045437,2026-10-04 17:21:56,2026-10-04 18:21:52,2513,1082,1313,9.192200557103064
TO,73601,LAVANDEIRA,0017,7,2002,1577,630,807,11.223842739378567,2026-10-04 17:41:13,2026-10-04 18:22:11,1388,441,869,30.835734870317
TO,95699,LIZARDA,0035,15,3099,2244,727,1412,30.525846702317292,2026-10-04 17:21:56,2026-10-04 18:31:51,2255,556,1601,46.34146341463415
TO,73520,LUZINÓPOLIS,0009,10,2601,2093,870,1109,11.419015766841854,2026-10-04 17:35:01,2026-10-04 18:42:04,2013,681,1234,27.47143566815698
TO,92304,MARIANÓPOLIS DO TOCANTINS,0007,16,3803,2925,1528,1265,-8.991452991452991,2026-10-04 17:31:45,2026-10-04 18:36:12,2621,1067,1444,14.383822968332698
TO,73270,MATEIROS,0026,10,2000,1523,494,984,32.17334208798424,2026-10-04 17:30:40,2026-10-04 19:14:52,1536,461,1018,36.263020833333336
TO,73059,MAURILÂNDIA DO TOCANTINS,0011,14,3586,2778,786,1869,38.98488120950324,2026-10-04 18:21:08,2026-10-04 19:31:51,2511,544,1824,50.975706889685384
TO,94617,MIRACEMA DO TOCANTINS,0005,65,14418,11154,4603,5810,10.821230051999283,2026-10-04 17:27:44,2026-10-04 18:17:12,10853,3784,6452,24.583064590435825
TO,94633,MIRANORTE,0028,38,10079,7878,4303,3139,-14.775323686214776,2026-10-04 17:34:11,2026-10-04 19:13:45,7601,3470,3781,4.091566899092225
TO,94692,MONTE DO CARMO,0003,23,5125,3920,1709,1977,6.836734693877551,2026-10-04 17:30:40,2026-10-04 19:09:24,3618,1128,2206,29.795467108899945
TO,73563,MONTE SANTO DO TOCANTINS,0007,10,2559,1989,1199,702,-24.98743086978381,2026-10-04 18:15:01,2026-10-04 18:36:12,1896,978,824,-8.122362869198312
TO,73342,MURICILÂNDIA,0034,11,2874,2292,939,1254,13.743455497382199,2026-10-04 17:28:54,2026-10-04 18:48:41,2151,701,1363,30.776383077638307
TO,94811,NATIVIDADE,0019,30,6806,5088,2187,2522,6.584119496855346,2026-10-04 17:46:19,2026-10-04 19:09:24,4970,1731,2943,24.386317907444667
TO,94838,NAZARÉ,0009,15,4125,3339,968,2150,35.39982030548068,2026-10-04 17:24:23,2026-10-04 18:55:47,3273,775,2271,45.70730216926367
TO,96636,NOVA OLINDA,0031,33,8132,6456,3064,3104,0.6195786864931846,2026-10-04 18:44:42,2026-10-04 19:07:09,6192,2631,3279,10.465116279069768
TO,92401,NOVA ROSALÂNDIA,0013,10,2880,2333,1312,901,-17.616802400342905,2026-10-04 17:39:13,2026-10-04 18:31:50,2160,1031,1014,-0.7870370370370371
TO,94994,NOVO ACORDO,0035,16,4119,3260,1598,1507,-2.791411042944785,2026-10-04 17:58:50,2026-10-04 20:36:08,2992,1176,1670,16.510695187165776
TO,73148,NOVO ALEGRE,0022,7,2099,1532,572,820,16.18798955613577,2026-10-04 17:32:45,2026-10-04 18:00:37,1559,538,970,27.71007055805003
TO,73172,NOVO JARDIM,0025,10,2344,1745,614,1034,24.068767908309457,2026-10-04 17:21:12,2026-10-04 17:59:26,1619,440,1109,41.32180358245831
TO,73466,OLIVEIRA DE FÁTIMA,0013,6,1692,1346,657,632,-1.8573551263001487,2026-10-04 18:20:29,2026-10-04 18:28:20,1190,454,685,19.41176470588235
TO,73440,PALMAS,0029,673,219783,177926,103652,59524,-24.801321897867652,2026-10-04 17:33:45,2026-10-04 20:07:30,160933,88034,61252,-16.641708039991798
TO,73083,PALMEIRANTE,0008,19,4317,3419,1367,1886,15.17987715706347,2026-10-04 17:46:36,2026-10-04 18:27:07,3005,889,1968,35.90682196339434
TO,73040,PALMEIRAS DO TOCANTINS,0027,16,4232,3319,1336,1841,15.215426333232902,2026-10-04 17:44:55,2026-10-04 17:52:43,3224,1105,1966,26.705955334987593
TO,96490,PALMEIRÓPOLIS,0018,22,6163,4792,2777,1716,-22.141068447412355,2026-10-04 17:27:44,2026-10-04 19:02:27,4343,2198,1939,-5.9636196177757315
TO,95214,PARANÃ,0018,34,8577,6059,1562,4160,42.87836276613302,2026-10-04 17:28:54,2026-10-04 19:04:35,5657,1111,4325,56.81456602439456
TO,95192,PARAÍSO DO TOCANTINS,0007,135,36056,28178,19188,7337,-42.057633614876856,2026-10-04 17:52:43,2026-10-04 20:10:49,25930,16269,8294,-30.75588121866564
TO,73261,PAU D'ARCO,0031,16,3551,2807,1331,1333,0.07125044531528323,2026-10-04 17:25:25,2026-10-04 19:10:58,2635,1124,1420,11.233396584440227
TO,95257,PEDRO AFONSO,0023,47,10799,8443,4586,3415,-13.869477673812625,2026-10-04 17:26:36,2026-10-04 18:35:05,7687,3465,3832,4.774294263041499
TO,95273,PEIXE,0020,30,7284,5533,2029,3189,20.965118380625338,2026-10-04 17:36:53,2026-10-04 18:50:13,5343,1635,3477,34.47501403705783
TO,92487,PEQUIZEIRO,0016,16,4371,3528,1616,1786,4.81859410430839,2026-10-04 17:29:31,2026-10-04 19:07:09,3373,1317,1920,17.877260598873406
TO,95370,PINDORAMA DO TOCANTINS,0026,16,3710,2876,1283,1463,6.258692628650904,2026-10-04 17:32:44,2026-10-04 17:51:33,2791,1012,1659,23.181655320673595
TO,73016,PIRAQUÊ,0027,12,2394,1906,826,983,8.237145855194123,2026-10-04 17:21:55,2026-10-04 18:33:54,1740,617,1006,22.35632183908046
TO,95478,PIUM,0013,23,5965,4564,2519,1825,-15.205959684487292,2026-10-04 17:34:11,2026-10-04 18:12:20,4460,2064,2236,3.8565022421524664
TO,95516,PONTE ALTA DO BOM JESUS,0017,14,3642,2798,1014,1609,21.26518942101501,2026-10-04 17:26:36,2026-10-04 18:33:54,2550,719,1691,38.11764705882353
TO,95532,PONTE ALTA DO TOCANTINS,0026,24,5628,4326,2221,1852,-8.52981969486824,2026-10-04 17:32:44,2026-10-04 18:37:14,4109,1786,2104,7.739109272329034
TO,92509,PORTO ALEGRE DO TOCANTINS,0025,12,2639,1977,705,1140,22.003034901365705,2026-10-04 17:36:53,2026-10-04 17:36:53,1700,431,1162,43.0
TO,95591,PORTO NACIONAL,0003,166,47070,37314,18594,16193,-6.434582194350646,2026-10-04 17:32:45,2026-10-04 20:10:49,34406,14511,17602,8.983898157298146
TO,92525,PRAIA NORTE,0021,24,5873,4451,1475,2766,29.00471804088969,2026-10-04 17:32:53,2026-10-04 18:44:42,4148,1195,2794,38.548698167791706
TO,96296,PRESIDENTE KENNEDY,0004,12,2825,2243,1067,1051,-0.7133303611234953,2026-10-04 17:21:55,2026-10-04 18:24:57,2135,905,1122,10.163934426229508
TO,73571,PUGMIL,0007,9,2328,1870,1038,743,-15.775401069518717,2026-10-04 17:51:50,2026-10-04 17:51:50,1596,783,741,-2.6315789473684212
TO,73229,RECURSOLÂNDIA,0033,12,2936,2428,760,1591,34.225700164744644,2026-10-04 17:51:49,2026-10-04 17:51:49,2256,550,1615,47.20744680851064
TO,73024,RIACHINHO,0027,16,3503,2856,1220,1535,11.029411764705882,2026-10-04 17:21:55,2026-10-04 18:16:11,2841,987,1744,26.64554734248504
TO,73431,RIO DA CONCEIÇÃO,0025,9,2139,1519,527,894,24.16063199473338,2026-10-04 17:39:54,2026-10-04 17:39:54,1517,443,1000,36.717205009887934
TO,73415,RIO DOS BOIS,0028,10,2668,2075,840,1142,14.55421686746988,2026-10-04 17:22:31,2026-10-04 17:38:22,1975,655,1220,28.60759493670886
TO,96792,RIO SONO,0023,19,4294,3617,1690,1783,2.5711915952446778,2026-10-04 17:21:11,2026-10-04 20:10:48,3364,1342,1870,15.695600475624257
TO,92541,SAMPAIO,0021,14,4157,2989,966,1927,32.15122114419538,2026-10-04 17:21:55,2026-10-04 19:20:54,2714,754,1866,40.97273397199705
TO,73156,SANDOLÂNDIA,0014,15,3566,2672,1523,1002,-19.498502994011975,2026-10-04 18:23:28,2026-10-04 18:23:28,2621,1244,1258,0.5341472720335749
TO,73350,SANTA FÉ DO ARAGUAIA,0034,22,5526,4363,2038,2164,2.887921155168462,2026-10-04 17:30:40,2026-10-04 19:10:58,4086,1580,2308,17.816935878609886
TO,73130,SANTA MARIA DO TOCANTINS,0033,11,2546,2036,1050,897,-7.514734774066798,2026-10-04 17:44:56,2026-10-04 17:44:56,1980,789,1101,15.757575757575758
TO,73547,SANTA RITA DO TOCANTINS,0003,8,2126,1636,898,643,-15.58679706601467,2026-10-04 17:22:31,2026-10-04 17:44:56,1637,711,831,7.330482590103848
TO,92584,SANTA ROSA DO TOCANTINS,0019,18,4257,3338,1253,1923,20.07189934092271,2026-10-04 17:25:24,2026-10-04 20:11:07,3282,881,2284,42.74832419256551
TO,92606,SANTA TEREZA DO TOCANTINS,0035,13,3061,2492,1296,1049,-9.911717495987158,2026-10-04 17:25:24,2026-10-04 18:17:48,2386,1074,1167,3.897736797988265
TO,73539,SANTA TEREZINHA DO TOCANTINS,0009,8,2106,1639,601,913,19.03599755948749,2026-10-04 17:21:55,2026-10-04 19:11:44,1664,514,1040,31.610576923076923
TO,96598,SILVANÓPOLIS,0003,17,4865,3886,1827,1834,0.18013381369016984,2026-10-04 17:39:13,2026-10-04 19:13:45,3517,1209,2148,26.698891100369632
TO,73377,SUCUPIRA,0020,7,1762,1412,725,608,-8.286118980169972,2026-10-04 17:36:03,2026-10-04 19:10:36,1327,548,694,11.002260738507912
TO,73288,SÃO BENTO DO TOCANTINS,0010,21,5456,4229,1476,2518,24.639394655947033,2026-10-04 17:21:55,2026-10-04 18:57:35,3519,949,2411,41.54589371980676
TO,73105,SÃO FÉLIX DO TOCANTINS,0035,8,1852,1497,510,878,24.58249832999332,2026-10-04 17:31:45,2026-10-04 17:31:45,1232,309,853,44.15584415584416
TO,73180,SÃO MIGUEL DO TOCANTINS,0011,35,9833,8168,3258,4432,14.373163565132224,2026-10-04 17:22:31,2026-10-04 19:32:13,6460,2091,4089,30.928792569659443
TO,73393,SÃO SALVADOR DO TOCANTINS,0018,12,2701,1883,586,1155,30.21773765268189,2026-10-04 17:32:52,2026-10-04 17:54:12,1704,436,1174,43.309859154929576
TO,96032,SÃO SEBASTIÃO DO TOCANTINS,0021,13,3364,2624,812,1712,34.298780487804876,2026-10-04 17:31:45,2026-10-04 18:36:12,2525,626,1799,46.45544554455446
TO,92681,SÃO VALÉRIO,0020,16,4075,3058,1087,1792,23.05428384565075,2026-10-04 17:33:45,2026-10-04 18:38:27,2841,699,2025,46.673706441393875
TO,96130,SÍTIO NOVO DO TOCANTINS,0011,33,8078,6504,2187,3992,27.752152521525215,2026-10-04 17:32:45,2026-10-04 18:27:07,6169,1740,4127,38.69346733668342
TO,73199,TABOCÃO,0006,11,3073,2382,1131,1114,-0.7136859781696053,2026-10-04 17:30:40,2026-10-04 18:20:11,2369,964,1270,12.916842549598988
TO,96156,TAGUATINGA,0017,46,11231,8347,3353,4524,14.0289924523781,2026-10-04 17:36:53,2026-10-04 18:43:13,7783,2549,4829,29.294616471797507
TO,73164,TAIPAS DO TOCANTINS,0025,7,2033,1405,366,973,43.20284697508897,2026-10-04 18:15:01,2026-10-04 18:15:01,1350,293,976,50.592592592592595
TO,73504,TALISMÃ,0014,12,2560,1869,1008,763,-13.108614232209737,2026-10-04 17:51:33,2026-10-04 19:23:51,1930,809,1045,12.2279792746114
TO,96210,TOCANTINÓPOLIS,0009,67,16077,12882,4330,7921,27.876106194690266,2026-10-04 17:34:11,2026-10-04 18:49:57,12618,3745,8328,36.321128546520846
TO,96199,TOCANTÍNIA,0005,28,5453,4563,1234,3206,43.21718167872014,2026-10-04 17:31:45,2026-10-04 18:31:50,3998,1035,2854,45.49774887443722
TO,73458,TUPIRAMA,0023,8,1851,1449,619,770,10.420979986197377,2026-10-04 17:29:32,2026-10-04 17:36:53,1464,517,881,24.863387978142075
TO,73237,TUPIRATINS,0006,7,1797,1392,526,798,19.54022988505747,2026-10-04 17:21:12,2026-10-04 17:47:45,1385,405,898,35.5956678700361
TO,96652,WANDERLÂNDIA,0027,30,7391,5716,2519,2933,7.242827151854444,2026-10-04 17:30:40,2026-10-04 18:47:43,5296,1883,3178,24.452416918429
TO,96431,XAMBIOÁ,0012,35,8639,6861,3568,3006,-8.191225768838361,2026-10-04 17:32:44,2026-10-04 17:49:25,6486,3068,3150,1.2642614862781376
