uf,municipality_code,municipality_name,zone,section,is_aggregated,principal_section,aggregated_sections,ea16_aux_date,ea16_aux_time,ea18_status,ea18_hash_count,ea18_file_types,ea18_url,fetch_error
BA,33693,BELO CAMPO,0177,0109,False,,,05/10/2026,00:51:57,Totalizada,1,"vota,rdv,bu,log",https://resultados.tse.jus.br/oficial/ele2026/arquivo-urna/3220/dados/ba/33693/0177/0109/p003220-ba-m33693-z0177-s0109-aux.json,
BA,33693,BELO CAMPO,0177,0111,False,,,05/10/2026,00:52:20,Totalizada,1,"rdv,vota,bu,log",https://resultados.tse.jus.br/oficial/ele2026/arquivo-urna/3220/dados/ba/33693/0177/0111/p003220-ba-m33693-z0177-s0111-aux.json,
BA,33693,BELO CAMPO,0177,0112,False,,,05/10/2026,00:52:21,Totalizada,1,"log,rdv,vota,bu",https://resultados.tse.jus.br/oficial/ele2026/arquivo-urna/3220/dados/ba/33693/0177/0112/p003220-ba-m33693-z0177-s0112-aux.json,
BA,33693,BELO CAMPO,0177,0113,False,,,05/10/2026,00:52:22,Totalizada,1,"log,bu,vota,rdv",https://resultados.tse.jus.br/oficial/ele2026/arquivo-urna/3220/dados/ba/33693/0177/0113/p003220-ba-m33693-z0177-s0113-aux.json,
BA,33693,BELO CAMPO,0177,0114,False,,,05/10/2026,00:52:22,Totalizada,1,"bu,rdv,log,vota",https://resultados.tse.jus.br/oficial/ele2026/arquivo-urna/3220/dados/ba/33693/0177/0114/p003220-ba-m33693-z0177-s0114-aux.json,
BA,33693,BELO CAMPO,0177,0115,False,,,05/10/2026,00:52:20,Totalizada,1,"bu,rdv,log,vota",https://resultados.tse.jus.br/oficial/ele2026/arquivo-urna/3220/dados/ba/33693/0177/0115/p003220-ba-m33693-z0177-s0115-aux.json,
BA,33693,BELO CAMPO,0177,0116,False,,,05/10/2026,00:52:20,Totalizada,1,"rdv,log,vota,bu",https://resultados.tse.jus.br/oficial/ele2026/arquivo-urna/3220/dados/ba/33693/0177/0116/p003220-ba-m33693-z0177-s0116-aux.json,
BA,33693,BELO CAMPO,0177,0117,False,,,05/10/2026,00:52:20,Totalizada,1,"log,rdv,vota,bu",https://resultados.tse.jus.br/oficial/ele2026/arquivo-urna/3220/dados/ba/33693/0177/0117/p003220-ba-m33693-z0177-s0117-aux.json,
BA,33693,BELO CAMPO,0177,0118,False,,,05/10/2026,00:52:20,Totalizada,1,"rdv,log,vota,bu",https://resultados.tse.jus.br/oficial/ele2026/arquivo-urna/3220/dados/ba/33693/0177/0118/p003220-ba-m33693-z0177-s0118-aux.json,
BA,33693,BELO CAMPO,0177,0119,False,,,05/10/2026,00:52:23,Totalizada,1,"log,rdv,vota,bu",https://resultados.tse.jus.br/oficial/ele2026/arquivo-urna/3220/dados/ba/33693/0177/0119/p003220-ba-m33693-z0177-s0119-aux.json,
BA,33693,BELO CAMPO,0177,0120,False,,,05/10/2026,00:52:20,Totalizada,1,"log,rdv,bu,vota",https://resultados.tse.jus.br/oficial/ele2026/arquivo-urna/3220/dados/ba/33693/0177/0120/p003220-ba-m33693-z0177-s0120-aux.json,
BA,33693,BELO CAMPO,0177,0121,False,,,05/10/2026,00:52:23,Totalizada,1,"bu,rdv,log,vota",https://resultados.tse.jus.br/oficial/ele2026/arquivo-urna/3220/dados/ba/33693/0177/0121/p003220-ba-m33693-z0177-s0121-aux.json,
BA,33693,BELO CAMPO,0177,0122,False,,,05/10/2026,00:52:23,Totalizada,1,"vota,rdv,bu,log",https://resultados.tse.jus.br/oficial/ele2026/arquivo-urna/3220/dados/ba/33693/0177/0122/p003220-ba-m33693-z0177-s0122-aux.json,
BA,33693,BELO CAMPO,0177,0123,False,,,05/10/2026,00:52:30,Totalizada,1,"log,bu,rdv,vota",https://resultados.tse.jus.br/oficial/ele2026/arquivo-urna/3220/dados/ba/33693/0177/0123/p003220-ba-m33693-z0177-s0123-aux.json,
BA,33693,BELO CAMPO,0177,0124,False,,,05/10/2026,00:52:30,Totalizada,1,"bu,vota,rdv,log",https://resultados.tse.jus.br/oficial/ele2026/arquivo-urna/3220/dados/ba/33693/0177/0124/p003220-ba-m33693-z0177-s0124-aux.json,
BA,33693,BELO CAMPO,0177,0125,False,,,05/10/2026,00:52:29,Totalizada,1,"bu,rdv,log,vota",https://resultados.tse.jus.br/oficial/ele2026/arquivo-urna/3220/dados/ba/33693/0177/0125/p003220-ba-m33693-z0177-s0125-aux.json,
BA,33693,BELO CAMPO,0177,0126,False,,,05/10/2026,00:52:29,Totalizada,1,"bu,vota,rdv,log",https://resultados.tse.jus.br/oficial/ele2026/arquivo-urna/3220/dados/ba/33693/0177/0126/p003220-ba-m33693-z0177-s0126-aux.json,
BA,33693,BELO CAMPO,0177,0127,False,,,05/10/2026,00:51:57,Totalizada,1,"bu,log,rdv,vota",https://resultados.tse.jus.br/oficial/ele2026/arquivo-urna/3220/dados/ba/33693/0177/0127/p003220-ba-m33693-z0177-s0127-aux.json,
BA,33693,BELO CAMPO,0177,0128,False,,,05/10/2026,00:51:57,Totalizada,1,"rdv,vota,log,bu",https://resultados.tse.jus.br/oficial/ele2026/arquivo-urna/3220/dados/ba/33693/0177/0128/p003220-ba-m33693-z0177-s0128-aux.json,
BA,33693,BELO CAMPO,0177,0131,False,,,05/10/2026,00:52:29,Totalizada,1,"rdv,bu,log,vota",https://resultados.tse.jus.br/oficial/ele2026/arquivo-urna/3220/dados/ba/33693/0177/0131/p003220-ba-m33693-z0177-s0131-aux.json,
BA,33693,BELO CAMPO,0177,0132,False,,,05/10/2026,00:52:29,Totalizada,1,"log,bu,rdv,vota",https://resultados.tse.jus.br/oficial/ele2026/arquivo-urna/3220/dados/ba/33693/0177/0132/p003220-ba-m33693-z0177-s0132-aux.json,
BA,33693,BELO CAMPO,0177,0133,False,,,05/10/2026,00:52:30,Totalizada,1,"bu,vota,rdv,log",https://resultados.tse.jus.br/oficial/ele2026/arquivo-urna/3220/dados/ba/33693/0177/0133/p003220-ba-m33693-z0177-s0133-aux.json,
BA,33693,BELO CAMPO,0177,0134,False,,,05/10/2026,00:52:29,Totalizada,1,"bu,log,rdv,vota",https://resultados.tse.jus.br/oficial/ele2026/arquivo-urna/3220/dados/ba/33693/0177/0134/p003220-ba-m33693-z0177-s0134-aux.json,
BA,33693,BELO CAMPO,0177,0135,False,,,05/10/2026,00:52:30,Totalizada,1,"log,bu,vota,rdv",https://resultados.tse.jus.br/oficial/ele2026/arquivo-urna/3220/dados/ba/33693/0177/0135/p003220-ba-m33693-z0177-s0135-aux.json,
BA,33693,BELO CAMPO,0177,0136,False,,0138,05/10/2026,00:52:07,Totalizada,1,"vota,bu,rdv,log",https://resultados.tse.jus.br/oficial/ele2026/arquivo-urna/3220/dados/ba/33693/0177/0136/p003220-ba-m33693-z0177-s0136-aux.json,
BA,33693,BELO CAMPO,0177,0137,False,,,05/10/2026,00:52:07,Totalizada,1,"bu,rdv,vota,log",https://resultados.tse.jus.br/oficial/ele2026/arquivo-urna/3220/dados/ba/33693/0177/0137/p003220-ba-m33693-z0177-s0137-aux.json,
BA,33693,BELO CAMPO,0177,0139,False,,,05/10/2026,00:51:55,Totalizada,1,"vota,log,rdv,bu",https://resultados.tse.jus.br/oficial/ele2026/arquivo-urna/3220/dados/ba/33693/0177/0139/p003220-ba-m33693-z0177-s0139-aux.json,
BA,33693,BELO CAMPO,0177,0140,False,,,05/10/2026,00:51:55,Totalizada,1,"bu,rdv,log,vota",https://resultados.tse.jus.br/oficial/ele2026/arquivo-urna/3220/dados/ba/33693/0177/0140/p003220-ba-m33693-z0177-s0140-aux.json,
BA,33693,BELO CAMPO,0177,0141,False,,,05/10/2026,00:52:09,Totalizada,1,"vota,bu,rdv,log",https://resultados.tse.jus.br/oficial/ele2026/arquivo-urna/3220/dados/ba/33693/0177/0141/p003220-ba-m33693-z0177-s0141-aux.json,
BA,33693,BELO CAMPO,0177,0142,False,,,05/10/2026,00:52:09,Totalizada,1,"bu,rdv,log,vota",https://resultados.tse.jus.br/oficial/ele2026/arquivo-urna/3220/dados/ba/33693/0177/0142/p003220-ba-m33693-z0177-s0142-aux.json,
BA,33693,BELO CAMPO,0177,0143,False,,,05/10/2026,00:52:25,Totalizada,1,"bu,log,rdv,vota",https://resultados.tse.jus.br/oficial/ele2026/arquivo-urna/3220/dados/ba/33693/0177/0143/p003220-ba-m33693-z0177-s0143-aux.json,
BA,33693,BELO CAMPO,0177,0144,False,,,05/10/2026,00:52:25,Totalizada,1,"vota,bu,log,rdv",https://resultados.tse.jus.br/oficial/ele2026/arquivo-urna/3220/dados/ba/33693/0177/0144/p003220-ba-m33693-z0177-s0144-aux.json,
BA,33693,BELO CAMPO,0177,0145,False,,0130,05/10/2026,00:51:57,Totalizada,1,"bu,log,vota,rdv",https://resultados.tse.jus.br/oficial/ele2026/arquivo-urna/3220/dados/ba/33693/0177/0145/p003220-ba-m33693-z0177-s0145-aux.json,
BA,33693,BELO CAMPO,0177,0146,False,,,05/10/2026,00:52:29,Totalizada,1,"rdv,log,vota,bu",https://resultados.tse.jus.br/oficial/ele2026/arquivo-urna/3220/dados/ba/33693/0177/0146/p003220-ba-m33693-z0177-s0146-aux.json,
BA,33693,BELO CAMPO,0177,0147,False,,,05/10/2026,00:52:29,Totalizada,1,"rdv,vota,log,bu",https://resultados.tse.jus.br/oficial/ele2026/arquivo-urna/3220/dados/ba/33693/0177/0147/p003220-ba-m33693-z0177-s0147-aux.json,
BA,33693,BELO CAMPO,0177,0148,False,,,05/10/2026,00:52:30,Totalizada,1,"bu,log,vota,rdv",https://resultados.tse.jus.br/oficial/ele2026/arquivo-urna/3220/dados/ba/33693/0177/0148/p003220-ba-m33693-z0177-s0148-aux.json,
BA,33693,BELO CAMPO,0177,0149,False,,0156,05/10/2026,00:51:57,Totalizada,1,"vota,bu,rdv,log",https://resultados.tse.jus.br/oficial/ele2026/arquivo-urna/3220/dados/ba/33693/0177/0149/p003220-ba-m33693-z0177-s0149-aux.json,
BA,33693,BELO CAMPO,0177,0150,False,,,05/10/2026,00:52:25,Totalizada,1,"rdv,bu,vota,log",https://resultados.tse.jus.br/oficial/ele2026/arquivo-urna/3220/dados/ba/33693/0177/0150/p003220-ba-m33693-z0177-s0150-aux.json,
BA,33693,BELO CAMPO,0177,0151,False,,,05/10/2026,00:52:25,Totalizada,1,"log,vota,bu,rdv",https://resultados.tse.jus.br/oficial/ele2026/arquivo-urna/3220/dados/ba/33693/0177/0151/p003220-ba-m33693-z0177-s0151-aux.json,
BA,33693,BELO CAMPO,0177,0152,False,,,05/10/2026,00:52:09,Totalizada,1,"log,vota,rdv,bu",https://resultados.tse.jus.br/oficial/ele2026/arquivo-urna/3220/dados/ba/33693/0177/0152/p003220-ba-m33693-z0177-s0152-aux.json,
BA,33693,BELO CAMPO,0177,0153,False,,,05/10/2026,00:52:09,Totalizada,1,"log,vota,rdv,bu",https://resultados.tse.jus.br/oficial/ele2026/arquivo-urna/3220/dados/ba/33693/0177/0153/p003220-ba-m33693-z0177-s0153-aux.json,
BA,33693,BELO CAMPO,0177,0154,False,,0155,05/10/2026,00:51:57,Totalizada,1,"rdv,bu,log,vota",https://resultados.tse.jus.br/oficial/ele2026/arquivo-urna/3220/dados/ba/33693/0177/0154/p003220-ba-m33693-z0177-s0154-aux.json,
BA,33693,BELO CAMPO,0177,0159,False,,,05/10/2026,00:52:29,Totalizada,1,"rdv,vota,bu,log",https://resultados.tse.jus.br/oficial/ele2026/arquivo-urna/3220/dados/ba/33693/0177/0159/p003220-ba-m33693-z0177-s0159-aux.json,
BA,33693,BELO CAMPO,0177,0160,False,,,05/10/2026,00:52:30,Totalizada,1,"rdv,bu,vota,log",https://resultados.tse.jus.br/oficial/ele2026/arquivo-urna/3220/dados/ba/33693/0177/0160/p003220-ba-m33693-z0177-s0160-aux.json,
BA,33693,BELO CAMPO,0177,0161,False,,,05/10/2026,00:52:29,Totalizada,1,"rdv,log,vota,bu",https://resultados.tse.jus.br/oficial/ele2026/arquivo-urna/3220/dados/ba/33693/0177/0161/p003220-ba-m33693-z0177-s0161-aux.json,
BA,33693,BELO CAMPO,0177,0162,False,,,05/10/2026,00:52:09,Totalizada,1,"vota,log,bu,rdv",https://resultados.tse.jus.br/oficial/ele2026/arquivo-urna/3220/dados/ba/33693/0177/0162/p003220-ba-m33693-z0177-s0162-aux.json,
BA,33693,BELO CAMPO,0177,0163,False,,,05/10/2026,00:52:07,Totalizada,1,"vota,bu,rdv,log",https://resultados.tse.jus.br/oficial/ele2026/arquivo-urna/3220/dados/ba/33693/0177/0163/p003220-ba-m33693-z0177-s0163-aux.json,
BA,33693,BELO CAMPO,0177,0164,False,,,05/10/2026,00:51:57,Totalizada,1,"rdv,log,bu,vota",https://resultados.tse.jus.br/oficial/ele2026/arquivo-urna/3220/dados/ba/33693/0177/0164/p003220-ba-m33693-z0177-s0164-aux.json,
BA,33693,BELO CAMPO,0177,0165,False,,,05/10/2026,00:52:30,Totalizada,1,"log,bu,rdv,vota",https://resultados.tse.jus.br/oficial/ele2026/arquivo-urna/3220/dados/ba/33693/0177/0165/p003220-ba-m33693-z0177-s0165-aux.json,
BA,33693,BELO CAMPO,0177,0166,False,,,05/10/2026,00:52:25,Totalizada,1,"rdv,vota,log,bu",https://resultados.tse.jus.br/oficial/ele2026/arquivo-urna/3220/dados/ba/33693/0177/0166/p003220-ba-m33693-z0177-s0166-aux.json,
BA,33693,BELO CAMPO,0177,0167,False,,,05/10/2026,00:52:22,Totalizada,1,"rdv,log,vota,bu",https://resultados.tse.jus.br/oficial/ele2026/arquivo-urna/3220/dados/ba/33693/0177/0167/p003220-ba-m33693-z0177-s0167-aux.json,
BA,33693,BELO CAMPO,0177,0168,False,,,05/10/2026,00:52:07,Totalizada,1,"bu,rdv,log,vota",https://resultados.tse.jus.br/oficial/ele2026/arquivo-urna/3220/dados/ba/33693/0177/0168/p003220-ba-m33693-z0177-s0168-aux.json,
BA,33693,BELO CAMPO,0177,0170,False,,,05/10/2026,00:52:09,Totalizada,1,"bu,rdv,log,vota",https://resultados.tse.jus.br/oficial/ele2026/arquivo-urna/3220/dados/ba/33693/0177/0170/p003220-ba-m33693-z0177-s0170-aux.json,
BA,33693,BELO CAMPO,0177,0171,False,,,05/10/2026,00:52:30,Totalizada,1,"log,rdv,vota,bu",https://resultados.tse.jus.br/oficial/ele2026/arquivo-urna/3220/dados/ba/33693/0177/0171/p003220-ba-m33693-z0177-s0171-aux.json,
BA,33693,BELO CAMPO,0177,0198,False,,,05/10/2026,00:52:30,Totalizada,1,"bu,log,vota,rdv",https://resultados.tse.jus.br/oficial/ele2026/arquivo-urna/3220/dados/ba/33693/0177/0198/p003220-ba-m33693-z0177-s0198-aux.json,
BA,33693,BELO CAMPO,0177,0199,False,,,05/10/2026,00:52:30,Totalizada,1,"bu,rdv,vota,log",https://resultados.tse.jus.br/oficial/ele2026/arquivo-urna/3220/dados/ba/33693/0177/0199/p003220-ba-m33693-z0177-s0199-aux.json,
BA,33693,BELO CAMPO,0177,0201,False,,,05/10/2026,00:52:30,Totalizada,1,"rdv,vota,bu,log",https://resultados.tse.jus.br/oficial/ele2026/arquivo-urna/3220/dados/ba/33693/0177/0201/p003220-ba-m33693-z0177-s0201-aux.json,
BA,33693,BELO CAMPO,0177,0203,False,,,05/10/2026,00:52:25,Totalizada,1,"bu,vota,log,rdv",https://resultados.tse.jus.br/oficial/ele2026/arquivo-urna/3220/dados/ba/33693/0177/0203/p003220-ba-m33693-z0177-s0203-aux.json,
BA,34673,CONCEIÇÃO DO COITÉ,0132,0001,False,,,05/10/2026,00:51:45,Totalizada,1,"bu,rdv,vota,log",https://resultados.tse.jus.br/oficial/ele2026/arquivo-urna/3220/dados/ba/34673/0132/0001/p003220-ba-m34673-z0132-s0001-aux.json,
BA,34673,CONCEIÇÃO DO COITÉ,0132,0002,False,,,05/10/2026,00:51:47,Totalizada,1,"bu,log,rdv,vota",https://resultados.tse.jus.br/oficial/ele2026/arquivo-urna/3220/dados/ba/34673/0132/0002/p003220-ba-m34673-z0132-s0002-aux.json,
BA,34673,CONCEIÇÃO DO COITÉ,0132,0003,False,,,05/10/2026,00:51:47,Totalizada,1,"rdv,log,bu,vota",https://resultados.tse.jus.br/oficial/ele2026/arquivo-urna/3220/dados/ba/34673/0132/0003/p003220-ba-m34673-z0132-s0003-aux.json,
BA,34673,CONCEIÇÃO DO COITÉ,0132,0004,False,,,05/10/2026,00:51:47,Totalizada,1,"rdv,log,vota,bu",https://resultados.tse.jus.br/oficial/ele2026/arquivo-urna/3220/dados/ba/34673/0132/0004/p003220-ba-m34673-z0132-s0004-aux.json,
BA,34673,CONCEIÇÃO DO COITÉ,0132,0005,False,,,05/10/2026,00:51:45,Totalizada,1,"bu,log,rdv,vota",https://resultados.tse.jus.br/oficial/ele2026/arquivo-urna/3220/dados/ba/34673/0132/0005/p003220-ba-m34673-z0132-s0005-aux.json,
BA,34673,CONCEIÇÃO DO COITÉ,0132,0006,False,,,05/10/2026,00:52:07,Totalizada,1,"vota,rdv,bu,log",https://resultados.tse.jus.br/oficial/ele2026/arquivo-urna/3220/dados/ba/34673/0132/0006/p003220-ba-m34673-z0132-s0006-aux.json,
BA,34673,CONCEIÇÃO DO COITÉ,0132,0007,False,,,05/10/2026,00:52:07,Totalizada,1,"rdv,log,bu,vota",https://resultados.tse.jus.br/oficial/ele2026/arquivo-urna/3220/dados/ba/34673/0132/0007/p003220-ba-m34673-z0132-s0007-aux.json,
BA,34673,CONCEIÇÃO DO COITÉ,0132,0008,False,,,05/10/2026,00:52:06,Totalizada,1,"bu,log,rdv,vota",https://resultados.tse.jus.br/oficial/ele2026/arquivo-urna/3220/dados/ba/34673/0132/0008/p003220-ba-m34673-z0132-s0008-aux.json,
BA,34673,CONCEIÇÃO DO COITÉ,0132,0009,False,,,05/10/2026,00:51:45,Totalizada,1,"bu,vota,rdv,log",https://resultados.tse.jus.br/oficial/ele2026/arquivo-urna/3220/dados/ba/34673/0132/0009/p003220-ba-m34673-z0132-s0009-aux.json,
BA,34673,CONCEIÇÃO DO COITÉ,0132,0010,False,,,05/10/2026,00:51:45,Totalizada,1,"vota,log,bu,rdv",https://resultados.tse.jus.br/oficial/ele2026/arquivo-urna/3220/dados/ba/34673/0132/0010/p003220-ba-m34673-z0132-s0010-aux.json,
BA,34673,CONCEIÇÃO DO COITÉ,0132,0011,False,,,05/10/2026,00:51:45,Totalizada,1,"log,bu,rdv,vota",https://resultados.tse.jus.br/oficial/ele2026/arquivo-urna/3220/dados/ba/34673/0132/0011/p003220-ba-m34673-z0132-s0011-aux.json,
BA,34673,CONCEIÇÃO DO COITÉ,0132,0012,False,,,05/10/2026,00:51:45,Totalizada,1,"log,vota,rdv,bu",https://resultados.tse.jus.br/oficial/ele2026/arquivo-urna/3220/dados/ba/34673/0132/0012/p003220-ba-m34673-z0132-s0012-aux.json,
BA,34673,CONCEIÇÃO DO COITÉ,0132,0013,False,,,05/10/2026,00:51:45,Totalizada,1,"bu,rdv,log,vota",https://resultados.tse.jus.br/oficial/ele2026/arquivo-urna/3220/dados/ba/34673/0132/0013/p003220-ba-m34673-z0132-s0013-aux.json,
BA,34673,CONCEIÇÃO DO COITÉ,0132,0014,False,,,05/10/2026,00:52:04,Totalizada,1,"bu,vota,rdv,log",https://resultados.tse.jus.br/oficial/ele2026/arquivo-urna/3220/dados/ba/34673/0132/0014/p003220-ba-m34673-z0132-s0014-aux.json,
BA,34673,CONCEIÇÃO DO COITÉ,0132,0015,False,,,05/10/2026,00:51:57,Totalizada,1,"rdv,vota,bu,log",https://resultados.tse.jus.br/oficial/ele2026/arquivo-urna/3220/dados/ba/34673/0132/0015/p003220-ba-m34673-z0132-s0015-aux.json,
BA,34673,CONCEIÇÃO DO COITÉ,0132,0016,False,,,05/10/2026,00:52:04,Totalizada,1,"rdv,bu,vota,log",https://resultados.tse.jus.br/oficial/ele2026/arquivo-urna/3220/dados/ba/34673/0132/0016/p003220-ba-m34673-z0132-s0016-aux.json,
BA,34673,CONCEIÇÃO DO COITÉ,0132,0017,False,,,05/10/2026,00:52:06,Totalizada,1,"rdv,vota,bu,log",https://resultados.tse.jus.br/oficial/ele2026/arquivo-urna/3220/dados/ba/34673/0132/0017/p003220-ba-m34673-z0132-s0017-aux.json,
BA,34673,CONCEIÇÃO DO COITÉ,0132,0018,False,,,05/10/2026,00:52:05,Totalizada,1,"rdv,vota,bu,log",https://resultados.tse.jus.br/oficial/ele2026/arquivo-urna/3220/dados/ba/34673/0132/0018/p003220-ba-m34673-z0132-s0018-aux.json,
BA,34673,CONCEIÇÃO DO COITÉ,0132,0019,False,,,05/10/2026,00:52:06,Totalizada,1,"rdv,log,vota,bu",https://resultados.tse.jus.br/oficial/ele2026/arquivo-urna/3220/dados/ba/34673/0132/0019/p003220-ba-m34673-z0132-s0019-aux.json,
BA,34673,CONCEIÇÃO DO COITÉ,0132,0020,False,,,05/10/2026,00:52:05,Totalizada,1,"bu,vota,rdv,log",https://resultados.tse.jus.br/oficial/ele2026/arquivo-urna/3220/dados/ba/34673/0132/0020/p003220-ba-m34673-z0132-s0020-aux.json,
BA,34673,CONCEIÇÃO DO COITÉ,0132,0021,False,,,05/10/2026,00:52:06,Totalizada,1,"bu,rdv,log,vota",https://resultados.tse.jus.br/oficial/ele2026/arquivo-urna/3220/dados/ba/34673/0132/0021/p003220-ba-m34673-z0132-s0021-aux.json,
BA,34673,CONCEIÇÃO DO COITÉ,0132,0022,False,,,05/10/2026,00:51:59,Totalizada,1,"log,rdv,vota,bu",https://resultados.tse.jus.br/oficial/ele2026/arquivo-urna/3220/dados/ba/34673/0132/0022/p003220-ba-m34673-z0132-s0022-aux.json,
BA,34673,CONCEIÇÃO DO COITÉ,0132,0023,False,,,05/10/2026,00:52:04,Totalizada,1,"bu,vota,rdv,log",https://resultados.tse.jus.br/oficial/ele2026/arquivo-urna/3220/dados/ba/34673/0132/0023/p003220-ba-m34673-z0132-s0023-aux.json,
BA,34673,CONCEIÇÃO DO COITÉ,0132,0024,False,,,05/10/2026,00:51:59,Totalizada,1,"bu,rdv,vota,log",https://resultados.tse.jus.br/oficial/ele2026/arquivo-urna/3220/dados/ba/34673/0132/0024/p003220-ba-m34673-z0132-s0024-aux.json,
BA,34673,CONCEIÇÃO DO COITÉ,0132,0025,False,,,05/10/2026,00:52:03,Totalizada,1,"rdv,vota,bu,log",https://resultados.tse.jus.br/oficial/ele2026/arquivo-urna/3220/dados/ba/34673/0132/0025/p003220-ba-m34673-z0132-s0025-aux.json,
BA,34673,CONCEIÇÃO DO COITÉ,0132,0026,False,,,05/10/2026,00:52:30,Totalizada,1,"bu,vota,rdv,log",https://resultados.tse.jus.br/oficial/ele2026/arquivo-urna/3220/dados/ba/34673/0132/0026/p003220-ba-m34673-z0132-s0026-aux.json,
BA,34673,CONCEIÇÃO DO COITÉ,0132,0027,False,,,05/10/2026,00:52:29,Totalizada,1,"bu,vota,rdv,log",https://resultados.tse.jus.br/oficial/ele2026/arquivo-urna/3220/dados/ba/34673/0132/0027/p003220-ba-m34673-z0132-s0027-aux.json,
BA,34673,CONCEIÇÃO DO COITÉ,0132,0028,False,,,05/10/2026,00:52:30,Totalizada,1,"bu,vota,log,rdv",https://resultados.tse.jus.br/oficial/ele2026/arquivo-urna/3220/dados/ba/34673/0132/0028/p003220-ba-m34673-z0132-s0028-aux.json,
BA,34673,CONCEIÇÃO DO COITÉ,0132,0029,False,,,05/10/2026,00:51:47,Totalizada,1,"log,rdv,vota,bu",https://resultados.tse.jus.br/oficial/ele2026/arquivo-urna/3220/dados/ba/34673/0132/0029/p003220-ba-m34673-z0132-s0029-aux.json,
BA,34673,CONCEIÇÃO DO COITÉ,0132,0030,False,,,05/10/2026,00:51:47,Totalizada,1,"vota,rdv,log,bu",https://resultados.tse.jus.br/oficial/ele2026/arquivo-urna/3220/dados/ba/34673/0132/0030/p003220-ba-m34673-z0132-s0030-aux.json,
BA,34673,CONCEIÇÃO DO COITÉ,0132,0031,False,,,05/10/2026,00:51:43,Totalizada,1,"vota,rdv,bu,log",https://resultados.tse.jus.br/oficial/ele2026/arquivo-urna/3220/dados/ba/34673/0132/0031/p003220-ba-m34673-z0132-s0031-aux.json,
BA,34673,CONCEIÇÃO DO COITÉ,0132,0032,False,,,05/10/2026,00:51:47,Totalizada,1,"rdv,log,bu,vota",https://resultados.tse.jus.br/oficial/ele2026/arquivo-urna/3220/dados/ba/34673/0132/0032/p003220-ba-m34673-z0132-s0032-aux.json,
BA,34673,CONCEIÇÃO DO COITÉ,0132,0033,False,,,05/10/2026,00:51:53,Totalizada,1,"bu,log,vota,rdv",https://resultados.tse.jus.br/oficial/ele2026/arquivo-urna/3220/dados/ba/34673/0132/0033/p003220-ba-m34673-z0132-s0033-aux.json,
BA,34673,CONCEIÇÃO DO COITÉ,0132,0034,False,,0133,05/10/2026,00:51:41,Totalizada,1,"rdv,log,vota,bu",https://resultados.tse.jus.br/oficial/ele2026/arquivo-urna/3220/dados/ba/34673/0132/0034/p003220-ba-m34673-z0132-s0034-aux.json,
BA,34673,CONCEIÇÃO DO COITÉ,0132,0035,False,,,05/10/2026,00:51:50,Totalizada,1,"log,rdv,vota,bu",https://resultados.tse.jus.br/oficial/ele2026/arquivo-urna/3220/dados/ba/34673/0132/0035/p003220-ba-m34673-z0132-s0035-aux.json,
BA,34673,CONCEIÇÃO DO COITÉ,0132,0036,False,,,05/10/2026,00:51:48,Totalizada,1,"rdv,log,vota,bu",https://resultados.tse.jus.br/oficial/ele2026/arquivo-urna/3220/dados/ba/34673/0132/0036/p003220-ba-m34673-z0132-s0036-aux.json,
BA,34673,CONCEIÇÃO DO COITÉ,0132,0037,False,,,05/10/2026,00:51:49,Totalizada,1,"vota,bu,log,rdv",https://resultados.tse.jus.br/oficial/ele2026/arquivo-urna/3220/dados/ba/34673/0132/0037/p003220-ba-m34673-z0132-s0037-aux.json,
BA,34673,CONCEIÇÃO DO COITÉ,0132,0038,False,,,05/10/2026,00:51:49,Totalizada,1,"bu,rdv,log,vota",https://resultados.tse.jus.br/oficial/ele2026/arquivo-urna/3220/dados/ba/34673/0132/0038/p003220-ba-m34673-z0132-s0038-aux.json,
BA,34673,CONCEIÇÃO DO COITÉ,0132,0039,False,,,05/10/2026,00:51:49,Totalizada,1,"log,vota,bu,rdv",https://resultados.tse.jus.br/oficial/ele2026/arquivo-urna/3220/dados/ba/34673/0132/0039/p003220-ba-m34673-z0132-s0039-aux.json,
BA,34673,CONCEIÇÃO DO COITÉ,0132,0040,False,,,05/10/2026,00:51:46,Totalizada,1,"log,vota,rdv,bu",https://resultados.tse.jus.br/oficial/ele2026/arquivo-urna/3220/dados/ba/34673/0132/0040/p003220-ba-m34673-z0132-s0040-aux.json,
BA,34673,CONCEIÇÃO DO COITÉ,0132,0041,False,,,05/10/2026,00:51:47,Totalizada,1,"log,vota,rdv,bu",https://resultados.tse.jus.br/oficial/ele2026/arquivo-urna/3220/dados/ba/34673/0132/0041/p003220-ba-m34673-z0132-s0041-aux.json,
BA,34673,CONCEIÇÃO DO COITÉ,0132,0042,False,,,05/10/2026,00:51:47,Totalizada,1,"rdv,log,vota,bu",https://resultados.tse.jus.br/oficial/ele2026/arquivo-urna/3220/dados/ba/34673/0132/0042/p003220-ba-m34673-z0132-s0042-aux.json,
BA,34673,CONCEIÇÃO DO COITÉ,0132,0043,False,,,05/10/2026,00:51:47,Totalizada,1,"rdv,log,bu,vota",https://resultados.tse.jus.br/oficial/ele2026/arquivo-urna/3220/dados/ba/34673/0132/0043/p003220-ba-m34673-z0132-s0043-aux.json,
BA,34673,CONCEIÇÃO DO COITÉ,0132,0044,False,,,05/10/2026,00:51:42,Totalizada,1,"log,bu,vota,rdv",https://resultados.tse.jus.br/oficial/ele2026/arquivo-urna/3220/dados/ba/34673/0132/0044/p003220-ba-m34673-z0132-s0044-aux.json,
BA,34673,CONCEIÇÃO DO COITÉ,0132,0045,False,,,05/10/2026,00:52:31,Totalizada,1,"bu,rdv,log,vota",https://resultados.tse.jus.br/oficial/ele2026/arquivo-urna/3220/dados/ba/34673/0132/0045/p003220-ba-m34673-z0132-s0045-aux.json,
BA,34673,CONCEIÇÃO DO COITÉ,0132,0046,False,,,05/10/2026,00:51:42,Totalizada,1,"rdv,vota,log,bu",https://resultados.tse.jus.br/oficial/ele2026/arquivo-urna/3220/dados/ba/34673/0132/0046/p003220-ba-m34673-z0132-s0046-aux.json,
BA,34673,CONCEIÇÃO DO COITÉ,0132,0047,False,,,05/10/2026,00:51:51,Totalizada,1,"bu,rdv,vota,log",https://resultados.tse.jus.br/oficial/ele2026/arquivo-urna/3220/dados/ba/34673/0132/0047/p003220-ba-m34673-z0132-s0047-aux.json,
BA,34673,CONCEIÇÃO DO COITÉ,0132,0048,False,,,05/10/2026,00:52:04,Totalizada,1,"bu,vota,log,rdv",https://resultados.tse.jus.br/oficial/ele2026/arquivo-urna/3220/dados/ba/34673/0132/0048/p003220-ba-m34673-z0132-s0048-aux.json,
BA,34673,CONCEIÇÃO DO COITÉ,0132,0049,False,,,05/10/2026,00:51:50,Totalizada,1,"log,bu,vota,rdv",https://resultados.tse.jus.br/oficial/ele2026/arquivo-urna/3220/dados/ba/34673/0132/0049/p003220-ba-m34673-z0132-s0049-aux.json,
BA,34673,CONCEIÇÃO DO COITÉ,0132,0050,False,,,05/10/2026,00:51:59,Totalizada,1,"vota,bu,rdv,log",https://resultados.tse.jus.br/oficial/ele2026/arquivo-urna/3220/dados/ba/34673/0132/0050/p003220-ba-m34673-z0132-s0050-aux.json,
BA,34673,CONCEIÇÃO DO COITÉ,0132,0051,False,,,05/10/2026,00:52:00,Totalizada,1,"bu,vota,rdv,log",https://resultados.tse.jus.br/oficial/ele2026/arquivo-urna/3220/dados/ba/34673/0132/0051/p003220-ba-m34673-z0132-s0051-aux.json,
BA,34673,CONCEIÇÃO DO COITÉ,0132,0052,False,,0053,05/10/2026,00:52:09,Totalizada,1,"vota,rdv,bu,log",https://resultados.tse.jus.br/oficial/ele2026/arquivo-urna/3220/dados/ba/34673/0132/0052/p003220-ba-m34673-z0132-s0052-aux.json,
BA,34673,CONCEIÇÃO DO COITÉ,0132,0054,False,,,05/10/2026,00:51:53,Totalizada,1,"bu,log,vota,rdv",https://resultados.tse.jus.br/oficial/ele2026/arquivo-urna/3220/dados/ba/34673/0132/0054/p003220-ba-m34673-z0132-s0054-aux.json,
BA,34673,CONCEIÇÃO DO COITÉ,0132,0055,False,,,05/10/2026,00:51:53,Totalizada,1,"rdv,vota,bu,log",https://resultados.tse.jus.br/oficial/ele2026/arquivo-urna/3220/dados/ba/34673/0132/0055/p003220-ba-m34673-z0132-s0055-aux.json,
BA,34673,CONCEIÇÃO DO COITÉ,0132,0056,False,,,05/10/2026,00:51:53,Totalizada,1,"vota,rdv,log,bu",https://resultados.tse.jus.br/oficial/ele2026/arquivo-urna/3220/dados/ba/34673/0132/0056/p003220-ba-m34673-z0132-s0056-aux.json,
BA,34673,CONCEIÇÃO DO COITÉ,0132,0057,False,,,05/10/2026,00:51:53,Totalizada,1,"bu,log,rdv,vota",https://resultados.tse.jus.br/oficial/ele2026/arquivo-urna/3220/dados/ba/34673/0132/0057/p003220-ba-m34673-z0132-s0057-aux.json,
BA,34673,CONCEIÇÃO DO COITÉ,0132,0058,False,,0068,05/10/2026,00:51:53,Totalizada,1,"vota,bu,log,rdv",https://resultados.tse.jus.br/oficial/ele2026/arquivo-urna/3220/dados/ba/34673/0132/0058/p003220-ba-m34673-z0132-s0058-aux.json,
BA,34673,CONCEIÇÃO DO COITÉ,0132,0059,False,,,05/10/2026,00:52:03,Totalizada,1,"bu,rdv,log,vota",https://resultados.tse.jus.br/oficial/ele2026/arquivo-urna/3220/dados/ba/34673/0132/0059/p003220-ba-m34673-z0132-s0059-aux.json,
BA,34673,CONCEIÇÃO DO COITÉ,0132,0060,False,,,05/10/2026,00:52:23,Totalizada,1,"rdv,bu,vota,log",https://resultados.tse.jus.br/oficial/ele2026/arquivo-urna/3220/dados/ba/34673/0132/0060/p003220-ba-m34673-z0132-s0060-aux.json,
BA,34673,CONCEIÇÃO DO COITÉ,0132,0061,False,,,05/10/2026,00:51:43,Totalizada,1,"vota,rdv,bu,log",https://resultados.tse.jus.br/oficial/ele2026/arquivo-urna/3220/dados/ba/34673/0132/0061/p003220-ba-m34673-z0132-s0061-aux.json,
BA,34673,CONCEIÇÃO DO COITÉ,0132,0062,False,,,05/10/2026,00:51:52,Totalizada,1,"bu,rdv,log,vota",https://resultados.tse.jus.br/oficial/ele2026/arquivo-urna/3220/dados/ba/34673/0132/0062/p003220-ba-m34673-z0132-s0062-aux.json,
BA,34673,CONCEIÇÃO DO COITÉ,0132,0063,False,,,05/10/2026,00:51:51,Totalizada,1,"vota,rdv,log,bu",https://resultados.tse.jus.br/oficial/ele2026/arquivo-urna/3220/dados/ba/34673/0132/0063/p003220-ba-m34673-z0132-s0063-aux.json,
BA,34673,CONCEIÇÃO DO COITÉ,0132,0064,False,,,05/10/2026,00:51:42,Totalizada,1,"log,vota,rdv,bu",https://resultados.tse.jus.br/oficial/ele2026/arquivo-urna/3220/dados/ba/34673/0132/0064/p003220-ba-m34673-z0132-s0064-aux.json,
BA,34673,CONCEIÇÃO DO COITÉ,0132,0065,False,,,05/10/2026,00:52:03,Totalizada,1,"bu,log,rdv,vota",https://resultados.tse.jus.br/oficial/ele2026/arquivo-urna/3220/dados/ba/34673/0132/0065/p003220-ba-m34673-z0132-s0065-aux.json,
BA,34673,CONCEIÇÃO DO COITÉ,0132,0066,False,,,05/10/2026,00:52:03,Totalizada,1,"bu,vota,rdv,log",https://resultados.tse.jus.br/oficial/ele2026/arquivo-urna/3220/dados/ba/34673/0132/0066/p003220-ba-m34673-z0132-s0066-aux.json,
BA,34673,CONCEIÇÃO DO COITÉ,0132,0067,False,,0098,05/10/2026,00:51:42,Totalizada,1,"bu,log,rdv,vota",https://resultados.tse.jus.br/oficial/ele2026/arquivo-urna/3220/dados/ba/34673/0132/0067/p003220-ba-m34673-z0132-s0067-aux.json,
BA,34673,CONCEIÇÃO DO COITÉ,0132,0069,False,,,05/10/2026,00:52:06,Totalizada,1,"bu,vota,rdv,log",https://resultados.tse.jus.br/oficial/ele2026/arquivo-urna/3220/dados/ba/34673/0132/0069/p003220-ba-m34673-z0132-s0069-aux.json,
BA,34673,CONCEIÇÃO DO COITÉ,0132,0070,False,,,05/10/2026,00:51:45,Totalizada,1,"vota,bu,log,rdv",https://resultados.tse.jus.br/oficial/ele2026/arquivo-urna/3220/dados/ba/34673/0132/0070/p003220-ba-m34673-z0132-s0070-aux.json,
BA,34673,CONCEIÇÃO DO COITÉ,0132,0071,False,,,05/10/2026,00:51:43,Totalizada,1,"log,bu,rdv,vota",https://resultados.tse.jus.br/oficial/ele2026/arquivo-urna/3220/dados/ba/34673/0132/0071/p003220-ba-m34673-z0132-s0071-aux.json,
BA,34673,CONCEIÇÃO DO COITÉ,0132,0072,False,,,05/10/2026,00:51:42,Totalizada,1,"log,bu,vota,rdv",https://resultados.tse.jus.br/oficial/ele2026/arquivo-urna/3220/dados/ba/34673/0132/0072/p003220-ba-m34673-z0132-s0072-aux.json,
BA,34673,CONCEIÇÃO DO COITÉ,0132,0073,False,,,05/10/2026,00:52:28,Totalizada,1,"rdv,log,bu,vota",https://resultados.tse.jus.br/oficial/ele2026/arquivo-urna/3220/dados/ba/34673/0132/0073/p003220-ba-m34673-z0132-s0073-aux.json,
BA,34673,CONCEIÇÃO DO COITÉ,0132,0074,False,,,05/10/2026,00:52:28,Totalizada,1,"vota,log,bu,rdv",https://resultados.tse.jus.br/oficial/ele2026/arquivo-urna/3220/dados/ba/34673/0132/0074/p003220-ba-m34673-z0132-s0074-aux.json,
BA,34673,CONCEIÇÃO DO COITÉ,0132,0075,False,,,05/10/2026,00:52:09,Totalizada,1,"bu,rdv,vota,log",https://resultados.tse.jus.br/oficial/ele2026/arquivo-urna/3220/dados/ba/34673/0132/0075/p003220-ba-m34673-z0132-s0075-aux.json,
BA,34673,CONCEIÇÃO DO COITÉ,0132,0076,False,,,05/10/2026,00:52:04,Totalizada,1,"log,vota,bu,rdv",https://resultados.tse.jus.br/oficial/ele2026/arquivo-urna/3220/dados/ba/34673/0132/0076/p003220-ba-m34673-z0132-s0076-aux.json,
BA,34673,CONCEIÇÃO DO COITÉ,0132,0077,False,,,05/10/2026,00:52:03,Totalizada,1,"rdv,bu,vota,log",https://resultados.tse.jus.br/oficial/ele2026/arquivo-urna/3220/dados/ba/34673/0132/0077/p003220-ba-m34673-z0132-s0077-aux.json,
BA,34673,CONCEIÇÃO DO COITÉ,0132,0078,False,,,05/10/2026,00:52:03,Totalizada,1,"bu,rdv,vota,log",https://resultados.tse.jus.br/oficial/ele2026/arquivo-urna/3220/dados/ba/34673/0132/0078/p003220-ba-m34673-z0132-s0078-aux.json,
BA,34673,CONCEIÇÃO DO COITÉ,0132,0079,False,,,05/10/2026,00:52:01,Totalizada,1,"bu,vota,log,rdv",https://resultados.tse.jus.br/oficial/ele2026/arquivo-urna/3220/dados/ba/34673/0132/0079/p003220-ba-m34673-z0132-s0079-aux.json,
BA,34673,CONCEIÇÃO DO COITÉ,0132,0080,False,,,05/10/2026,00:52:02,Totalizada,1,"vota,rdv,bu,log",https://resultados.tse.jus.br/oficial/ele2026/arquivo-urna/3220/dados/ba/34673/0132/0080/p003220-ba-m34673-z0132-s0080-aux.json,
BA,34673,CONCEIÇÃO DO COITÉ,0132,0081,False,,,05/10/2026,00:52:02,Totalizada,1,"bu,log,vota,rdv",https://resultados.tse.jus.br/oficial/ele2026/arquivo-urna/3220/dados/ba/34673/0132/0081/p003220-ba-m34673-z0132-s0081-aux.json,
BA,34673,CONCEIÇÃO DO COITÉ,0132,0082,False,,,05/10/2026,00:52:02,Totalizada,1,"log,rdv,vota,bu",https://resultados.tse.jus.br/oficial/ele2026/arquivo-urna/3220/dados/ba/34673/0132/0082/p003220-ba-m34673-z0132-s0082-aux.json,
BA,34673,CONCEIÇÃO DO COITÉ,0132,0083,False,,,05/10/2026,00:52:02,Totalizada,1,"vota,rdv,bu,log",https://resultados.tse.jus.br/oficial/ele2026/arquivo-urna/3220/dados/ba/34673/0132/0083/p003220-ba-m34673-z0132-s0083-aux.json,
BA,34673,CONCEIÇÃO DO COITÉ,0132,0084,False,,,05/10/2026,00:52:02,Totalizada,1,"rdv,log,bu,vota",https://resultados.tse.jus.br/oficial/ele2026/arquivo-urna/3220/dados/ba/34673/0132/0084/p003220-ba-m34673-z0132-s0084-aux.json,
BA,34673,CONCEIÇÃO DO COITÉ,0132,0085,False,,,05/10/2026,00:51:42,Totalizada,1,"log,bu,vota,rdv",https://resultados.tse.jus.br/oficial/ele2026/arquivo-urna/3220/dados/ba/34673/0132/0085/p003220-ba-m34673-z0132-s0085-aux.json,
BA,34673,CONCEIÇÃO DO COITÉ,0132,0086,False,,,05/10/2026,00:52:08,Totalizada,1,"rdv,bu,vota,log",https://resultados.tse.jus.br/oficial/ele2026/arquivo-urna/3220/dados/ba/34673/0132/0086/p003220-ba-m34673-z0132-s0086-aux.json,
BA,34673,CONCEIÇÃO DO COITÉ,0132,0087,False,,0100,05/10/2026,00:51:42,Totalizada,1,"rdv,log,bu,vota",https://resultados.tse.jus.br/oficial/ele2026/arquivo-urna/3220/dados/ba/34673/0132/0087/p003220-ba-m34673-z0132-s0087-aux.json,
BA,34673,CONCEIÇÃO DO COITÉ,0132,0088,False,,,05/10/2026,00:52:20,Totalizada,1,"log,bu,rdv,vota",https://resultados.tse.jus.br/oficial/ele2026/arquivo-urna/3220/dados/ba/34673/0132/0088/p003220-ba-m34673-z0132-s0088-aux.json,
BA,34673,CONCEIÇÃO DO COITÉ,0132,0089,False,,0132,05/10/2026,00:52:04,Totalizada,1,"log,rdv,bu,vota",https://resultados.tse.jus.br/oficial/ele2026/arquivo-urna/3220/dados/ba/34673/0132/0089/p003220-ba-m34673-z0132-s0089-aux.json,
BA,34673,CONCEIÇÃO DO COITÉ,0132,0090,False,,,05/10/2026,00:51:47,Totalizada,1,"vota,bu,rdv,log",https://resultados.tse.jus.br/oficial/ele2026/arquivo-urna/3220/dados/ba/34673/0132/0090/p003220-ba-m34673-z0132-s0090-aux.json,
BA,34673,CONCEIÇÃO DO COITÉ,0132,0091,False,,,05/10/2026,00:51:45,Totalizada,1,"vota,rdv,log,bu",https://resultados.tse.jus.br/oficial/ele2026/arquivo-urna/3220/dados/ba/34673/0132/0091/p003220-ba-m34673-z0132-s0091-aux.json,
BA,34673,CONCEIÇÃO DO COITÉ,0132,0092,False,,,05/10/2026,00:51:57,Totalizada,1,"log,bu,rdv,vota",https://resultados.tse.jus.br/oficial/ele2026/arquivo-urna/3220/dados/ba/34673/0132/0092/p003220-ba-m34673-z0132-s0092-aux.json,
BA,34673,CONCEIÇÃO DO COITÉ,0132,0093,False,,,05/10/2026,00:52:05,Totalizada,1,"log,bu,vota,rdv",https://resultados.tse.jus.br/oficial/ele2026/arquivo-urna/3220/dados/ba/34673/0132/0093/p003220-ba-m34673-z0132-s0093-aux.json,
BA,34673,CONCEIÇÃO DO COITÉ,0132,0094,False,,,05/10/2026,00:52:00,Totalizada,1,"vota,bu,rdv,log",https://resultados.tse.jus.br/oficial/ele2026/arquivo-urna/3220/dados/ba/34673/0132/0094/p003220-ba-m34673-z0132-s0094-aux.json,
BA,34673,CONCEIÇÃO DO COITÉ,0132,0095,False,,,05/10/2026,00:51:47,Totalizada,1,"rdv,log,vota,bu",https://resultados.tse.jus.br/oficial/ele2026/arquivo-urna/3220/dados/ba/34673/0132/0095/p003220-ba-m34673-z0132-s0095-aux.json,
BA,34673,CONCEIÇÃO DO COITÉ,0132,0096,False,,,05/10/2026,00:51:47,Totalizada,1,"bu,rdv,log,vota",https://resultados.tse.jus.br/oficial/ele2026/arquivo-urna/3220/dados/ba/34673/0132/0096/p003220-ba-m34673-z0132-s0096-aux.json,
BA,34673,CONCEIÇÃO DO COITÉ,0132,0099,False,,,05/10/2026,00:52:28,Totalizada,1,"bu,rdv,vota,log",https://resultados.tse.jus.br/oficial/ele2026/arquivo-urna/3220/dados/ba/34673/0132/0099/p003220-ba-m34673-z0132-s0099-aux.json,
BA,34673,CONCEIÇÃO DO COITÉ,0132,0101,False,,,05/10/2026,00:52:20,Totalizada,1,"log,bu,rdv,vota",https://resultados.tse.jus.br/oficial/ele2026/arquivo-urna/3220/dados/ba/34673/0132/0101/p003220-ba-m34673-z0132-s0101-aux.json,
BA,34673,CONCEIÇÃO DO COITÉ,0132,0103,False,,,05/10/2026,00:52:03,Totalizada,1,"rdv,bu,vota,log",https://resultados.tse.jus.br/oficial/ele2026/arquivo-urna/3220/dados/ba/34673/0132/0103/p003220-ba-m34673-z0132-s0103-aux.json,
BA,34673,CONCEIÇÃO DO COITÉ,0132,0104,False,,,05/10/2026,00:51:47,Totalizada,1,"log,bu,rdv,vota",https://resultados.tse.jus.br/oficial/ele2026/arquivo-urna/3220/dados/ba/34673/0132/0104/p003220-ba-m34673-z0132-s0104-aux.json,
BA,34673,CONCEIÇÃO DO COITÉ,0132,0105,False,,,05/10/2026,00:52:00,Totalizada,1,"bu,rdv,vota,log",https://resultados.tse.jus.br/oficial/ele2026/arquivo-urna/3220/dados/ba/34673/0132/0105/p003220-ba-m34673-z0132-s0105-aux.json,
BA,34673,CONCEIÇÃO DO COITÉ,0132,0106,False,,,05/10/2026,00:52:04,Totalizada,1,"bu,rdv,log,vota",https://resultados.tse.jus.br/oficial/ele2026/arquivo-urna/3220/dados/ba/34673/0132/0106/p003220-ba-m34673-z0132-s0106-aux.json,
BA,34673,CONCEIÇÃO DO COITÉ,0132,0107,False,,,05/10/2026,00:51:57,Totalizada,1,"vota,rdv,bu,log",https://resultados.tse.jus.br/oficial/ele2026/arquivo-urna/3220/dados/ba/34673/0132/0107/p003220-ba-m34673-z0132-s0107-aux.json,
BA,34673,CONCEIÇÃO DO COITÉ,0132,0108,False,,,05/10/2026,00:52:08,Totalizada,1,"log,bu,rdv,vota",https://resultados.tse.jus.br/oficial/ele2026/arquivo-urna/3220/dados/ba/34673/0132/0108/p003220-ba-m34673-z0132-s0108-aux.json,
BA,34673,CONCEIÇÃO DO COITÉ,0132,0109,False,,,05/10/2026,00:52:00,Totalizada,1,"log,bu,rdv,vota",https://resultados.tse.jus.br/oficial/ele2026/arquivo-urna/3220/dados/ba/34673/0132/0109/p003220-ba-m34673-z0132-s0109-aux.json,
BA,34673,CONCEIÇÃO DO COITÉ,0132,0110,False,,,05/10/2026,00:52:04,Totalizada,1,"bu,vota,rdv,log",https://resultados.tse.jus.br/oficial/ele2026/arquivo-urna/3220/dados/ba/34673/0132/0110/p003220-ba-m34673-z0132-s0110-aux.json,
BA,34673,CONCEIÇÃO DO COITÉ,0132,0111,False,,,05/10/2026,00:52:23,Totalizada,1,"rdv,vota,log,bu",https://resultados.tse.jus.br/oficial/ele2026/arquivo-urna/3220/dados/ba/34673/0132/0111/p003220-ba-m34673-z0132-s0111-aux.json,
BA,34673,CONCEIÇÃO DO COITÉ,0132,0112,False,,,05/10/2026,00:52:29,Totalizada,1,"rdv,log,bu,vota",https://resultados.tse.jus.br/oficial/ele2026/arquivo-urna/3220/dados/ba/34673/0132/0112/p003220-ba-m34673-z0132-s0112-aux.json,
BA,34673,CONCEIÇÃO DO COITÉ,0132,0113,False,,,05/10/2026,00:52:00,Totalizada,1,"log,vota,rdv,bu",https://resultados.tse.jus.br/oficial/ele2026/arquivo-urna/3220/dados/ba/34673/0132/0113/p003220-ba-m34673-z0132-s0113-aux.json,
BA,34673,CONCEIÇÃO DO COITÉ,0132,0114,False,,,05/10/2026,00:52:06,Totalizada,1,"log,rdv,bu,vota",https://resultados.tse.jus.br/oficial/ele2026/arquivo-urna/3220/dados/ba/34673/0132/0114/p003220-ba-m34673-z0132-s0114-aux.json,
BA,34673,CONCEIÇÃO DO COITÉ,0132,0115,False,,,05/10/2026,00:51:57,Totalizada,1,"rdv,log,vota,bu",https://resultados.tse.jus.br/oficial/ele2026/arquivo-urna/3220/dados/ba/34673/0132/0115/p003220-ba-m34673-z0132-s0115-aux.json,
BA,34673,CONCEIÇÃO DO COITÉ,0132,0116,False,,,05/10/2026,00:52:31,Totalizada,1,"log,bu,rdv,vota",https://resultados.tse.jus.br/oficial/ele2026/arquivo-urna/3220/dados/ba/34673/0132/0116/p003220-ba-m34673-z0132-s0116-aux.json,
BA,34673,CONCEIÇÃO DO COITÉ,0132,0117,False,,,05/10/2026,00:51:47,Totalizada,1,"vota,rdv,log,bu",https://resultados.tse.jus.br/oficial/ele2026/arquivo-urna/3220/dados/ba/34673/0132/0117/p003220-ba-m34673-z0132-s0117-aux.json,
BA,34673,CONCEIÇÃO DO COITÉ,0132,0118,False,,,05/10/2026,00:51:51,Totalizada,1,"bu,rdv,log,vota",https://resultados.tse.jus.br/oficial/ele2026/arquivo-urna/3220/dados/ba/34673/0132/0118/p003220-ba-m34673-z0132-s0118-aux.json,
BA,34673,CONCEIÇÃO DO COITÉ,0132,0119,False,,,05/10/2026,00:51:50,Totalizada,1,"bu,log,rdv,vota",https://resultados.tse.jus.br/oficial/ele2026/arquivo-urna/3220/dados/ba/34673/0132/0119/p003220-ba-m34673-z0132-s0119-aux.json,
BA,34673,CONCEIÇÃO DO COITÉ,0132,0120,False,,,05/10/2026,00:51:49,Totalizada,1,"rdv,vota,bu,log",https://resultados.tse.jus.br/oficial/ele2026/arquivo-urna/3220/dados/ba/34673/0132/0120/p003220-ba-m34673-z0132-s0120-aux.json,
BA,34673,CONCEIÇÃO DO COITÉ,0132,0121,False,,,05/10/2026,00:52:00,Totalizada,1,"vota,log,bu,rdv",https://resultados.tse.jus.br/oficial/ele2026/arquivo-urna/3220/dados/ba/34673/0132/0121/p003220-ba-m34673-z0132-s0121-aux.json,
BA,34673,CONCEIÇÃO DO COITÉ,0132,0122,False,,,05/10/2026,00:52:23,Totalizada,1,"log,vota,rdv,bu",https://resultados.tse.jus.br/oficial/ele2026/arquivo-urna/3220/dados/ba/34673/0132/0122/p003220-ba-m34673-z0132-s0122-aux.json,
BA,34673,CONCEIÇÃO DO COITÉ,0132,0123,False,,,05/10/2026,00:52:30,Totalizada,1,"bu,rdv,log,vota",https://resultados.tse.jus.br/oficial/ele2026/arquivo-urna/3220/dados/ba/34673/0132/0123/p003220-ba-m34673-z0132-s0123-aux.json,
BA,34673,CONCEIÇÃO DO COITÉ,0132,0124,False,,,05/10/2026,00:52:06,Totalizada,1,"rdv,vota,bu,log",https://resultados.tse.jus.br/oficial/ele2026/arquivo-urna/3220/dados/ba/34673/0132/0124/p003220-ba-m34673-z0132-s0124-aux.json,
BA,34673,CONCEIÇÃO DO COITÉ,0132,0125,False,,,05/10/2026,00:52:21,Totalizada,1,"bu,log,rdv,vota",https://resultados.tse.jus.br/oficial/ele2026/arquivo-urna/3220/dados/ba/34673/0132/0125/p003220-ba-m34673-z0132-s0125-aux.json,
BA,34673,CONCEIÇÃO DO COITÉ,0132,0126,False,,,05/10/2026,00:52:00,Totalizada,1,"rdv,bu,log,vota",https://resultados.tse.jus.br/oficial/ele2026/arquivo-urna/3220/dados/ba/34673/0132/0126/p003220-ba-m34673-z0132-s0126-aux.json,
BA,34673,CONCEIÇÃO DO COITÉ,0132,0127,False,,,05/10/2026,00:52:29,Totalizada,1,"bu,vota,log,rdv",https://resultados.tse.jus.br/oficial/ele2026/arquivo-urna/3220/dados/ba/34673/0132/0127/p003220-ba-m34673-z0132-s0127-aux.json,
BA,34673,CONCEIÇÃO DO COITÉ,0132,0128,False,,,05/10/2026,00:52:03,Totalizada,1,"rdv,log,bu,vota",https://resultados.tse.jus.br/oficial/ele2026/arquivo-urna/3220/dados/ba/34673/0132/0128/p003220-ba-m34673-z0132-s0128-aux.json,
BA,34673,CONCEIÇÃO DO COITÉ,0132,0129,False,,,05/10/2026,00:52:02,Totalizada,1,"log,rdv,bu,vota",https://resultados.tse.jus.br/oficial/ele2026/arquivo-urna/3220/dados/ba/34673/0132/0129/p003220-ba-m34673-z0132-s0129-aux.json,
BA,34673,CONCEIÇÃO DO COITÉ,0132,0130,False,,,05/10/2026,00:51:45,Totalizada,1,"rdv,vota,bu,log",https://resultados.tse.jus.br/oficial/ele2026/arquivo-urna/3220/dados/ba/34673/0132/0130/p003220-ba-m34673-z0132-s0130-aux.json,
BA,34673,CONCEIÇÃO DO COITÉ,0132,0131,False,,,05/10/2026,00:51:42,Totalizada,1,"log,bu,rdv,vota",https://resultados.tse.jus.br/oficial/ele2026/arquivo-urna/3220/dados/ba/34673/0132/0131/p003220-ba-m34673-z0132-s0131-aux.json,
BA,34673,CONCEIÇÃO DO COITÉ,0132,0134,False,,,05/10/2026,00:51:45,Totalizada,1,"bu,rdv,vota,log",https://resultados.tse.jus.br/oficial/ele2026/arquivo-urna/3220/dados/ba/34673/0132/0134/p003220-ba-m34673-z0132-s0134-aux.json,
BA,34673,CONCEIÇÃO DO COITÉ,0132,0135,False,,0152,05/10/2026,00:51:45,Totalizada,1,"vota,rdv,bu,log",https://resultados.tse.jus.br/oficial/ele2026/arquivo-urna/3220/dados/ba/34673/0132/0135/p003220-ba-m34673-z0132-s0135-aux.json,
BA,34673,CONCEIÇÃO DO COITÉ,0132,0136,False,,,05/10/2026,00:52:02,Totalizada,1,"vota,log,bu,rdv",https://resultados.tse.jus.br/oficial/ele2026/arquivo-urna/3220/dados/ba/34673/0132/0136/p003220-ba-m34673-z0132-s0136-aux.json,
BA,34673,CONCEIÇÃO DO COITÉ,0132,0137,False,,,05/10/2026,00:51:57,Totalizada,1,"bu,rdv,vota,log",https://resultados.tse.jus.br/oficial/ele2026/arquivo-urna/3220/dados/ba/34673/0132/0137/p003220-ba-m34673-z0132-s0137-aux.json,
BA,34673,CONCEIÇÃO DO COITÉ,0132,0138,False,,,05/10/2026,00:52:07,Totalizada,1,"log,bu,vota,rdv",https://resultados.tse.jus.br/oficial/ele2026/arquivo-urna/3220/dados/ba/34673/0132/0138/p003220-ba-m34673-z0132-s0138-aux.json,
BA,34673,CONCEIÇÃO DO COITÉ,0132,0139,False,,,05/10/2026,00:51:57,Totalizada,1,"vota,rdv,bu,log",https://resultados.tse.jus.br/oficial/ele2026/arquivo-urna/3220/dados/ba/34673/0132/0139/p003220-ba-m34673-z0132-s0139-aux.json,
BA,34673,CONCEIÇÃO DO COITÉ,0132,0140,False,,,05/10/2026,00:52:08,Totalizada,1,"vota,log,rdv,bu",https://resultados.tse.jus.br/oficial/ele2026/arquivo-urna/3220/dados/ba/34673/0132/0140/p003220-ba-m34673-z0132-s0140-aux.json,
BA,34673,CONCEIÇÃO DO COITÉ,0132,0141,False,,,05/10/2026,00:52:00,Totalizada,1,"rdv,bu,log,vota",https://resultados.tse.jus.br/oficial/ele2026/arquivo-urna/3220/dados/ba/34673/0132/0141/p003220-ba-m34673-z0132-s0141-aux.json,
BA,34673,CONCEIÇÃO DO COITÉ,0132,0142,False,,,05/10/2026,00:51:48,Totalizada,1,"vota,rdv,bu,log",https://resultados.tse.jus.br/oficial/ele2026/arquivo-urna/3220/dados/ba/34673/0132/0142/p003220-ba-m34673-z0132-s0142-aux.json,
BA,34673,CONCEIÇÃO DO COITÉ,0132,0143,False,,,05/10/2026,00:51:49,Totalizada,1,"vota,rdv,log,bu",https://resultados.tse.jus.br/oficial/ele2026/arquivo-urna/3220/dados/ba/34673/0132/0143/p003220-ba-m34673-z0132-s0143-aux.json,
BA,34673,CONCEIÇÃO DO COITÉ,0132,0144,False,,,05/10/2026,00:52:00,Totalizada,1,"vota,rdv,bu,log",https://resultados.tse.jus.br/oficial/ele2026/arquivo-urna/3220/dados/ba/34673/0132/0144/p003220-ba-m34673-z0132-s0144-aux.json,
BA,34673,CONCEIÇÃO DO COITÉ,0132,0145,False,,,05/10/2026,00:51:45,Totalizada,1,"vota,rdv,log,bu",https://resultados.tse.jus.br/oficial/ele2026/arquivo-urna/3220/dados/ba/34673/0132/0145/p003220-ba-m34673-z0132-s0145-aux.json,
BA,34673,CONCEIÇÃO DO COITÉ,0132,0146,False,,,05/10/2026,00:52:07,Totalizada,1,"log,vota,bu,rdv",https://resultados.tse.jus.br/oficial/ele2026/arquivo-urna/3220/dados/ba/34673/0132/0146/p003220-ba-m34673-z0132-s0146-aux.json,
BA,34673,CONCEIÇÃO DO COITÉ,0132,0147,False,,,05/10/2026,00:52:22,Totalizada,1,"vota,bu,rdv,log",https://resultados.tse.jus.br/oficial/ele2026/arquivo-urna/3220/dados/ba/34673/0132/0147/p003220-ba-m34673-z0132-s0147-aux.json,
BA,34673,CONCEIÇÃO DO COITÉ,0132,0148,False,,,05/10/2026,00:52:23,Totalizada,1,"rdv,bu,log,vota",https://resultados.tse.jus.br/oficial/ele2026/arquivo-urna/3220/dados/ba/34673/0132/0148/p003220-ba-m34673-z0132-s0148-aux.json,
BA,34673,CONCEIÇÃO DO COITÉ,0132,0149,False,,,05/10/2026,00:52:31,Totalizada,1,"bu,vota,rdv,log",https://resultados.tse.jus.br/oficial/ele2026/arquivo-urna/3220/dados/ba/34673/0132/0149/p003220-ba-m34673-z0132-s0149-aux.json,
BA,34673,CONCEIÇÃO DO COITÉ,0132,0150,False,,,05/10/2026,00:52:28,Totalizada,1,"vota,rdv,bu,log",https://resultados.tse.jus.br/oficial/ele2026/arquivo-urna/3220/dados/ba/34673/0132/0150/p003220-ba-m34673-z0132-s0150-aux.json,
BA,34673,CONCEIÇÃO DO COITÉ,0132,0153,False,,,05/10/2026,00:51:45,Totalizada,1,"log,vota,bu,rdv",https://resultados.tse.jus.br/oficial/ele2026/arquivo-urna/3220/dados/ba/34673/0132/0153/p003220-ba-m34673-z0132-s0153-aux.json,
BA,34673,CONCEIÇÃO DO COITÉ,0132,0154,False,,,05/10/2026,00:51:45,Totalizada,1,"rdv,bu,log,vota",https://resultados.tse.jus.br/oficial/ele2026/arquivo-urna/3220/dados/ba/34673/0132/0154/p003220-ba-m34673-z0132-s0154-aux.json,
BA,34673,CONCEIÇÃO DO COITÉ,0132,0155,False,,,05/10/2026,00:52:28,Totalizada,1,"log,vota,bu,rdv",https://resultados.tse.jus.br/oficial/ele2026/arquivo-urna/3220/dados/ba/34673/0132/0155/p003220-ba-m34673-z0132-s0155-aux.json,
BA,34673,CONCEIÇÃO DO COITÉ,0132,0156,False,,,05/10/2026,00:52:23,Totalizada,1,"bu,vota,rdv,log",https://resultados.tse.jus.br/oficial/ele2026/arquivo-urna/3220/dados/ba/34673/0132/0156/p003220-ba-m34673-z0132-s0156-aux.json,
BA,34673,CONCEIÇÃO DO COITÉ,0132,0157,False,,,05/10/2026,00:52:05,Totalizada,1,"bu,log,rdv,vota",https://resultados.tse.jus.br/oficial/ele2026/arquivo-urna/3220/dados/ba/34673/0132/0157/p003220-ba-m34673-z0132-s0157-aux.json,
BA,34673,CONCEIÇÃO DO COITÉ,0132,0158,False,,,05/10/2026,00:51:45,Totalizada,1,"rdv,vota,log,bu",https://resultados.tse.jus.br/oficial/ele2026/arquivo-urna/3220/dados/ba/34673/0132/0158/p003220-ba-m34673-z0132-s0158-aux.json,
BA,34673,CONCEIÇÃO DO COITÉ,0132,0159,False,,,05/10/2026,00:52:22,Totalizada,1,"rdv,bu,log,vota",https://resultados.tse.jus.br/oficial/ele2026/arquivo-urna/3220/dados/ba/34673/0132/0159/p003220-ba-m34673-z0132-s0159-aux.json,
BA,34673,CONCEIÇÃO DO COITÉ,0132,0160,False,,,05/10/2026,00:52:03,Totalizada,1,"vota,bu,rdv,log",https://resultados.tse.jus.br/oficial/ele2026/arquivo-urna/3220/dados/ba/34673/0132/0160/p003220-ba-m34673-z0132-s0160-aux.json,
BA,34673,CONCEIÇÃO DO COITÉ,0132,0161,False,,,05/10/2026,00:51:51,Totalizada,1,"rdv,vota,log,bu",https://resultados.tse.jus.br/oficial/ele2026/arquivo-urna/3220/dados/ba/34673/0132/0161/p003220-ba-m34673-z0132-s0161-aux.json,
BA,34673,CONCEIÇÃO DO COITÉ,0132,0162,False,,,05/10/2026,00:52:23,Totalizada,1,"vota,bu,log,rdv",https://resultados.tse.jus.br/oficial/ele2026/arquivo-urna/3220/dados/ba/34673/0132/0162/p003220-ba-m34673-z0132-s0162-aux.json,
BA,34673,CONCEIÇÃO DO COITÉ,0132,0163,False,,,05/10/2026,00:51:47,Totalizada,1,"log,bu,rdv,vota",https://resultados.tse.jus.br/oficial/ele2026/arquivo-urna/3220/dados/ba/34673/0132/0163/p003220-ba-m34673-z0132-s0163-aux.json,
BA,34673,CONCEIÇÃO DO COITÉ,0132,0164,False,,,05/10/2026,00:51:48,Totalizada,1,"bu,rdv,log,vota",https://resultados.tse.jus.br/oficial/ele2026/arquivo-urna/3220/dados/ba/34673/0132/0164/p003220-ba-m34673-z0132-s0164-aux.json,
BA,34673,CONCEIÇÃO DO COITÉ,0132,0165,False,,,05/10/2026,00:51:42,Totalizada,1,"vota,log,rdv,bu",https://resultados.tse.jus.br/oficial/ele2026/arquivo-urna/3220/dados/ba/34673/0132/0165/p003220-ba-m34673-z0132-s0165-aux.json,
BA,34673,CONCEIÇÃO DO COITÉ,0132,0166,False,,,05/10/2026,00:52:05,Totalizada,1,"vota,rdv,bu,log",https://resultados.tse.jus.br/oficial/ele2026/arquivo-urna/3220/dados/ba/34673/0132/0166/p003220-ba-m34673-z0132-s0166-aux.json,
BA,34673,CONCEIÇÃO DO COITÉ,0132,0167,False,,,05/10/2026,00:51:45,Totalizada,1,"rdv,bu,vota,log",https://resultados.tse.jus.br/oficial/ele2026/arquivo-urna/3220/dados/ba/34673/0132/0167/p003220-ba-m34673-z0132-s0167-aux.json,
BA,34673,CONCEIÇÃO DO COITÉ,0132,0168,False,,,05/10/2026,00:52:00,Totalizada,1,"log,rdv,bu,vota",https://resultados.tse.jus.br/oficial/ele2026/arquivo-urna/3220/dados/ba/34673/0132/0168/p003220-ba-m34673-z0132-s0168-aux.json,
BA,34673,CONCEIÇÃO DO COITÉ,0132,0169,False,,,05/10/2026,00:52:30,Totalizada,1,"bu,vota,rdv,log",https://resultados.tse.jus.br/oficial/ele2026/arquivo-urna/3220/dados/ba/34673/0132/0169/p003220-ba-m34673-z0132-s0169-aux.json,
BA,34673,CONCEIÇÃO DO COITÉ,0132,0170,False,,,05/10/2026,00:52:04,Totalizada,1,"log,rdv,vota,bu",https://resultados.tse.jus.br/oficial/ele2026/arquivo-urna/3220/dados/ba/34673/0132/0170/p003220-ba-m34673-z0132-s0170-aux.json,
BA,34673,CONCEIÇÃO DO COITÉ,0132,0171,False,,,05/10/2026,00:52:29,Totalizada,1,"bu,rdv,vota,log",https://resultados.tse.jus.br/oficial/ele2026/arquivo-urna/3220/dados/ba/34673/0132/0171/p003220-ba-m34673-z0132-s0171-aux.json,
BA,34673,CONCEIÇÃO DO COITÉ,0132,0173,False,,,05/10/2026,00:52:05,Totalizada,1,"vota,log,bu,rdv",https://resultados.tse.jus.br/oficial/ele2026/arquivo-urna/3220/dados/ba/34673/0132/0173/p003220-ba-m34673-z0132-s0173-aux.json,
BA,34673,CONCEIÇÃO DO COITÉ,0132,0174,False,,,05/10/2026,00:51:57,Totalizada,1,"rdv,vota,bu,log",https://resultados.tse.jus.br/oficial/ele2026/arquivo-urna/3220/dados/ba/34673/0132/0174/p003220-ba-m34673-z0132-s0174-aux.json,
BA,34673,CONCEIÇÃO DO COITÉ,0132,0175,False,,,05/10/2026,00:52:05,Totalizada,1,"log,bu,vota,rdv",https://resultados.tse.jus.br/oficial/ele2026/arquivo-urna/3220/dados/ba/34673/0132/0175/p003220-ba-m34673-z0132-s0175-aux.json,
BA,34673,CONCEIÇÃO DO COITÉ,0132,0176,False,,,05/10/2026,00:51:46,Totalizada,1,"vota,rdv,bu,log",https://resultados.tse.jus.br/oficial/ele2026/arquivo-urna/3220/dados/ba/34673/0132/0176/p003220-ba-m34673-z0132-s0176-aux.json,
BA,34673,CONCEIÇÃO DO COITÉ,0132,0177,False,,,05/10/2026,00:51:57,Totalizada,1,"log,rdv,vota,bu",https://resultados.tse.jus.br/oficial/ele2026/arquivo-urna/3220/dados/ba/34673/0132/0177/p003220-ba-m34673-z0132-s0177-aux.json,
BA,34673,CONCEIÇÃO DO COITÉ,0132,0178,False,,,05/10/2026,00:52:03,Totalizada,1,"log,vota,rdv,bu",https://resultados.tse.jus.br/oficial/ele2026/arquivo-urna/3220/dados/ba/34673/0132/0178/p003220-ba-m34673-z0132-s0178-aux.json,
BA,34673,CONCEIÇÃO DO COITÉ,0132,0179,False,,,05/10/2026,00:52:02,Totalizada,1,"log,vota,rdv,bu",https://resultados.tse.jus.br/oficial/ele2026/arquivo-urna/3220/dados/ba/34673/0132/0179/p003220-ba-m34673-z0132-s0179-aux.json,
BA,34673,CONCEIÇÃO DO COITÉ,0132,0180,False,,,05/10/2026,00:52:03,Totalizada,1,"bu,log,rdv,vota",https://resultados.tse.jus.br/oficial/ele2026/arquivo-urna/3220/dados/ba/34673/0132/0180/p003220-ba-m34673-z0132-s0180-aux.json,
BA,34673,CONCEIÇÃO DO COITÉ,0132,0181,False,,,05/10/2026,00:51:47,Totalizada,1,"bu,vota,log,rdv",https://resultados.tse.jus.br/oficial/ele2026/arquivo-urna/3220/dados/ba/34673/0132/0181/p003220-ba-m34673-z0132-s0181-aux.json,
BA,34673,CONCEIÇÃO DO COITÉ,0132,0182,False,,,05/10/2026,00:51:42,Totalizada,1,"vota,rdv,log,bu",https://resultados.tse.jus.br/oficial/ele2026/arquivo-urna/3220/dados/ba/34673/0132/0182/p003220-ba-m34673-z0132-s0182-aux.json,
BA,34673,CONCEIÇÃO DO COITÉ,0132,0183,False,,,05/10/2026,00:51:48,Totalizada,1,"bu,log,rdv,vota",https://resultados.tse.jus.br/oficial/ele2026/arquivo-urna/3220/dados/ba/34673/0132/0183/p003220-ba-m34673-z0132-s0183-aux.json,
BA,34673,CONCEIÇÃO DO COITÉ,0132,0184,False,,,05/10/2026,00:51:45,Totalizada,1,"vota,rdv,bu,log",https://resultados.tse.jus.br/oficial/ele2026/arquivo-urna/3220/dados/ba/34673/0132/0184/p003220-ba-m34673-z0132-s0184-aux.json,
BA,34673,CONCEIÇÃO DO COITÉ,0132,0207,False,,,05/10/2026,00:52:28,Totalizada,1,"rdv,log,vota,bu",https://resultados.tse.jus.br/oficial/ele2026/arquivo-urna/3220/dados/ba/34673/0132/0207/p003220-ba-m34673-z0132-s0207-aux.json,
BA,34673,CONCEIÇÃO DO COITÉ,0132,0208,False,,,05/10/2026,00:51:57,Totalizada,1,"bu,log,rdv,vota",https://resultados.tse.jus.br/oficial/ele2026/arquivo-urna/3220/dados/ba/34673/0132/0208/p003220-ba-m34673-z0132-s0208-aux.json,
BA,34673,CONCEIÇÃO DO COITÉ,0132,0209,False,,,05/10/2026,00:52:06,Totalizada,1,"vota,log,bu,rdv",https://resultados.tse.jus.br/oficial/ele2026/arquivo-urna/3220/dados/ba/34673/0132/0209/p003220-ba-m34673-z0132-s0209-aux.json,
BA,34673,CONCEIÇÃO DO COITÉ,0132,0210,False,,,05/10/2026,00:52:20,Totalizada,1,"log,rdv,vota,bu",https://resultados.tse.jus.br/oficial/ele2026/arquivo-urna/3220/dados/ba/34673/0132/0210/p003220-ba-m34673-z0132-s0210-aux.json,
BA,34673,CONCEIÇÃO DO COITÉ,0132,0211,False,,,05/10/2026,00:51:45,Totalizada,1,"bu,log,rdv,vota",https://resultados.tse.jus.br/oficial/ele2026/arquivo-urna/3220/dados/ba/34673/0132/0211/p003220-ba-m34673-z0132-s0211-aux.json,
BA,34673,CONCEIÇÃO DO COITÉ,0132,0212,False,,,05/10/2026,00:51:51,Totalizada,1,"log,vota,rdv,bu",https://resultados.tse.jus.br/oficial/ele2026/arquivo-urna/3220/dados/ba/34673/0132/0212/p003220-ba-m34673-z0132-s0212-aux.json,
BA,34673,CONCEIÇÃO DO COITÉ,0132,0213,False,,,05/10/2026,00:52:03,Totalizada,1,"rdv,vota,bu,log",https://resultados.tse.jus.br/oficial/ele2026/arquivo-urna/3220/dados/ba/34673/0132/0213/p003220-ba-m34673-z0132-s0213-aux.json,
BA,34673,CONCEIÇÃO DO COITÉ,0132,0214,False,,,05/10/2026,00:51:42,Totalizada,1,"log,bu,vota,rdv",https://resultados.tse.jus.br/oficial/ele2026/arquivo-urna/3220/dados/ba/34673/0132/0214/p003220-ba-m34673-z0132-s0214-aux.json,
BA,34673,CONCEIÇÃO DO COITÉ,0132,0215,False,,,05/10/2026,00:52:29,Totalizada,1,"rdv,vota,log,bu",https://resultados.tse.jus.br/oficial/ele2026/arquivo-urna/3220/dados/ba/34673/0132/0215/p003220-ba-m34673-z0132-s0215-aux.json,
BA,34673,CONCEIÇÃO DO COITÉ,0132,0216,False,,,05/10/2026,00:51:45,Totalizada,1,"bu,vota,rdv,log",https://resultados.tse.jus.br/oficial/ele2026/arquivo-urna/3220/dados/ba/34673/0132/0216/p003220-ba-m34673-z0132-s0216-aux.json,
BA,34673,CONCEIÇÃO DO COITÉ,0132,0217,False,,,05/10/2026,00:52:00,Totalizada,1,"rdv,log,bu,vota",https://resultados.tse.jus.br/oficial/ele2026/arquivo-urna/3220/dados/ba/34673/0132/0217/p003220-ba-m34673-z0132-s0217-aux.json,
BA,34673,CONCEIÇÃO DO COITÉ,0132,0218,False,,,05/10/2026,00:51:43,Totalizada,1,"vota,log,bu,rdv",https://resultados.tse.jus.br/oficial/ele2026/arquivo-urna/3220/dados/ba/34673/0132/0218/p003220-ba-m34673-z0132-s0218-aux.json,
BA,34673,CONCEIÇÃO DO COITÉ,0132,0219,False,,,05/10/2026,00:51:45,Totalizada,1,"bu,rdv,log,vota",https://resultados.tse.jus.br/oficial/ele2026/arquivo-urna/3220/dados/ba/34673/0132/0219/p003220-ba-m34673-z0132-s0219-aux.json,
BA,34673,CONCEIÇÃO DO COITÉ,0132,0220,False,,,05/10/2026,00:52:07,Totalizada,1,"vota,log,bu,rdv",https://resultados.tse.jus.br/oficial/ele2026/arquivo-urna/3220/dados/ba/34673/0132/0220/p003220-ba-m34673-z0132-s0220-aux.json,
BA,36013,ITAETÉ,0119,0096,False,,,05/10/2026,00:51:45,Totalizada,1,"rdv,bu,vota,log",https://resultados.tse.jus.br/oficial/ele2026/arquivo-urna/3220/dados/ba/36013/0119/0096/p003220-ba-m36013-z0119-s0096-aux.json,
BA,36013,ITAETÉ,0119,0097,False,,,05/10/2026,00:51:45,Totalizada,1,"vota,rdv,log,bu",https://resultados.tse.jus.br/oficial/ele2026/arquivo-urna/3220/dados/ba/36013/0119/0097/p003220-ba-m36013-z0119-s0097-aux.json,
BA,36013,ITAETÉ,0119,0098,False,,,05/10/2026,00:51:45,Totalizada,1,"log,vota,rdv,bu",https://resultados.tse.jus.br/oficial/ele2026/arquivo-urna/3220/dados/ba/36013/0119/0098/p003220-ba-m36013-z0119-s0098-aux.json,
BA,36013,ITAETÉ,0119,0099,False,,,05/10/2026,00:52:31,Totalizada,1,"vota,log,rdv,bu",https://resultados.tse.jus.br/oficial/ele2026/arquivo-urna/3220/dados/ba/36013/0119/0099/p003220-ba-m36013-z0119-s0099-aux.json,
BA,36013,ITAETÉ,0119,0100,False,,,05/10/2026,00:52:31,Totalizada,1,"log,bu,rdv,vota",https://resultados.tse.jus.br/oficial/ele2026/arquivo-urna/3220/dados/ba/36013/0119/0100/p003220-ba-m36013-z0119-s0100-aux.json,
BA,36013,ITAETÉ,0119,0101,False,,,05/10/2026,00:52:32,Totalizada,1,"log,vota,rdv,bu",https://resultados.tse.jus.br/oficial/ele2026/arquivo-urna/3220/dados/ba/36013/0119/0101/p003220-ba-m36013-z0119-s0101-aux.json,
BA,36013,ITAETÉ,0119,0102,False,,,05/10/2026,00:52:33,Totalizada,1,"log,vota,rdv,bu",https://resultados.tse.jus.br/oficial/ele2026/arquivo-urna/3220/dados/ba/36013/0119/0102/p003220-ba-m36013-z0119-s0102-aux.json,
BA,36013,ITAETÉ,0119,0103,False,,,05/10/2026,00:51:41,Totalizada,1,"vota,bu,rdv,log",https://resultados.tse.jus.br/oficial/ele2026/arquivo-urna/3220/dados/ba/36013/0119/0103/p003220-ba-m36013-z0119-s0103-aux.json,
BA,36013,ITAETÉ,0119,0104,False,,0105,05/10/2026,00:52:04,Totalizada,1,"bu,vota,log,rdv",https://resultados.tse.jus.br/oficial/ele2026/arquivo-urna/3220/dados/ba/36013/0119/0104/p003220-ba-m36013-z0119-s0104-aux.json,
BA,36013,ITAETÉ,0119,0106,False,,,05/10/2026,00:52:05,Totalizada,1,"bu,rdv,log,vota",https://resultados.tse.jus.br/oficial/ele2026/arquivo-urna/3220/dados/ba/36013/0119/0106/p003220-ba-m36013-z0119-s0106-aux.json,
BA,36013,ITAETÉ,0119,0107,False,,,05/10/2026,00:52:05,Totalizada,1,"bu,vota,rdv,log",https://resultados.tse.jus.br/oficial/ele2026/arquivo-urna/3220/dados/ba/36013/0119/0107/p003220-ba-m36013-z0119-s0107-aux.json,
BA,36013,ITAETÉ,0119,0108,False,,,05/10/2026,00:52:04,Totalizada,1,"bu,rdv,vota,log",https://resultados.tse.jus.br/oficial/ele2026/arquivo-urna/3220/dados/ba/36013/0119/0108/p003220-ba-m36013-z0119-s0108-aux.json,
BA,36013,ITAETÉ,0119,0109,False,,0110,05/10/2026,00:52:08,Totalizada,1,"vota,log,bu,rdv",https://resultados.tse.jus.br/oficial/ele2026/arquivo-urna/3220/dados/ba/36013/0119/0109/p003220-ba-m36013-z0119-s0109-aux.json,
BA,36013,ITAETÉ,0119,0112,False,,,05/10/2026,00:52:09,Totalizada,1,"vota,log,rdv,bu",https://resultados.tse.jus.br/oficial/ele2026/arquivo-urna/3220/dados/ba/36013/0119/0112/p003220-ba-m36013-z0119-s0112-aux.json,
BA,36013,ITAETÉ,0119,0113,False,,,05/10/2026,00:52:09,Totalizada,1,"bu,rdv,vota,log",https://resultados.tse.jus.br/oficial/ele2026/arquivo-urna/3220/dados/ba/36013/0119/0113/p003220-ba-m36013-z0119-s0113-aux.json,
BA,36013,ITAETÉ,0119,0114,False,,,05/10/2026,00:52:26,Totalizada,1,"vota,rdv,log,bu",https://resultados.tse.jus.br/oficial/ele2026/arquivo-urna/3220/dados/ba/36013/0119/0114/p003220-ba-m36013-z0119-s0114-aux.json,
BA,36013,ITAETÉ,0119,0115,False,,,05/10/2026,00:52:25,Totalizada,1,"rdv,log,bu,vota",https://resultados.tse.jus.br/oficial/ele2026/arquivo-urna/3220/dados/ba/36013/0119/0115/p003220-ba-m36013-z0119-s0115-aux.json,
BA,36013,ITAETÉ,0119,0116,False,,,05/10/2026,00:52:26,Totalizada,1,"log,vota,bu,rdv",https://resultados.tse.jus.br/oficial/ele2026/arquivo-urna/3220/dados/ba/36013/0119/0116/p003220-ba-m36013-z0119-s0116-aux.json,
BA,36013,ITAETÉ,0119,0117,False,,,05/10/2026,00:52:28,Totalizada,1,"bu,rdv,log,vota",https://resultados.tse.jus.br/oficial/ele2026/arquivo-urna/3220/dados/ba/36013/0119/0117/p003220-ba-m36013-z0119-s0117-aux.json,
BA,36013,ITAETÉ,0119,0118,False,,,05/10/2026,00:52:28,Totalizada,1,"bu,vota,log,rdv",https://resultados.tse.jus.br/oficial/ele2026/arquivo-urna/3220/dados/ba/36013/0119/0118/p003220-ba-m36013-z0119-s0118-aux.json,
BA,36013,ITAETÉ,0119,0119,False,,,05/10/2026,00:52:29,Totalizada,1,"rdv,log,vota,bu",https://resultados.tse.jus.br/oficial/ele2026/arquivo-urna/3220/dados/ba/36013/0119/0119/p003220-ba-m36013-z0119-s0119-aux.json,
BA,36013,ITAETÉ,0119,0120,False,,,05/10/2026,00:52:28,Totalizada,1,"bu,log,vota,rdv",https://resultados.tse.jus.br/oficial/ele2026/arquivo-urna/3220/dados/ba/36013/0119/0120/p003220-ba-m36013-z0119-s0120-aux.json,
BA,36013,ITAETÉ,0119,0121,False,,,05/10/2026,00:52:27,Totalizada,1,"rdv,vota,log,bu",https://resultados.tse.jus.br/oficial/ele2026/arquivo-urna/3220/dados/ba/36013/0119/0121/p003220-ba-m36013-z0119-s0121-aux.json,
BA,36013,ITAETÉ,0119,0122,False,,,05/10/2026,00:52:23,Totalizada,1,"log,bu,rdv,vota",https://resultados.tse.jus.br/oficial/ele2026/arquivo-urna/3220/dados/ba/36013/0119/0122/p003220-ba-m36013-z0119-s0122-aux.json,
BA,36013,ITAETÉ,0119,0123,False,,,05/10/2026,00:52:23,Totalizada,1,"bu,log,rdv,vota",https://resultados.tse.jus.br/oficial/ele2026/arquivo-urna/3220/dados/ba/36013/0119/0123/p003220-ba-m36013-z0119-s0123-aux.json,
BA,36013,ITAETÉ,0119,0124,False,,,05/10/2026,00:52:23,Totalizada,1,"log,vota,bu,rdv",https://resultados.tse.jus.br/oficial/ele2026/arquivo-urna/3220/dados/ba/36013/0119/0124/p003220-ba-m36013-z0119-s0124-aux.json,
BA,36013,ITAETÉ,0119,0125,False,,,05/10/2026,00:52:24,Totalizada,1,"bu,rdv,log,vota",https://resultados.tse.jus.br/oficial/ele2026/arquivo-urna/3220/dados/ba/36013/0119/0125/p003220-ba-m36013-z0119-s0125-aux.json,
BA,36013,ITAETÉ,0119,0126,False,,,05/10/2026,00:52:05,Totalizada,1,"rdv,vota,bu,log",https://resultados.tse.jus.br/oficial/ele2026/arquivo-urna/3220/dados/ba/36013/0119/0126/p003220-ba-m36013-z0119-s0126-aux.json,
BA,36013,ITAETÉ,0119,0127,False,,,05/10/2026,00:52:05,Totalizada,1,"bu,vota,log,rdv",https://resultados.tse.jus.br/oficial/ele2026/arquivo-urna/3220/dados/ba/36013/0119/0127/p003220-ba-m36013-z0119-s0127-aux.json,
BA,36013,ITAETÉ,0119,0128,False,,,05/10/2026,00:52:05,Totalizada,1,"vota,bu,rdv,log",https://resultados.tse.jus.br/oficial/ele2026/arquivo-urna/3220/dados/ba/36013/0119/0128/p003220-ba-m36013-z0119-s0128-aux.json,
BA,36013,ITAETÉ,0119,0129,False,,,05/10/2026,00:52:05,Totalizada,1,"log,bu,vota,rdv",https://resultados.tse.jus.br/oficial/ele2026/arquivo-urna/3220/dados/ba/36013/0119/0129/p003220-ba-m36013-z0119-s0129-aux.json,
BA,36013,ITAETÉ,0119,0130,False,,,05/10/2026,00:52:09,Totalizada,1,"vota,bu,log,rdv",https://resultados.tse.jus.br/oficial/ele2026/arquivo-urna/3220/dados/ba/36013/0119/0130/p003220-ba-m36013-z0119-s0130-aux.json,
BA,36013,ITAETÉ,0119,0131,False,,,05/10/2026,00:52:09,Totalizada,1,"log,rdv,bu,vota",https://resultados.tse.jus.br/oficial/ele2026/arquivo-urna/3220/dados/ba/36013/0119/0131/p003220-ba-m36013-z0119-s0131-aux.json,
BA,36013,ITAETÉ,0119,0132,False,,,05/10/2026,00:51:48,Totalizada,1,"bu,vota,log,rdv",https://resultados.tse.jus.br/oficial/ele2026/arquivo-urna/3220/dados/ba/36013/0119/0132/p003220-ba-m36013-z0119-s0132-aux.json,
BA,36013,ITAETÉ,0119,0133,False,,,05/10/2026,00:51:48,Totalizada,1,"vota,rdv,log,bu",https://resultados.tse.jus.br/oficial/ele2026/arquivo-urna/3220/dados/ba/36013/0119/0133/p003220-ba-m36013-z0119-s0133-aux.json,
BA,36013,ITAETÉ,0119,0134,False,,,05/10/2026,00:52:28,Totalizada,1,"log,bu,vota,rdv",https://resultados.tse.jus.br/oficial/ele2026/arquivo-urna/3220/dados/ba/36013/0119/0134/p003220-ba-m36013-z0119-s0134-aux.json,
BA,36013,ITAETÉ,0119,0135,False,,0153,05/10/2026,00:52:06,Totalizada,1,"bu,log,rdv,vota",https://resultados.tse.jus.br/oficial/ele2026/arquivo-urna/3220/dados/ba/36013/0119/0135/p003220-ba-m36013-z0119-s0135-aux.json,
BA,36013,ITAETÉ,0119,0138,False,,,05/10/2026,00:52:27,Totalizada,1,"vota,bu,rdv,log",https://resultados.tse.jus.br/oficial/ele2026/arquivo-urna/3220/dados/ba/36013/0119/0138/p003220-ba-m36013-z0119-s0138-aux.json,
BA,36013,ITAETÉ,0119,0143,False,,0154,05/10/2026,00:52:08,Totalizada,1,"vota,bu,rdv,log",https://resultados.tse.jus.br/oficial/ele2026/arquivo-urna/3220/dados/ba/36013/0119/0143/p003220-ba-m36013-z0119-s0143-aux.json,
BA,36013,ITAETÉ,0119,0149,False,,,05/10/2026,00:51:48,Totalizada,1,"vota,rdv,log,bu",https://resultados.tse.jus.br/oficial/ele2026/arquivo-urna/3220/dados/ba/36013/0119/0149/p003220-ba-m36013-z0119-s0149-aux.json,
MG,40622,ROSÁRIO DA LIMEIRA,0187,0170,False,,,05/10/2026,00:52:50,Totalizada,1,"rdv,bu,log,vota",https://resultados.tse.jus.br/oficial/ele2026/arquivo-urna/3220/dados/mg/40622/0187/0170/p003220-mg-m40622-z0187-s0170-aux.json,
MG,40622,ROSÁRIO DA LIMEIRA,0187,0171,False,,,05/10/2026,00:52:50,Totalizada,1,"bu,rdv,log,vota",https://resultados.tse.jus.br/oficial/ele2026/arquivo-urna/3220/dados/mg/40622/0187/0171/p003220-mg-m40622-z0187-s0171-aux.json,
MG,40622,ROSÁRIO DA LIMEIRA,0187,0172,False,,,05/10/2026,00:52:50,Totalizada,1,"bu,log,vota,rdv",https://resultados.tse.jus.br/oficial/ele2026/arquivo-urna/3220/dados/mg/40622/0187/0172/p003220-mg-m40622-z0187-s0172-aux.json,
MG,40622,ROSÁRIO DA LIMEIRA,0187,0173,False,,,05/10/2026,00:52:50,Totalizada,1,"bu,rdv,log,vota",https://resultados.tse.jus.br/oficial/ele2026/arquivo-urna/3220/dados/mg/40622/0187/0173/p003220-mg-m40622-z0187-s0173-aux.json,
MG,40622,ROSÁRIO DA LIMEIRA,0187,0174,False,,,05/10/2026,00:52:50,Totalizada,1,"vota,rdv,bu,log",https://resultados.tse.jus.br/oficial/ele2026/arquivo-urna/3220/dados/mg/40622/0187/0174/p003220-mg-m40622-z0187-s0174-aux.json,
MG,40622,ROSÁRIO DA LIMEIRA,0187,0175,False,,,05/10/2026,00:52:50,Totalizada,1,"vota,rdv,log,bu",https://resultados.tse.jus.br/oficial/ele2026/arquivo-urna/3220/dados/mg/40622/0187/0175/p003220-mg-m40622-z0187-s0175-aux.json,
MG,40622,ROSÁRIO DA LIMEIRA,0187,0203,False,,,05/10/2026,00:52:50,Totalizada,1,"rdv,vota,log,bu",https://resultados.tse.jus.br/oficial/ele2026/arquivo-urna/3220/dados/mg/40622/0187/0203/p003220-mg-m40622-z0187-s0203-aux.json,
MG,40622,ROSÁRIO DA LIMEIRA,0187,0214,False,,,05/10/2026,00:52:50,Totalizada,1,"vota,bu,rdv,log",https://resultados.tse.jus.br/oficial/ele2026/arquivo-urna/3220/dados/mg/40622/0187/0214/p003220-mg-m40622-z0187-s0214-aux.json,
MG,40622,ROSÁRIO DA LIMEIRA,0187,0245,False,,,05/10/2026,00:52:50,Totalizada,1,"log,vota,bu,rdv",https://resultados.tse.jus.br/oficial/ele2026/arquivo-urna/3220/dados/mg/40622/0187/0245/p003220-mg-m40622-z0187-s0245-aux.json,
MG,40622,ROSÁRIO DA LIMEIRA,0187,0255,False,,,05/10/2026,00:52:50,Totalizada,1,"rdv,log,bu,vota",https://resultados.tse.jus.br/oficial/ele2026/arquivo-urna/3220/dados/mg/40622/0187/0255/p003220-mg-m40622-z0187-s0255-aux.json,
MG,40622,ROSÁRIO DA LIMEIRA,0187,0266,False,,,05/10/2026,00:52:50,Totalizada,1,"vota,rdv,log,bu",https://resultados.tse.jus.br/oficial/ele2026/arquivo-urna/3220/dados/mg/40622/0187/0266/p003220-mg-m40622-z0187-s0266-aux.json,
MG,40622,ROSÁRIO DA LIMEIRA,0187,0297,False,,,05/10/2026,00:52:50,Totalizada,1,"bu,vota,rdv,log",https://resultados.tse.jus.br/oficial/ele2026/arquivo-urna/3220/dados/mg/40622/0187/0297/p003220-mg-m40622-z0187-s0297-aux.json,
MG,40622,ROSÁRIO DA LIMEIRA,0187,0300,False,,,05/10/2026,00:52:50,Totalizada,1,"log,rdv,vota,bu",https://resultados.tse.jus.br/oficial/ele2026/arquivo-urna/3220/dados/mg/40622/0187/0300/p003220-mg-m40622-z0187-s0300-aux.json,
MG,40622,ROSÁRIO DA LIMEIRA,0187,0303,False,,,05/10/2026,00:52:50,Totalizada,1,"bu,vota,rdv,log",https://resultados.tse.jus.br/oficial/ele2026/arquivo-urna/3220/dados/mg/40622/0187/0303/p003220-mg-m40622-z0187-s0303-aux.json,
MG,40622,ROSÁRIO DA LIMEIRA,0187,0329,False,,,05/10/2026,00:52:50,Totalizada,1,"bu,rdv,log,vota",https://resultados.tse.jus.br/oficial/ele2026/arquivo-urna/3220/dados/mg/40622/0187/0329/p003220-mg-m40622-z0187-s0329-aux.json,
MG,40622,ROSÁRIO DA LIMEIRA,0187,0431,False,,0452,05/10/2026,00:52:50,Totalizada,1,"bu,log,vota,rdv",https://resultados.tse.jus.br/oficial/ele2026/arquivo-urna/3220/dados/mg/40622/0187/0431/p003220-mg-m40622-z0187-s0431-aux.json,
MG,41556,BOM JESUS DO GALHO,0072,0001,False,,0076,05/10/2026,00:52:50,Totalizada,1,"rdv,bu,log,vota",https://resultados.tse.jus.br/oficial/ele2026/arquivo-urna/3220/dados/mg/41556/0072/0001/p003220-mg-m41556-z0072-s0001-aux.json,
MG,41556,BOM JESUS DO GALHO,0072,0002,False,,0003,05/10/2026,00:52:50,Totalizada,1,"bu,log,vota,rdv",https://resultados.tse.jus.br/oficial/ele2026/arquivo-urna/3220/dados/mg/41556/0072/0002/p003220-mg-m41556-z0072-s0002-aux.json,
MG,41556,BOM JESUS DO GALHO,0072,0006,False,,,05/10/2026,00:52:49,Totalizada,1,"rdv,bu,vota,log",https://resultados.tse.jus.br/oficial/ele2026/arquivo-urna/3220/dados/mg/41556/0072/0006/p003220-mg-m41556-z0072-s0006-aux.json,
MG,41556,BOM JESUS DO GALHO,0072,0007,False,,,05/10/2026,00:52:48,Totalizada,1,"rdv,log,vota,bu",https://resultados.tse.jus.br/oficial/ele2026/arquivo-urna/3220/dados/mg/41556/0072/0007/p003220-mg-m41556-z0072-s0007-aux.json,
MG,41556,BOM JESUS DO GALHO,0072,0008,False,,,05/10/2026,00:52:49,Totalizada,1,"log,rdv,bu,vota",https://resultados.tse.jus.br/oficial/ele2026/arquivo-urna/3220/dados/mg/41556/0072/0008/p003220-mg-m41556-z0072-s0008-aux.json,
MG,41556,BOM JESUS DO GALHO,0072,0009,False,,,05/10/2026,00:52:49,Totalizada,1,"vota,bu,rdv,log",https://resultados.tse.jus.br/oficial/ele2026/arquivo-urna/3220/dados/mg/41556/0072/0009/p003220-mg-m41556-z0072-s0009-aux.json,
MG,41556,BOM JESUS DO GALHO,0072,0010,False,,,05/10/2026,00:52:49,Totalizada,1,"rdv,vota,log,bu",https://resultados.tse.jus.br/oficial/ele2026/arquivo-urna/3220/dados/mg/41556/0072/0010/p003220-mg-m41556-z0072-s0010-aux.json,
MG,41556,BOM JESUS DO GALHO,0072,0015,False,,"0017,0016,0275",05/10/2026,00:52:50,Totalizada,1,"vota,bu,rdv,log",https://resultados.tse.jus.br/oficial/ele2026/arquivo-urna/3220/dados/mg/41556/0072/0015/p003220-mg-m41556-z0072-s0015-aux.json,
MG,41556,BOM JESUS DO GALHO,0072,0019,False,,0018,05/10/2026,00:52:49,Totalizada,1,"log,bu,vota,rdv",https://resultados.tse.jus.br/oficial/ele2026/arquivo-urna/3220/dados/mg/41556/0072/0019/p003220-mg-m41556-z0072-s0019-aux.json,
MG,41556,BOM JESUS DO GALHO,0072,0020,False,,,05/10/2026,00:52:24,Totalizada,1,"rdv,vota,bu,log",https://resultados.tse.jus.br/oficial/ele2026/arquivo-urna/3220/dados/mg/41556/0072/0020/p003220-mg-m41556-z0072-s0020-aux.json,
MG,41556,BOM JESUS DO GALHO,0072,0021,False,,0066,05/10/2026,00:52:50,Totalizada,1,"bu,rdv,log,vota",https://resultados.tse.jus.br/oficial/ele2026/arquivo-urna/3220/dados/mg/41556/0072/0021/p003220-mg-m41556-z0072-s0021-aux.json,
MG,41556,BOM JESUS DO GALHO,0072,0024,False,,0025,05/10/2026,00:52:26,Totalizada,1,"rdv,log,bu,vota",https://resultados.tse.jus.br/oficial/ele2026/arquivo-urna/3220/dados/mg/41556/0072/0024/p003220-mg-m41556-z0072-s0024-aux.json,
MG,41556,BOM JESUS DO GALHO,0072,0026,False,,0011,05/10/2026,00:52:49,Totalizada,1,"bu,vota,rdv,log",https://resultados.tse.jus.br/oficial/ele2026/arquivo-urna/3220/dados/mg/41556/0072/0026/p003220-mg-m41556-z0072-s0026-aux.json,
MG,41556,BOM JESUS DO GALHO,0072,0027,False,,"0012,0013",05/10/2026,00:52:50,Totalizada,1,"rdv,log,bu,vota",https://resultados.tse.jus.br/oficial/ele2026/arquivo-urna/3220/dados/mg/41556/0072/0027/p003220-mg-m41556-z0072-s0027-aux.json,
MG,41556,BOM JESUS DO GALHO,0072,0028,False,,"0073,0080,0029,0030",05/10/2026,00:52:50,Totalizada,1,"vota,rdv,log,bu",https://resultados.tse.jus.br/oficial/ele2026/arquivo-urna/3220/dados/mg/41556/0072/0028/p003220-mg-m41556-z0072-s0028-aux.json,
MG,41556,BOM JESUS DO GALHO,0072,0031,False,,0056,05/10/2026,00:52:50,Totalizada,1,"vota,log,rdv,bu",https://resultados.tse.jus.br/oficial/ele2026/arquivo-urna/3220/dados/mg/41556/0072/0031/p003220-mg-m41556-z0072-s0031-aux.json,
MG,41556,BOM JESUS DO GALHO,0072,0032,False,,,05/10/2026,00:52:50,Totalizada,1,"bu,rdv,log,vota",https://resultados.tse.jus.br/oficial/ele2026/arquivo-urna/3220/dados/mg/41556/0072/0032/p003220-mg-m41556-z0072-s0032-aux.json,
MG,41556,BOM JESUS DO GALHO,0072,0033,False,,,05/10/2026,00:52:50,Totalizada,1,"vota,bu,log,rdv",https://resultados.tse.jus.br/oficial/ele2026/arquivo-urna/3220/dados/mg/41556/0072/0033/p003220-mg-m41556-z0072-s0033-aux.json,
MG,41556,BOM JESUS DO GALHO,0072,0034,False,,0035,05/10/2026,00:52:49,Totalizada,1,"bu,log,rdv,vota",https://resultados.tse.jus.br/oficial/ele2026/arquivo-urna/3220/dados/mg/41556/0072/0034/p003220-mg-m41556-z0072-s0034-aux.json,
MG,41556,BOM JESUS DO GALHO,0072,0036,False,,0037,05/10/2026,00:52:49,Totalizada,1,"rdv,vota,bu,log",https://resultados.tse.jus.br/oficial/ele2026/arquivo-urna/3220/dados/mg/41556/0072/0036/p003220-mg-m41556-z0072-s0036-aux.json,
MG,41556,BOM JESUS DO GALHO,0072,0038,False,,,05/10/2026,00:52:50,Totalizada,1,"rdv,log,vota,bu",https://resultados.tse.jus.br/oficial/ele2026/arquivo-urna/3220/dados/mg/41556/0072/0038/p003220-mg-m41556-z0072-s0038-aux.json,
MG,41556,BOM JESUS DO GALHO,0072,0039,False,,,05/10/2026,00:52:49,Totalizada,1,"rdv,log,bu,vota",https://resultados.tse.jus.br/oficial/ele2026/arquivo-urna/3220/dados/mg/41556/0072/0039/p003220-mg-m41556-z0072-s0039-aux.json,
MG,41556,BOM JESUS DO GALHO,0072,0057,False,,0005,05/10/2026,00:52:49,Totalizada,1,"bu,rdv,log,vota",https://resultados.tse.jus.br/oficial/ele2026/arquivo-urna/3220/dados/mg/41556/0072/0057/p003220-mg-m41556-z0072-s0057-aux.json,
MG,41556,BOM JESUS DO GALHO,0072,0058,False,,,05/10/2026,00:52:49,Totalizada,1,"vota,rdv,bu,log",https://resultados.tse.jus.br/oficial/ele2026/arquivo-urna/3220/dados/mg/41556/0072/0058/p003220-mg-m41556-z0072-s0058-aux.json,
MG,41556,BOM JESUS DO GALHO,0072,0061,False,,,05/10/2026,00:52:49,Totalizada,1,"log,bu,vota,rdv",https://resultados.tse.jus.br/oficial/ele2026/arquivo-urna/3220/dados/mg/41556/0072/0061/p003220-mg-m41556-z0072-s0061-aux.json,
MG,41556,BOM JESUS DO GALHO,0072,0062,False,,0004,05/10/2026,00:52:49,Totalizada,1,"bu,log,vota,rdv",https://resultados.tse.jus.br/oficial/ele2026/arquivo-urna/3220/dados/mg/41556/0072/0062/p003220-mg-m41556-z0072-s0062-aux.json,
MG,41556,BOM JESUS DO GALHO,0072,0063,False,,,05/10/2026,00:52:50,Totalizada,1,"rdv,log,vota,bu",https://resultados.tse.jus.br/oficial/ele2026/arquivo-urna/3220/dados/mg/41556/0072/0063/p003220-mg-m41556-z0072-s0063-aux.json,
MG,41556,BOM JESUS DO GALHO,0072,0064,False,,,05/10/2026,00:52:48,Totalizada,1,"bu,rdv,log,vota",https://resultados.tse.jus.br/oficial/ele2026/arquivo-urna/3220/dados/mg/41556/0072/0064/p003220-mg-m41556-z0072-s0064-aux.json,
MG,41556,BOM JESUS DO GALHO,0072,0065,False,,,05/10/2026,00:52:49,Totalizada,1,"rdv,vota,bu,log",https://resultados.tse.jus.br/oficial/ele2026/arquivo-urna/3220/dados/mg/41556/0072/0065/p003220-mg-m41556-z0072-s0065-aux.json,
MG,41556,BOM JESUS DO GALHO,0072,0068,False,,"0014,0072",05/10/2026,00:52:49,Totalizada,1,"rdv,vota,bu,log",https://resultados.tse.jus.br/oficial/ele2026/arquivo-urna/3220/dados/mg/41556/0072/0068/p003220-mg-m41556-z0072-s0068-aux.json,
MG,41556,BOM JESUS DO GALHO,0072,0069,False,,0059,05/10/2026,00:52:49,Totalizada,1,"bu,rdv,log,vota",https://resultados.tse.jus.br/oficial/ele2026/arquivo-urna/3220/dados/mg/41556/0072/0069/p003220-mg-m41556-z0072-s0069-aux.json,
MG,41556,BOM JESUS DO GALHO,0072,0071,False,,,05/10/2026,00:52:21,Totalizada,1,"vota,bu,rdv,log",https://resultados.tse.jus.br/oficial/ele2026/arquivo-urna/3220/dados/mg/41556/0072/0071/p003220-mg-m41556-z0072-s0071-aux.json,
MG,41556,BOM JESUS DO GALHO,0072,0074,False,,,05/10/2026,00:52:28,Totalizada,1,"bu,rdv,log,vota",https://resultados.tse.jus.br/oficial/ele2026/arquivo-urna/3220/dados/mg/41556/0072/0074/p003220-mg-m41556-z0072-s0074-aux.json,
MG,41556,BOM JESUS DO GALHO,0072,0077,False,,,05/10/2026,00:52:49,Totalizada,1,"log,rdv,bu,vota",https://resultados.tse.jus.br/oficial/ele2026/arquivo-urna/3220/dados/mg/41556/0072/0077/p003220-mg-m41556-z0072-s0077-aux.json,
MG,41556,BOM JESUS DO GALHO,0072,0078,False,,,05/10/2026,00:52:49,Totalizada,1,"bu,log,rdv,vota",https://resultados.tse.jus.br/oficial/ele2026/arquivo-urna/3220/dados/mg/41556/0072/0078/p003220-mg-m41556-z0072-s0078-aux.json,
MG,41556,BOM JESUS DO GALHO,0072,0082,False,,,05/10/2026,00:52:49,Totalizada,1,"log,vota,bu,rdv",https://resultados.tse.jus.br/oficial/ele2026/arquivo-urna/3220/dados/mg/41556/0072/0082/p003220-mg-m41556-z0072-s0082-aux.json,
MG,41556,BOM JESUS DO GALHO,0072,0085,False,,,05/10/2026,00:52:49,Totalizada,1,"rdv,log,vota,bu",https://resultados.tse.jus.br/oficial/ele2026/arquivo-urna/3220/dados/mg/41556/0072/0085/p003220-mg-m41556-z0072-s0085-aux.json,
MG,41556,BOM JESUS DO GALHO,0072,0086,False,,,05/10/2026,00:52:21,Totalizada,1,"rdv,vota,bu,log",https://resultados.tse.jus.br/oficial/ele2026/arquivo-urna/3220/dados/mg/41556/0072/0086/p003220-mg-m41556-z0072-s0086-aux.json,
MG,41556,BOM JESUS DO GALHO,0072,0091,False,,,05/10/2026,00:52:49,Totalizada,1,"log,vota,rdv,bu",https://resultados.tse.jus.br/oficial/ele2026/arquivo-urna/3220/dados/mg/41556/0072/0091/p003220-mg-m41556-z0072-s0091-aux.json,
MG,41556,BOM JESUS DO GALHO,0072,0257,False,,,05/10/2026,00:52:50,Totalizada,1,"bu,log,vota,rdv",https://resultados.tse.jus.br/oficial/ele2026/arquivo-urna/3220/dados/mg/41556/0072/0257/p003220-mg-m41556-z0072-s0257-aux.json,
MG,41556,BOM JESUS DO GALHO,0072,0258,False,,,05/10/2026,00:52:49,Totalizada,1,"bu,rdv,vota,log",https://resultados.tse.jus.br/oficial/ele2026/arquivo-urna/3220/dados/mg/41556/0072/0258/p003220-mg-m41556-z0072-s0258-aux.json,
MG,41696,BOTUMIRIM,0120,0001,False,,,05/10/2026,00:52:51,Totalizada,1,"bu,vota,rdv,log",https://resultados.tse.jus.br/oficial/ele2026/arquivo-urna/3220/dados/mg/41696/0120/0001/p003220-mg-m41696-z0120-s0001-aux.json,
MG,41696,BOTUMIRIM,0120,0002,False,,,05/10/2026,00:52:51,Totalizada,1,"rdv,log,bu,vota",https://resultados.tse.jus.br/oficial/ele2026/arquivo-urna/3220/dados/mg/41696/0120/0002/p003220-mg-m41696-z0120-s0002-aux.json,
MG,41696,BOTUMIRIM,0120,0003,False,,,05/10/2026,00:52:51,Totalizada,1,"bu,rdv,log,vota",https://resultados.tse.jus.br/oficial/ele2026/arquivo-urna/3220/dados/mg/41696/0120/0003/p003220-mg-m41696-z0120-s0003-aux.json,
MG,41696,BOTUMIRIM,0120,0004,False,,,05/10/2026,00:52:51,Totalizada,1,"vota,bu,log,rdv",https://resultados.tse.jus.br/oficial/ele2026/arquivo-urna/3220/dados/mg/41696/0120/0004/p003220-mg-m41696-z0120-s0004-aux.json,
MG,41696,BOTUMIRIM,0120,0005,False,,,05/10/2026,00:52:51,Totalizada,1,"rdv,log,vota,bu",https://resultados.tse.jus.br/oficial/ele2026/arquivo-urna/3220/dados/mg/41696/0120/0005/p003220-mg-m41696-z0120-s0005-aux.json,
MG,41696,BOTUMIRIM,0120,0006,False,,,05/10/2026,00:52:51,Totalizada,1,"bu,rdv,log,vota",https://resultados.tse.jus.br/oficial/ele2026/arquivo-urna/3220/dados/mg/41696/0120/0006/p003220-mg-m41696-z0120-s0006-aux.json,
MG,41696,BOTUMIRIM,0120,0007,False,,,05/10/2026,00:52:43,Totalizada,1,"bu,vota,log,rdv",https://resultados.tse.jus.br/oficial/ele2026/arquivo-urna/3220/dados/mg/41696/0120/0007/p003220-mg-m41696-z0120-s0007-aux.json,
MG,41696,BOTUMIRIM,0120,0008,False,,,05/10/2026,00:52:42,Totalizada,1,"bu,log,vota,rdv",https://resultados.tse.jus.br/oficial/ele2026/arquivo-urna/3220/dados/mg/41696/0120/0008/p003220-mg-m41696-z0120-s0008-aux.json,
MG,41696,BOTUMIRIM,0120,0010,False,,0009,05/10/2026,00:52:51,Totalizada,1,"bu,vota,rdv,log",https://resultados.tse.jus.br/oficial/ele2026/arquivo-urna/3220/dados/mg/41696/0120/0010/p003220-mg-m41696-z0120-s0010-aux.json,
MG,41696,BOTUMIRIM,0120,0054,False,,,05/10/2026,00:52:10,Totalizada,1,"rdv,log,vota,bu",https://resultados.tse.jus.br/oficial/ele2026/arquivo-urna/3220/dados/mg/41696/0120/0054/p003220-mg-m41696-z0120-s0054-aux.json,
MG,41696,BOTUMIRIM,0120,0060,False,,,05/10/2026,00:52:12,Totalizada,1,"rdv,vota,bu,log",https://resultados.tse.jus.br/oficial/ele2026/arquivo-urna/3220/dados/mg/41696/0120/0060/p003220-mg-m41696-z0120-s0060-aux.json,
MG,41696,BOTUMIRIM,0120,0070,False,,,05/10/2026,00:52:51,Totalizada,1,"log,rdv,bu,vota",https://resultados.tse.jus.br/oficial/ele2026/arquivo-urna/3220/dados/mg/41696/0120/0070/p003220-mg-m41696-z0120-s0070-aux.json,
MG,41696,BOTUMIRIM,0120,0071,False,,,05/10/2026,00:52:42,Totalizada,1,"vota,log,bu,rdv",https://resultados.tse.jus.br/oficial/ele2026/arquivo-urna/3220/dados/mg/41696/0120/0071/p003220-mg-m41696-z0120-s0071-aux.json,
MG,41696,BOTUMIRIM,0120,0079,False,,,05/10/2026,00:52:51,Totalizada,1,"rdv,bu,log,vota",https://resultados.tse.jus.br/oficial/ele2026/arquivo-urna/3220/dados/mg/41696/0120/0079/p003220-mg-m41696-z0120-s0079-aux.json,
MG,41696,BOTUMIRIM,0120,0107,False,,,05/10/2026,00:52:51,Totalizada,1,"log,rdv,bu,vota",https://resultados.tse.jus.br/oficial/ele2026/arquivo-urna/3220/dados/mg/41696/0120/0107/p003220-mg-m41696-z0120-s0107-aux.json,
MG,41696,BOTUMIRIM,0120,0113,False,,,05/10/2026,00:52:43,Totalizada,1,"log,vota,rdv,bu",https://resultados.tse.jus.br/oficial/ele2026/arquivo-urna/3220/dados/mg/41696/0120/0113/p003220-mg-m41696-z0120-s0113-aux.json,
MG,41696,BOTUMIRIM,0120,0114,False,,,05/10/2026,00:52:51,Totalizada,1,"log,bu,rdv,vota",https://resultados.tse.jus.br/oficial/ele2026/arquivo-urna/3220/dados/mg/41696/0120/0114/p003220-mg-m41696-z0120-s0114-aux.json,
MG,41696,BOTUMIRIM,0120,0120,False,,,05/10/2026,00:52:51,Totalizada,1,"bu,rdv,log,vota",https://resultados.tse.jus.br/oficial/ele2026/arquivo-urna/3220/dados/mg/41696/0120/0120/p003220-mg-m41696-z0120-s0120-aux.json,
MG,41696,BOTUMIRIM,0120,0124,False,,,05/10/2026,00:52:42,Totalizada,1,"vota,bu,rdv,log",https://resultados.tse.jus.br/oficial/ele2026/arquivo-urna/3220/dados/mg/41696/0120/0124/p003220-mg-m41696-z0120-s0124-aux.json,
MG,42005,CURRAL DE DENTRO,0266,0148,False,,,05/10/2026,00:52:50,Totalizada,1,"rdv,vota,log,bu",https://resultados.tse.jus.br/oficial/ele2026/arquivo-urna/3220/dados/mg/42005/0266/0148/p003220-mg-m42005-z0266-s0148-aux.json,
MG,42005,CURRAL DE DENTRO,0266,0149,False,,,05/10/2026,00:52:50,Totalizada,1,"rdv,vota,bu,log",https://resultados.tse.jus.br/oficial/ele2026/arquivo-urna/3220/dados/mg/42005/0266/0149/p003220-mg-m42005-z0266-s0149-aux.json,
MG,42005,CURRAL DE DENTRO,0266,0150,False,,,05/10/2026,00:52:51,Totalizada,1,"rdv,bu,vota,log",https://resultados.tse.jus.br/oficial/ele2026/arquivo-urna/3220/dados/mg/42005/0266/0150/p003220-mg-m42005-z0266-s0150-aux.json,
MG,42005,CURRAL DE DENTRO,0266,0151,False,,,05/10/2026,00:52:50,Totalizada,1,"rdv,log,bu,vota",https://resultados.tse.jus.br/oficial/ele2026/arquivo-urna/3220/dados/mg/42005/0266/0151/p003220-mg-m42005-z0266-s0151-aux.json,
MG,42005,CURRAL DE DENTRO,0266,0152,False,,,05/10/2026,00:52:51,Totalizada,1,"vota,rdv,log,bu",https://resultados.tse.jus.br/oficial/ele2026/arquivo-urna/3220/dados/mg/42005/0266/0152/p003220-mg-m42005-z0266-s0152-aux.json,
MG,42005,CURRAL DE DENTRO,0266,0153,False,,,05/10/2026,00:52:51,Totalizada,1,"bu,vota,rdv,log",https://resultados.tse.jus.br/oficial/ele2026/arquivo-urna/3220/dados/mg/42005/0266/0153/p003220-mg-m42005-z0266-s0153-aux.json,
MG,42005,CURRAL DE DENTRO,0266,0154,False,,,05/10/2026,00:52:50,Totalizada,1,"bu,rdv,log,vota",https://resultados.tse.jus.br/oficial/ele2026/arquivo-urna/3220/dados/mg/42005/0266/0154/p003220-mg-m42005-z0266-s0154-aux.json,
MG,42005,CURRAL DE DENTRO,0266,0155,False,,,05/10/2026,00:52:50,Totalizada,1,"rdv,log,bu,vota",https://resultados.tse.jus.br/oficial/ele2026/arquivo-urna/3220/dados/mg/42005/0266/0155/p003220-mg-m42005-z0266-s0155-aux.json,
MG,42005,CURRAL DE DENTRO,0266,0156,False,,,05/10/2026,00:52:46,Totalizada,1,"vota,bu,rdv,log",https://resultados.tse.jus.br/oficial/ele2026/arquivo-urna/3220/dados/mg/42005/0266/0156/p003220-mg-m42005-z0266-s0156-aux.json,
MG,42005,CURRAL DE DENTRO,0266,0157,False,,,05/10/2026,00:52:46,Totalizada,1,"vota,bu,rdv,log",https://resultados.tse.jus.br/oficial/ele2026/arquivo-urna/3220/dados/mg/42005/0266/0157/p003220-mg-m42005-z0266-s0157-aux.json,
MG,42005,CURRAL DE DENTRO,0266,0158,False,,,05/10/2026,00:52:46,Totalizada,1,"rdv,bu,log,vota",https://resultados.tse.jus.br/oficial/ele2026/arquivo-urna/3220/dados/mg/42005/0266/0158/p003220-mg-m42005-z0266-s0158-aux.json,
MG,42005,CURRAL DE DENTRO,0266,0159,False,,,05/10/2026,00:52:46,Totalizada,1,"log,vota,bu,rdv",https://resultados.tse.jus.br/oficial/ele2026/arquivo-urna/3220/dados/mg/42005/0266/0159/p003220-mg-m42005-z0266-s0159-aux.json,
MG,42005,CURRAL DE DENTRO,0266,0160,False,,,05/10/2026,00:52:51,Totalizada,1,"rdv,bu,log,vota",https://resultados.tse.jus.br/oficial/ele2026/arquivo-urna/3220/dados/mg/42005/0266/0160/p003220-mg-m42005-z0266-s0160-aux.json,
MG,42005,CURRAL DE DENTRO,0266,0161,False,,,05/10/2026,00:52:51,Totalizada,1,"bu,vota,rdv,log",https://resultados.tse.jus.br/oficial/ele2026/arquivo-urna/3220/dados/mg/42005/0266/0161/p003220-mg-m42005-z0266-s0161-aux.json,
MG,42005,CURRAL DE DENTRO,0266,0162,False,,,05/10/2026,00:52:50,Totalizada,1,"bu,rdv,vota,log",https://resultados.tse.jus.br/oficial/ele2026/arquivo-urna/3220/dados/mg/42005/0266/0162/p003220-mg-m42005-z0266-s0162-aux.json,
MG,42005,CURRAL DE DENTRO,0266,0163,False,,,05/10/2026,00:52:51,Totalizada,1,"bu,rdv,vota,log",https://resultados.tse.jus.br/oficial/ele2026/arquivo-urna/3220/dados/mg/42005/0266/0163/p003220-mg-m42005-z0266-s0163-aux.json,
MG,42005,CURRAL DE DENTRO,0266,0171,False,,,05/10/2026,00:52:51,Totalizada,1,"bu,rdv,log,vota",https://resultados.tse.jus.br/oficial/ele2026/arquivo-urna/3220/dados/mg/42005/0266/0171/p003220-mg-m42005-z0266-s0171-aux.json,
MG,42005,CURRAL DE DENTRO,0266,0174,False,,,05/10/2026,00:52:50,Totalizada,1,"log,rdv,bu,vota",https://resultados.tse.jus.br/oficial/ele2026/arquivo-urna/3220/dados/mg/42005/0266/0174/p003220-mg-m42005-z0266-s0174-aux.json,
MG,42005,CURRAL DE DENTRO,0266,0181,False,,,05/10/2026,00:52:51,Totalizada,1,"log,vota,bu,rdv",https://resultados.tse.jus.br/oficial/ele2026/arquivo-urna/3220/dados/mg/42005/0266/0181/p003220-mg-m42005-z0266-s0181-aux.json,
MG,46078,IJACI,0160,0001,False,,,05/10/2026,00:52:50,Totalizada,1,"bu,vota,rdv,log",https://resultados.tse.jus.br/oficial/ele2026/arquivo-urna/3220/dados/mg/46078/0160/0001/p003220-mg-m46078-z0160-s0001-aux.json,
MG,46078,IJACI,0160,0002,False,,,05/10/2026,00:52:50,Totalizada,1,"rdv,vota,bu,log",https://resultados.tse.jus.br/oficial/ele2026/arquivo-urna/3220/dados/mg/46078/0160/0002/p003220-mg-m46078-z0160-s0002-aux.json,
MG,46078,IJACI,0160,0003,False,,,05/10/2026,00:52:50,Totalizada,1,"vota,log,rdv,bu",https://resultados.tse.jus.br/oficial/ele2026/arquivo-urna/3220/dados/mg/46078/0160/0003/p003220-mg-m46078-z0160-s0003-aux.json,
MG,46078,IJACI,0160,0004,False,,,05/10/2026,00:52:50,Totalizada,1,"bu,rdv,log,vota",https://resultados.tse.jus.br/oficial/ele2026/arquivo-urna/3220/dados/mg/46078/0160/0004/p003220-mg-m46078-z0160-s0004-aux.json,
MG,46078,IJACI,0160,0005,False,,,05/10/2026,00:52:50,Totalizada,1,"log,rdv,vota,bu",https://resultados.tse.jus.br/oficial/ele2026/arquivo-urna/3220/dados/mg/46078/0160/0005/p003220-mg-m46078-z0160-s0005-aux.json,
MG,46078,IJACI,0160,0006,False,,,05/10/2026,00:52:50,Totalizada,1,"bu,vota,rdv,log",https://resultados.tse.jus.br/oficial/ele2026/arquivo-urna/3220/dados/mg/46078/0160/0006/p003220-mg-m46078-z0160-s0006-aux.json,
MG,46078,IJACI,0160,0007,False,,,05/10/2026,00:52:50,Totalizada,1,"vota,log,rdv,bu",https://resultados.tse.jus.br/oficial/ele2026/arquivo-urna/3220/dados/mg/46078/0160/0007/p003220-mg-m46078-z0160-s0007-aux.json,
MG,46078,IJACI,0160,0153,False,,,05/10/2026,00:52:50,Totalizada,1,"log,vota,bu,rdv",https://resultados.tse.jus.br/oficial/ele2026/arquivo-urna/3220/dados/mg/46078/0160/0153/p003220-mg-m46078-z0160-s0153-aux.json,
MG,46078,IJACI,0160,0167,False,,,05/10/2026,00:52:51,Totalizada,1,"bu,rdv,log,vota",https://resultados.tse.jus.br/oficial/ele2026/arquivo-urna/3220/dados/mg/46078/0160/0167/p003220-mg-m46078-z0160-s0167-aux.json,
MG,46078,IJACI,0160,0181,False,,,05/10/2026,00:52:50,Totalizada,1,"rdv,log,bu,vota",https://resultados.tse.jus.br/oficial/ele2026/arquivo-urna/3220/dados/mg/46078/0160/0181/p003220-mg-m46078-z0160-s0181-aux.json,
MG,46078,IJACI,0160,0195,False,,,05/10/2026,00:52:50,Totalizada,1,"bu,rdv,log,vota",https://resultados.tse.jus.br/oficial/ele2026/arquivo-urna/3220/dados/mg/46078/0160/0195/p003220-mg-m46078-z0160-s0195-aux.json,
MG,46078,IJACI,0160,0209,False,,,05/10/2026,00:52:50,Totalizada,1,"log,bu,rdv,vota",https://resultados.tse.jus.br/oficial/ele2026/arquivo-urna/3220/dados/mg/46078/0160/0209/p003220-mg-m46078-z0160-s0209-aux.json,
MG,46078,IJACI,0160,0221,False,,,05/10/2026,00:52:51,Totalizada,1,"rdv,bu,vota,log",https://resultados.tse.jus.br/oficial/ele2026/arquivo-urna/3220/dados/mg/46078/0160/0221/p003220-mg-m46078-z0160-s0221-aux.json,
MG,46078,IJACI,0160,0246,False,,,05/10/2026,00:52:50,Totalizada,1,"log,rdv,vota,bu",https://resultados.tse.jus.br/oficial/ele2026/arquivo-urna/3220/dados/mg/46078/0160/0246/p003220-mg-m46078-z0160-s0246-aux.json,
MG,46078,IJACI,0160,0255,False,,,05/10/2026,00:52:50,Totalizada,1,"rdv,vota,log,bu",https://resultados.tse.jus.br/oficial/ele2026/arquivo-urna/3220/dados/mg/46078/0160/0255/p003220-mg-m46078-z0160-s0255-aux.json,
MG,46078,IJACI,0160,0265,False,,,05/10/2026,00:52:50,Totalizada,1,"rdv,vota,log,bu",https://resultados.tse.jus.br/oficial/ele2026/arquivo-urna/3220/dados/mg/46078/0160/0265/p003220-mg-m46078-z0160-s0265-aux.json,
MG,51977,SANTO ANTÔNIO DO AMPARO,0046,0035,False,,,05/10/2026,00:52:50,Totalizada,1,"vota,bu,log,rdv",https://resultados.tse.jus.br/oficial/ele2026/arquivo-urna/3220/dados/mg/51977/0046/0035/p003220-mg-m51977-z0046-s0035-aux.json,
MG,51977,SANTO ANTÔNIO DO AMPARO,0046,0036,False,,,05/10/2026,00:52:50,Totalizada,1,"vota,rdv,bu,log",https://resultados.tse.jus.br/oficial/ele2026/arquivo-urna/3220/dados/mg/51977/0046/0036/p003220-mg-m51977-z0046-s0036-aux.json,
MG,51977,SANTO ANTÔNIO DO AMPARO,0046,0037,False,,,05/10/2026,00:52:50,Totalizada,1,"vota,bu,log,rdv",https://resultados.tse.jus.br/oficial/ele2026/arquivo-urna/3220/dados/mg/51977/0046/0037/p003220-mg-m51977-z0046-s0037-aux.json,
MG,51977,SANTO ANTÔNIO DO AMPARO,0046,0038,False,,,05/10/2026,00:52:50,Totalizada,1,"bu,rdv,log,vota",https://resultados.tse.jus.br/oficial/ele2026/arquivo-urna/3220/dados/mg/51977/0046/0038/p003220-mg-m51977-z0046-s0038-aux.json,
MG,51977,SANTO ANTÔNIO DO AMPARO,0046,0039,False,,,05/10/2026,00:52:50,Totalizada,1,"bu,rdv,log,vota",https://resultados.tse.jus.br/oficial/ele2026/arquivo-urna/3220/dados/mg/51977/0046/0039/p003220-mg-m51977-z0046-s0039-aux.json,
MG,51977,SANTO ANTÔNIO DO AMPARO,0046,0040,False,,,05/10/2026,00:52:50,Totalizada,1,"rdv,log,bu,vota",https://resultados.tse.jus.br/oficial/ele2026/arquivo-urna/3220/dados/mg/51977/0046/0040/p003220-mg-m51977-z0046-s0040-aux.json,
MG,51977,SANTO ANTÔNIO DO AMPARO,0046,0041,False,,0042,05/10/2026,00:52:51,Totalizada,1,"rdv,vota,log,bu",https://resultados.tse.jus.br/oficial/ele2026/arquivo-urna/3220/dados/mg/51977/0046/0041/p003220-mg-m51977-z0046-s0041-aux.json,
MG,51977,SANTO ANTÔNIO DO AMPARO,0046,0043,False,,0044,05/10/2026,00:52:51,Totalizada,1,"rdv,log,vota,bu",https://resultados.tse.jus.br/oficial/ele2026/arquivo-urna/3220/dados/mg/51977/0046/0043/p003220-mg-m51977-z0046-s0043-aux.json,
MG,51977,SANTO ANTÔNIO DO AMPARO,0046,0045,False,,0046,05/10/2026,00:52:51,Totalizada,1,"rdv,log,bu,vota",https://resultados.tse.jus.br/oficial/ele2026/arquivo-urna/3220/dados/mg/51977/0046/0045/p003220-mg-m51977-z0046-s0045-aux.json,
MG,51977,SANTO ANTÔNIO DO AMPARO,0046,0047,False,,,05/10/2026,00:52:50,Totalizada,1,"bu,log,rdv,vota",https://resultados.tse.jus.br/oficial/ele2026/arquivo-urna/3220/dados/mg/51977/0046/0047/p003220-mg-m51977-z0046-s0047-aux.json,
MG,51977,SANTO ANTÔNIO DO AMPARO,0046,0048,False,,,05/10/2026,00:52:50,Totalizada,1,"bu,rdv,vota,log",https://resultados.tse.jus.br/oficial/ele2026/arquivo-urna/3220/dados/mg/51977/0046/0048/p003220-mg-m51977-z0046-s0048-aux.json,
MG,51977,SANTO ANTÔNIO DO AMPARO,0046,0049,False,,,05/10/2026,00:52:50,Totalizada,1,"rdv,vota,bu,log",https://resultados.tse.jus.br/oficial/ele2026/arquivo-urna/3220/dados/mg/51977/0046/0049/p003220-mg-m51977-z0046-s0049-aux.json,
MG,51977,SANTO ANTÔNIO DO AMPARO,0046,0050,False,,,05/10/2026,00:52:50,Totalizada,1,"log,vota,bu,rdv",https://resultados.tse.jus.br/oficial/ele2026/arquivo-urna/3220/dados/mg/51977/0046/0050/p003220-mg-m51977-z0046-s0050-aux.json,
MG,51977,SANTO ANTÔNIO DO AMPARO,0046,0051,False,,,05/10/2026,00:52:50,Totalizada,1,"rdv,vota,bu,log",https://resultados.tse.jus.br/oficial/ele2026/arquivo-urna/3220/dados/mg/51977/0046/0051/p003220-mg-m51977-z0046-s0051-aux.json,
MG,51977,SANTO ANTÔNIO DO AMPARO,0046,0052,False,,,05/10/2026,00:52:50,Totalizada,1,"vota,rdv,log,bu",https://resultados.tse.jus.br/oficial/ele2026/arquivo-urna/3220/dados/mg/51977/0046/0052/p003220-mg-m51977-z0046-s0052-aux.json,
MG,51977,SANTO ANTÔNIO DO AMPARO,0046,0053,False,,,05/10/2026,00:52:50,Totalizada,1,"bu,log,rdv,vota",https://resultados.tse.jus.br/oficial/ele2026/arquivo-urna/3220/dados/mg/51977/0046/0053/p003220-mg-m51977-z0046-s0053-aux.json,
MG,51977,SANTO ANTÔNIO DO AMPARO,0046,0054,False,,,05/10/2026,00:52:50,Totalizada,1,"bu,rdv,log,vota",https://resultados.tse.jus.br/oficial/ele2026/arquivo-urna/3220/dados/mg/51977/0046/0054/p003220-mg-m51977-z0046-s0054-aux.json,
MG,51977,SANTO ANTÔNIO DO AMPARO,0046,0055,False,,,05/10/2026,00:52:50,Totalizada,1,"bu,vota,rdv,log",https://resultados.tse.jus.br/oficial/ele2026/arquivo-urna/3220/dados/mg/51977/0046/0055/p003220-mg-m51977-z0046-s0055-aux.json,
MG,51977,SANTO ANTÔNIO DO AMPARO,0046,0056,False,,,05/10/2026,00:52:50,Totalizada,1,"rdv,vota,bu,log",https://resultados.tse.jus.br/oficial/ele2026/arquivo-urna/3220/dados/mg/51977/0046/0056/p003220-mg-m51977-z0046-s0056-aux.json,
MG,51977,SANTO ANTÔNIO DO AMPARO,0046,0077,False,,,05/10/2026,00:52:50,Totalizada,1,"vota,rdv,log,bu",https://resultados.tse.jus.br/oficial/ele2026/arquivo-urna/3220/dados/mg/51977/0046/0077/p003220-mg-m51977-z0046-s0077-aux.json,
MG,51977,SANTO ANTÔNIO DO AMPARO,0046,0081,False,,,05/10/2026,00:52:50,Totalizada,1,"vota,bu,log,rdv",https://resultados.tse.jus.br/oficial/ele2026/arquivo-urna/3220/dados/mg/51977/0046/0081/p003220-mg-m51977-z0046-s0081-aux.json,
MG,51977,SANTO ANTÔNIO DO AMPARO,0046,0085,False,,,05/10/2026,00:52:50,Totalizada,1,"rdv,log,bu,vota",https://resultados.tse.jus.br/oficial/ele2026/arquivo-urna/3220/dados/mg/51977/0046/0085/p003220-mg-m51977-z0046-s0085-aux.json,
MG,51977,SANTO ANTÔNIO DO AMPARO,0046,0089,False,,,05/10/2026,00:52:50,Totalizada,1,"log,bu,rdv,vota",https://resultados.tse.jus.br/oficial/ele2026/arquivo-urna/3220/dados/mg/51977/0046/0089/p003220-mg-m51977-z0046-s0089-aux.json,
MG,51977,SANTO ANTÔNIO DO AMPARO,0046,0090,False,,,05/10/2026,00:52:50,Totalizada,1,"bu,rdv,log,vota",https://resultados.tse.jus.br/oficial/ele2026/arquivo-urna/3220/dados/mg/51977/0046/0090/p003220-mg-m51977-z0046-s0090-aux.json,
MG,51977,SANTO ANTÔNIO DO AMPARO,0046,0092,False,,,05/10/2026,00:52:50,Totalizada,1,"rdv,bu,vota,log",https://resultados.tse.jus.br/oficial/ele2026/arquivo-urna/3220/dados/mg/51977/0046/0092/p003220-mg-m51977-z0046-s0092-aux.json,
MG,51977,SANTO ANTÔNIO DO AMPARO,0046,0098,False,,,05/10/2026,00:52:50,Totalizada,1,"bu,rdv,log,vota",https://resultados.tse.jus.br/oficial/ele2026/arquivo-urna/3220/dados/mg/51977/0046/0098/p003220-mg-m51977-z0046-s0098-aux.json,
MG,51977,SANTO ANTÔNIO DO AMPARO,0046,0102,False,,,05/10/2026,00:52:50,Totalizada,1,"bu,vota,rdv,log",https://resultados.tse.jus.br/oficial/ele2026/arquivo-urna/3220/dados/mg/51977/0046/0102/p003220-mg-m51977-z0046-s0102-aux.json,
MG,51977,SANTO ANTÔNIO DO AMPARO,0046,0103,False,,,05/10/2026,00:52:50,Totalizada,1,"bu,log,rdv,vota",https://resultados.tse.jus.br/oficial/ele2026/arquivo-urna/3220/dados/mg/51977/0046/0103/p003220-mg-m51977-z0046-s0103-aux.json,
MG,51977,SANTO ANTÔNIO DO AMPARO,0046,0104,False,,,05/10/2026,00:52:50,Totalizada,1,"bu,log,rdv,vota",https://resultados.tse.jus.br/oficial/ele2026/arquivo-urna/3220/dados/mg/51977/0046/0104/p003220-mg-m51977-z0046-s0104-aux.json,
MG,51977,SANTO ANTÔNIO DO AMPARO,0046,0108,False,,,05/10/2026,00:52:50,Totalizada,1,"rdv,bu,log,vota",https://resultados.tse.jus.br/oficial/ele2026/arquivo-urna/3220/dados/mg/51977/0046/0108/p003220-mg-m51977-z0046-s0108-aux.json,
MG,51977,SANTO ANTÔNIO DO AMPARO,0046,0109,False,,,05/10/2026,00:52:50,Totalizada,1,"log,vota,rdv,bu",https://resultados.tse.jus.br/oficial/ele2026/arquivo-urna/3220/dados/mg/51977/0046/0109/p003220-mg-m51977-z0046-s0109-aux.json,
MG,51977,SANTO ANTÔNIO DO AMPARO,0046,0110,False,,,05/10/2026,00:52:50,Totalizada,1,"log,vota,rdv,bu",https://resultados.tse.jus.br/oficial/ele2026/arquivo-urna/3220/dados/mg/51977/0046/0110/p003220-mg-m51977-z0046-s0110-aux.json,
MG,51977,SANTO ANTÔNIO DO AMPARO,0046,0114,False,,,05/10/2026,00:52:49,Totalizada,1,"bu,rdv,vota,log",https://resultados.tse.jus.br/oficial/ele2026/arquivo-urna/3220/dados/mg/51977/0046/0114/p003220-mg-m51977-z0046-s0114-aux.json,
MG,51977,SANTO ANTÔNIO DO AMPARO,0046,0116,False,,,05/10/2026,00:52:49,Totalizada,1,"bu,rdv,log,vota",https://resultados.tse.jus.br/oficial/ele2026/arquivo-urna/3220/dados/mg/51977/0046/0116/p003220-mg-m51977-z0046-s0116-aux.json,
MG,51977,SANTO ANTÔNIO DO AMPARO,0046,0118,False,,,05/10/2026,00:52:50,Totalizada,1,"log,rdv,vota,bu",https://resultados.tse.jus.br/oficial/ele2026/arquivo-urna/3220/dados/mg/51977/0046/0118/p003220-mg-m51977-z0046-s0118-aux.json,
MG,51977,SANTO ANTÔNIO DO AMPARO,0046,0119,False,,,05/10/2026,00:52:50,Totalizada,1,"log,rdv,bu,vota",https://resultados.tse.jus.br/oficial/ele2026/arquivo-urna/3220/dados/mg/51977/0046/0119/p003220-mg-m51977-z0046-s0119-aux.json,
MG,51977,SANTO ANTÔNIO DO AMPARO,0046,0120,False,,,05/10/2026,00:52:50,Totalizada,1,"bu,rdv,vota,log",https://resultados.tse.jus.br/oficial/ele2026/arquivo-urna/3220/dados/mg/51977/0046/0120/p003220-mg-m51977-z0046-s0120-aux.json,
MG,51977,SANTO ANTÔNIO DO AMPARO,0046,0121,False,,,05/10/2026,00:52:50,Totalizada,1,"log,rdv,vota,bu",https://resultados.tse.jus.br/oficial/ele2026/arquivo-urna/3220/dados/mg/51977/0046/0121/p003220-mg-m51977-z0046-s0121-aux.json,
MG,51977,SANTO ANTÔNIO DO AMPARO,0046,0123,False,,,05/10/2026,00:52:50,Totalizada,1,"log,bu,rdv,vota",https://resultados.tse.jus.br/oficial/ele2026/arquivo-urna/3220/dados/mg/51977/0046/0123/p003220-mg-m51977-z0046-s0123-aux.json,
MG,51977,SANTO ANTÔNIO DO AMPARO,0046,0124,False,,,05/10/2026,00:52:49,Totalizada,1,"vota,rdv,bu,log",https://resultados.tse.jus.br/oficial/ele2026/arquivo-urna/3220/dados/mg/51977/0046/0124/p003220-mg-m51977-z0046-s0124-aux.json,
MG,51977,SANTO ANTÔNIO DO AMPARO,0046,0125,False,,,05/10/2026,00:52:49,Totalizada,1,"rdv,log,vota,bu",https://resultados.tse.jus.br/oficial/ele2026/arquivo-urna/3220/dados/mg/51977/0046/0125/p003220-mg-m51977-z0046-s0125-aux.json,
MG,51977,SANTO ANTÔNIO DO AMPARO,0046,0127,False,,,05/10/2026,00:52:50,Totalizada,1,"bu,log,vota,rdv",https://resultados.tse.jus.br/oficial/ele2026/arquivo-urna/3220/dados/mg/51977/0046/0127/p003220-mg-m51977-z0046-s0127-aux.json,
MG,51977,SANTO ANTÔNIO DO AMPARO,0046,0128,False,,,05/10/2026,00:52:50,Totalizada,1,"log,vota,bu,rdv",https://resultados.tse.jus.br/oficial/ele2026/arquivo-urna/3220/dados/mg/51977/0046/0128/p003220-mg-m51977-z0046-s0128-aux.json,
MG,51977,SANTO ANTÔNIO DO AMPARO,0046,0130,False,,,05/10/2026,00:52:50,Totalizada,1,"log,bu,vota,rdv",https://resultados.tse.jus.br/oficial/ele2026/arquivo-urna/3220/dados/mg/51977/0046/0130/p003220-mg-m51977-z0046-s0130-aux.json,
MG,51977,SANTO ANTÔNIO DO AMPARO,0046,0133,False,,,05/10/2026,00:52:50,Totalizada,1,"bu,rdv,log,vota",https://resultados.tse.jus.br/oficial/ele2026/arquivo-urna/3220/dados/mg/51977/0046/0133/p003220-mg-m51977-z0046-s0133-aux.json,
MG,51977,SANTO ANTÔNIO DO AMPARO,0046,0134,False,,,05/10/2026,00:52:50,Totalizada,1,"vota,bu,rdv,log",https://resultados.tse.jus.br/oficial/ele2026/arquivo-urna/3220/dados/mg/51977/0046/0134/p003220-mg-m51977-z0046-s0134-aux.json,
MG,51977,SANTO ANTÔNIO DO AMPARO,0046,0135,False,,,05/10/2026,00:52:50,Totalizada,1,"rdv,vota,bu,log",https://resultados.tse.jus.br/oficial/ele2026/arquivo-urna/3220/dados/mg/51977/0046/0135/p003220-mg-m51977-z0046-s0135-aux.json,
MG,53171,SENADOR MODESTINO GONÇALVES,0135,0130,False,,,05/10/2026,00:52:19,Totalizada,1,"vota,rdv,log,bu",https://resultados.tse.jus.br/oficial/ele2026/arquivo-urna/3220/dados/mg/53171/0135/0130/p003220-mg-m53171-z0135-s0130-aux.json,
MG,53171,SENADOR MODESTINO GONÇALVES,0135,0131,False,,,05/10/2026,00:52:19,Totalizada,1,"bu,log,vota,rdv",https://resultados.tse.jus.br/oficial/ele2026/arquivo-urna/3220/dados/mg/53171/0135/0131/p003220-mg-m53171-z0135-s0131-aux.json,
MG,53171,SENADOR MODESTINO GONÇALVES,0135,0132,False,,,05/10/2026,00:52:19,Totalizada,1,"vota,rdv,bu,log",https://resultados.tse.jus.br/oficial/ele2026/arquivo-urna/3220/dados/mg/53171/0135/0132/p003220-mg-m53171-z0135-s0132-aux.json,
MG,53171,SENADOR MODESTINO GONÇALVES,0135,0133,False,,,05/10/2026,00:52:51,Totalizada,1,"bu,rdv,vota,log",https://resultados.tse.jus.br/oficial/ele2026/arquivo-urna/3220/dados/mg/53171/0135/0133/p003220-mg-m53171-z0135-s0133-aux.json,
MG,53171,SENADOR MODESTINO GONÇALVES,0135,0134,False,,,05/10/2026,00:52:51,Totalizada,1,"bu,vota,rdv,log",https://resultados.tse.jus.br/oficial/ele2026/arquivo-urna/3220/dados/mg/53171/0135/0134/p003220-mg-m53171-z0135-s0134-aux.json,
MG,53171,SENADOR MODESTINO GONÇALVES,0135,0135,False,,,05/10/2026,00:52:50,Totalizada,1,"rdv,vota,bu,log",https://resultados.tse.jus.br/oficial/ele2026/arquivo-urna/3220/dados/mg/53171/0135/0135/p003220-mg-m53171-z0135-s0135-aux.json,
MG,53171,SENADOR MODESTINO GONÇALVES,0135,0136,False,,,05/10/2026,00:52:50,Totalizada,1,"log,bu,vota,rdv",https://resultados.tse.jus.br/oficial/ele2026/arquivo-urna/3220/dados/mg/53171/0135/0136/p003220-mg-m53171-z0135-s0136-aux.json,
MG,53171,SENADOR MODESTINO GONÇALVES,0135,0137,False,,,05/10/2026,00:52:50,Totalizada,1,"vota,log,rdv,bu",https://resultados.tse.jus.br/oficial/ele2026/arquivo-urna/3220/dados/mg/53171/0135/0137/p003220-mg-m53171-z0135-s0137-aux.json,
MG,53171,SENADOR MODESTINO GONÇALVES,0135,0138,False,,,05/10/2026,00:52:51,Totalizada,1,"vota,bu,log,rdv",https://resultados.tse.jus.br/oficial/ele2026/arquivo-urna/3220/dados/mg/53171/0135/0138/p003220-mg-m53171-z0135-s0138-aux.json,
MG,53171,SENADOR MODESTINO GONÇALVES,0135,0139,False,,,05/10/2026,00:52:50,Totalizada,1,"rdv,log,bu,vota",https://resultados.tse.jus.br/oficial/ele2026/arquivo-urna/3220/dados/mg/53171/0135/0139/p003220-mg-m53171-z0135-s0139-aux.json,
MG,53171,SENADOR MODESTINO GONÇALVES,0135,0140,False,,,05/10/2026,00:52:50,Totalizada,1,"bu,log,rdv,vota",https://resultados.tse.jus.br/oficial/ele2026/arquivo-urna/3220/dados/mg/53171/0135/0140/p003220-mg-m53171-z0135-s0140-aux.json,
MG,53171,SENADOR MODESTINO GONÇALVES,0135,0141,False,,0142,05/10/2026,00:52:51,Totalizada,1,"rdv,bu,log,vota",https://resultados.tse.jus.br/oficial/ele2026/arquivo-urna/3220/dados/mg/53171/0135/0141/p003220-mg-m53171-z0135-s0141-aux.json,
MG,53171,SENADOR MODESTINO GONÇALVES,0135,0143,False,,0144,05/10/2026,00:52:51,Totalizada,1,"rdv,bu,log,vota",https://resultados.tse.jus.br/oficial/ele2026/arquivo-urna/3220/dados/mg/53171/0135/0143/p003220-mg-m53171-z0135-s0143-aux.json,
MG,53171,SENADOR MODESTINO GONÇALVES,0135,0145,False,,,05/10/2026,00:52:50,Totalizada,1,"bu,rdv,log,vota",https://resultados.tse.jus.br/oficial/ele2026/arquivo-urna/3220/dados/mg/53171/0135/0145/p003220-mg-m53171-z0135-s0145-aux.json,
MG,53171,SENADOR MODESTINO GONÇALVES,0135,0146,False,,,05/10/2026,00:52:51,Totalizada,1,"log,rdv,vota,bu",https://resultados.tse.jus.br/oficial/ele2026/arquivo-urna/3220/dados/mg/53171/0135/0146/p003220-mg-m53171-z0135-s0146-aux.json,
MG,53171,SENADOR MODESTINO GONÇALVES,0135,0147,False,,0148,05/10/2026,00:52:50,Totalizada,1,"rdv,log,vota,bu",https://resultados.tse.jus.br/oficial/ele2026/arquivo-urna/3220/dados/mg/53171/0135/0147/p003220-mg-m53171-z0135-s0147-aux.json,
MG,53171,SENADOR MODESTINO GONÇALVES,0135,0149,False,,,05/10/2026,00:52:51,Totalizada,1,"log,bu,rdv,vota",https://resultados.tse.jus.br/oficial/ele2026/arquivo-urna/3220/dados/mg/53171/0135/0149/p003220-mg-m53171-z0135-s0149-aux.json,
